MEF,FORMATION_DIPLOME,MEF_STAT_11
9999990299,99999902,99990099902
2543100121,45031001,25110031001
2762121131,40321211,23811021211
2762140531,40321405,23811021405
2762111431,40321114,23811021114
2762121031,40321210,23811021210
2762100431,40321004,23811021004
2762130231,40321302,23811021302
2762130331,40321303,23811021303
2762120331,40321203,23811021203
2762111331,40321113,23811021113
2762100131,40321001,23811021001
7429990211,38199902,44310099902
4159999911,25099999,32920099999
1139999911,64099999,21330099999
2412340121,50023401,23210023401
2412340122,50023401,23220023401
2402512211,50025122,23110025122
3102220611,32022206,32111022206
2543340122,45033401,25120033401
2542331021,45023310,25110023310
3102320211,32023202,32111023202
2403130711,50031307,23110031307
2453220411,40032204,23610032204
2412300421,50023004,23210023004
2542331621,45023316,25110023316
2412412721,50024127,23210024127
1021000711,67010007,21140010007
3102210611,32022106,32111022106
2543130122,45031301,25120031301
2442330121,51023301,23510023301
2423130231,50031302,23310031302
2422211132,50022111,23320022111
2403360511,50033605,23110033605
2412431621,50024316,23210024316
2412540722,50025407,23220025407
2422540733,50025407,23330025407
2213200111,42032001,22123132001
2223200111,42032001,22133132001
2423130632,50031306,23320031306
3112310421,32023104,32211023104
3112320121,32023201,32211023201
3112320122,32023201,32221023201
3112310422,32023104,32221023104
3112310521,32023105,32211023105
3112310522,32023105,32221023105
3112300222,32023002,32221023002
3112320221,32023202,32211023202
3112320222,32023202,32221023202
3112330121,32023301,32211023301
3112330122,32023301,32221023301
3112270121,32022701,32211022701
3112270122,32022701,32221022701
3112270221,32022702,32211022702
3112270222,32022702,32221022702
3112270321,32022703,32211022703
3112270322,32022703,32221022703
3112550821,32025508,32211025508
3112550822,32025508,32221025508
3112230121,32022301,32211022301
3112230122,32022301,32221022301
3112230221,32022302,32211022302
3112230222,32022302,32221022302
3112230321,32022303,32211022303
3112230322,32022303,32221022303
3112230421,32022304,32211022304
3112230422,32022304,32221022304
3112230521,32022305,32211022305
2222420111,42024201,22133124201
2212420211,42024202,22123124202
2222420211,42024202,22133124202
2212420511,42024205,22123124205
2222420511,42024205,22133124205
2212420311,42024203,22123124203
2222420311,42024203,22133124203
2212430111,42024301,22123124301
2222430111,42024301,22133124301
2412541721,50025417,23210025417
2412541722,50025417,23220025417
2422541733,50025417,23330025417
2412541821,50025418,23210025418
2412541822,50025418,23220025418
2422541833,50025418,23330025418
2422540833,50025408,23330025408
3011200621,37012006,31111312006
2412234421,50022344,23210022344
2412234422,50022344,23220022344
2412234521,50022345,23210022345
2412234621,50022346,23210022346
2412234622,50022346,23220022346
2412234721,50022347,23210022347
2412234722,50022347,23220022347
2412234822,50022348,23220022348
2422340533,50023405,23330023405
2422340633,50023406,23330023406
2412235221,50022352,23210022352
2412235222,50022352,23220022352
2472130332,40021303,23820021303
7419990211,48199902,44210099902
7409990511,58199905,44110099905
1001000211,67010002,21110010002
2412343421,50023434,23210023434
2462550321,40025503,23710025503
2462240121,40022401,23710022401
2462240122,40022401,23720022401
2463220121,40032201,23710032201
2463220321,40032203,23710032203
2463220322,40032203,23720032203
2463220221,40032202,23710032202
2463220222,40032202,23720032202
2462500322,40025003,23720025003
2462220121,40022201,23710022201
2462220122,40022201,23720022201
2462250121,40022501,23710022501
2462210121,40022101,23710022101
2462210122,40022101,23720022101
2462400121,40024001,23710024001
2462400122,40024001,23720024001
2462340121,40023401,23710023401
2462340122,40023401,23720023401
2462340221,40023402,23710023402
2462340222,40023402,23720023402
2462000121,40020001,23710020001
2462000122,40020001,23720020001
2462300121,40023001,23710023001
2462300122,40023001,23720023001
2463240121,40032401,23710032401
2463240122,40032401,23720032401
2463140121,40031401,23710031401
2412550722,50025507,23220025507
2412550121,50025501,23210025501
2412550122,50025501,23220025501
2412550221,50025502,23210025502
2412550222,50025502,23220025502
2412550821,50025508,23210025508
2412550822,50025508,23220025508
2412550921,50025509,23210025509
2412550922,50025509,23220025509
2423120332,50031203,23320031203
2412551121,50025511,23210025511
2112200211,43022002,22122822002
2122200211,43022002,22132822002
2112220611,43022206,22122322206
2122220611,43022206,22132322206
2112220311,43022203,22122822203
2122220311,43022203,22132822203
2112220711,43022207,22122322207
2122220711,43022207,22132322207
2112220111,43022201,22122822201
2122220411,43022204,22132822204
2122220511,43022205,22132822205
1000131,70010001,11110010001
1000132,70010001,11120010001
1000133,70010001,11130010001
11000211,70010002,11210010002
21000221,70010002,11220010002
611000411,70010004,13110010004
21000222,70010002,11230010002
31000221,70010002,11240010002
31000222,70010002,11250010002
1001000111,67010001,21110010001
3001000511,37010005,31111410005
1301000931,67010009,21110010009
1301001032,67010010,21110010010
1301001133,67010011,21120010011
1001000311,67010003,21110010003
1011000311,67010003,21120010003
1001000511,67010005,21110010005
1011000511,67010005,21120010005
1001000611,67010006,21110010006
1011000211,67010002,21120010002
1011000611,67010006,21120010006
1021000111,67010001,21150010001
1601000121,69010001,24110010001
1601000122,69010001,24120010001
1621000121,69010001,24210010001
1621000122,69010001,24220010001
1031000111,67010001,21160010001
1311000931,67010009,21150010009
1311001032,67010010,21150010010
2222430211,42024302,22133124302
2213310111,42033101,22123133101
2223310111,42033101,22133133101
2212430311,42024303,22123124303
2222430311,42024303,22133124303
2212340111,42023401,22123123401
2222340111,42023401,22133123401
2212230411,42022304,22123122304
2222230411,42022304,22133122304
2222340211,42023402,22133123402
2212340311,42023403,22123123403
2222340311,42023403,22133123403
2212420611,42024206,22123124206
2212340411,42023404,22123123404
2222340411,42023404,22133123404
2212260211,42022602,22123122602
2222260211,42022602,22133122602
2222340511,42023405,22133123405
2212270111,42022701,22123122701
2222270111,42022701,22133122701
2213110211,42031102,22123131102
2212300311,42023003,22123123003
2222300311,42023003,22133123003
2212510111,42025101,22123125101
2222510111,42025101,22133125101
2322260111,42022601,22124222601
1011000411,67010004,21120010004
2222300411,42023004,22133123004
2213110111,42031101,22123131101
2223110111,42031101,22133131101
2213340211,42033402,22123133402
2202340911,42023409,22113123409
3102541311,32025413,32111025413
2413320221,50033202,23210033202
2202341011,42023410,22113123410
2203230411,42032304,22113132304
2202300111,42023001,22113123001
2533340611,01033406,23910033406
2412343422,50023434,23220023434
2412235521,50022355,23210022355
2412235522,50022355,23220022355
3112210321,32022103,32211022103
2422340733,50023407,23330023407
2422231733,50022317,23330022317
7413000111,48130001,44210030001
2413310321,50033103,23210033103
2413310322,50033103,23220033103
3112250221,32022502,32211022502
3112250222,32022502,32221022502
3112100721,32021007,32211021007
3112100722,32021007,32221021007
3112410121,32024101,32211024101
3112410122,32024101,32221024101
2113100411,43031004,22122831004
3113430121,32034301,32211034301
2202410511,42024105,22113124105
3113430122,32034301,32221034301
3112210322,32022103,32221022103
3102411011,32024110,32111024110
3112200222,32022002,32221022002
2412110121,50021101,23210021101
3112410221,32024102,32211024102
3112410222,32024102,32221024102
3112410321,32024103,32211024103
2213340111,42033401,22123133401
2412420222,50024202,23220024202
3112410322,32024103,32221024103
3112410421,32024104,32211024104
3112410422,32024104,32221024104
3112410521,32024105,32211024105
3112410522,32024105,32221024105
3112410621,32024106,32211024106
3112410622,32024106,32221024106
3112410722,32024107,32221024107
3112410821,32024108,32211024108
3112410822,32024108,32221024108
3112420122,32024201,32221024201
3112420221,32024202,32211024202
2412551122,50025511,23220025511
2422551133,50025511,23330025511
2412551421,50025514,23210025514
2412551422,50025514,23220025514
2412551521,50025515,23210025515
2412551522,50025515,23220025515
2412500521,50025005,23210025005
2412500522,50025005,23220025005
2412551621,50025516,23210025516
2412551622,50025516,23220025516
2422550333,50025503,23330025503
2412551721,50025517,23210025517
2412551722,50025517,23220025517
2412551821,50025518,23210025518
2412551822,50025518,23220025518
2422240133,50022401,23330022401
2422240233,50022402,23330022402
2422240333,50022403,23330022403
2412241221,50022412,23210022412
2422241233,50022412,23330022412
2412240421,50022404,23210022404
2412240422,50022404,23220022404
2422240433,50022404,23330022404
2412241322,50022413,23220022413
2422241333,50022413,23330022413
2412241421,50022414,23210022414
2412241422,50022414,23220022414
2422241433,50022414,23330022414
2442510122,51025101,23520025101
2442500421,51025004,23510025004
2442500422,51025004,23520025004
2442520221,51025202,23510025202
2442520222,51025202,23520025202
2442510221,51025102,23510025102
2442510222,51025102,23520025102
2442510321,51025103,23510025103
2442510322,51025103,23520025103
1311001133,67010011,21160010011
1021000311,67010003,21150010003
1031000311,67010003,21160010003
1021000511,67010005,21150010005
1031000511,67010005,21160010005
1021000611,67010006,21150010006
1031000611,67010006,21160010006
1041000111,67010001,21170010001
1031000811,67010008,21160010008
7412000111,48120001,44210020001
1612199941,55021999,24130021999
2412411622,50024116,23220024116
2412412221,50024122,23210024122
2412412222,50024122,23220024122
2412400121,50024001,23210024001
2412400122,50024001,23220024001
1031000411,67010004,21160010004
1031000211,67010002,21160010002
2412400221,50024002,23210024002
2412420221,50024202,23210024202
2422420233,50024202,23330024202
2412420321,50024203,23210024203
2412420322,50024203,23220024203
2422420333,50024203,23330024203
2412421621,50024216,23210024216
2412421622,50024216,23220024216
2422421633,50024216,23330024216
2412420422,50024204,23220024204
2422420433,50024204,23330024204
2412410321,50024103,23210024103
2412410322,50024103,23220024103
2412410421,50024104,23210024104
2412410422,50024104,23220024104
2422410433,50024104,23330024104
2412410521,50024105,23210024105
2422410533,50024105,23330024105
2412410621,50024106,23210024106
2533340711,01033407,23910033407
2203340311,42033403,22113133403
2302299911,42022999,22114122999
2302599911,42025999,22114125999
2303299911,42032999,22114132999
2302499911,42024999,22114124999
2302099911,42020999,22114120999
2303399911,42033999,22114133999
2303499911,42034999,22114134999
2309999911,42099999,22114199999
2999999911,69999999,23A10099999
2412110122,50021101,23220021101
2413110321,50031103,23210031103
2413110322,50031103,23220031103
2412320421,50023204,23210023204
2412320422,50023204,23220023204
2412310121,50023101,23210023101
2412310122,50023101,23220023101
2422310133,50023101,23330023101
2413340621,50033406,23210033406
2412320521,50023205,23210023205
2412320522,50023205,23220023205
2412320221,50023202,23210023202
2412320222,50023202,23220023202
2422320233,50023202,23330023202
3113140722,32031407,32221031407
2412320621,50023206,23210023206
2412320622,50023206,23220023206
2412310421,50023104,23210023104
2412310422,50023104,23220023104
2412310521,50023105,23210023105
2412300121,50023001,23210023001
2412300122,50023001,23220023001
3112420222,32024202,32221024202
3112400321,32024003,32211024003
3112400121,32024001,32211024001
3112400222,32024002,32221024002
3112430221,32024302,32211024302
3112430321,32024303,32211024303
3112430322,32024303,32221024303
3112430421,32024304,32211024304
3112430422,32024304,32221024304
3112340121,32023401,32211023401
2323221111,42032211,22124232211
2323220411,42032204,22124232204
2323220511,42032205,22124232205
2322250111,42022501,22124222501
2423120432,50031204,23320031204
2312200411,43022004,22124122004
2312200211,43022002,22124122002
2312220311,43022203,22124122203
2312220711,43022207,22124122207
2312220111,43022201,22124122201
2322210111,42022101,22124222101
2322210211,42022102,22124222102
2322210311,42022103,22124222103
2322410411,42024104,22124224104
2322410111,42024101,22124224101
2322410211,42024102,22124224102
2322410311,42024103,22124224103
2322410611,42024106,22124224106
2322400111,42024001,22124224001
2312400211,43024002,22124124002
2312400111,43024001,22124124001
2322420111,42024201,22124224201
2322420211,42024202,22124224202
2322420511,42024205,22124224205
2322420311,42024203,22124224203
2442510822,51025108,23520025108
2442510421,51025104,23510025104
2442510422,51025104,23520025104
2442510521,51025105,23510025105
2442510621,51025106,23510025106
2442510622,51025106,23520025106
2442510721,51025107,23510025107
2442510722,51025107,23520025107
2442010121,51020101,23510020101
2412422421,50024224,23210024224
2443230121,51032301,23510032301
2443230122,51032301,23520032301
2442270122,51022701,23520022701
2442550222,51025502,23520025502
2542210522,45022105,25120022105
2442550321,51025503,23510025503
2442550322,51025503,23520025503
2442550421,51025504,23510025504
2442550422,51025504,23520025504
2443220122,51032201,23520032201
2443220221,51032202,23510032202
2443220222,51032202,23520032202
2442260121,51022601,23510022601
2442260122,51022601,23520022601
2443430121,51034301,23510034301
2443430122,51034301,23520034301
2442250121,51022501,23510022501
2442250122,51022501,23520022501
2442240121,51022401,23510022401
2442240122,51022401,23520022401
2442220121,51022201,23510022201
4102300221,24023002,32810023002
4102300222,24023002,32820023002
3163230122,32132301,32620032301
4102300321,24023003,32810023003
4102300322,24023003,32820023003
3163231321,32132313,32610032313
4103210121,24032101,32810032101
4103210122,24032101,32820032101
2412410622,50024106,23220024106
2422410633,50024106,23330024106
2412421921,50024219,23210024219
2412421922,50024219,23220024219
2422421933,50024219,23330024219
2412422422,50024224,23220024224
2422422433,50024224,23330024224
2412420521,50024205,23210024205
2412420522,50024205,23220024205
2412420621,50024206,23210024206
2412420622,50024206,23220024206
2412420721,50024207,23210024207
2412420722,50024207,23220024207
2412422621,50024226,23210024226
2412422622,50024226,23220024226
2001000511,47010005,22111310005
2001000611,47010006,22111310006
2001000811,47010008,22111310008
2001000911,47010009,22111310009
2001001011,47010010,22111110010
2001001111,47010011,22111110011
2432199911,51021999,23410021999
2432399911,51023999,23410023999
2432299911,51022999,23410022999
2432599911,51025999,23410025999
2433299911,51032999,23410032999
2432499911,51024999,23410024999
2433199911,51031999,23410031999
2433399911,51033999,23410033999
2432099911,51020999,23410020999
2433499911,51034999,23410034999
2439999911,51099999,23410099999
7909999911,59999999,45110099999
3923320131,36033201,52110033201
3923320132,36033201,52120033201
3923320133,36033201,52130033201
3923310231,36033102,52110033102
3923310232,36033102,52120033102
2463120121,40031201,23710031201
3923310233,36033102,52130033102
2422300133,50023001,23330023001
2412300321,50023003,23210023003
2412300322,50023003,23220023003
2423140133,50031401,23330031401
2413130321,50031303,23210031303
3163231422,32132314,32620032314
2413130322,50031303,23220031303
2413130421,50031304,23210031304
2413130422,50031304,23220031304
2413130121,50031301,23210031301
2222330311,42023303,22133123303
2413130122,50031301,23220031301
2423240133,50032401,23330032401
2413240321,50032403,23210032403
2413240322,50032403,23220032403
2413130521,50031305,23210031305
2413130522,50031305,23220031305
2413130221,50031302,23210031302
2423140233,50031402,23330031402
2413130621,50031306,23210031306
2413130622,50031306,23220031306
2413120121,50031201,23210031201
2413120122,50031201,23220031201
2413120221,50031202,23210031202
2413120222,50031202,23220031202
2423120233,50031202,23330031202
2413120321,50031203,23210031203
2413120421,50031204,23210031204
2413120422,50031204,23220031204
2413120621,50031206,23210031206
2413120622,50031206,23220031206
2423120633,50031206,23330031206
2413120721,50031207,23210031207
2413120722,50031207,23220031207
2413120822,50031208,23220031208
3112230522,32022305,32221022305
3112230621,32022306,32211022306
3112230622,32022306,32221022306
3112240121,32022401,32211022401
3112540321,32025403,32211025403
2322430111,42024301,22124224301
2322430211,42024302,22124224302
2323310111,42033101,22124233101
2322430311,42024303,22124224303
2322340111,42023401,22124223401
2312340211,43023402,22124123402
2312340111,43023401,22124123401
2322230411,42022304,22124222304
2322340211,42023402,22124223402
2322340311,42023403,22124223403
2322340411,42023404,22124223404
2322260211,42022602,22124222602
2322340511,42023405,22124223405
2422540933,50025409,23330025409
2412541021,50025410,23210025410
2412541022,50025410,23220025410
2422541033,50025410,23330025410
2412542021,50025420,23210025420
2412542022,50025420,23220025420
2412542221,50025422,23210025422
2412542222,50025422,23220025422
2422542233,50025422,23330025422
2412542321,50025423,23210025423
2412542322,50025423,23220025423
2412542421,50025424,23210025424
2412542422,50025424,23220025424
2412541121,50025411,23210025411
2412541122,50025411,23220025411
2412520521,50025205,23210025205
2412520522,50025205,23220025205
2412520622,50025206,23220025206
2412510121,50025101,23210025101
2412510122,50025101,23220025101
2422510133,50025101,23330025101
3103140911,32031409,32111031409
3163231421,32132314,32610032314
3103261011,32032610,32111032610
3113231521,32032315,32211032315
3113231522,32032315,32221032315
3113231321,32032313,32211032313
3113231322,32032313,32221032313
3113231421,32032314,32211032314
3113231422,32032314,32221032314
3113231621,32032316,32211032316
3113231622,32032316,32221032316
3112420521,32024205,32211024205
3112420522,32024205,32221024205
3162300821,32123008,32610023008
3162300822,32123008,32620023008
3163220421,32132204,32610032204
3163220422,32132204,32620032204
3162300921,32123009,32610023009
3162300922,32123009,32620023009
3162410221,32124102,32610024102
3162410222,32124102,32620024102
4102410121,24024101,32810024101
4102410122,24024101,32820024101
3133310731,32233107,32312033107
3133310732,32233107,32322033107
3113310122,32033101,32221033101
2463140122,40031401,23720031401
2222230811,42022308,22133122308
2463120122,40031201,23720031201
2463110121,40031101,23710031101
2463110122,40031101,23720031101
2463120221,40031202,23710031202
2903310111,46033101,51110033101
2903310211,46033102,51110033102
3011000121,37010001,31111210001
3011000222,37010002,31121210002
3103210511,32032105,32111032105
3011000322,37010003,31121210003
3011100221,37011002,31111111002
3011100321,37011003,31111111003
3011100322,37011003,31121111003
3011100422,37011004,31121111004
3011100521,37011005,31111111005
2112400211,43024002,22122124002
2122400211,43024002,22132124002
2112400111,43024001,22122824001
2122400111,43024001,22132824001
2112340211,43023402,22122123402
2122340211,43023402,22132123402
2112340111,43023401,22122823401
2122340111,43023401,22132823401
2123100311,43031003,22132831003
2113260111,43032601,22122832601
2123260111,43032601,22132832601
2123120111,43031201,22132831201
3102540211,32025402,32111025402
2123200111,43032001,22132532001
2123310211,43033102,22132433102
2113310111,43033101,22122833101
2123310111,43033101,22132833101
2113340111,43033401,22122533401
2123340111,43033401,22132533401
2123100811,43031008,22132231008
3011300321,37013003,31111213003
3011300122,37013001,31121213001
2123140111,43031401,22132231401
3112540421,32025404,32211025404
3112540422,32025404,32221025404
3112540521,32025405,32211025405
3112540522,32025405,32221025405
3112540621,32025406,32211025406
3112540721,32025407,32211025407
3112540722,32025407,32221025407
3112540121,32025401,32211025401
3112540122,32025401,32221025401
3112010122,32020101,32221020101
3112010221,32020102,32211020102
3112010222,32020102,32221020102
3112520221,32025202,32211025202
3112520222,32025202,32221025202
3112540221,32025402,32211025402
3112510121,32025101,32211025101
3112510122,32025101,32221025101
3112010321,32020103,32211020103
3112010322,32020103,32221020103
3112540222,32025402,32221025402
3112010421,32020104,32211020104
3112010422,32020104,32221020104
3112510321,32025103,32211025103
3112510322,32025103,32221025103
3112510421,32025104,32211025104
3112510422,32025104,32221025104
3112000221,32020002,32211020002
3112000222,32020002,32221020002
3112520521,32025205,32211025205
2213340411,42033404,22123133404
2011200411,47012004,22121812004
2223340411,42033404,22133133404
3112520422,32025204,32221025204
3112230722,32022307,32221022307
3112540821,32025408,32211025408
2213340511,42033405,22123133405
3112220121,32022201,32211022201
2223340511,42033405,22133133405
2213340611,42033406,22123133406
2412520721,50025207,23210025207
2412520722,50025207,23220025207
2412520821,50025208,23210025208
2412520822,50025208,23220025208
2412520922,50025209,23220025209
2412270921,50022709,23210022709
2412270922,50022709,23220022709
2412510921,50025109,23210025109
2412510922,50025109,23220025109
2422510933,50025109,23330025109
2412511021,50025110,23210025110
2412511022,50025110,23220025110
2422511033,50025110,23330025110
2412200321,50022003,23210022003
2413310121,50033101,23210033101
2413310122,50033101,23220033101
2413310421,50033104,23210033104
2413360121,50033601,23210033601
2413360122,50033601,23220033601
2413360421,50033604,23210033604
2413360422,50033604,23220033604
2413360521,50033605,23210033605
2413360621,50033606,23210033606
2413360622,50033606,23220033606
2413360721,50033607,23210033607
2212230911,42022309,22123122309
2423360733,50033607,23330033607
3102501311,32025013,32111025013
2413360821,50033608,23210033608
2413360822,50033608,23220033608
1101000121,61010001,21210010001
2423360833,50033608,23330033608
2413360922,50033609,23220033609
2423360933,50033609,23330033609
2423340133,50033401,23330033401
2413340421,50033404,23210033404
2413340422,50033404,23220033404
2412212221,50022122,23210022122
2412212222,50022122,23220022122
2413340521,50033405,23210033405
2463120222,40031202,23720031202
2463110221,40031102,23710031102
2463110222,40031102,23720031102
2462420122,40024201,23720024201
2462340321,40023403,23710023403
2462340322,40023403,23720023403
2462420222,40024202,23720024202
2462510321,40025103,23710025103
2462510322,40025103,23720025103
2463210121,40032101,23710032101
2462320221,40023202,23710023202
2462320222,40023202,23720023202
2463230121,40032301,23710032301
2463340121,40033401,23710033401
2463340122,40033401,23720033401
2463430121,40034301,23710034301
2463430122,40034301,23720034301
2452199911,40021999,23610021999
2452299911,40022999,23610022999
2452599911,40025999,23610025999
2453299911,40032999,23610032999
2452499911,40024999,23610024999
2453199911,40031999,23610031999
2453399911,40033999,23610033999
2452099911,40020999,23610020999
2453499911,40034999,23610034999
2459999911,40099999,23610099999
7439999911,48199999,44410099999
7519999911,48299999,46210099999
7529999911,38299999,46310099999
2402234811,50022348,23110022348
2412241521,50022415,23210022415
2412241522,50022415,23220022415
2412241621,50022416,23210022416
2412241622,50022416,23220022416
2412241722,50022417,23220022417
2113100111,43031001,22122231001
2123100211,43031002,22132231002
2212110111,42021101,22123121101
2222110111,42021101,22133121101
2223340111,42033401,22133133401
2212300211,42023002,22123123002
2222300211,42023002,22133123002
2212310111,42023101,22123123101
2222310111,42023101,22133123101
2212330111,42023301,22123123301
2222330111,42023301,22133123301
2212330211,42023302,22123123302
2222330211,42023302,22133123302
2212230111,42022301,22123122301
2222230111,42022301,22133122301
2212230211,42022302,22123122302
2222230211,42022302,22133122302
1619999944,55099999,24160099999
2021100811,47011008,22131811008
1639999941,55099999,24230099999
1639999943,55099999,24250099999
1639999944,55099999,24260099999
1101000122,61010001,21220010001
1101000222,61010002,21220010002
1101000321,61010003,21210010003
1101000322,61010003,21220010003
1101000421,61010004,21210010004
1101000422,61010004,21220010004
1101000521,61010005,21210010005
7002199911,58321999,41110021999
7002399911,58323999,41110023999
7002299911,58322999,41110022999
7002599911,58325999,41110025999
7002499911,58324999,41110024999
7003399911,58333999,41110033999
7002099911,58320999,41110020999
7003499911,58334999,41110034999
7009999911,58399999,41110099999
1111000111,62010001,21310010001
2223340611,42033406,22133133406
2212420711,42024207,22123124207
2222420711,42024207,22133124207
2212420811,42024208,22123124208
2222420811,42024208,22133124208
2212420911,42024209,22123124209
2222420911,42024209,22133124209
2212230511,42022305,22123122305
2222230511,42022305,22133122305
2212340611,42023406,22123123406
2222340611,42023406,22133123406
2212230611,42022306,22123122306
2222230611,42022306,22133122306
2212230711,42022307,22123122307
2222230711,42022307,22133122307
2212230811,42022308,22123122308
2222230911,42022309,22133122309
2212231011,42022310,22123122310
2222231011,42022310,22133122310
2212240511,42022405,22123122405
2222240511,42022405,22133122405
2212420411,42024204,22123124204
2222420411,42024204,22133124204
2212340711,42023407,22123123407
2512340821,40123408,23C10023408
2512340822,40123408,23C20023408
2512231222,40122312,23C20022312
2512231321,40122313,23C10022313
2512231322,40122313,23C20022313
2212340911,42023409,22123123409
2222340911,42023409,22133123409
2412330722,50023307,23220023307
2412330121,50023301,23210023301
2412330122,50023301,23220023301
2412330821,50023308,23210023308
2412330822,50023308,23220023308
2413340522,50033405,23220033405
2413340622,50033406,23220033406
2413340721,50033407,23210033407
2413340722,50033407,23220033407
3102310911,32023109,32111023109
2413340221,50033402,23210033402
2413340222,50033402,23220033402
2423340233,50033402,23330033402
2412212321,50022123,23210022123
2412212322,50022123,23220022123
2413440121,50034401,23210034401
2413440122,50034401,23220034401
2423300133,50033001,23330033001
2409999911,50099999,23110099999
3112340122,32023401,32221023401
3112340221,32023402,32211023402
3112340222,32023402,32221023402
3112340321,32023403,32211023403
3112340322,32023403,32221023403
3112310922,32023109,32221023109
2513220622,40132206,23C20032206
3112340521,32023405,32211023405
3112340522,32023405,32221023405
3112340621,32023406,32211023406
3112340622,32023406,32221023406
3112340421,32023404,32211023404
3112340422,32023404,32221023404
3112500221,32025002,32211025002
3112500222,32025002,32221025002
3112300321,32023003,32211023003
3112300322,32023003,32221023003
3112300521,32023005,32211023005
3112300522,32023005,32221023005
3113240122,32032401,32221032401
2412241821,50022418,23210022418
2412241822,50022418,23220022418
3112310921,32023109,32211023109
2413230321,50032303,23210032303
2413230322,50032303,23220032303
2413220521,50032205,23210032205
2413220522,50032205,23220032205
2423220533,50032205,23330032205
2413220621,50032206,23210032206
2413220622,50032206,23220032206
2413220721,50032207,23210032207
2413220722,50032207,23220032207
2542551621,45025516,25110025516
2413220121,50032201,23210032201
2413220122,50032201,23220032201
2413220921,50032209,23210032209
2413220922,50032209,23220032209
2413221021,50032210,23210032210
2413221022,50032210,23220032210
2413230421,50032304,23210032304
3113121321,32031213,32211031213
2413230422,50032304,23220032304
2413230521,50032305,23210032305
2413230522,50032305,23220032305
2413221121,50032211,23210032211
2413221122,50032211,23220032211
2413221221,50032212,23210032212
2413221222,50032212,23220032212
2413221321,50032213,23210032213
2413221322,50032213,23220032213
2413221421,50032214,23210032214
2413221422,50032214,23220032214
2423220233,50032202,23330032202
2423220333,50032203,23330032203
2412260421,50022604,23210022604
2442220122,51022201,23520022201
2422232333,50022323,23330022323
2442210421,51022104,23510022104
1122399911,63023999,21320023999
1122299911,63022999,21320022999
1122599911,63025999,21320025999
1123299911,63032999,21320032999
1122499911,63024999,21320024999
1123199911,63031999,21320031999
1123399911,63033999,21320033999
2542551622,45025516,25120025516
1122099911,63020999,21320020999
1123499911,63034999,21320034999
1129999911,63099999,21320099999
1132199911,64021999,21330021999
1132399911,64023999,21330023999
1132299911,64022999,21330022999
1132599911,64025999,21330025999
1133299911,64032999,21330032999
1132499911,64024999,21330024999
2412410721,50024107,23210024107
2412410722,50024107,23220024107
2422410733,50024107,23330024107
2542551321,45025513,25110025513
3103121311,32031213,32111031213
2412420821,50024208,23210024208
2412420921,50024209,23210024209
2412420922,50024209,23220024209
2422420933,50024209,23330024209
2412421021,50024210,23210024210
2422421033,50024210,23330024210
2412430521,50024305,23210024305
2412430522,50024305,23220024305
2422430533,50024305,23330024305
2412430621,50024306,23210024306
2422430633,50024306,23330024306
2422410833,50024108,23330024108
2412421221,50024212,23210024212
2412421222,50024212,23220024212
2412541221,50025412,23210025412
2412541222,50025412,23220025412
2422541233,50025412,23330025412
2412330921,50023309,23210023309
2412330922,50023309,23220023309
2412331021,50023310,23210023310
2412331022,50023310,23220023310
2412540122,50025401,23220025401
2412230121,50022301,23210022301
2412230122,50022301,23220022301
2412231821,50022318,23210022318
2412231822,50022318,23220022318
2422231833,50022318,23330022318
2412231921,50022319,23210022319
2412231922,50022319,23220022319
2422231933,50022319,23330022319
2412232021,50022320,23210022320
3113130222,32031302,32221031302
2422232033,50022320,23330022320
2412232121,50022321,23210022321
2412232122,50022321,23220022321
2412232221,50022322,23210022322
2412232222,50022322,23220022322
2422232233,50022322,23330022322
2412230221,50022302,23210022302
2412230222,50022302,23220022302
2422230233,50022302,23330022302
2412230321,50022303,23210022303
2412230322,50022303,23220022303
2422230333,50022303,23330022303
2412230421,50022304,23210022304
2412230422,50022304,23220022304
2422230433,50022304,23330022304
2412232321,50022323,23210022323
2412232322,50022323,23220022323
2413120921,50031209,23210031209
2413120922,50031209,23220031209
2413121021,50031210,23210031210
2413121022,50031210,23220031210
3113240221,32032402,32211032402
1011002411,67010024,21120010024
3113240321,32032403,32211032403
3113240322,32032403,32221032403
2021100911,47011009,22131811009
3113240421,32032404,32211032404
3113240422,32032404,32221032404
3113240621,32032406,32211032406
3113140121,32031401,32211031401
3113140122,32031401,32221031401
3113140321,32031403,32211031403
3113140322,32031403,32221031403
3113130121,32031301,32211031301
3113130122,32031301,32221031301
3113140521,32031405,32211031405
3113130221,32031302,32211031302
3113260122,32032601,32221032601
3113260221,32032602,32211032602
2322270111,42022701,22124222701
2322300311,42023003,22124223003
2322510111,42025101,22124225101
2322300411,42023004,22124223004
2323110111,42031101,22124231101
2323200111,42032001,22124232001
2323340411,42033404,22124233404
2323340511,42033405,22124233405
2323340611,42033406,22124233406
2322420711,42024207,22124224207
2322420811,42024208,22124224208
2322420911,42024209,22124224209
2322230511,42022305,22124222305
2322340611,42023406,22124223406
2322230611,42022306,22124222306
2322230811,42022308,22124222308
2322230911,42022309,22124222309
2322231011,42022310,22124222310
2322240511,42022405,22124222405
2323230211,42032302,22124232302
2332231111,40122311,22124222311
2442210422,51022104,23520022104
2442410121,51024101,23510024101
2442410222,51024102,23520024102
2442410322,51024103,23520024103
2442410422,51024104,23520024104
2442410521,51024105,23510024105
2442410522,51024105,23520024105
2442420321,51024203,23510024203
2442420322,51024203,23520024203
2442400121,51024001,23510024001
2442400122,51024001,23520024001
2412211921,50022119,23210022119
2442420121,51024201,23510024201
2442420221,51024202,23510024202
2442420222,51024202,23520024202
2442430121,51024301,23510024301
2442430122,51024301,23520024301
2442340122,51023401,23520023401
2443110121,51031101,23510031101
2443110122,51031101,23520031101
2442000222,51020002,23520020002
2442000322,51020003,23520020003
2442220221,51022202,23510022202
2442220222,51022202,23520022202
2442300122,51023001,23520023001
2443240221,51032402,23510032402
2443240222,51032402,23520032402
2443100322,51031003,23520031003
2443120121,51031201,23510031201
1021002411,67010024,21150010024
2443120122,51031201,23520031201
2443110221,51031102,23510031102
2443110222,51031102,23520031102
2443120221,51031202,23510031202
2443120222,51031202,23520031202
2443110321,51031103,23510031103
2443110322,51031103,23520031103
2422421233,50024212,23330024212
2412421321,50024213,23210024213
2422421333,50024213,23330024213
2412422721,50024227,23210024227
2412422722,50024227,23220024227
2412422821,50024228,23210024228
2412421421,50024214,23210024214
2412421422,50024214,23220024214
2412421521,50024215,23210024215
2412421522,50024215,23220024215
2412430721,50024307,23210024307
2412430722,50024307,23220024307
2412430121,50024301,23210024301
2412430122,50024301,23220024301
2422430133,50024301,23330024301
2412430821,50024308,23210024308
2412430822,50024308,23220024308
2412430921,50024309,23210024309
2412430922,50024309,23220024309
3011100722,37011007,31121111007
3011100821,37011008,31111111008
3011100822,37011008,31121111008
3011100921,37011009,31111111009
3011100922,37011009,31121111009
3011101022,37011010,31121111010
3011101721,37011017,31111111017
3011101722,37011017,31121111017
2412513121,50025131,23210025131
2542551322,45025513,25120025513
3011200321,37012003,31111312003
3011200322,37012003,31121312003
3001100111,37011001,31111111001
3011101122,37011011,31121111011
3011101222,37011012,31121111012
3011101322,37011013,31121111013
3011101422,37011014,31121111014
2419999921,50099999,23210099999
2413121121,50031211,23210031211
2413121122,50031211,23220031211
2413110821,50031108,23210031108
2413110822,50031108,23220031108
2413110921,50031109,23210031109
2413110922,50031109,23220031109
2423110933,50031109,23330031109
2413111021,50031110,23210031110
2413111022,50031110,23220031110
2413121221,50031212,23210031212
2413121222,50031212,23220031212
2001001811,47010018,22111410018
2412231221,50022312,23210022312
2412231222,50022312,23220022312
2422231233,50022312,23330022312
2412410921,50024109,23210024109
2412410922,50024109,23220024109
2412233421,50022334,23210022334
2412233422,50022334,23220022334
2412233521,50022335,23210022335
2412233522,50022335,23220022335
2412423021,50024230,23210024230
2412423022,50024230,23220024230
2412513122,50025131,23220025131
2412233621,50022336,23210022336
2412233622,50022336,23220022336
2412342921,50023429,23210023429
3102541411,32025414,32111025414
3112520522,32025205,32221025205
3112520621,32025206,32211025206
2322340711,42023407,22124223407
2322340911,42023409,22124223409
3113342622,32033426,32221033426
2413221722,50032217,23220032217
2322240611,42022406,22124222406
2322330411,42023304,22124223304
3103342611,32033426,32111033426
3113342621,32033426,32211033426
3113121322,32031213,32221031213
2412412722,50024127,23220024127
2322341011,42023410,22124223410
2311330211,43013302,22124113302
2323230311,42032303,22124232303
2323230411,42032304,22124232304
2323220711,42032207,22124232207
2323220811,42032208,22124232208
2323220911,42032209,22124232209
2323221011,42032210,22124232210
2313200111,43032001,22124132001
2323310211,42033102,22124233102
2313310211,43033102,22124133102
2313310111,43033101,22124133101
2412521021,50025210,23210025210
2412512221,50025122,23210025122
2412512222,50025122,23220025122
2412210121,50022101,23210022101
2412210122,50022101,23220022101
2412510421,50025104,23210025104
2412510422,50025104,23220025104
2422510433,50025104,23330025104
3103110311,32031103,32111031103
2412512421,50025124,23210025124
2412512422,50025124,23220025124
2422510533,50025105,23330025105
2412510621,50025106,23210025106
2412510622,50025106,23220025106
2422510633,50025106,23330025106
2412512521,50025125,23210025125
2412512522,50025125,23220025125
3113110322,32031103,32221031103
2322410511,42024105,22124224105
2402331111,50023311,23110023311
2402234411,50022344,23110022344
2402234511,50022345,23110022345
2402234611,50022346,23110022346
2402234711,50022347,23110022347
2422541231,50025412,23310025412
2422541232,50025412,23320025412
2422230131,50022301,23310022301
2422230132,50022301,23320022301
2422231831,50022318,23310022318
2422231832,50022318,23320022318
2422231931,50022319,23310022319
2422231932,50022319,23320022319
2422232031,50022320,23310022320
2422232032,50022320,23320022320
2422232131,50022321,23310022321
2422232132,50022321,23320022321
2422232232,50022322,23320022322
2422230231,50022302,23310022302
2422230232,50022302,23320022302
2422230331,50022303,23310022303
2422230332,50022303,23320022303
2422230432,50022304,23320022304
2422232331,50022323,23310022323
2422232332,50022323,23320022323
2422230531,50022305,23310022305
2422230532,50022305,23320022305
2422230632,50022306,23320022306
2422230731,50022307,23310022307
2422230732,50022307,23320022307
2422230831,50022308,23310022308
2422231032,50022310,23320022310
2422540231,50025402,23310025402
2422540232,50025402,23320025402
2422540331,50025403,23310025403
2422540332,50025403,23320025403
3011101522,37011015,31121111015
3001200411,37012004,31111312004
3001200511,37012005,31111312005
3021200111,37112001,31112312001
3021200211,37112002,31112312002
3001200711,37012007,31111312007
3001200811,37012008,31111312008
7429999911,38199999,44310099999
3112110121,32021101,32211021101
3112110122,32021101,32221021101
3112110221,32021102,32211021102
3112110222,32021102,32221021102
3112120121,32021201,32211021201
3112120122,32021201,32221021201
3112130122,32021301,32221021301
3112110321,32021103,32211021103
3112110322,32021103,32221021103
2212540411,42025404,22123125404
2222540411,42025404,22133125404
2212540111,42025401,22123125401
2222540111,42025401,22133125401
2212540211,42025402,22123125402
2222540211,42025402,22133125402
2443430221,51034302,23510034302
2212540311,42025403,22123125403
2222540311,42025403,22133125403
2212510211,42025102,22123125102
2222510211,42025102,22133125102
2212530111,42025301,22123125301
2212520611,42025206,22123125206
2222520611,42025206,22133125206
2212550111,42025501,22123125501
2222550111,42025501,22133125501
2212520111,42025201,22123125201
2212520211,42025202,22123125202
2222520211,42025202,22133125202
3112520622,32025206,32221025206
3112520321,32025203,32211025203
3112520322,32025203,32221025203
3112530121,32025301,32211025301
3112530122,32025301,32221025301
3112010521,32020105,32211020105
3112550121,32025501,32211025501
3112550122,32025501,32221025501
3112550221,32025502,32211025502
3112550321,32025503,32211025503
3112550322,32025503,32221025503
3112550421,32025504,32211025504
3112550422,32025504,32221025504
3112550522,32025505,32221025505
3112550921,32025509,32211025509
3112550922,32025509,32221025509
3112550621,32025506,32211025506
3112550622,32025506,32221025506
3112550722,32025507,32221025507
3112551021,32025510,32211025510
3112551022,32025510,32221025510
3112551121,32025511,32211025511
3112551122,32025511,32221025511
3112551221,32025512,32211025512
3112551222,32025512,32221025512
3112551321,32025513,32211025513
3112551322,32025513,32221025513
3112010621,32020106,32211020106
3112010622,32020106,32221020106
3113120521,32031205,32211031205
3113120522,32031205,32221031205
3112240221,32022402,32211022402
3112240222,32022402,32221022402
3113230421,32032304,32211032304
2412211922,50022119,23220022119
3113230422,32032304,32221032304
3113230521,32032305,32211032305
2422512533,50025125,23330025125
3113110321,32031103,32211031103
2412211021,50022110,23210022110
2412211022,50022110,23220022110
2412530221,50025302,23210025302
2412530222,50025302,23220025302
2412530322,50025303,23220025303
2412542621,50025426,23210025426
2412542622,50025426,23220025426
2412512721,50025127,23210025127
2412512722,50025127,23220025127
2412500322,50025003,23220025003
2422500333,50025003,23330025003
2412550421,50025504,23210025504
2412550422,50025504,23220025504
2413230221,50032302,23210032302
2413230222,50032302,23220032302
2412550721,50025507,23210025507
2419999922,50099999,23220099999
2442110121,51021101,23510021101
2442110122,51021101,23520021101
2442120121,51021201,23510021201
2442120122,51021201,23520021201
2442110321,51021103,23510021103
2442110421,51021104,23510021104
2442110521,51021105,23510021105
2442120221,51021202,23510021202
2442120421,51021204,23510021204
2442120521,51021205,23510021205
2212240711,42022407,22123122407
2222240611,42022406,22133122406
2442520121,51025201,23510025201
2443100121,51031001,23510031001
2443100221,51031002,23510031002
2443320121,51033201,23510033201
2442120621,51021206,23510021206
2422540431,50025404,23310025404
2412260521,50022605,23210022605
2412260522,50022605,23220022605
2412260621,50022606,23210022606
2412260622,50022606,23220022606
3113220422,32032204,32221032204
2413221521,50032215,23210032215
2423221533,50032215,23330032215
2413221621,50032216,23210032216
2413221622,50032216,23220032216
2412200122,50022001,23220022001
2422200133,50022001,23330022001
2412233021,50022330,23210022330
2412233022,50022330,23220022330
2422233033,50022330,23330022330
2412250221,50022502,23210022502
2412250222,50022502,23220022502
2422250233,50022502,23330022502
2412250321,50022503,23210022503
2412250322,50022503,23220022503
2422250333,50022503,23330022503
2412250421,50022504,23210022504
2412250422,50022504,23220022504
2422250433,50022504,23330022504
2412250621,50022506,23210022506
3112220122,32022201,32221022201
2802123599,50321235,23I01021235
2412250622,50022506,23220022506
2412250721,50022507,23210022507
2412250722,50022507,23220022507
2412250821,50022508,23210022508
2412250822,50022508,23220022508
2412211121,50022111,23210022111
2212520311,42025203,22123125203
2222520311,42025203,22133125203
2222520411,42025204,22133125204
2212520511,42025205,22123125205
2222520511,42025205,22133125205
2212550711,42025507,22123125507
2212230311,42022303,22123122303
2222230311,42022303,22133122303
2212550811,42025508,22123125508
2212550211,42025502,22123125502
2222550211,42025502,22133125502
2212550311,42025503,22123125503
2222550311,42025503,22133125503
2212550411,42025504,22123125504
2222550411,42025504,22133125504
2212550511,42025505,22123125505
2222550511,42025505,22133125505
2443430222,51034302,23520034302
2212240111,42022401,22123122401
2222240111,42022401,22133122401
2212240211,42022402,22123122402
1612199942,55021999,24140021999
1612199944,55021999,24160021999
1612399941,55023999,24130023999
1612399942,55023999,24140023999
1612399943,55023999,24150023999
1612399944,55023999,24160023999
2412212021,50022120,23210022120
1612299941,55022999,24130022999
1612299942,55022999,24140022999
1612299943,55022999,24150022999
1612299944,55022999,24160022999
1612599941,55025999,24130025999
1612599942,55025999,24140025999
3113120621,32031206,32211031206
1612599943,55025999,24150025999
1612599944,55025999,24160025999
1613299941,55032999,24130032999
1613299942,55032999,24140032999
2212341011,42023410,22123123410
2222341011,42023410,22133123410
2213230311,42032303,22123132303
2223230311,42032303,22133132303
2412240722,50022407,23220022407
2213230411,42032304,22123132304
2223230411,42032304,22133132304
2213220711,42032207,22123132207
2223220711,42032207,22133132207
2213220811,42032208,22123132208
2223220811,42032208,22133132208
2213220911,42032209,22123132209
2223220911,42032209,22133132209
2213221011,42032210,22123132210
2223221011,42032210,22133132210
2213340311,42033403,22123133403
2223340711,42033407,22133133407
2223340811,42033408,22133133408
2223340911,42033409,22133133409
2322300211,42023002,22124223002
2532240411,01022404,23910022404
2212330411,42023304,22123123304
2222240711,42022407,22133122407
2222330411,42023304,22133123304
2021101011,47011010,22131111010
3112501321,32025013,32211025013
2312310211,43023102,22124123102
2312310111,43023101,22124123101
2322310111,42023101,22124223101
2312330211,43023302,22124123302
2312330111,43023301,22124123301
2322330211,42023302,22124223302
2322230111,42022301,22124222301
2322230211,42022302,22124222302
2312540111,43025401,22124125401
2322540411,42025404,22124225404
2322540111,42025401,22124225401
2322540311,42025403,22124225403
2322510211,42025102,22124225102
2442120821,51021208,23510021208
2442120921,51021209,23510021209
2442121021,51021210,23510021210
2442121121,51021211,23510021211
2442121221,51021212,23510021212
2442121321,51021213,23510021213
2442121421,51021214,23510021214
2442121521,51021215,23510021215
2442110621,51021106,23510021106
2442110721,51021107,23510021107
2442110821,51021108,23510021108
2443300222,51033002,23520033002
2442110921,51021109,23510021109
2442111021,51021110,23510021110
2442111121,51021111,23510021111
2442111221,51021112,23510021112
2442121621,51021216,23510021216
2442121721,51021217,23510021217
2442111321,51021113,23510021113
2442210121,51022101,23510022101
2442210221,51022102,23510022102
2442140121,51021401,23510021401
3113260222,32032602,32221032602
3113260321,32032603,32211032603
3113260322,32032603,32221032603
3113260421,32032604,32211032604
3113260422,32032604,32221032604
3113140421,32031404,32211031404
3113140422,32031404,32221031404
3112510221,32025102,32211025102
3112510222,32025102,32221025102
3113120121,32031201,32211031201
3113120122,32031201,32221031201
3113120221,32031202,32211031202
3113120222,32031202,32221031202
3113110121,32031101,32211031101
3113110122,32031101,32221031101
3112340721,32023407,32211023407
2412211122,50022111,23220022111
2412211221,50022112,23210022112
2443120322,51031203,23520031203
2443120421,51031204,23510031204
2443120422,51031204,23520031204
2443300121,51033001,23510033001
2443300122,51033001,23520033001
2443300221,51033002,23510033002
2443340221,51033402,23510033402
2443340222,51033402,23520033402
2443340121,51033401,23510033401
2443340122,51033401,23520033401
2442210322,51022103,23520022103
2532240111,01022401,23910022401
3112200122,32022001,32221022001
2532240211,01022402,23910022402
2532240311,01022403,23910022403
2412212022,50022120,23220022120
2532330111,01023301,23910023301
2532230311,01022303,23910022303
2532540211,01025402,23910025402
2532511111,01025111,23910025111
2532510211,01025102,23910025102
2532510411,01025104,23910025104
2532511211,01025112,23910025112
2532520311,01025203,23910025203
2532520411,01025204,23910025204
2532510611,01025106,23910025106
2532511311,01025113,23910025113
2532510711,01025107,23910025107
2532510811,01025108,23910025108
2532550111,01025501,23910025501
2532500111,01025001,23910025001
1613299943,55032999,24150032999
1613299944,55032999,24160032999
1612499941,55024999,24130024999
1612499942,55024999,24140024999
1612499944,55024999,24160024999
1613199941,55031999,24130031999
1613199942,55031999,24140031999
1613199944,55031999,24160031999
1613399941,55033999,24130033999
1613399942,55033999,24140033999
1613399943,55033999,24150033999
1612099941,55020999,24130020999
1612099942,55020999,24140020999
1612099943,55020999,24150020999
1613499941,55034999,24130034999
2011301411,47013014,22121813014
1613499942,55034999,24140034999
1613499943,55034999,24150034999
2412260721,50022607,23210022607
1613499944,55034999,24160034999
1619999942,55099999,24140099999
1619999943,55099999,24150099999
2413310221,50033102,23210033102
2413310222,50033102,23220033102
2412431021,50024310,23210024310
2412431022,50024310,23220024310
2412430221,50024302,23210024302
2412430222,50024302,23220024302
2422430233,50024302,23330024302
2412430321,50024303,23210024303
2412430322,50024303,23220024303
2422430333,50024303,23330024303
2412430421,50024304,23210024304
2412430422,50024304,23220024304
2422430433,50024304,23330024304
2412431121,50024311,23210024311
2412431122,50024311,23220024311
2412431221,50024312,23210024312
2412310522,50023105,23220023105
2412311021,50023110,23210023110
2412311022,50023110,23220023110
2412320721,50023207,23210023207
2422320733,50023207,23330023207
2412310621,50023106,23210023106
3113120321,32031203,32211031203
2412310622,50023106,23220023106
2412310721,50023107,23210023107
2412310722,50023107,23220023107
2412311121,50023111,23210023111
2412311122,50023111,23220023111
2412330321,50023303,23210023303
2412270421,50022704,23210022704
2412270422,50022704,23220022704
2412320821,50023208,23210023208
2412320921,50023209,23210023209
2412320922,50023209,23220023209
2422320933,50023209,23330023209
2412321021,50023210,23210023210
2412240721,50022407,23210022407
2412330421,50023304,23210023304
2412330422,50023304,23220023304
2412320321,50023203,23210023203
2412320322,50023203,23220023203
2422320333,50023203,23330023203
2412330521,50023305,23210023305
2412330522,50023305,23220023305
2412270521,50022705,23210022705
2412270522,50022705,23220022705
2412270621,50022706,23210022706
2412270622,50022706,23220022706
2412321121,50023211,23210023211
2412321122,50023211,23220023211
2412270721,50022707,23210022707
2412270722,50022707,23220022707
3112340722,32023407,32221023407
3112500321,32025003,32211025003
3112500322,32025003,32221025003
3112400421,32024004,32211024004
3112501322,32025013,32221025013
3112400422,32024004,32221024004
3113120322,32031203,32221031203
3113220421,32032204,32211032204
3113120421,32031204,32211031204
3113120422,32031204,32221031204
3113120721,32031207,32211031207
3113120722,32031207,32221031207
3113120822,32031208,32221031208
2412210822,50022108,23220022108
3113340122,32033401,32221033401
3113340222,32033402,32221033402
3113210221,32032102,32211032102
3113340321,32033403,32211033403
3113340322,32033403,32221033403
3113340421,32033404,32211033404
3113340721,32033407,32211033407
3113340922,32033409,32221033409
2323340311,42033403,22124233403
2323340711,42033407,22124233407
2323340811,42033408,22124233408
2313100711,43031007,22124131007
2313100411,43031004,22124131004
2313100111,43031001,22124131001
2462120121,40021201,23710021201
2462120122,40021201,23720021201
2462310121,40023101,23710023101
2462310122,40023101,23720023101
2462320122,40023201,23720023201
2462330121,40023301,23710023301
2462330122,40023301,23720023301
2462270122,40022701,23720022701
2462270221,40022702,23710022702
2532550211,01025502,23910025502
2532240611,01022406,23910022406
2532210211,01022102,23910022102
2011300411,47013004,22121213004
2021300411,47013004,22131213004
2021301411,47013014,22131813014
2011300511,47013005,22121213005
2011301511,47013015,22121813015
2021301511,47013015,22131813015
2011300611,47013006,22121213006
2021300611,47013006,22131213006
2021301211,47013012,22131813012
2011300711,47013007,22121213007
2021300711,47013007,22131213007
2011300811,47013008,22121213008
2021300811,47013008,22131213008
2021300911,47013009,22131213009
2011100611,47011006,22121811006
2021100711,47011007,22131811007
2011100811,47011008,22121811008
2021200411,47012004,22131812004
2011200111,47012001,22121312001
2021200111,47012001,22131312001
2011200211,47012002,22121312002
2021200211,47012002,22131312002
2011200311,47012003,22121312003
2021200311,47012003,22131312003
2011100311,47011003,22121111003
2021100311,47011003,22131111003
2011100111,47011001,22121111001
2021100111,47011001,22131111001
2011100411,47011004,22121111004
2021100411,47011004,22131111004
2011100511,47011005,22121111005
2021100511,47011005,22131111005
2011100211,47011002,22121111002
2021100211,47011002,22131111002
2212330311,42023303,22123123303
2412340921,50023409,23210023409
2412340922,50023409,23220023409
2422340933,50023409,23330023409
2412341021,50023410,23210023410
2412500621,50025006,23210025006
2412431322,50024313,23220024313
2412260722,50022607,23220022607
2412342122,50023421,23220023421
2412342221,50023422,23210023422
2412342222,50023422,23220023422
2422342233,50023422,23330023422
2412340221,50023402,23210023402
2412260821,50022608,23210022608
2412260822,50022608,23220022608
2422260833,50022608,23330022608
3112110422,32021104,32221021104
8909999911,45099999,61510099999
3112110521,32021105,32211021105
3112110522,32021105,32221021105
3112110621,32021106,32211021106
3112110921,32021109,32211021109
3112110922,32021109,32221021109
3112111021,32021110,32211021110
3112111022,32021110,32221021110
3112520121,32025201,32211025201
3112520122,32025201,32221025201
3112100222,32021002,32221021002
3112130221,32021302,32211021302
3112130222,32021302,32221021302
3112111121,32021111,32211021111
3112111122,32021111,32221021111
2412330721,50023307,23210023307
2413221821,50032218,23210032218
3102231411,32022314,32111022314
2112310211,43023102,22122123102
2413221822,50032218,23220032218
2412242322,50022423,23220022423
2412242421,50022424,23210022424
2412242422,50022424,23220022424
4191340111,24113401,32510013401
2412242621,50022426,23210022426
2412242622,50022426,23220022426
2412233721,50022337,23210022337
2412233722,50022337,23220022337
2412233821,50022338,23210022338
2412233822,50022338,23220022338
2412231321,50022313,23210022313
2412231322,50022313,23220022313
3102521711,32025217,32111025217
4181340133,24113401,32730013401
4181340132,24113401,32720013401
2413221921,50032219,23210032219
2462270222,40022702,23720022702
2462330221,40023302,23710023302
2462230121,40022301,23710022301
2462230122,40022301,23720022301
2462540121,40025401,23710025401
2462540122,40025401,23720025401
3102231811,32022318,32111022318
4181340131,24113401,32710013401
2472530431,40025304,23810025304
7419999911,48199999,44210099999
3011104621,37011046,31111111046
2462540221,40025402,23710025402
2462540222,40025402,23720025402
2462500121,40025001,23710025001
2462500122,40025001,23720025001
2462510121,40025101,23710025101
2462510122,40025101,23720025101
2462500421,40025004,23710025004
2462500422,40025004,23720025004
2462510221,40025102,23710025102
2462510222,40025102,23720025102
2462520121,40025201,23710025201
2462520122,40025201,23720025201
2462520221,40025202,23710025202
2462520222,40025202,23720025202
2462520321,40025203,23710025203
2462520322,40025203,23720025203
2462520421,40025204,23710025204
2462520422,40025204,23720025204
2412200322,50022003,23220022003
2412511121,50025111,23210025111
2412511122,50025111,23220025111
2412511221,50025112,23210025112
2412511222,50025112,23220025112
2422511233,50025112,23330025112
2412511321,50025113,23210025113
2412511322,50025113,23220025113
2422511333,50025113,23330025113
2412520121,50025201,23210025201
2542510521,45025105,25110025105
2412520122,50025201,23220025201
2422520133,50025201,23330025201
2122310211,43023102,22132123102
2112310111,43023101,22122823101
2122310111,43023101,22132823101
2422540432,50025404,23320025404
2422540531,50025405,23310025405
2422540532,50025405,23320025405
2422540631,50025406,23310025406
2422540632,50025406,23320025406
2422540731,50025407,23310025407
2422540732,50025407,23320025407
2422541731,50025417,23310025417
2422541732,50025417,23320025417
2422541831,50025418,23310025418
2422541832,50025418,23320025418
2422540831,50025408,23310025408
2422540832,50025408,23320025408
2422540931,50025409,23310025409
2422540932,50025409,23320025409
2422541031,50025410,23310025410
2422541032,50025410,23320025410
2422542231,50025422,23310025422
2422542232,50025422,23320025422
2422510131,50025101,23310025101
2542541121,45025411,25110025411
2422510132,50025101,23320025101
2422270931,50022709,23310022709
2422270932,50022709,23320022709
2422510931,50025109,23310025109
2422511031,50025110,23310025110
2422511032,50025110,23320025110
2422511231,50025112,23310025112
2422511232,50025112,23320025112
2422511332,50025113,23320025113
2422520131,50025201,23310025201
2422520132,50025201,23320025201
2422520231,50025202,23310025202
3112220221,32022202,32211022202
2422520331,50025203,23310025203
3112120421,32021204,32211021204
3112120422,32021204,32221021204
3112100321,32021003,32211021003
3112100322,32021003,32221021003
3112100121,32021001,32211021001
3112100122,32021001,32221021001
3112120221,32021202,32211021202
3112120222,32021202,32221021202
3112111221,32021112,32211021112
3112111222,32021112,32221021112
3112100421,32021004,32211021004
3112100422,32021004,32221021004
3112210121,32022101,32211022101
3112210122,32022101,32221022101
3112120521,32021205,32211021205
3112120522,32021205,32221021205
3112110721,32021107,32211021107
3112110722,32021107,32221021107
3112120621,32021206,32211021206
3112120622,32021206,32221021206
3112100522,32021005,32221021005
3112120321,32021203,32211021203
3112120322,32021203,32221021203
3112110821,32021108,32211021108
2222240211,42022402,22133122402
2212240311,42022403,22123122403
2222240311,42022403,22133122403
2212240411,42022404,22123122404
2222240411,42022404,22133122404
2213220111,42032201,22123132201
3112260122,32022601,32221022601
2223220111,42032201,22133132201
2213220211,42032202,22123132202
3112220222,32022202,32221022202
2223220211,42032202,22133132202
2213230111,42032301,22123132301
2223230111,42032301,22133132301
2422210833,50022108,23330022108
2223220311,42032203,22133132203
2413221922,50032219,23220032219
3103342311,32033423,32111033423
3113310321,32033103,32211033103
3113230522,32032305,32221032305
3113230621,32032306,32211032306
3113230622,32032306,32221032306
3113220321,32032203,32211032203
3113220322,32032203,32221032203
3113230121,32032301,32211032301
3113230122,32032301,32221032301
3113230221,32032302,32211032302
3113230222,32032302,32221032302
3113230321,32032303,32211032303
3113230322,32032303,32221032303
3113230721,32032307,32211032307
3113230821,32032308,32211032308
3113230822,32032308,32221032308
3113230921,32032309,32211032309
3113230922,32032309,32221032309
3113231021,32032310,32211032310
3113231121,32032311,32211032311
3113231122,32032311,32221032311
3113220121,32032201,32211032201
3113220221,32032202,32211032202
3113220222,32032202,32221032202
3112260121,32022601,32211022601
3113310221,32033102,32211033102
3113310222,32033102,32221033102
3112210221,32022102,32211022102
3112210222,32022102,32221022102
2412520221,50025202,23210025202
2412520222,50025202,23220025202
2422520233,50025202,23330025202
2412520321,50025203,23210025203
2412520322,50025203,23220025203
2422520333,50025203,23330025203
2412520422,50025204,23220025204
2422520433,50025204,23330025204
2412511421,50025114,23210025114
2412511422,50025114,23220025114
2412511522,50025115,23220025115
2412511621,50025116,23210025116
2412511622,50025116,23220025116
2412511721,50025117,23210025117
2422511733,50025117,23330025117
2412511821,50025118,23210025118
2412511822,50025118,23220025118
2412511921,50025119,23210025119
2422511933,50025119,23330025119
2412512021,50025120,23210025120
2412512022,50025120,23220025120
2412231121,50022311,23210022311
2412512121,50025121,23210025121
2412512122,50025121,23220025121
2422512133,50025121,23330025121
2442130121,51021301,23510021301
2442140221,51021402,23510021402
2442121821,51021218,23510021218
2442121921,51021219,23510021219
2442122021,51021220,23510021220
2442111421,51021114,23510021114
2442122121,51021221,23510021221
2443000121,51030001,23510030001
2443240121,51032401,23510032401
2442310121,51023101,23510023101
2442310122,51023101,23520023101
2442310221,51023102,23510023102
2422520332,50025203,23320025203
2422520431,50025204,23310025204
2422520432,50025204,23320025204
2422511732,50025117,23320025117
2422511931,50025119,23310025119
2412211222,50022112,23220022112
2412212421,50022124,23210022124
2412211321,50022113,23210022113
2412211322,50022113,23220022113
2412211421,50022114,23210022114
2412211422,50022114,23220022114
2412211521,50022115,23210022115
2412210421,50022104,23210022104
2412210422,50022104,23220022104
2422210433,50022104,23330022104
2412210522,50022105,23220022105
2422210533,50022105,23330022105
2412210621,50022106,23210022106
2412210622,50022106,23220022106
2422210633,50022106,23330022106
2412210722,50022107,23220022107
2422210733,50022107,23330022107
2412211621,50022116,23210022116
2412211622,50022116,23220022116
2412211721,50022117,23210022117
2412211722,50022117,23220022117
2412211821,50022118,23210022118
2412211822,50022118,23220022118
2412210821,50022108,23210022108
2422212033,50022120,23330022120
2412210921,50022109,23210022109
2412210922,50022109,23220022109
2213221111,42032211,22123132211
2223221111,42032211,22133132211
2213221211,42032212,22123132212
2213220411,42032204,22123132204
2223220411,42032204,22133132204
2213220511,42032205,22123132205
2223220511,42032205,22133132205
2212260111,42022601,22123122601
2222260111,42022601,22133122601
2222250111,42022501,22133122501
2212210111,42022101,22123122101
2222210111,42022101,22133122101
2212210211,42022102,22123122102
2212210311,42022103,22123122103
2222210311,42022103,22133122103
2212410411,42024104,22123124104
2222410411,42024104,22133124104
2222410111,42024101,22133124101
3112231321,32022313,32211022313
2212410211,42024102,22123124102
2222410211,42024102,22133124102
2212410311,42024103,22123124103
2222410311,42024103,22133124103
2212400111,42024001,22123124001
2222400111,42024001,22133124001
2212420111,42024201,22123124201
1133399911,64033999,21330033999
1132099911,64020999,21330020999
2542210222,45022102,25120022102
1133499911,64034999,21330034999
2101340111,43013401,22112813401
2102000111,43020001,22112820001
2102200311,43022003,22112822003
2103300111,43033001,22112833001
2103340111,43033401,22112133401
2202110111,42021101,22113121101
2202310111,42023101,22113123101
2202540411,42025404,22113125404
3112250121,32022501,32211022501
3112250122,32022501,32221022501
3112220321,32022203,32211022203
3112220322,32022203,32221022203
2322530111,42025301,22124225301
2322520611,42025206,22124225206
2312510111,43025101,22124125101
2312510611,43025106,22124125106
2312510411,43025104,22124125104
2312010111,43020101,22124120101
2322550111,42025501,22124225501
2322520111,42025201,22124225201
2322520211,42025202,22124225202
2322520311,42025203,22124225203
2322520411,42025204,22124225204
2312510711,43025107,22124125107
2312510211,43025102,22124125102
2312510311,43025103,22124125103
2322520511,42025205,22124225205
2202260111,42022601,22113122601
2322550711,42025507,22124225507
2322230311,42022303,22124222303
2322550811,42025508,22124225508
2312550311,43025503,22124125503
2312550111,43025501,22124125501
2322550211,42025502,22124225502
2322550311,42025503,22124225503
2322550411,42025504,22124225504
2322550511,42025505,22124225505
2322550611,42025506,22124225506
2312550411,43025504,22124125504
2312550211,43025502,22124125502
2312200111,43022001,22124122001
2322240911,42022409,22124222409
2322240111,42022401,22124222401
2442310222,51023102,23520023102
2442310321,51023103,23510023103
2442320121,51023201,23510023201
2442320122,51023201,23520023201
2442320221,51023202,23510023202
2442270221,51022702,23510022702
2442270222,51022702,23520022702
2442330122,51023301,23520023301
2442230121,51022301,23510022301
2442230122,51022301,23520022301
2442230222,51022302,23520022302
2442230321,51022303,23510022303
2442230322,51022303,23520022303
2442230421,51022304,23510022304
2442230422,51022304,23520022304
2442540121,51025401,23510025401
2442540122,51025401,23520025401
2442540221,51025402,23510025402
2543220221,45032202,25110032202
2442540222,51025402,23520025402
2442540321,51025403,23510025403
2442540322,51025403,23520025403
2442500121,51025001,23510025001
2442500222,51025002,23520025002
2442500322,51025003,23520025003
2442510921,51025109,23510025109
2442510922,51025109,23520025109
2442510121,51025101,23510025101
3162340821,32123408,32610023408
3162340822,32123408,32620023408
3112000321,32020003,32211020003
2422410133,50024101,23330024101
2412411421,50024114,23210024114
2412411422,50024114,23220024114
2412411521,50024115,23210024115
2412411522,50024115,23220024115
2412411621,50024116,23210024116
2532410111,01024101,23910024101
3162300221,32123002,32610023002
3011104721,37011047,31111111047
2532340211,01023402,23910023402
2532230111,01022301,23910022301
2532300111,01023001,23910023001
2532540111,01025401,23910025401
2532511011,01025110,23910025110
2532230211,01022302,23910022302
2533310111,01033101,23910033101
2533360111,01033601,23910033601
2533360211,01033602,23910033602
2533340411,01033404,23910033404
2533340511,01033405,23910033405
2402330711,50023307,23110023307
2402330811,50023308,23110023308
2402330911,50023309,23110023309
2402331011,50023310,23110023310
2402540111,50025401,23110025401
3113310322,32033103,32221033103
2402232511,50022325,23110022325
2402232611,50022326,23110022326
2402232711,50022327,23110022327
2402232911,50022329,23110022329
2402542011,50025420,23110025420
2429999931,50099999,23310099999
7409999911,58199999,44110099999
7509999911,58299999,46110099999
2532320111,01023201,23910023201
2202530111,42025301,22113125301
2202520611,42025206,22113125206
2532520511,01025205,23910025205
2202520711,42025207,22113125207
2202520511,42025205,22113125205
2202550711,42025507,22113125507
2202550811,42025508,22113125508
2202330311,42023303,22113123303
2203221111,42032211,22113132211
2203221211,42032212,22113132212
2203220411,42032204,22113132204
2202420511,42024205,22113124205
2202430111,42024301,22113124301
2203310111,42033101,22113133101
2202430311,42024303,22113124303
2202340111,42023401,22113123401
2202340211,42023402,22113123402
2202340311,42023403,22113123403
2202420611,42024206,22113124206
2202340511,42023405,22113123405
2203200111,42032001,22113132001
2203340211,42033402,22113133402
2202420711,42024207,22113124207
2413320222,50033202,23220033202
2202340711,42023407,22113123407
2412342321,50023423,23210023423
2412342322,50023423,23220023423
2422342333,50023423,23330023423
2412342421,50023424,23210023424
2412342422,50023424,23220023424
2412342521,50023425,23210023425
2412342522,50023425,23220023425
3102301111,32023011,32111023011
2412310221,50023102,23210023102
2412310222,50023102,23220023102
2322240811,42022408,22124222408
2322330311,42023303,22124223303
2322240311,42022403,22124222403
2322240411,42022404,22124222404
2323220111,42032201,22124232201
2323230111,42032301,22124232301
2323220311,42032203,22124232203
2412230521,50022305,23210022305
2413110122,50031101,23220031101
2412230522,50022305,23220022305
2422230533,50022305,23330022305
2412230621,50022306,23210022306
2412230622,50022306,23220022306
2422230633,50022306,23330022306
2412230721,50022307,23210022307
2412230722,50022307,23220022307
2422230733,50022307,23330022307
2422230933,50022309,23330022309
2422231033,50022310,23330022310
2412232521,50022325,23210022325
2412232522,50022325,23220022325
2412232621,50022326,23210022326
2412232622,50022326,23220022326
2412232722,50022327,23220022327
2412541421,50025414,23210025414
2412541422,50025414,23220025414
2412540222,50025402,23220025402
2422540233,50025402,23330025402
2422540333,50025403,23330025403
2412540421,50025404,23210025404
2422540433,50025404,23330025404
2422540533,50025405,23330025405
2412232921,50022329,23210022329
2412232922,50022329,23220022329
2412540721,50025407,23210025407
3112300421,32023004,32211023004
3112300422,32023004,32221023004
3112300621,32023006,32211023006
3112300622,32023006,32221023006
3112240321,32022403,32211022403
3112240322,32022403,32221022403
3112330321,32023303,32211023303
3112330322,32023303,32221023303
3112420321,32024203,32211024203
3112420322,32024203,32221024203
3113231221,32032312,32211032312
3113231222,32032312,32221032312
3113210321,32032103,32211032103
3113210322,32032103,32221032103
3112410921,32024109,32211024109
3112410922,32024109,32221024109
3163220121,32132201,32610032201
3163220122,32132201,32620032201
3163220221,32132202,32610032202
3163220321,32132203,32610032203
3163220322,32132203,32620032203
2462520521,40025205,23710025205
2462520522,40025205,23720025205
2462510421,40025104,23710025104
2462510422,40025104,23720025104
3112231322,32022313,32221022313
2462510522,40025105,23720025105
2462550121,40025501,23710025501
2462550122,40025501,23720025501
2462500222,40025002,23720025002
2462550221,40025502,23710025502
2462550222,40025502,23720025502
2532510111,01025101,23910025101
2532511411,01025114,23910025114
2532210111,01022101,23910022101
2532340111,01023401,23910023401
2533340111,01033401,23910033401
2533340211,01033402,23910033402
2001000311,47010003,22111110003
2001000411,47010004,22111210004
2112330211,43023302,22122123302
2122330211,43023302,22132123302
2112330111,43023301,22122823301
2122330111,43023301,22132823301
2112540211,43025402,22122125402
2122540111,43025401,22132825401
2112510511,43025105,22122125105
2122510511,43025105,22132125105
2122510111,43025101,22132825101
2112510611,43025106,22122125106
2122510611,43025106,22132125106
2112510411,43025104,22122825104
2112010111,43020101,22122320101
2122010111,43020101,22132320101
2112510711,43025107,22122125107
2122510711,43025107,22132125107
2122510211,43025102,22132825102
2122510311,43025103,22132125103
2112550311,43025503,22122125503
2112550111,43025501,22122825501
2122550111,43025501,22132825501
2112550411,43025504,22122125504
2122550411,43025504,22132125504
2112550211,43025502,22122825502
2122550211,43025502,22132825502
2112200111,43022001,22122122001
2112200411,43022004,22122322004
2122200411,43022004,22132322004
2422310233,50023102,23330023102
2413110421,50031104,23210031104
2413110422,50031104,23220031104
2423110433,50031104,23330031104
2413110121,50031101,23210031101
2423110133,50031101,23330031101
2412310921,50023109,23210023109
2412310922,50023109,23220023109
2413110521,50031105,23210031105
2413110522,50031105,23220031105
2413110622,50031106,23220031106
2413110221,50031102,23210031102
2413110222,50031102,23220031102
2413111121,50031111,23210031111
2412512921,50025129,23210025129
2412512922,50025129,23220025129
2412270222,50022702,23220022702
2422270233,50022702,23330022702
2412270321,50022703,23210022703
2412270322,50022703,23220022703
2413430221,50034302,23210034302
2413430222,50034302,23220034302
3112110822,32021108,32221021108
3112100622,32021006,32221021006
3112120721,32021207,32211021207
3112120722,32021207,32221021207
3112310121,32023101,32211023101
3112310122,32023101,32221023101
3112300121,32023001,32211023001
3112300122,32023001,32221023001
3112310221,32023102,32211023102
2423340631,50033406,23310033406
2423340731,50033407,23310033407
2422212331,50022123,23310022123
3011104821,37011048,31111111048
2423440131,50034401,23310034401
2422513231,50025132,23310025132
2422271131,50022711,23310022711
2423430531,50034305,23310034305
3112310321,32023103,32211023103
2422099931,50020999,23310020999
2422199931,50021999,23310021999
2422299931,50022999,23310022999
2712121321,50321213,23211021213
2513220621,40132206,23C10032206
2422430931,50024309,23310024309
2422431031,50024310,23310024310
2422431131,50024311,23310024311
2422431231,50024312,23310024312
2712121322,50321213,23221021213
2422341031,50023410,23310023410
2422260731,50022607,23310022607
2422340131,50023401,23310023401
2422342131,50023421,23310023421
2422342431,50023424,23310023424
2422342531,50023425,23310023425
2422310931,50023109,23310023109
2423110531,50031105,23310031105
2423110631,50031106,23310031106
2423110231,50031102,23310031102
2423111131,50031111,23310031111
3902409911,36024099,52110024099
3903009911,36030099,52110030099
3903109911,36031099,52110031099
3903209911,36032099,52110032099
3903309911,36033099,52110033099
7512099911,48220999,46210020999
7512199911,48221999,46210021999
7512299911,48222999,46210022999
7512399911,48223999,46210023999
7512499911,48224999,46210024999
2422330833,50023308,23330023308
3713000121,32330001,32212030001
3103130111,32031301,32111031301
3103140411,32031404,32111031404
3103110111,32031101,32111031101
3102340711,32023407,32111023407
3102500311,32025003,32111025003
3102400411,32024004,32111024004
3011104922,37011049,31121111049
3103120311,32031203,32111031203
3103220411,32032204,32111032204
3103120611,32031206,32111031206
3103120711,32031207,32111031207
3103120811,32031208,32111031208
3103210211,32032102,32111032102
3103340811,32033408,32111033408
3103340911,32033409,32111033409
3102000311,32020003,32111020003
3102300611,32023006,32111023006
3102240311,32022403,32111022403
3102330311,32023303,32111023303
3102420311,32024203,32111024203
3103231211,32032312,32111032312
2422551631,50025516,23310025516
2422551731,50025517,23310025517
2422551831,50025518,23310025518
2423230331,50032303,23310032303
2423220631,50032206,23310032206
2423220731,50032207,23310032207
2423220931,50032209,23310032209
2423221031,50032210,23310032210
2423230431,50032304,23310032304
2423221131,50032211,23310032211
2423221231,50032212,23310032212
2423221331,50032213,23310032213
2422330733,50023307,23330023307
2422331033,50023310,23330023310
3011105022,37011050,31121111050
2423121833,50031218,23330031218
2422410932,50024109,23320024109
2422233532,50022335,23320022335
2422423032,50024230,23320024230
2422513132,50025131,23320025131
2422233632,50022336,23320022336
2422342932,50023429,23320023429
2423221732,50032217,23320032217
2933310311,56033103,51111033103
2423221832,50032218,23320032218
2903310411,46033104,51110033104
2422242432,50022424,23320022424
2422242632,50022426,23320022426
2903310511,46033105,51110033105
2422233832,50022338,23320022338
2422512433,50025124,23330025124
2422211033,50022110,23330022110
2422530233,50025302,23330025302
2422530333,50025303,23330025303
2452520511,40025205,23610025205
2452510411,40025104,23610025104
2452550111,40025501,23610025501
2452500211,40025002,23610025002
2452550211,40025502,23610025502
2452550311,40025503,23610025503
2422511432,50025114,23320025114
2422511532,50025115,23320025115
2422511632,50025116,23320025116
2422512032,50025120,23320025120
2422521032,50025210,23320025210
2422512232,50025122,23320025122
2422512432,50025124,23320025124
2542211022,45022110,25120022110
2422211032,50022110,23320022110
2422530232,50025302,23320025302
2472270231,40022702,23810022702
2472330231,40023302,23810023302
2403121811,50031218,23110031218
2472230131,40022301,23810022301
2472540131,40025401,23810025401
2472540231,40025402,23810025402
2472500131,40025001,23810025001
2472510131,40025101,23810025101
2472500431,40025004,23810025004
2472520131,40025201,23810025201
2472520331,40025203,23810025203
2472520431,40025204,23810025204
2472520531,40025205,23810025205
2472510431,40025104,23810025104
2472550131,40025501,23810025501
2472500231,40025002,23810025002
2472550231,40025502,23810025502
2472550331,40025503,23810025503
2473220331,40032203,23810032203
2473220231,40032202,23810032202
2472500331,40025003,23810025003
2472250131,40022501,23810022501
2472210131,40022101,23810022101
2472400131,40024001,23810024001
2472340131,40023401,23810023401
3903409911,36034099,52110034099
1612009941,55020099,24130020099
1612019941,55020199,24130020199
1612109941,55021099,24130021099
1612119941,55021199,24130021199
1612129941,55021299,24130021299
1612139941,55021399,24130021399
1612149941,55021499,24130021499
1612209941,55022099,24130022099
1612219941,55022199,24130022199
1612229941,55022299,24130022299
1612239941,55022399,24130022399
1612259941,55022599,24130022599
1612269941,55022699,24130022699
1612279941,55022799,24130022799
1612319941,55023199,24130023199
1612329941,55023299,24130023299
1612339941,55023399,24130023399
1612349941,55023499,24130023499
1612419941,55024199,24130024199
1612429941,55024299,24130024299
1612439941,55024399,24130024399
1612509941,55025099,24130025099
1612529941,55025299,24130025299
1612539941,55025399,24130025399
1612549941,55025499,24130025499
1612559941,55025599,24130025599
1613109941,55031099,24130031099
1613119941,55031199,24130031199
1613129941,55031299,24130031299
1613149941,55031499,24130031499
2403221111,50032211,23110032211
2403221211,50032212,23110032212
2403221311,50032213,23110032213
2403221411,50032214,23110032214
2423221431,50032214,23310032214
2422260531,50022605,23310022605
2422260631,50022606,23310022606
2423221631,50032216,23310032216
2422250631,50022506,23310022506
1613359943,55033599,24150033599
1613369943,55033699,24150033699
1613409943,55034099,24150034099
1613429943,55034299,24150034299
1613439943,55034399,24150034399
1613449943,55034499,24150034499
1613459943,55034599,24150034599
1612009944,55020099,24160020099
1612019944,55020199,24160020199
1612109944,55021099,24160021099
1612129944,55021299,24160021299
1612139944,55021399,24160021399
1612149944,55021499,24160021499
1612209944,55022099,24160022099
1612229944,55022299,24160022299
1612239944,55022399,24160022399
1612249944,55022499,24160022499
1612259944,55022599,24160022599
1612279944,55022799,24160022799
1612309944,55023099,24160023099
1612319944,55023199,24160023199
1612329944,55023299,24160023299
1612339944,55023399,24160023399
1612349944,55023499,24160023499
1612409944,55024099,24160024099
1612419944,55024199,24160024199
1612429944,55024299,24160024299
1612439944,55024399,24160024399
1612509944,55025099,24160025099
2453220311,40032203,23610032203
2453220211,40032202,23610032202
2452500311,40025003,23610025003
2452250111,40022501,23610022501
2452210111,40022101,23610022101
2472250133,40022501,23830022501
2472210133,40022101,23830022101
2472400133,40024001,23830024001
2472340133,40023401,23830023401
2472340233,40023402,23830023402
2472000133,40020001,23830020001
2472300133,40023001,23830023001
2473240133,40032401,23830032401
2473140133,40031401,23830031401
2473120133,40031201,23830031201
2473110133,40031101,23830031101
1031002111,67010021,21160010021
2473110233,40031102,23830031102
2472420133,40024201,23830024201
2472340333,40023403,23830023403
2472510333,40025103,23830025103
2473210133,40032101,23830032101
2472320233,40023202,23830023202
2473340133,40033401,23830033401
2473430133,40034301,23830034301
2473300133,40033001,23830033001
2472210233,40022102,23830022102
2432510111,51025101,23410025101
2452120111,40021201,23610021201
2452320111,40023201,23610023201
2452330111,40023301,23610023301
2472330133,40023301,23830023301
2722340121,51323401,23511023401
2722340122,51323401,23521023401
2722340221,51323402,23511023402
2472340231,40023402,23810023402
2472300131,40023001,23810023001
2473240131,40032401,23810032401
2473140131,40031401,23810031401
2473110131,40031101,23810031101
3103342511,32033425,32111033425
2473110231,40031102,23810031102
2472420131,40024201,23810024201
2472340331,40023403,23810023403
2472510331,40025103,23810025103
2473210131,40032101,23810032101
2472320231,40023202,23810023202
2473230131,40032301,23810032301
2422511932,50025119,23320025119
2422231131,50022311,23310022311
2422231132,50022311,23320022311
2422512131,50025121,23310025121
2422512132,50025121,23320025121
2422510331,50025103,23310025103
2543120221,45031202,25110031202
2422510431,50025104,23310025104
2422510432,50025104,23320025104
2402099911,50020999,23110020999
2402199911,50021999,23110021999
2402299911,50022999,23110022999
2402399911,50023999,23110023999
2402499911,50024999,23110024999
2402599911,50025999,23110025999
2422510531,50025105,23310025105
2422510532,50025105,23320025105
2422510631,50025106,23310025106
3113131322,32031313,32221031313
2422510632,50025106,23320025106
2422512531,50025125,23310025125
2422512532,50025125,23320025125
2403199911,50031999,23110031999
2403299911,50032999,23110032999
2403399911,50033999,23110033999
2402260411,50022604,23110022604
2402260611,50022606,23110022606
2422410231,50024102,23310024102
2403221611,50032216,23110032216
2422420231,50024202,23310024202
2422420232,50024202,23320024202
2422420331,50024203,23310024203
2402250611,50022506,23110022506
2422421631,50024216,23310024216
2422421632,50024216,23320024216
2422420431,50024204,23310024204
2422420432,50024204,23320024204
2422410331,50024103,23310024103
2422410332,50024103,23320024103
2422410432,50024104,23320024104
2422410531,50024105,23310024105
2422410532,50024105,23320024105
2422410631,50024106,23310024106
2422410632,50024106,23320024106
2422421931,50024219,23310024219
2422421932,50024219,23320024219
2422422431,50024224,23310024224
2422422432,50024224,23320024224
2422410731,50024107,23310024107
2422410732,50024107,23320024107
2422420831,50024208,23310024208
2422420931,50024209,23310024209
2422420932,50024209,23320024209
2422421031,50024210,23310024210
2422421032,50024210,23320024210
2422430531,50024305,23310024305
2422430532,50024305,23320024305
2422430631,50024306,23310024306
2422430632,50024306,23320024306
2542520221,45025202,25110025202
2542510121,45025101,25110025101
2542510221,45025102,25110025102
1612519944,55025199,24160025199
1612529944,55025299,24160025299
1612539944,55025399,24160025399
1612549944,55025499,24160025499
1613009944,55030099,24160030099
2403440211,50034402,23110034402
1613109944,55031099,24160031099
1613119944,55031199,24160031199
2402551411,50025514,23110025514
2402551511,50025515,23110025515
2402500511,50025005,23110025005
2402551611,50025516,23110025516
2402551711,50025517,23110025517
2402551811,50025518,23110025518
2402241511,50022415,23110022415
2402241611,50022416,23110022416
2402241711,50022417,23110022417
2422340331,50023403,23310023403
2402241811,50022418,23110022418
2422212233,50022122,23330022122
2423340533,50033405,23330033405
2423340733,50033407,23330033407
2422212333,50022123,23330022123
3722211199,36322111,33200022111
2422271133,50022711,23330022711
2422513233,50025132,23330025132
3722100499,36321004,33200021004
2422231431,50022314,23310022314
2402242011,50022420,23110022420
2423430533,50034305,23330034305
2503220811,40132208,23B10032208
2422199933,50021999,23330021999
2422299933,50022999,23330022999
2722340222,51323402,23521023402
2723240121,51332401,23511032401
2723240122,51332401,23521032401
2723300121,51333001,23511033001
2723300122,51333001,23521033001
2723350121,51333501,23511033501
2723350122,51333501,23521033501
2712100521,50321005,23211021005
2712100522,50321005,23221021005
2712100621,50321006,23211021006
2712100622,50321006,23221021006
2712100721,50321007,23211021007
2712100722,50321007,23221021007
2712100821,50321008,23211021008
2712100822,50321008,23221021008
2712111222,50321112,23221021112
2712111321,50321113,23211021113
2712111322,50321113,23221021113
2712111421,50321114,23211021114
2712111521,50321115,23211021115
2712111522,50321115,23221021115
2712111621,50321116,23211021116
2712111622,50321116,23221021116
2712111722,50321117,23221021117
2712111821,50321118,23211021118
2712111822,50321118,23221021118
2712111921,50321119,23211021119
2712112021,50321120,23211021120
2712112022,50321120,23221021120
2513220821,40132208,23C10032208
2712112121,50321121,23211021121
2712112122,50321121,23221021121
2712112222,50321122,23221021122
2712112321,50321123,23211021123
2712112322,50321123,23221021123
2712112422,50321124,23221021124
2712112521,50321125,23211021125
2402520211,50025202,23110025202
2422530131,50025301,23310025301
3102110111,32021101,32111021101
3102120111,32021201,32111021201
3102130111,32021301,32111021301
3102110411,32021104,32111021104
3102110511,32021105,32111021105
3102110911,32021109,32111021109
2422510731,50025107,23310025107
2422500332,50025003,23320025003
2422342433,50023424,23330023424
2422342533,50023425,23330023425
2423230131,50032301,23310032301
2513220822,40132208,23C20032208
2422310933,50023109,23330023109
3102551311,32025513,32111025513
2423499933,50034999,23330034999
2423440233,50034402,23330034402
2402110111,50021101,23110021101
2403110311,50031103,23110031103
2402320411,50023204,23110023204
2402320511,50023205,23110023205
2402320611,50023206,23110023206
2402310511,50023105,23110023105
2402311011,50023110,23110023110
2402310711,50023107,23110023107
2402311111,50023111,23110023111
2402270411,50022704,23110022704
2402320811,50023208,23110023208
2402321011,50023210,23110023210
2402240711,50022407,23110022407
2403360111,50033601,23110033601
2402330511,50023305,23110023305
2402270511,50022705,23110022705
2402270611,50022706,23110022706
3113231822,32032318,32221032318
2403360811,50033608,23110033608
2403340111,50033401,23110033401
2402321111,50023211,23110023211
2542510321,45025103,25110025103
2542320221,45023202,25110023202
2542310121,45023101,25110023101
2543120321,45031203,25110031203
3722100599,36321005,33200021005
2542320421,45023204,25110023204
2542240121,45022401,25110022401
2542320721,45023207,25110023207
2542330321,45023303,25110023303
2542270121,45022701,25110022701
2542270221,45022702,25110022702
2542330521,45023305,25110023305
2542230121,45022301,25110022301
2542340421,45023404,25110023404
2542340521,45023405,25110023405
2802113099,50321130,23I01021130
2542240221,45022402,25110022402
2543120121,45031201,25110031201
2543230121,45032301,25110032301
2543230221,45032302,25110032302
2543230321,45032303,25110032303
2543230421,45032304,25110032304
2542200121,45022001,25110022001
2542220121,45022201,25110022201
2542210221,45022102,25110022102
2542210321,45022103,25110022103
2542421421,45024214,25110024214
2542410221,45024102,25110024102
2542510421,45025104,25110025104
2542510621,45025106,25110025106
2542520321,45025203,25110025203
2542270321,45022703,25110022703
2542510721,45025107,25110025107
2543110121,45031101,25110031101
3722110699,36321106,33200021106
2422512931,50025129,23310025129
2422399933,50023999,23330023999
2422231531,50022315,23310022315
2422599933,50025999,23330025999
2423199933,50031999,23330031999
2423299933,50032999,23330032999
2423399933,50033999,23330033999
2403340411,50033404,23110033404
2402212211,50022122,23110022122
2422340431,50023404,23310023404
7513299911,48232999,46210032999
7513399911,48233999,46210033999
7513499911,48234999,46210034999
7522199911,38221999,46310021999
7522299911,38222999,46310022999
7522399911,38223999,46310023999
7522499911,38224999,46310024999
7523199911,38231999,46310031999
7523299911,38232999,46310032999
7523399911,38233999,46310033999
7523499911,38234999,46310034999
2543310221,45033102,25110033102
2543360121,45033601,25110033601
2543360221,45033602,25110033602
2543360321,45033603,25110033603
2543340121,45033401,25110033401
2543340321,45033403,25110033403
2543340221,45033402,25110033402
2543350121,45033501,25110033501
2549999921,45099999,25110099999
2543130321,45031303,25110031303
2543130421,45031304,25110031304
2543110221,45031102,25110031102
2402520311,50025203,23110025203
2402520411,50025204,23110025204
2402511911,50025119,23110025119
2402420611,50024206,23110024206
2402231111,50022311,23110022311
2402512111,50025121,23110025121
2402420711,50024207,23110024207
2402210111,50022101,23110022101
2543130121,45031301,25110031301
3722140199,36321401,33200021401
2402422711,50024227,23110024227
2402512511,50025125,23110025125
2402422811,50024228,23110024228
2402421411,50024214,23110024214
2402421511,50024215,23110024215
2402430711,50024307,23110024307
2402430811,50024308,23110024308
2402430911,50024309,23110024309
2402500311,50025003,23110025003
2403310211,50033102,23110033102
2402431011,50024310,23110024310
2402550711,50025507,23110025507
2402550211,50025502,23110025502
2402431111,50024311,23110024311
2402551111,50025511,23110025511
2402431211,50024312,23110024312
3722100799,36321007,33200021007
2402341011,50023410,23110023410
4102420121,24024201,32810024201
2402550311,50025503,23110025503
3102111011,32021110,32111021110
3102520111,32025201,32111025201
2402241211,50022412,23110022412
2402240411,50022404,23110022404
2402241311,50022413,23110022413
2402241411,50022414,23110022414
3102100211,32021002,32111021002
2402270711,50022707,23110022707
2403340211,50033402,23110033402
4102300121,24023001,32810023001
4102300122,24023001,32820023001
2463300121,40033001,23710033001
2463300122,40033001,23720033001
2462210222,40022102,23720022102
2512231121,40122311,23C10022311
2512231122,40122311,23C20022311
2512231421,40122314,23C10022314
2512231422,40122314,23C20022314
2512340121,40123401,23C10023401
2512340122,40123401,23C20023401
2422542632,50025426,23320025426
2422512732,50025127,23320025127
2402341111,50023411,23110023411
2422550432,50025504,23320025504
2423230232,50032302,23320032302
2422550832,50025508,23320025508
2422550932,50025509,23320025509
2422551532,50025515,23320025515
2422500532,50025005,23320025005
2422551632,50025516,23320025516
2422551832,50025518,23320025518
3722110499,36321104,33200021104
3722210499,36322104,33200022104
2422321132,50023211,23320023211
2422270732,50022707,23320022707
3722130299,36321302,33200021302
2422330732,50023307,23320023307
2422330832,50023308,23320023308
2422330932,50023309,23320023309
2422331032,50023310,23320023310
2422540132,50025401,23320025401
2422232532,50022325,23320022325
2423430231,50034302,23310034302
2423130331,50031303,23310031303
2423130431,50031304,23310031304
2423130531,50031305,23310031305
2423130631,50031306,23310031306
2423120331,50031203,23310031203
2423230332,50032303,23320032303
2423220732,50032207,23320032207
2423220932,50032209,23320032209
2423221032,50032210,23320032210
2423230432,50032304,23320032304
2423230532,50032305,23320032305
2423221132,50032211,23320032211
2423221332,50032213,23320032213
2423221432,50032214,23320032214
2422260432,50022604,23320022604
2422260532,50022605,23320022605
2423221632,50032216,23320032216
3722210199,36322101,33200022101
3722100699,36321006,33200021006
2422250632,50022506,23320022506
2422250732,50022507,23320022507
2423340432,50033404,23320033404
2422250832,50022508,23320022508
3722120599,36321205,33200021205
2422211332,50022113,23320022113
2422211432,50022114,23320022114
2422211532,50022115,23320022115
2422211632,50022116,23320022116
2422250831,50022508,23310022508
2422211131,50022111,23310022111
2422212431,50022124,23310022124
2422211331,50022113,23310022113
2422211431,50022114,23310022114
2422211531,50022115,23310022115
2422211631,50022116,23310022116
1613159941,55031599,24130031599
2543110321,45031103,25110031103
3102010611,32020106,32111020106
3103120511,32031205,32111031205
3103230611,32032306,32111032306
3103230711,32032307,32111032307
3103230811,32032308,32111032308
3103230911,32032309,32111032309
3103231011,32032310,32111032310
3103231111,32032311,32111032311
3103220111,32032201,32111032201
3103220211,32032202,32111032202
2422250731,50022507,23310022507
2422520731,50025207,23310025207
2422520831,50025208,23310025208
2422520931,50025209,23310025209
2422200331,50022003,23310022003
2422511131,50025111,23310025111
2422511431,50025114,23310025114
2422511531,50025115,23310025115
2422511631,50025116,23310025116
2472210231,40022102,23810022102
2422511831,50025118,23310025118
2422512031,50025120,23310025120
2422521031,50025210,23310025210
2422512231,50025122,23310025122
2502330211,40123302,23B10023302
2512330222,40123302,23C20023302
2422512431,50025124,23310025124
2502330311,40123303,23B10023303
2422211031,50022110,23310022110
2422530331,50025303,23310025303
2422542631,50025426,23310025426
2422512731,50025127,23310025127
2422550431,50025504,23310025504
2423230231,50032302,23310032302
2422550931,50025509,23310025509
2422551431,50025514,23310025514
2422551531,50025515,23310025515
2432110111,51021101,23410021101
2422542633,50025426,23330025426
2422512733,50025127,23330025127
2422550433,50025504,23330025504
2423230233,50032302,23330032302
2422550833,50025508,23330025508
2422550933,50025509,23330025509
2422551433,50025514,23330025514
2422551533,50025515,23330025515
2422500533,50025005,23330025005
2422551633,50025516,23330025516
2422551733,50025517,23330025517
2422551833,50025518,23330025518
2422241533,50022415,23330022415
2422241733,50022417,23330022417
2422241833,50022418,23330022418
2423230333,50032303,23330032303
2423220733,50032207,23330032207
2422212232,50022122,23320022122
2423340532,50033405,23320033405
2423340632,50033406,23320033406
2512330221,40123302,23C10023302
2422212332,50022123,23320022123
3723120199,36331201,33200031201
2423440132,50034401,23320034401
2422271132,50022711,23320022711
2132100511,43321005,22122921005
3723120299,36331202,33200031202
2423430532,50034305,23320034305
3722121199,36321211,33200021211
3722110599,36321105,33200021105
2422099932,50020999,23320020999
2422199932,50021999,23320021999
2422399932,50023999,23320023999
2422499932,50024999,23320024999
2422232632,50022326,23320022326
2422232732,50022327,23320022327
2422541432,50025414,23320025414
2422232932,50022329,23320022329
3722110399,36321103,33200021103
2422542032,50025420,23320025420
2422542332,50025423,23320025423
2422541132,50025411,23320025411
2422520532,50025205,23320025205
2422520632,50025206,23320025206
2422520832,50025208,23320025208
2422520932,50025209,23320025209
2422200332,50022003,23320022003
2422511132,50025111,23320025111
2422233731,50022337,23310022337
2473340131,40033401,23810033401
2473430131,40034301,23810034301
2473300131,40033001,23810033001
3923320531,36033205,52110033205
2472120132,40021201,23820021201
2472310132,40023101,23820023101
2472320132,40023201,23820023201
2472270132,40022701,23820022701
2472270232,40022702,23820022702
2472330232,40023302,23820023302
2472230132,40022301,23820022301
2472540232,40025402,23820025402
2472500132,40025001,23820025001
2472510132,40025101,23820025101
2472500432,40025004,23820025004
2472520232,40025202,23820025202
2472520332,40025203,23820025203
2472520432,40025204,23820025204
2472520532,40025205,23820025205
1613209941,55032099,24130032099
1613219941,55032199,24130032199
1613239941,55032399,24130032399
1613249941,55032499,24130032499
1613259941,55032599,24130032599
1613269941,55032699,24130032699
1613319941,55033199,24130033199
1613329941,55033299,24130033299
1613339941,55033399,24130033399
1613349941,55033499,24130033499
1613359941,55033599,24130033599
2423320233,50033202,23330033202
1613369941,55033699,24130033699
1613409941,55034099,24130034099
2423130633,50031306,23330031306
1613419941,55034199,24130034199
1613429941,55034299,24130034299
1613439941,55034399,24130034399
1613449941,55034499,24130034499
1613459941,55034599,24130034599
1613469941,55034699,24130034699
1612019942,55020199,24140020199
1612109942,55021099,24140021099
1612119942,55021199,24140021199
1612129942,55021299,24140021299
1612149942,55021499,24140021499
1612209942,55022099,24140022099
1612219942,55022199,24140022199
1612239942,55022399,24140022399
1612249942,55022499,24140022499
1612259942,55022599,24140022599
1612269942,55022699,24140022699
1612309942,55023099,24140023099
1612319942,55023199,24140023199
1612329942,55023299,24140023299
1612339942,55023399,24140023399
1612409942,55024099,24140024099
2422410831,50024108,23310024108
2432120111,51021201,23410021201
2432310211,51023102,23410023102
2432310311,51023103,23410023103
2432320111,51023201,23410023201
2432320211,51023202,23410023202
2432330111,51023301,23410023301
2432230411,51022304,23410022304
2432540111,51025401,23410025401
2432540311,51025403,23410025403
2432510911,51025109,23410025109
2432520211,51025202,23410025202
2432510211,51025102,23410025102
1613129944,55031299,24160031299
1613149944,55031499,24160031499
1613159944,55031599,24160031599
1613209944,55032099,24160032099
1613219944,55032199,24160032199
1613239944,55032399,24160032399
1613249944,55032499,24160032499
1613259944,55032599,24160032599
1613309944,55033099,24160033099
1613319944,55033199,24160033199
1613329944,55033299,24160033299
1613339944,55033399,24160033399
1613359944,55033599,24160033599
1613369944,55033699,24160033699
1613409944,55034099,24160034099
1613419944,55034199,24160034199
1613439944,55034399,24160034399
1613449944,55034499,24160034499
1613459944,55034599,24160034599
1613469944,55034699,24160034699
7421099911,38110999,44310010999
7401099911,58110999,44110010999
7431099911,48110999,44410010999
7511099911,48210999,46210010999
2422599932,50025999,23320025999
2472270133,40022701,23830022701
2472270233,40022702,23830022702
2472330233,40023302,23830023302
2472540133,40025401,23830025401
2472540233,40025402,23830025402
2011301111,47013011,22121813011
2472500133,40025001,23830025001
2472510133,40025101,23830025101
3102220111,32022201,32111022201
2472500433,40025004,23830025004
2472520233,40025202,23830025202
2472520333,40025203,23830025203
2472520433,40025204,23830025204
2472510433,40025104,23830025104
2472510533,40025105,23830025105
2472550133,40025501,23830025501
2472500233,40025002,23830025002
2472550333,40025503,23830025503
2472240133,40022401,23830022401
2473220333,40032203,23830032203
2473220233,40032202,23830032202
2472500333,40025003,23830025003
2472220133,40022201,23830022201
2422240731,50022407,23310022407
2422330431,50023304,23310023304
2422330531,50023305,23310023305
2422270531,50022705,23310022705
2422270631,50022706,23310022706
2422321131,50023211,23310023211
2422270731,50022707,23310022707
2712121921,50321219,23211021219
3722120899,36321208,33200021208
2422330731,50023307,23310023307
2422330831,50023308,23310023308
2422330931,50023309,23310023309
2422331031,50023310,23310023310
2422540131,50025401,23310025401
2422232631,50022326,23310022326
2472510532,40025105,23820025105
2472550132,40025501,23820025501
2472500232,40025002,23820025002
2472550332,40025503,23820025503
2472240132,40022401,23820022401
2473220332,40032203,23820032203
2473220232,40032202,23820032202
2472220132,40022201,23820022201
2472250132,40022501,23820022501
2472210132,40022101,23820022101
2472400132,40024001,23820024001
2472340232,40023402,23820023402
2472000132,40020001,23820020001
2472300132,40023001,23820023001
2473240132,40032401,23820032401
2473140132,40031401,23820031401
2473120132,40031201,23820031201
2473110132,40031101,23820031101
2422550731,50025507,23310025507
2422550732,50025507,23320025507
2422550231,50025502,23310025502
2423110533,50031105,23330031105
2423110633,50031106,23330031106
2422551131,50025511,23310025511
2422551132,50025511,23320025511
2423111133,50031111,23330031111
2422512933,50025129,23330025129
2423430233,50034302,23330034302
2423130333,50031303,23330031303
2422550331,50025503,23310025503
2422550332,50025503,23320025503
2423130433,50031304,23330031304
2423240333,50032403,23330032403
2423130533,50031305,23330031305
2423130233,50031302,23330031302
2422410832,50024108,23320024108
2422421131,50024211,23310024211
2422421231,50024212,23310024212
2422421232,50024212,23320024212
2422421331,50024213,23310024213
2422421332,50024213,23320024213
2422430731,50024307,23310024307
2422430131,50024301,23310024301
2422430132,50024301,23320024301
2423310231,50033102,23310033102
2423310232,50033102,23320033102
2422430232,50024302,23320024302
2422430331,50024303,23310024303
2422430332,50024303,23320024303
2422430431,50024304,23310024304
2422340931,50023409,23310023409
2422340932,50023409,23320023409
2422500631,50025006,23310025006
2422342231,50023422,23310023422
2422342232,50023422,23320023422
2422260831,50022608,23310022608
2422260832,50022608,23320022608
2422342331,50023423,23310023423
2422342332,50023423,23320023423
2422310231,50023102,23310023102
2422310232,50023102,23320023102
2423110431,50031104,23310031104
2423110432,50031104,23320031104
2423110131,50031101,23310031101
2423110132,50031101,23320031101
2422270131,50022701,23310022701
2422270231,50022702,23310022702
2422270232,50022702,23320022702
2422270331,50022703,23310022703
2422270332,50022703,23320022703
7501099911,58210999,46110010999
7024150111,59941501,41310041501
2462530121,40025301,23710025301
2452530111,40025301,23610025301
2472530131,40025301,23810025301
2472530132,40025301,23820025301
2712123121,50321231,23211021231
2422340532,50023405,23320023405
2422340632,50023406,23320023406
2422235231,50022352,23310022352
2422235232,50022352,23320022352
2403340511,50033405,23110033405
2403340611,50033406,23110033406
2403340711,50033407,23110033407
3113342221,32033422,32211033422
2402212311,50022123,23110022123
2403440111,50034401,23110034401
2402271111,50022711,23110022711
2402513211,50025132,23110025132
2403222111,50032221,23110032221
2422231631,50022316,23310022316
2422340732,50023407,23320023407
2422231732,50022317,23320022317
2403222311,50032223,23110032223
2403350111,50033501,23110033501
3011102122,37011021,31121111021
2403222011,50032220,23110032220
3011102722,37011027,31121111027
3011102822,37011028,31121111028
3011102922,37011029,31121111029
3011103022,37011030,31121111030
3011102322,37011023,31121111023
2021301111,47013011,22131813011
3011102222,37011022,31121111022
2403430511,50034305,23110034305
2423310331,50033103,23310033103
2423310332,50033103,23320033103
2422232731,50022327,23310022327
2422541431,50025414,23310025414
2712112522,50321125,23221021125
2712112621,50321126,23211021126
2712112622,50321126,23221021126
2712112721,50321127,23211021127
2542510422,45025104,25120025104
2712112722,50321127,23221021127
2712112821,50321128,23211021128
2712112822,50321128,23221021128
2712121421,50321214,23211021214
2712121422,50321214,23221021214
2712121521,50321215,23211021215
2712121522,50321215,23221021215
2712121621,50321216,23211021216
2712121622,50321216,23221021216
2712121721,50321217,23211021217
2712121722,50321217,23221021217
2712121821,50321218,23211021218
2712121822,50321218,23221021218
2712121922,50321219,23221021219
2712122021,50321220,23211021220
2712122022,50321220,23221021220
2712122121,50321221,23211021221
2712122122,50321221,23221021221
2712122222,50321222,23221021222
2712122321,50321223,23211021223
2712122322,50321223,23221021223
2712122421,50321224,23211021224
2712122521,50321225,23211021225
2712122522,50321225,23221021225
2712122621,50321226,23211021226
2712122622,50321226,23221021226
2712122722,50321227,23221021227
2712122821,50321228,23211021228
2422240131,50022401,23310022401
2422240132,50022401,23320022401
2422240231,50022402,23310022402
2422240232,50022402,23320022402
2422240331,50022403,23310022403
2422240332,50022403,23320022403
2542510522,45025105,25120025105
2422241231,50022412,23310022412
2422241232,50022412,23320022412
2543120621,45031206,25110031206
2422240431,50022404,23310022404
2422240432,50022404,23320022404
2422241331,50022413,23310022413
2422241332,50022413,23320022413
2422241431,50022414,23310022414
2422241432,50022414,23320022414
2422240532,50022405,23320022405
2422241531,50022415,23310022415
2422241532,50022415,23320022415
2422241631,50022416,23310022416
2422241731,50022417,23310022417
2422241732,50022417,23320022417
2412271121,50022711,23210022711
2412271122,50022711,23220022711
2412513222,50025132,23220025132
2542330122,45023301,25120023301
2532210411,01022104,23910022104
2413430521,50034305,23210034305
2413430522,50034305,23220034305
2462500521,40025005,23710025005
2542550121,45025501,25110025501
2542550321,45025503,25110025503
2542550421,45025504,25110025504
2542551121,45025511,25110025511
2542230221,45022302,25110022302
2542230621,45022306,25110022306
2542340121,45023401,25110023401
2542310321,45023103,25110023103
2542510821,45025108,25110025108
2543130521,45031305,25110031305
2542420421,45024204,25110024204
2542420521,45024205,25110024205
2542420621,45024206,25110024206
2542210421,45022104,25110022104
2542400121,45024001,25110024001
2542410521,45024105,25110024105
2542420121,45024201,25110024201
2512421021,40124210,23C10024210
2542420221,45024202,25110024202
2542420321,45024203,25110024203
2542550621,45025506,25110025506
2542551221,45025512,25110025512
3112500421,32025004,32211025004
2542400521,45024005,25110024005
2542270421,45022704,25110022704
2542270521,45022705,25110022705
3112000521,32020005,32211020005
3112000522,32020005,32221020005
2712210721,50322107,23211022107
2712210722,50322107,23221022107
2712123122,50321231,23221021231
3113140522,32031405,32221031405
3113240522,32032405,32221032405
3112340921,32023409,32211023409
2422235233,50022352,23330022352
2423360231,50033602,23310033602
2423360731,50033607,23310033607
2423360831,50033608,23310033608
2423360832,50033608,23320033608
2423360932,50033609,23320033609
2423340131,50033401,23310033401
2423340132,50033401,23320033401
2422343433,50023434,23330023434
2422235533,50022355,23330022355
2142100511,43321005,22132921005
3103310211,32033102,32111033102
3102220211,32022202,32111022202
3102210211,32022102,32111022102
3102250211,32022502,32111022502
3102100711,32021007,32111021007
3102410511,32024105,32111024105
3102410611,32024106,32111024106
3112220421,32022204,32211022204
3102410711,32024107,32111024107
3102400211,32024002,32111024002
2423221833,50032218,23330032218
2422242333,50022423,23330022423
2422242633,50022426,23330022426
2422233833,50022338,23330022338
2443120321,51031203,23510031203
3113360121,32033601,32211033601
3113360122,32033601,32221033601
3113430221,32034302,32211034302
3183341011,32033410,32311033410
3113341222,32033412,32221033412
3113341322,32033413,32221033413
3183320111,32033201,32333033201
3123320132,32033201,32321033201
3123320133,32033201,32331033201
3113320221,32033202,32211033202
3113320222,32033202,32221033202
3113210121,32032101,32211032101
3113210122,32032101,32221032101
3133310733,32233107,32332033107
3102199911,32021999,32111021999
3102399911,32023999,32111023999
3102299911,32022999,32111022999
3102599911,32025999,32111025999
3103299911,32032999,32111032999
3102499911,32024999,32111024999
3113341422,32033414,32221033414
3113341522,32033415,32221033415
3103199911,32031999,32111031999
3103399911,32033999,32111033999
3102099911,32020999,32111020999
3103499911,32034999,32111034999
3109999911,32099999,32111099999
2011000111,47010001,22121810001
2021000111,47010001,22131810001
2011300111,47013001,22121213001
2021300111,47013001,22131213001
2011301011,47013010,22121813010
2021301011,47013010,22131813010
2011300211,47013002,22121213002
2011300311,47013003,22121213003
2542320422,45023204,25120023204
2542320722,45023207,25120023207
2542330322,45023303,25120023303
2542270122,45022701,25120022701
2542270222,45022702,25120022702
2542330522,45023305,25120023305
2542340422,45023404,25120023404
2542340522,45023405,25120023405
2802101099,50321010,23I01021010
2542270722,45022707,25120022707
2542500122,45025001,25120025001
3113130321,32031303,32211031303
3113130322,32031303,32221031303
3112000421,32020004,32211020004
3112000422,32020004,32221020004
2542210322,45022103,25120022103
2542410222,45024102,25120024102
2422233831,50022338,23310022338
2502330411,40123304,23B10023304
2512330421,40123304,23C10023304
2542421622,45024216,25120024216
2512330422,40123304,23C20023304
2423221931,50032219,23310032219
2422234431,50022344,23310022344
2422234531,50022345,23310022345
2422234631,50022346,23310022346
2422234731,50022347,23310022347
2422234831,50022348,23310022348
3112340922,32023409,32221023409
2422211731,50022117,23310022117
2422211831,50022118,23310022118
2422211931,50022119,23310022119
2422210931,50022109,23310022109
2422411431,50024114,23310024114
2422411531,50024115,23310024115
2422411631,50024116,23310024116
2422412231,50024122,23310024122
2422400231,50024002,23310024002
2422420531,50024205,23310024205
2422420631,50024206,23310024206
2422420731,50024207,23310024207
2422422631,50024226,23310024226
2422422731,50024227,23310024227
2422422831,50024228,23310024228
2422421431,50024214,23310024214
2422421531,50024215,23310024215
4102420122,24024201,32820024201
1123099911,63030999,21320030999
1133099911,64030999,21330030999
1613099941,55030999,24130030999
1613099943,55030999,24150030999
1613099944,55030999,24160030999
7003099911,58330999,41110030999
7403099911,58130999,44110030999
7423099911,38130999,44310030999
7433099911,48130999,44410030999
7503099911,58230999,46110030999
7513099911,48230999,46210030999
3112300721,32023007,32211023007
3113200121,32032001,32211032001
1001001311,67010013,21110010013
1101000522,61010005,21220010005
3103360111,32033601,32111033601
3103430211,32034302,32111034302
2752130399,45321303,25100021303
2752100699,45321006,25100021006
2752100799,45321007,25100021007
2752120499,45321204,25100021204
2423221933,50032219,23330032219
2752100399,45321003,25100021003
2422234433,50022344,23330022344
2422234533,50022345,23330022345
2422234633,50022346,23330022346
2422234733,50022347,23330022347
2422234833,50022348,23330022348
3112330421,32023304,32211023304
2432510311,51025103,23410025103
2432510811,51025108,23410025108
2432010111,51020101,23410020101
3113450122,32034501,32221034501
2242140111,42321401,22133221401
2433230111,51032301,23410032301
2432550211,51025502,23410025502
2432550311,51025503,23410025503
2432550411,51025504,23410025504
2433220111,51032201,23410032201
2433220211,51032202,23410032202
2432260111,51022601,23410022601
2433430111,51034301,23410034301
2432250111,51022501,23410022501
2432240111,51022401,23410022401
2432220111,51022201,23410022201
2432210411,51022104,23410022104
2432410511,51024105,23410024105
2432400111,51024001,23410024001
2432420111,51024201,23410024201
2432340111,51023401,23410023401
2021300311,47013003,22131213003
2011301311,47013013,22121813013
2403320211,50033202,23110033202
2402235211,50022352,23110022352
2422320131,50023201,23310023201
2422310131,50023101,23310023101
2422310132,50023101,23320023101
2752120199,45321201,25100021201
2422320231,50023202,23310023202
2422320232,50023202,23320023202
2402343411,50023434,23110023434
2402235511,50022355,23110022355
2402235411,50022354,23110022354
3923320532,36033205,52120033205
2403310311,50033103,23110033103
2403310411,50033104,23110033104
2422320731,50023207,23310023207
2422320732,50023207,23320023207
2422310631,50023106,23310023106
2403360411,50033604,23110033604
2403360611,50033606,23110033606
2402421611,50024216,23110024216
2402242411,50022424,23110022424
2402242611,50022426,23110022426
2422320931,50023209,23310023209
2422320932,50023209,23320023209
3102521811,32025218,32111025218
2402233711,50022337,23110022337
2402233811,50022338,23110022338
2422320332,50023203,23320023203
2752210299,45322102,25100022102
2422343431,50023434,23310023434
2423120431,50031204,23310031204
2423120731,50031207,23310031207
2423120831,50031208,23310031208
2423120931,50031209,23310031209
2423121031,50031210,23310031210
2423121131,50031211,23310031211
2423110831,50031108,23310031108
2402234311,50022343,23110022343
2402234011,50022340,23110022340
2402234111,50022341,23110022341
2402233911,50022339,23110022339
2423111031,50031110,23310031110
2423121231,50031212,23310031212
2422410931,50024109,23310024109
2422233531,50022335,23310022335
2422423031,50024230,23310024230
2422513131,50025131,23310025131
3923320533,36033205,52130033205
2473110232,40031102,23820031102
2472420132,40024201,23820024201
2423130532,50031305,23320031305
2472340332,40023403,23820023403
2472510332,40025103,23820025103
2473210132,40032101,23820032101
2472320232,40023202,23820023202
2473230132,40032301,23820032301
2473340132,40033401,23820033401
2473430132,40034301,23820034301
2472210232,40022102,23820022102
2473300132,40033001,23820033001
3103341411,32033414,32111033414
1612419942,55024199,24140024199
1612429942,55024299,24140024299
1612439942,55024399,24140024399
1612519942,55025199,24140025199
1612529942,55025299,24140025299
1612539942,55025399,24140025399
1612559942,55025599,24140025599
1613009942,55030099,24140030099
1613109942,55031099,24140031099
1613119942,55031199,24140031199
3103341511,32033415,32111033415
1613139942,55031399,24140031399
1613149942,55031499,24140031499
1613159942,55031599,24140031599
1613209942,55032099,24140032099
1613219942,55032199,24140032199
1613229942,55032299,24140032299
1613239942,55032399,24140032399
1613249942,55032499,24140032499
1613259942,55032599,24140032599
1613269942,55032699,24140032699
1613309942,55033099,24140033099
1613319942,55033199,24140033199
1613329942,55033299,24140033299
1613339942,55033399,24140033399
1613359942,55033599,24140033599
1613369942,55033699,24140033699
1613409942,55034099,24140034099
1613419942,55034199,24140034199
1613439942,55034399,24140034399
1613449942,55034499,24140034499
1613459942,55034599,24140034599
1613469942,55034699,24140034699
1612019943,55020199,24150020199
1612109943,55021099,24150021099
3153231511,32132315,32510032315
2433110111,51031101,23410031101
2432220211,51022202,23410022202
2433240211,51032402,23410032402
2433100311,51031003,23410031003
2433120111,51031201,23410031201
2433110211,51031102,23410031102
2433120211,51031202,23410031202
2433110311,51031103,23410031103
2433120311,51031203,23410031203
2433300211,51033002,23410033002
2433340211,51033402,23410033402
3103450111,32034501,32111034501
3153220211,32132202,32510032202
3153220311,32132203,32510032203
3153230111,32132301,32510032301
2322240711,42022407,22124222407
3112010721,32020107,32211020107
3112010722,32020107,32221020107
3102010711,32020107,32111020107
3113200122,32032001,32221032001
3102500411,32025004,32111025004
3112500422,32025004,32221025004
4103220121,24032201,32810032201
4103220221,24032202,32810032202
3163231521,32132315,32610032315
3163231522,32132315,32620032315
2543120522,45031205,25120031205
2413310521,50033105,23210033105
2413310522,50033105,23220033105
2403221911,50032219,23110032219
2233240111,42332401,22123232401
2233340111,42333401,22123233401
2242100111,42321001,22133221001
2242100311,42321003,22133221003
2242100411,42321004,22133221004
2402423111,50024231,23110024231
2242110111,42321101,22133221101
2242110211,42321102,22133221102
2242110311,42321103,22133221103
2242110411,42321104,22133221104
2242110511,42321105,22133221105
2242110611,42321106,22133221106
2242110811,42321108,22133221108
2242120111,42321201,22133221201
2242120211,42321202,22133221202
2242120311,42321203,22133221203
2242120411,42321204,22133221204
2242130111,42321301,22133221301
2242130211,42321302,22133221302
2242140211,42321402,22133221402
2242140311,42321403,22133221403
2242210111,42322101,22133222101
2243240111,42332401,22133232401
2243340111,42333401,22133233401
3702100111,32321001,32112021001
3702100211,32321002,32112021002
3702100311,32321003,32112021003
3702100411,32321004,32112021004
3702100511,32321005,32112021005
3702100611,32321006,32112021006
3702110211,32321102,32112021102
3702110311,32321103,32112021103
3702110411,32321104,32112021104
2472120133,40021201,23830021201
2472310133,40023101,23830023101
2412542722,50025427,23220025427
2402542711,50025427,23110025427
2422542732,50025427,23320025427
2422542733,50025427,23330025427
2432550511,51025505,23410025505
2442550522,51025505,23520025505
2543240121,45032401,25110032401
2432550611,51025506,23410025506
2442550621,51025506,23510025506
2442550622,51025506,23520025506
2433240311,51032403,23410032403
2433140111,51031401,23410031401
2443140121,51031401,23510031401
2512220122,40122201,23C20022201
2502220111,40122201,23B10022201
2522220133,40122201,23D30022201
2462500522,40025005,23720025005
2462540321,40025403,23710025403
2462540422,40025404,23720025404
2462540421,40025404,23710025404
2462010121,40020101,23710020101
2422250332,50022503,23320022503
2422250432,50022504,23320022504
2422421433,50024214,23330024214
2422421533,50024215,23330024215
2422430733,50024307,23330024307
2422430833,50024308,23330024308
2423310233,50033102,23330033102
2422431033,50024310,23330024310
2422211231,50022112,23310022112
2422431133,50024311,23330024311
2422431233,50024312,23330024312
2422210231,50022102,23310022102
1612119943,55021199,24150021199
1612129943,55021299,24150021299
2422422833,50024228,23330024228
2402260711,50022607,23110022607
2402340111,50023401,23110023401
2402342111,50023421,23110023421
2402342411,50023424,23110023424
2402342511,50023425,23110023425
2423110931,50031109,23310031109
2423110932,50031109,23320031109
2402310911,50023109,23110023109
2403110511,50031105,23110031105
2403110611,50031106,23110031106
2403110211,50031102,23110031102
2403111111,50031111,23110031111
2422231231,50022312,23310022312
2422231232,50022312,23320022312
2402512911,50025129,23110025129
2403430211,50034302,23110034302
2403130311,50031303,23110031303
2403240311,50032403,23110032403
2403130511,50031305,23110031305
2403130211,50031302,23110031302
2403130611,50031306,23110031306
2403120311,50031203,23110031203
2403120411,50031204,23110031204
2403120711,50031207,23110031207
2403120911,50031209,23110031209
2402521011,50025210,23110025210
2212240611,42022406,22123122406
2402512411,50025124,23110025124
2402211011,50022110,23110022110
2402530211,50025302,23110025302
2402530311,50025303,23110025303
2402542611,50025426,23110025426
2423310531,50033105,23310033105
2423310533,50033105,23330033105
3103200111,32032001,32111032001
3302500111,32225001,32910025001
2402512611,50025126,23110025126
2463140221,40031402,23710031402
2473140231,40031402,23810031402
2242110711,42321107,22133221107
2142110111,43321101,22132621101
2212410511,42024105,22123124105
2112510311,43025103,22122125103
2403310511,50033105,23110033105
2462550421,40025504,23710025504
2472550431,40025504,23810025504
2452550411,40025504,23610025504
2472550432,40025504,23820025504
2111330111,43013301,22122513301
2403111211,50031112,23110031112
2413111222,50031112,23220031112
2423111231,50031112,23310031112
2423111232,50031112,23320031112
2423111233,50031112,23330031112
2402320911,50023209,23110023209
2402423011,50024230,23110024230
2402513111,50025131,23110025131
2402320311,50023203,23110023203
2402233611,50022336,23110022336
2402342911,50023429,23110023429
2402130511,50021305,23110021305
2403221811,50032218,23110032218
2402330111,50023301,23110023301
2402242311,50022423,23110022423
2402541211,50025412,23110025412
2402230111,50022301,23110022301
3702110611,32321106,32112021106
3702110711,32321107,32112021107
2402412711,50024127,23110024127
2222410511,42024105,22133124105
3702110811,32321108,32112021108
3702110911,32321109,32112021109
3702120111,32321201,32112021201
3702120311,32321203,32112021203
2402511811,50025118,23110025118
2402512011,50025120,23110025120
2402212011,50022120,23110022120
2402420311,50024203,23110024203
2402420411,50024204,23110024204
2402410311,50024103,23110024103
2402410411,50024104,23110024104
2402410611,50024106,23110024106
2402421911,50024219,23110024219
2402422411,50024224,23110024224
2402410711,50024107,23110024107
2402420911,50024209,23110024209
2402430511,50024305,23110024305
2402430611,50024306,23110024306
2402421211,50024212,23110024212
2402421311,50024213,23110024213
2402430111,50024301,23110024301
2402430211,50024302,23110024302
2402430411,50024304,23110024304
2402340911,50023409,23110023409
2402500611,50025006,23110025006
2402342211,50023422,23110023422
2402260811,50022608,23110022608
2403221711,50032217,23110032217
2402342311,50023423,23110023423
2402310211,50023102,23110023102
2403110411,50031104,23110031104
2403110111,50031101,23110031101
2402250711,50022507,23110022507
2402250811,50022508,23110022508
2402211111,50022111,23110022111
2422341033,50023410,23330023410
2543240122,45032401,25120032401
2422210331,50022103,23310022103
2422210431,50022104,23310022104
2422210432,50022104,23320022104
2422210531,50022105,23310022105
2422210532,50022105,23320022105
2422210631,50022106,23310022106
2422210632,50022106,23320022106
2422210731,50022107,23310022107
2422210732,50022107,23320022107
2422260733,50022607,23330022607
2422340133,50023401,23330023401
2422342133,50023421,23330023421
2403230311,50032303,23110032303
2403220611,50032206,23110032206
2403220711,50032207,23110032207
2403220911,50032209,23110032209
2422210831,50022108,23310022108
2422210832,50022108,23320022108
2403221011,50032210,23110032210
2403230411,50032304,23110032304
2422212031,50022120,23310022120
2422212032,50022120,23320022120
2422410131,50024101,23310024101
2422410132,50024101,23320024101
2403230511,50032305,23110032305
2542510622,45025106,25120025106
2542510922,45025109,25120025109
2542520322,45025203,25120025203
2542270322,45022703,25120022703
2542510722,45025107,25120025107
2542520422,45025204,25120025204
2542550122,45025501,25120025501
2542550322,45025503,25120025503
2542550422,45025504,25120025504
2542551122,45025511,25120025511
2542230222,45022302,25120022302
2542230322,45022303,25120022303
2402512711,50025127,23110025127
2402550411,50025504,23110025504
2403230211,50032302,23110032302
2402550811,50025508,23110025508
3112341021,32023410,32211023410
3112341022,32023410,32221023410
1001001211,67010012,21110010012
2412099921,50020999,23210020999
2412299921,50022999,23210022999
2412399921,50023999,23210023999
2412499921,50024999,23210024999
2412599921,50025999,23210025999
2413199921,50031999,23210031999
2423130232,50031302,23320031302
2413299921,50032999,23210032999
2413399921,50033999,23210033999
2413499921,50034999,23210034999
2412099922,50020999,23220020999
2412199922,50021999,23220021999
2412299922,50022999,23220022999
2412399922,50023999,23220023999
2412499922,50024999,23220024999
2412599922,50025999,23220025999
2413199922,50031999,23220031999
2413299922,50032999,23220032999
2413399922,50033999,23220033999
2413499922,50034999,23220034999
2413440221,50034402,23210034402
2413440222,50034402,23220034402
7402099911,58120999,44110020999
7402199911,58121999,44110021999
7402299911,58122999,44110022999
7402399911,58123999,44110023999
7402499911,58124999,44110024999
7403199911,58131999,44110031999
7403299911,58132999,44110032999
2402231811,50022318,23110022318
2402231911,50022319,23110022319
2402232011,50022320,23110022320
2402232111,50022321,23110022321
2402232211,50022322,23110022322
2402230211,50022302,23110022302
2402230311,50022303,23110022303
2402230411,50022304,23110022304
2402232311,50022323,23110022323
2402230511,50022305,23110022305
2402230611,50022306,23110022306
2402230711,50022307,23110022307
2402540211,50025402,23110025402
2402540411,50025404,23110025404
2402540711,50025407,23110025407
2402541711,50025417,23110025417
2402541811,50025418,23110025418
2402542211,50025422,23110025422
2402510111,50025101,23110025101
2402270911,50022709,23110022709
2402510911,50025109,23110025109
2402511011,50025110,23110025110
2402510211,50025102,23110025102
2402511211,50025112,23110025112
2402520111,50025201,23110025201
2422540133,50025401,23330025401
2422232533,50022325,23330022325
2422232633,50022326,23330022326
2422232733,50022327,23330022327
2422421432,50024214,23320024214
2422232933,50022329,23330022329
2502330511,40123305,23B10023305
2422542033,50025420,23330025420
2512330521,40123305,23C10023305
2422542333,50025423,23330025423
2422541133,50025411,23330025411
2422520533,50025205,23330025205
2422520633,50025206,23330025206
2402211211,50022112,23110022112
2402270211,50022702,23110022702
2402270311,50022703,23110022703
2402212411,50022124,23110022124
2402300111,50023001,23110023001
2402300311,50023003,23110023003
2423430232,50034302,23320034302
2423130332,50031303,23320031303
2423130432,50031304,23320031304
2423120732,50031207,23320031207
2423120832,50031208,23320031208
2423120932,50031209,23320031209
2423121032,50031210,23320031210
2423121132,50031211,23320031211
2423110832,50031108,23320031108
2423111032,50031110,23320031110
2423121232,50031212,23320031212
2423220933,50032209,23330032209
2423221033,50032210,23330032210
2423230433,50032304,23330032304
2423230533,50032305,23330032305
2423221133,50032211,23330032211
2423221233,50032212,23330032212
2423221333,50032213,23330032213
2423221433,50032214,23330032214
2422260433,50022604,23330022604
2422260533,50022605,23330022605
2422260633,50022606,23330022606
2423221633,50032216,23330032216
2512330522,40123305,23C20023305
2422250633,50022506,23330022506
2422250733,50022507,23330022507
2542540122,45025401,25120025401
2542540222,45025402,25120025402
2542540322,45025403,25120025403
2542540622,45025406,25120025406
2542520122,45025201,25120025201
2542520222,45025202,25120025202
2542410122,45024101,25120024101
2542510122,45025101,25120025101
2542510222,45025102,25120025102
2542510322,45025103,25120025103
2542320222,45023202,25120023202
2542310122,45023101,25120023101
2543130522,45031305,25120031305
2542420422,45024204,25120024204
2542420522,45024205,25120024205
2542210422,45022104,25120022104
2542400122,45024001,25120024001
2542410522,45024105,25120024105
2542420222,45024202,25120024202
2542420322,45024203,25120024203
2542550622,45025506,25120025506
2542551222,45025512,25120025512
2542540121,45025401,25110025401
2542240222,45022402,25120022402
2543120122,45031201,25120031201
2543230122,45032301,25120032301
2422233631,50022336,23310022336
2422342931,50023429,23310023429
2423221831,50032218,23310032218
2422242331,50022423,23310022423
2722120421,51321204,23511021204
2422242631,50022426,23310022426
2543360921,45033609,25110033609
7403399911,58133999,44110033999
7403499911,58134999,44110034999
7412199911,48121999,44210021999
7412299911,48122999,44210022999
7412399911,48123999,44210023999
3103320211,32033202,32111033202
3103130311,32031303,32111031303
3102000411,32020004,32111020004
3102000511,32020005,32111020005
2543360922,45033609,25120033609
3103140511,32031405,32111031405
3103240511,32032405,32111032405
3103240611,32032406,32111032406
3102340911,32023409,32111023409
3102341011,32023410,32111023410
3102220411,32022204,32111022204
3102260211,32022602,32111022602
3011101821,37011018,31111111018
3011102422,37011024,31121111024
3011102622,37011026,31121111026
3112400522,32024005,32221024005
2543340421,45033404,25110033404
2533340811,01033408,23910033408
2533340911,01033409,23910033409
2412542721,50025427,23210025427
1021000411,67010004,21150010004
2512220121,40122201,23C10022201
2422520833,50025208,23330025208
2462250221,40022502,23710022502
2422520933,50025209,23330025209
2422200333,50022003,23330022003
2422511133,50025111,23330025111
2422511533,50025115,23330025115
2422511633,50025116,23330025116
2422511833,50025118,23330025118
2422512033,50025120,23330025120
2422512233,50025122,23330025122
2423440232,50034402,23320034402
2422110133,50021101,23330021101
2423110333,50031103,23330031103
2422320433,50023204,23330023204
2422320533,50023205,23330023205
2422320633,50023206,23330023206
2422310433,50023104,23330023104
2422310533,50023105,23330023105
2422311033,50023110,23330023110
2422310733,50023107,23330023107
2422311133,50023111,23330023111
2422330333,50023303,23330023303
3011101921,37011019,31111111019
3011102522,37011025,31121111025
3011102521,37011025,31111111025
3011102321,37011023,31111111023
3011102221,37011022,31111111022
2422270433,50022704,23330022704
2422320833,50023208,23330023208
2422321033,50023210,23330023210
2422240733,50022407,23330022407
3153231311,32132313,32510032313
3153231411,32132314,32510032314
2452340111,40023401,23610023401
2452340211,40023402,23610023402
2452000111,40020001,23610020001
2452300111,40023001,23610023001
2453140111,40031401,23610031401
2453120111,40031201,23610031201
2453110111,40031101,23610031101
2453120211,40031202,23610031202
2453110211,40031102,23610031102
2452420111,40024201,23610024201
2422211133,50022111,23330022111
2422211233,50022112,23330022112
2422212433,50022124,23330022124
2422211333,50022113,23330022113
2422211533,50022115,23330022115
2422211633,50022116,23330022116
2422211733,50022117,23330022117
2502231311,40122313,23B10022313
2502231111,40122311,23B10022311
2502231411,40122314,23B10022314
2502340111,40123401,23B10023401
2422110131,50021101,23310021101
2423110331,50031103,23310031103
2422320431,50023204,23310023204
2422320531,50023205,23310023205
2422320631,50023206,23310023206
2422310431,50023104,23310023104
2422310531,50023105,23310023105
2422311031,50023110,23310023110
2422311131,50023111,23310023111
2422330331,50023303,23310023303
2422270431,50022704,23310022704
2422320831,50023208,23310023208
3202000111,32020001,32420020001
4119999911,21099999,32910099999
2403130111,50031301,23110031301
2423130132,50031301,23320031301
2423130133,50031301,23330031301
3113320121,32033201,32211033201
4102000121,24020001,32810020001
4102000122,24020001,32820020001
4102330221,24023302,32810023302
4102330222,24023302,32820023302
4103230321,24032303,32810032303
2422399931,50023999,23310023999
2422599931,50025999,23310025999
2423199931,50031999,23310031999
2423299931,50032999,23310032999
2423499931,50034999,23310034999
2423440231,50034402,23310034402
2422110132,50021101,23320021101
2423110332,50031103,23320031103
2422320432,50023204,23320023204
2422320532,50023205,23320023205
2422320632,50023206,23320023206
2422310432,50023104,23320023104
2422310532,50023105,23320023105
2422311032,50023110,23320023110
2422310732,50023107,23320023107
2422311132,50023111,23320023111
2422330332,50023303,23320023303
2422270432,50022704,23320022704
2422320832,50023208,23320023208
2422321032,50023210,23320023210
2422240732,50022407,23320022407
2422330432,50023304,23320023304
2422330532,50023305,23320023305
2422270532,50022705,23320022705
2422270632,50022706,23320022706
2422235531,50022355,23310022355
2423310131,50033101,23310033101
2462010122,40020101,23720020101
2462200221,40022002,23710022002
2462200222,40022002,23720022002
2452500511,40025005,23610025005
2452540311,40025403,23610025403
2472540331,40025403,23810025403
2472540332,40025403,23820025403
2472540333,40025403,23830025403
2522220131,40122201,23D10022201
3102410911,32024109,32111024109
1001000411,67010004,21110010004
3102340611,32023406,32111023406
3102300511,32023005,32111023005
3103140311,32031403,32111031403
1612149943,55021499,24150021499
1612209943,55022099,24150022099
1612219943,55022199,24150022199
1612239943,55022399,24150022399
2453430111,40034301,23610034301
1612249943,55022499,24150022499
1612259943,55022599,24150022599
1612269943,55022699,24150022699
1612309943,55023099,24150023099
1612319943,55023199,24150023199
1612329943,55023299,24150023299
1612339943,55023399,24150023399
1612409943,55024099,24150024099
1612419943,55024199,24150024199
1612429943,55024299,24150024299
1612439943,55024399,24150024399
1612519943,55025199,24150025199
1612529943,55025299,24150025299
1612539943,55025399,24150025399
1612549943,55025499,24150025499
1612559943,55025599,24150025599
1613009943,55030099,24150030099
1613109943,55031099,24150031099
1613119943,55031199,24150031199
1613129943,55031299,24150031299
1613139943,55031399,24150031399
1613149943,55031499,24150031499
1613159943,55031599,24150031599
1613209943,55032099,24150032099
1613229943,55032299,24150032299
2452340311,40023403,23610023403
2452420211,40024202,23610024202
2452510311,40025103,23610025103
2453210111,40032101,23610032101
2452320211,40023202,23610023202
2453230111,40032301,23610032301
2453340111,40033401,23610033401
2453300111,40033001,23610033001
2452210211,40022102,23610022102
2011301611,47013016,22121213016
2021301611,47013016,22131213016
2122200111,43022001,22132122001
3152340811,32123408,32510023408
2452270111,40022701,23610022701
2452270211,40022702,23610022702
2452330211,40023302,23610023302
2452230111,40022301,23610022301
2452540111,40025401,23610025401
2452540211,40025402,23610025402
2452510111,40025101,23610025101
2452500411,40025004,23610025004
2452520111,40025201,23610025201
2452520311,40025203,23610025203
2452520411,40025204,23610025204
2413111221,50031112,23210031112
3113342322,32033423,32221033423
7014150111,59941501,41210041501
2722100121,51321001,23511021001
2722100122,51321001,23521021001
2722100221,51321002,23511021002
2722100222,51321002,23521021002
2722100321,51321003,23511021003
2722100322,51321003,23521021003
4103230322,24032303,32820032303
3113320122,32033201,32221033201
2472120131,40021201,23810021201
2472310131,40023101,23810023101
2472320131,40023201,23810023201
2472330131,40023301,23810023301
2472270131,40022701,23810022701
3702120411,32321204,32112021204
3702120511,32321205,32112021205
3702130111,32321301,32112021301
3702130311,32321303,32112021303
3702130411,32321304,32112021304
3702130511,32321305,32112021305
3702130611,32321306,32112021306
3702210111,32322101,32112022101
3702210211,32322102,32112022102
3702210311,32322103,32112022103
3702210511,32322105,32112022105
3702210611,32322106,32112022106
3702210711,32322107,32112022107
3702210811,32322108,32112022108
3703430111,32334301,32112034301
3712100121,32321001,32212021001
3712100122,32321001,32222021001
3712100221,32321002,32212021002
3712100222,32321002,32222021002
3712100321,32321003,32212021003
3712100322,32321003,32222021003
3712100421,32321004,32212021004
3712100422,32321004,32222021004
3712100521,32321005,32212021005
3712100522,32321005,32222021005
3712100621,32321006,32212021006
3712100622,32321006,32222021006
3712110121,32321101,32212021101
3712110122,32321101,32222021101
2452540411,40025404,23610025404
2472540431,40025404,23810025404
2472540432,40025404,23820025404
2472540433,40025404,23830025404
2452010111,40020101,23610020101
2472010131,40020101,23810020101
2472010132,40020101,23820020101
2472010133,40020101,23830020101
2452200211,40022002,23610022002
2472200231,40022002,23810022002
2472200232,40022002,23820022002
2472200233,40022002,23830022002
3902109911,36021099,52110021099
3902209911,36022099,52110022099
3902309911,36023099,52110023099
2422241831,50022418,23310022418
2422241832,50022418,23320022418
2423220531,50032205,23310032205
2423120333,50031203,23330031203
2423120433,50031204,23330031204
2423120733,50031207,23330031207
2423120833,50031208,23330031208
2423120933,50031209,23330031209
1613239943,55032399,24150032399
1613249943,55032499,24150032499
1613269943,55032699,24150032699
1613309943,55033099,24150033099
1613319943,55033199,24150033199
1613329943,55033299,24150033299
1613349943,55033499,24150033499
2422300131,50023001,23310023001
2422300132,50023001,23320023001
2422300331,50023003,23310023003
2423140132,50031401,23320031401
2422211933,50022119,23330022119
2423240131,50032401,23310032401
2423240132,50032401,23320032401
2423240331,50032403,23310032403
2422210933,50022109,23330022109
2422411433,50024114,23330024114
2422411533,50024115,23330024115
2422411633,50024116,23330024116
2423140231,50031402,23310031402
2423140232,50031402,23320031402
2422400133,50024001,23330024001
2423120131,50031201,23310031201
2423120132,50031201,23320031201
2423120231,50031202,23310031202
2423120232,50031202,23320031202
2422400233,50024002,23330024002
2422420533,50024205,23330024205
2722110121,51321101,23511021101
2722110122,51321101,23521021101
2722110221,51321102,23511021102
2722110321,51321103,23511021103
2722110322,51321103,23521021103
2722120121,51321201,23511021201
2722120221,51321202,23511021202
2722120222,51321202,23521021202
2722120321,51321203,23511021203
2722120322,51321203,23521021203
2722120521,51321205,23511021205
2722120522,51321205,23521021205
2722120621,51321206,23511021206
2722120622,51321206,23521021206
2722120722,51321207,23521021207
2722120821,51321208,23511021208
2722120822,51321208,23521021208
2722130121,51321301,23511021301
2722130221,51321302,23511021302
2722130222,51321302,23521021302
2722140121,51321401,23511021401
2722140221,51321402,23511021402
2722140222,51321402,23521021402
2722210121,51322101,23511022101
2722210122,51322101,23521022101
2722210221,51322102,23511022102
2722210222,51322102,23521022102
2423310333,50033103,23330033103
2423310133,50033101,23330033101
2423360433,50033604,23330033604
2423360533,50033605,23330033605
2423340231,50033402,23310033402
2423340232,50033402,23320033402
2423360633,50033606,23330033606
2423340433,50033404,23330033404
7502499911,58224999,46110024999
2423340331,50033403,23310033403
2423300131,50033001,23310033001
3712110221,32321102,32212021102
3712110222,32321102,32222021102
3712110321,32321103,32212021103
3712110322,32321103,32222021103
3712110421,32321104,32212021104
3712110422,32321104,32222021104
3712110522,32321105,32222021105
3712110621,32321106,32212021106
3712110622,32321106,32222021106
3712110722,32321107,32222021107
2402211311,50022113,23110022113
2402211411,50022114,23110022114
2402211511,50022115,23110022115
2402211611,50022116,23110022116
2402211711,50022117,23110022117
2402211811,50022118,23110022118
2403120111,50031201,23110031201
2403120211,50031202,23110031202
2402210911,50022109,23110022109
2403120611,50031206,23110031206
2402411511,50024115,23110024115
2402411611,50024116,23110024116
2402412211,50024122,23110024122
2402400111,50024001,23110024001
2402420511,50024205,23110024205
2403110911,50031109,23110031109
3102270311,32022703,32111022703
3102550811,32025508,32111025508
3102230311,32022303,32111022303
2402231211,50022312,23110022312
3102230511,32022305,32111022305
3102230611,32022306,32111022306
3102540511,32025405,32111025405
3102540711,32025407,32111025407
3102010111,32020101,32111020101
3102520211,32025202,32111025202
2423121133,50031211,23330031211
3102540811,32025408,32111025408
2423110833,50031108,23330031108
2423111033,50031110,23330031110
2423121233,50031212,23330031212
2422410933,50024109,23330024109
2422233433,50022334,23330022334
2422233533,50022335,23330022335
2422423033,50024230,23330024230
2422513133,50025131,23330025131
2422233633,50022336,23330022336
2422342933,50023429,23330023429
2423220231,50032202,23310032202
2423220232,50032202,23320032202
2423220331,50032203,23310032203
2423220332,50032203,23320032203
2423221733,50032217,23330032217
2423220431,50032204,23310032204
2423221531,50032215,23310032215
2423221532,50032215,23320032215
2422200131,50022001,23310022001
2422200132,50022001,23320022001
2422233031,50022330,23310022330
2422233032,50022330,23320022330
2422250131,50022501,23310022501
2422250231,50022502,23310022502
2422250232,50022502,23320022502
2422250331,50022503,23310022503
2543230222,45032302,25120032302
2543230322,45032303,25120032303
2543230422,45032304,25120032304
2543310322,45033103,25120033103
2542200122,45022001,25120022001
2422420633,50024206,23330024206
2422420733,50024207,23330024207
2423120631,50031206,23310031206
2423120632,50031206,23320031206
2422422633,50024226,23330024226
2422422733,50024227,23330024227
7412599911,48125999,44210025999
7413199911,48131999,44210031999
7413299911,48132999,44210032999
7413399911,48133999,44210033999
7422099911,38120999,44310020999
7422199911,38121999,44310021999
7422299911,38122999,44310022999
7422499911,38124999,44310024999
7422599911,38125999,44310025999
7423199911,38131999,44310031999
7423299911,38132999,44310032999
7423499911,38134999,44310034999
7432099911,48120999,44410020999
7432199911,48121999,44410021999
7432299911,48122999,44410022999
7432399911,48123999,44410023999
7432499911,48124999,44410024999
7432599911,48125999,44410025999
7433199911,48131999,44410031999
2472250231,40022502,23810022502
7433299911,48132999,44410032999
7433399911,48133999,44410033999
7433499911,48134999,44410034999
7502299911,58222999,46110022999
2543120622,45031206,25120031206
7502399911,58223999,46110023999
7502599911,58225999,46110025999
7503199911,58231999,46110031999
7503399911,58233999,46110033999
7503499911,58234999,46110034999
2423300132,50033001,23320033001
2432220311,51022203,23410022203
2403440311,50034403,23110034403
2413440321,50034403,23210034403
2413440322,50034403,23220034403
8509999911,50099999,61110099999
8529999911,51099999,61210099999
8919999911,49999999,61910099999
8519999911,50099999,61120099999
8539999911,51099999,61220099999
8939999911,49999999,61950099999
8929999911,49999999,61930099999
8569999911,32099999,61410099999
8579999911,32099999,61420099999
8549999911,40099999,61310099999
8559999911,40099999,61320099999
2403121011,50031210,23110031210
2403121111,50031211,23110031211
2402310111,50023101,23110023101
2422420632,50024206,23320024206
2403110811,50031108,23110031108
2403111011,50031110,23110031110
2403121211,50031212,23110031212
2402320711,50023207,23110023207
2402410911,50024109,23110024109
2402233411,50022334,23110022334
2402233511,50022335,23110022335
2422330433,50023304,23330023304
2422330533,50023305,23330023305
2422270533,50022705,23330022705
2422270633,50022706,23330022706
2422321133,50023211,23330023211
2422270733,50022707,23330022707
3102010311,32020103,32111020103
3102010411,32020104,32111020104
3102510311,32025103,32111025103
3102510411,32025104,32111025104
3102520511,32025205,32111025205
3102520611,32025206,32111025206
3102530111,32025301,32111025301
3102550911,32025509,32111025509
3102551111,32025511,32111025511
3102551211,32025512,32111025512
2422211833,50022118,23330022118
2422211832,50022118,23320022118
2422211932,50022119,23320022119
2422210932,50022109,23320022109
2422411432,50024114,23320024114
2422411532,50024115,23320024115
2422411632,50024116,23320024116
2422412232,50024122,23320024122
2422400132,50024001,23320024001
2422400232,50024002,23320024002
2422420532,50024205,23320024205
2422420732,50024207,23320024207
2422422632,50024226,23320024226
2422422732,50024227,23320024227
2422422832,50024228,23320024228
3102230711,32022307,32111022307
2422421532,50024215,23320024215
2422430832,50024308,23320024308
2422430932,50024309,23320024309
2422431032,50024310,23320024310
2422431132,50024311,23320024311
2422431232,50024312,23320024312
2422341032,50023410,23320023410
2542220122,45022201,25120022201
2542270721,45022707,25110022707
2542500121,45025001,25110025001
2543310122,45033101,25120033101
2543310222,45033102,25120033102
2543360122,45033601,25120033601
2543360222,45033602,25120033602
2543360322,45033603,25120033603
2543360422,45033604,25120033604
2543340322,45033403,25120033403
2543340222,45033402,25120033402
2543350122,45033501,25120033501
2549999922,45099999,25120099999
2542400422,45024004,25120024004
2543130422,45031304,25120031304
2543220222,45032202,25120032202
2543120222,45031202,25120031202
2543120322,45031203,25120031203
2543110122,45031101,25120031101
2543110222,45031102,25120031102
2542230622,45022306,25120022306
2542340122,45023401,25120023401
2542310322,45023103,25120023103
2542270422,45022704,25120022704
2542270522,45022705,25120022705
2542330821,45023308,25110023308
2542540221,45025402,25110025402
2542540321,45025403,25110025403
2542540621,45025406,25110025406
2542520121,45025201,25110025201
2423310431,50033104,23310033104
2423360431,50033604,23310033604
2423360531,50033605,23310033605
2423360631,50033606,23310033606
2422212231,50022122,23310022122
2423340531,50033405,23310033405
2782140699,46321406,23G00021406
2442330221,51023302,23510023302
2442330222,51023302,23520023302
2432330211,51023302,23410023302
3712101022,32321010,32222021010
3702101011,32321010,32112021010
2422139933,50021399,23330021399
2422149933,50021499,23330021499
2422219933,50022199,23330022199
2422229933,50022299,23330022299
2422239933,50022399,23330022399
2422259933,50022599,23330022599
2422269933,50022699,23330022699
2422279933,50022799,23330022799
2422309933,50023099,23330023099
2422319933,50023199,23330023199
2422339933,50023399,23330023399
2422349933,50023499,23330023499
2422409933,50024099,23330024099
2422419933,50024199,23330024199
2422439933,50024399,23330024399
2422509933,50025099,23330025099
2422519933,50025199,23330025199
2422529933,50025299,23330025299
2422549933,50025499,23330025499
2422559933,50025599,23330025599
2423009933,50030099,23330030099
2423109933,50031099,23330031099
2423119933,50031199,23330031199
2423129933,50031299,23330031299
2423139933,50031399,23330031399
2423149933,50031499,23330031499
2423159933,50031599,23330031599
2423209933,50032099,23330032099
2423219933,50032199,23330032199
2423229933,50032299,23330032299
2423239933,50032399,23330032399
2423249933,50032499,23330032499
2423259933,50032599,23330032599
1101000622,61010006,21220010006
2442220321,51022203,23510022203
2782121999,46321219,23G00021219
2782100699,46321006,23G00021006
2782140199,46321401,23G00021401
2782120799,46321207,23G00021207
2782110299,46321102,23G00021102
2402235711,50022357,23110022357
3113130621,32031306,32211031306
2443340322,51033403,23520033403
3103130511,32031305,32111031305
3113130522,32031305,32221031305
2433340311,51033403,23410033403
3113130622,32031306,32221031306
2442220322,51022203,23520022203
2413231121,50032311,23210032311
3103341711,32033417,32111033417
3113341722,32033417,32221033417
3113341822,32033418,32221033418
3103341811,32033418,32111033418
2452550511,40025505,23610025505
2462550521,40025505,23710025505
2462550522,40025505,23720025505
2452520711,40025207,23610025207
2462520721,40025207,23710025207
2462520722,40025207,23720025207
3702210911,32322109,32112022109
2533360311,01033603,23910033603
2533360411,01033604,23910033604
2462540521,40025405,23710025405
2472540531,40025405,23810025405
2473340231,40033402,23810033402
2542331121,45023311,25110023311
2543360521,45033605,25110033605
2543360621,45033606,25110033606
2422431731,50024317,23310024317
3112521821,32025218,32211025218
3011103422,37011034,31121111034
2782210399,46322103,23G00022103
2412400421,50024004,23210024004
2422400431,50024004,23310024004
2412423321,50024233,23210024233
2422423331,50024233,23310024233
2412423421,50024234,23210024234
2422423431,50024234,23310024234
2782110399,46321103,23G00021103
2412423521,50024235,23210024235
2543120721,45031207,25110031207
2422423531,50024235,23310024235
2412423621,50024236,23210024236
2422423631,50024236,23310024236
2412423721,50024237,23210024237
2422423731,50024237,23310024237
2782210499,46322104,23G00022104
2442550721,51025507,23510025507
2412431721,50024317,23210024317
2782100499,46321004,23G00021004
2463110321,40031103,23710031103
2473110331,40031103,23810031103
2463110421,40031104,23710031104
2423230132,50032301,23320032301
2422550232,50025502,23320025502
2423110233,50031102,23330031102
2422240531,50022405,23310022405
2422241632,50022416,23320022416
2423220532,50032205,23320032205
2423121033,50031210,23330031210
2422250431,50022504,23310022504
2422430933,50024309,23330024309
2422211232,50022112,23320022112
2782100399,46321003,23G00021003
2402260511,50022605,23110022605
2782121499,46321214,23G00021214
2422420332,50024203,23320024203
2422410431,50024104,23310024104
2422430732,50024307,23320024307
2422430231,50024302,23310024302
2422430432,50024304,23320024304
2422340231,50023402,23310023402
3112000821,32020008,32211020008
2462540722,40025407,23720025407
2452540711,40025407,23610025407
2462540721,40025407,23710025407
3113340621,32033406,32211033406
1149999911,64199999,21340099999
2702131111,50321311,23111021311
2702340211,50323402,23111023402
2702340311,50323403,23111023403
2702122111,50321221,23111021221
2423269933,50032699,23330032699
2423309933,50033099,23330033099
2423319933,50033199,23330033199
2423329933,50033299,23330033299
2423339933,50033399,23330033399
2423349933,50033499,23330033499
2423359933,50033599,23330033599
2423369933,50033699,23330033699
2423409933,50034099,23330034099
2423419933,50034199,23330034199
2422242431,50022424,23310022424
2422499931,50024999,23310024999
2423399931,50033999,23310033999
2423320231,50033202,23310033202
2423340431,50033404,23310033404
2782121299,46321212,23G00021212
2782130299,46321302,23G00021302
2782100599,46321005,23G00021005
2422430831,50024308,23310024308
3102500611,32025006,32111025006
3112500621,32025006,32211025006
3112500622,32025006,32221025006
3113342522,32033425,32221033425
3102000811,32020008,32111020008
3112000822,32020008,32221020008
2423220632,50032206,23320032206
2423221232,50032212,23320032212
2422260632,50022606,23320022606
2422212432,50022124,23320022124
2422400131,50024001,23310024001
3113240721,32032407,32211032407
1613099942,55030999,24140030999
7413099911,48130999,44210030999
7523099911,38230999,46310030999
2732110521,40321105,23711021105
2782130199,46321301,23G00021301
3011102421,37011024,31111111024
3102400511,32024005,32111024005
2422542731,50025427,23310025427
3103210311,32032103,32111032103
3102430211,32024302,32111024302
2423230531,50032305,23310032305
2452520811,40025208,23610025208
2462520821,40025208,23710025208
2402521411,50025214,23110025214
2412521522,50025215,23220025215
2402521511,50025215,23110025215
2412521622,50025216,23220025216
2402521611,50025216,23110025216
3112310621,32023106,32211023106
2442520322,51025203,23520025203
2432520311,51025203,23410025203
3113341922,32033419,32221033419
2782121599,46321215,23G00021215
2412521322,50025213,23220025213
2412521222,50025212,23220025212
2412521122,50025211,23220025211
2543120722,45031207,25120031207
2402521211,50025212,23110025212
2783340299,46333402,23G00033402
2402543111,50025431,23110025431
2402331811,50023318,23110023318
2443430321,51034303,23510034303
2443430322,51034303,23520034303
3501181022,35011810,39312011810
2532550511,01025505,23910025505
2532550611,01025506,23910025506
2402423811,50024238,23110024238
2412552322,50025523,23220025523
2412331722,50023317,23220023317
2412271322,50022713,23220022713
2402331711,50023317,23110023317
2933320111,56033201,51111033201
2412331721,50023317,23210023317
2412271321,50022713,23210022713
2413222622,50032226,23220032226
2402213311,50022133,23110022133
2403222611,50032226,23110032226
2402552311,50025523,23110025523
2402271311,50022713,23110022713
2402423911,50024239,23110024239
2412321622,50023216,23220023216
2402321611,50023216,23110023216
2402311511,50023115,23110023115
2402321911,50023219,23110023219
2402311711,50023117,23110023117
2402311611,50023116,23110023116
2702121911,50321219,23111021219
2412413122,50024131,23220024131
2702122911,50321229,23111021229
2702112811,50321128,23111021128
2702210311,50322103,23111022103
2702111711,50321117,23111021117
2702112211,50321122,23111021122
2702112011,50321120,23111021120
2702121311,50321213,23111021213
2703300211,50333002,23111033002
2702131211,50321312,23111021312
2702131311,50321313,23111021313
2702140311,50321403,23111021403
2702111511,50321115,23111021115
2802131499,50321314,23I01021314
2402331911,50023319,23110023319
2402321811,50023218,23110023218
2402240611,50022406,23110022406
2402332011,50023320,23110023320
2412311522,50023115,23220023115
2802140599,50321405,23I01021405
2113310311,43033103,22122433103
2123310311,43033103,22132433103
2313310311,43033103,22124133103
2452130111,40021301,23610021301
2462130121,40021301,23710021301
3503350422,35033504,39312033504
2802123699,50321236,23I01021236
2802123799,50321237,23I01021237
3503350521,35033505,39311033505
2712112921,50321129,23211021129
2712112922,50321129,23221021129
2722121021,51321210,23511021210
2722121022,51321210,23521021210
2732120321,40321203,23711021203
2732120322,40321203,23721021203
2712123021,50321230,23211021230
2422260431,50022604,23310022604
2422530231,50025302,23310025302
2422550831,50025508,23310025508
2422500531,50025005,23310025005
2432270211,51022702,23410022702
2432500411,51025004,23410025004
2432510711,51025107,23410025107
2433430211,51034302,23410034302
3153220111,32132201,32510032201
2462110422,40021104,23720021104
2462110521,40021105,23710021105
2462110522,40021105,23720021105
2462120221,40021202,23710021202
2462120222,40021202,23720021202
2462120321,40021203,23710021203
2462140121,40021401,23710021401
2462140122,40021401,23720021401
2232130211,42321302,22123221302
2232100111,42321001,22123221001
2212550911,42025509,22123125509
2222550911,42025509,22133125509
2463240221,40032402,23710032402
2473240231,40032402,23810032402
2473240232,40032402,23820032402
2732100121,40321001,23711021001
3113450121,32034501,32211034501
2732100122,40321001,23721021001
2732110121,40321101,23711021101
2732110221,40321102,23711021102
2732110222,40321102,23721021102
2732110321,40321103,23711021103
2732110421,40321104,23711021104
2732110422,40321104,23721021104
2732110522,40321105,23721021105
2732120121,40321201,23711021201
2402310311,50023103,23110023103
2412310322,50023103,23220023103
2232210111,42322101,22123222101
2242100211,42321002,22133221002
3702110111,32321101,32112021101
3702110511,32321105,32112021105
3702120211,32321202,32112021202
3702130211,32321302,32112021302
3702140111,32321401,32112021401
3702210411,32322104,32112022104
2223310411,42033104,22133133104
2213310311,42033103,22123133103
3712110521,32321105,32212021105
3712110721,32321107,32212021107
3712120121,32321201,32212021201
3712120322,32321203,32222021203
3712130122,32321301,32222021301
3712130322,32321303,32222021303
3712210722,32322107,32222022107
3713430122,32334301,32222034301
2132210111,43322101,22122722101
2142210111,43322101,22132722101
3302510111,32225101,32910025101
3302250111,32222501,32910022501
3302000311,32220003,32910020003
2462120322,40021203,23720021203
2473140232,40031402,23820031402
2732110122,40321101,23721021101
2732110322,40321103,23721021103
2412343622,50023436,23220023436
2413210121,50032101,23210032101
2423210133,50032101,23330032101
2423430632,50034306,23320034306
2422431432,50024314,23320024314
2762121231,40321212,23811021212
2532510311,01025103,23910025103
2532510511,01025105,23910025105
2532510911,01025109,23910025109
2702112911,50321129,23111021129
2402541411,50025414,23110025414
2429999932,50099999,23320099999
2001001211,47010012,22111110012
2001000711,47010007,22111310007
2532520111,01025201,23910025201
2213310411,42033104,22123133104
3011100421,37011004,31111111004
3011100621,37011006,31111111006
3011101021,37011010,31111111010
3112130121,32021301,32211021301
3112110421,32021104,32211021104
3112110622,32021106,32221021106
3112100221,32021002,32211021002
3112100521,32021005,32211021005
3112100621,32021006,32211021006
3112310222,32023102,32221023102
3112300221,32023002,32211023002
3112540322,32025403,32221025403
3112540622,32025406,32221025406
3112010121,32020101,32211020101
3112310322,32023103,32221023103
3112010522,32020105,32221020105
3112550222,32025502,32221025502
3112550521,32025505,32211025505
2423121832,50031218,23320031218
3112550721,32025507,32211025507
3113230722,32032307,32221032307
3113231022,32032310,32221032310
3113220122,32032201,32221032201
3112200121,32022001,32211022001
3112410721,32024107,32211024107
2702123011,50321230,23111021230
3112270521,32022705,32211022705
3112270621,32022706,32211022706
3112270821,32022708,32211022708
2532511611,01025116,23910025116
3112300921,32023009,32211023009
3112520821,32025208,32211025208
3011300322,37013003,31121213003
2462230221,40022302,23710022302
3112520921,32025209,32211025209
2402344211,50023442,23110023442
2532530211,01025302,23910025302
2532530411,01025304,23910025304
2532530511,01025305,23910025305
2402344011,50023440,23110023440
2803300399,50333003,23I01033003
2902109911,46021099,51110021099
2762210531,40322105,23811022105
2412552222,50025522,23220025522
2402552211,50025522,23110025522
2442270322,51022703,23520022703
2432270311,51022703,23410022703
2732120122,40321201,23721021201
2732120221,40321202,23711021202
2732140121,40321401,23711021401
2732140122,40321401,23721021401
2463230222,40032302,23720032302
2732120222,40321202,23721021202
2412344022,50023440,23220023440
2412212922,50022129,23220022129
2402343911,50023439,23110023439
3011103122,37011031,31121111031
2543130921,45031309,25110031309
2413121421,50031214,23210031214
2413341022,50033410,23220033410
2403341011,50033410,23110033410
2422250931,50022509,23310022509
2532540311,01025403,23910025403
2542320821,45023208,25110023208
2543340621,45033406,25110033406
2462410121,40024101,23710024101
2532540411,01025404,23910025404
2412200422,50022004,23220022004
2402200411,50022004,23110022004
2422200432,50022004,23320022004
3112521822,32025218,32221025218
3011103222,37011032,31121111032
2402513511,50025135,23110025135
2412513521,50025135,23210025135
2412513522,50025135,23220025135
2422513531,50025135,23310025135
2422513532,50025135,23320025135
2422513533,50025135,23330025135
2412235722,50022357,23220022357
2422235732,50022357,23320022357
2422235733,50022357,23330022357
2423121831,50031218,23310031218
3113260722,32032607,32221032607
3112400322,32024003,32221024003
1061001611,67010016,21190010016
2413121822,50031218,23220031218
2413121821,50031218,23210031218
3011103322,37011033,31121111033
1672559911,69025599,24340025599
1673139911,69031399,24340031399
1673229911,69032299,24340032299
1673309911,69033099,24340033099
1673369911,69033699,24340033699
1673409911,69034099,24340034099
1673419911,69034199,24340034199
1673429911,69034299,24340034299
1673439911,69034399,24340034399
1673449911,69034499,24340034499
1673459911,69034599,24340034599
1673469911,69034699,24340034699
2111340211,43013402,22122113402
3112230921,32022309,32211022309
3113130421,32031304,32211031304
3113360221,32033602,32211033602
2453440111,40034401,23610034401
2463440121,40034401,23710034401
2473440131,40034401,23810034401
2542330921,45023309,25110023309
2542270821,45022708,25110022708
2542540921,45025409,25110025409
2542541021,45025410,25110025410
2532330311,01023303,23910023303
2712210821,50322108,23211022108
3103131111,32031311,32111031311
2442420421,51024204,23510024204
2532320311,01023203,23910023203
3112420121,32024201,32211024201
2543130621,45031306,25110031306
2542210621,45022106,25110022106
3102551411,32025514,32111025514
2472239933,40022399,23830022399
2472309933,40023099,23830023099
2472409933,40024099,23830024099
2472529933,40025299,23830025299
2473109933,40031099,23830031099
2473159933,40031599,23830031599
2422209933,50022099,23330022099
2422249933,50022499,23330022499
2422329933,50023299,23330023299
2422429933,50024299,23330024299
2422539933,50025399,23330025399
2422019932,50020199,23320020199
2422149932,50021499,23320021499
2422249932,50022499,23320022499
2422319932,50023199,23320023199
2422429932,50024299,23320024299
2423429932,50034299,23320034299
2422009931,50020099,23310020099
2422129931,50021299,23310021299
2422229931,50022299,23310022299
2422309931,50023099,23310023099
2423329931,50033299,23310033299
2423409931,50034099,23310034099
2423449931,50034499,23310034499
2542210721,45022107,25110022107
2442520321,51025203,23510025203
3113220722,32032207,32221032207
2402413011,50024130,23110024130
2413222621,50032226,23210032226
2442270422,51022704,23520022704
2432270411,51022704,23410022704
2442320322,51023203,23520023203
2432320311,51023203,23410023203
2442330422,51023304,23520023304
2432330411,51023304,23410023304
2462550621,40025506,23710025506
2462550622,40025506,23720025506
2452550611,40025506,23610025506
2422300332,50023003,23320023003
2423240332,50032403,23320032403
2422412233,50024122,23330024122
2403130411,50031304,23110031304
2403120811,50031208,23110031208
2423340633,50033406,23330033406
2423440133,50034401,23330034401
3102111211,32021112,32111021112
3113121021,32031210,32211031210
3113121022,32031210,32221031210
3112420621,32024206,32211024206
3112420622,32024206,32221024206
3112411022,32024110,32221024110
3113120921,32031209,32211031209
3113120922,32031209,32221031209
3103120911,32031209,32111031209
2422509932,50025099,23320025099
2543360722,45033607,25120033607
3102420611,32024206,32111024206
2422099933,50020999,23330020999
2422499933,50024999,23330024999
2422343731,50023437,23310023437
2422343732,50023437,23320023437
2422343733,50023437,23330023437
2423360333,50033603,23330033603
2403111611,50031116,23110031116
2423429933,50034299,23330034299
2423439933,50034399,23330034399
2423449933,50034499,23330034499
2423459933,50034599,23330034599
2423469933,50034699,23330034699
2422009932,50020099,23320020099
2422109932,50021099,23320021099
2422119932,50021199,23320021199
2422129932,50021299,23320021299
2422139932,50021399,23320021399
2422209932,50022099,23320022099
2422219932,50022199,23320022199
2422229932,50022299,23320022299
2422239932,50022399,23320022399
2422259932,50022599,23320022599
2422269932,50022699,23320022699
2422279932,50022799,23320022799
2422309932,50023099,23320023099
2422329932,50023299,23320023299
2422339932,50023399,23320023399
2412343722,50023437,23220023437
2402552111,50025521,23110025521
2422349932,50023499,23320023499
2422409932,50024099,23320024099
2422419932,50024199,23320024199
2422439932,50024399,23320024399
2532530111,01025301,23910025301
2533230211,01032302,23910032302
2412331421,50023314,23210023314
2422331431,50023314,23310023314
2412542821,50025428,23210025428
2402552011,50025520,23110025520
2462520822,40025208,23720025208
2452520911,40025209,23610025209
2462520921,40025209,23710025209
2462520922,40025209,23720025209
2452521011,40025210,23610025210
2462521021,40025210,23710025210
2462521022,40025210,23720025210
2403231211,50032312,23110032312
2403231311,50032313,23110032313
2403231111,50032311,23110032311
2472109932,40021099,23820021099
2472119931,40021199,23810021199
2472119932,40021199,23820021199
2472129931,40021299,23810021299
2472129932,40021299,23820021299
2472139931,40021399,23810021399
2472139932,40021399,23820021399
2472149931,40021499,23810021499
2472149932,40021499,23820021499
3113240222,32032402,32221032402
3113240521,32032405,32211032405
3143140111,32231401,32410031401
3113260121,32032601,32211032601
3113120622,32031206,32221031206
3113120821,32031208,32211031208
3113210222,32032102,32221032102
3113340822,32033408,32221033408
3112000322,32020003,32221020003
3163220222,32132202,32620032202
3163230121,32132301,32610032301
3163231322,32132313,32620032313
3113310121,32033101,32211033101
3113430222,32034302,32221034302
3113341121,32033411,32211033411
3123320131,32033201,32311033201
2021300211,47013002,22131213002
2021301311,47013013,22131813013
2021300511,47013005,22131213005
2412213122,50022131,23220022131
2402213111,50022131,23110022131
2412213121,50022131,23210022131
2011301211,47013012,22121813012
2011300911,47013009,22121213009
2112540111,43025401,22122825401
2112510111,43025101,22122825101
2122510411,43025104,22132825104
2112510211,43025102,22122825102
2123140211,43031402,22132831402
2113310211,43033102,22122433102
2113100711,43031007,22122231007
2423360732,50033607,23320033607
2423310433,50033104,23330033104
2402320211,50023202,23110023202
2402310611,50023106,23110023106
2402420111,50024201,23110024201
2402511311,50025113,23110025113
2402511711,50025117,23110025117
2402422611,50024226,23110024226
3102100311,32021003,32111021003
3102210111,32022101,32111022101
3102310511,32023105,32111023105
2402511511,50025115,23110025115
2402420211,50024202,23110024202
2402410511,50024105,23110024105
2402421011,50024210,23110024210
2402430311,50024303,23110024303
2402211911,50022119,23110022119
2402411411,50024114,23110024114
2402400211,50024002,23110024002
3102230411,32022304,32111022304
3102540111,32025401,32111025401
2402310411,50023104,23110023104
2402330311,50023303,23110023303
3712110821,32321108,32212021108
3712110822,32321108,32222021108
3712110921,32321109,32212021109
3712110922,32321109,32222021109
3712120122,32321201,32222021201
3712120221,32321202,32212021202
3712120222,32321202,32222021202
3712120321,32321203,32212021203
3712120421,32321204,32212021204
3712120422,32321204,32222021204
3712120521,32321205,32212021205
3712120522,32321205,32222021205
2422519932,50025199,23320025199
2422529932,50025299,23320025299
2422539932,50025399,23320025399
2422549932,50025499,23320025499
2422559932,50025599,23320025599
2423009932,50030099,23320030099
2423109932,50031099,23320031099
2423119932,50031199,23320031199
2423129932,50031299,23320031299
2423139932,50031399,23320031399
2423149932,50031499,23320031499
2423159932,50031599,23320031599
2423209932,50032099,23320032099
2423219932,50032199,23320032199
2423229932,50032299,23320032299
2423239932,50032399,23320032399
2423249932,50032499,23320032499
2452400111,40024001,23610024001
2453240111,40032401,23610032401
2452500111,40025001,23610025001
2452520211,40025202,23610025202
2452510511,40025105,23610025105
2452240111,40022401,23610022401
2452220111,40022201,23610022201
3712210322,32322103,32222022103
2473230133,40032301,23830032301
2452310111,40023101,23610023101
2472320133,40023201,23830023201
2472230133,40022301,23830022301
2472520133,40025201,23830025201
2472520533,40025205,23830025205
2472550233,40025502,23830025502
2422232531,50022325,23310022325
2422520631,50025206,23310025206
2522231331,40122313,23D10022313
2522410631,40124106,23D10024106
2522240832,40122408,23D20022408
2722130321,51321303,23511021303
2722130322,51321303,23521021303
2403340911,50033409,23110033409
2732130121,40321301,23711021301
2732130122,40321301,23721021301
2732140321,40321403,23711021403
2732140322,40321403,23721021403
2132100211,43321002,22122621002
2432250211,51022502,23410022502
2442250221,51022502,23510022502
2442250222,51022502,23520022502
2532330511,01023305,23910023305
1021000811,67010008,21150010008
1612199943,55021999,24150021999
1612499943,55024999,24150024999
2472340132,40023401,23820023401
2413340822,50033408,23220033408
2413340922,50033409,23220033409
2413340921,50033409,23210033409
2413340821,50033408,23210033408
1613199943,55031999,24150031999
1613399944,55033999,24160033999
1612099944,55020999,24160020999
1619999941,55099999,24130099999
1639999942,55099999,24240099999
1101000221,61010002,21210010002
1133199911,64031999,21330031999
2001001311,47010013,22111810013
2203230311,42032303,22113132303
2302399911,42023999,22114123999
2303199911,42031999,22114131999
2412320722,50023207,23220023207
2422310633,50023106,23330023106
2412330322,50023303,23220023303
2433430311,51034303,23410034303
2412310321,50023103,23210023103
2402235911,50022359,23110022359
2412235921,50022359,23210022359
2412235922,50022359,23220022359
2473110431,40031104,23810031104
2533430111,01034301,23910034301
2412235621,50022356,23210022356
2422235631,50022356,23310022356
2101330111,43013301,22112113301
2202240611,42022406,22113122406
2532310111,01023101,23910023101
2422431732,50024317,23320024317
2422431733,50024317,23330024317
2412431722,50024317,23220024317
2402542811,50025428,23110025428
2412542822,50025428,23220025428
2422542832,50025428,23320025428
2422542833,50025428,23330025428
3113360222,32033602,32221033602
3103360211,32033602,32111033602
3163220521,32132205,32610032205
3712130121,32321301,32212021301
3712130221,32321302,32212021302
3712130222,32321302,32222021302
3712130321,32321303,32212021303
3712130421,32321304,32212021304
3712130422,32321304,32222021304
3712130521,32321305,32212021305
3712130522,32321305,32222021305
3712130621,32321306,32212021306
3712130622,32321306,32222021306
3712140121,32321401,32212021401
3712140122,32321401,32222021401
2423230933,50032309,23330032309
3712210121,32322101,32212022101
3712210122,32322101,32222022101
3712210221,32322102,32212022102
3712210222,32322102,32222022102
3712210321,32322103,32212022103
3712210421,32322104,32212022104
3712210422,32322104,32222022104
3712210521,32322105,32212022105
3712210522,32322105,32222022105
3712210621,32322106,32212022106
3712210622,32322106,32222022106
3712210721,32322107,32212022107
3712210821,32322108,32212022108
3712210822,32322108,32222022108
3713430121,32334301,32212034301
2902009911,46020099,51110020099
2902209911,46022099,51110022099
2902309911,46023099,51110023099
2902409911,46024099,51110024099
2902509911,46025099,51110025099
2903009911,46030099,51110030099
2903109911,46031099,51110031099
2903209911,46032099,51110032099
2903309911,46033099,51110033099
2903409911,46034099,51110034099
2422310731,50023107,23310023107
2422321031,50023210,23310023210
2423130131,50031301,23310031301
2472520231,40025202,23810025202
2472510531,40025105,23810025105
2472240131,40022401,23810022401
2472220131,40022201,23810022201
2472000131,40020001,23810020001
2473120131,40031201,23810031201
2472330132,40023301,23820023301
2472540132,40025401,23820025401
2472520132,40025201,23820025201
2472510432,40025104,23820025104
2472550232,40025502,23820025502
2472500332,40025003,23820025003
2452410111,40024101,23610024101
2462530122,40025301,23720025301
2462550422,40025504,23720025504
2472530133,40025301,23830025301
2472550433,40025504,23830025504
2453140211,40031402,23610031402
2463140222,40031402,23720031402
2473140233,40031402,23830031402
2453240211,40032402,23610032402
2463240222,40032402,23720032402
2412240621,50022406,23210022406
2473240233,40032402,23830032402
2542320822,45023208,25120023208
3102300711,32023007,32111023007
2412320822,50023208,23220023208
2412321022,50023210,23220023210
2412540121,50025401,23210025401
2422230133,50022301,23330022301
2412232022,50022320,23220022320
2422232133,50022321,23330022321
2412232721,50022327,23210022327
2412540221,50025402,23210025402
2412540422,50025404,23220025404
2422540633,50025406,23330025406
2412520621,50025206,23210025206
2412520921,50025209,23210025209
2422270933,50022709,23330022709
2422542831,50025428,23310025428
2412552021,50025520,23210025520
3123310831,32033108,32311033108
2422300432,50023004,23320023004
2422552033,50025520,23330025520
2422331433,50023314,23330023314
3112520722,32025207,32221025207
3112230922,32022309,32221022309
2543130822,45031308,25120031308
2722110521,51321105,23511021105
3712100821,32321008,32212021008
3702111011,32321110,32112021110
3712210921,32322109,32212022109
2463340221,40033402,23710033402
2543310521,45033105,25110033105
2462540522,40025405,23720025405
2472540532,40025405,23820025405
2412321922,50023219,23220023219
2402332311,50023323,23110023323
2772130199,55321301,25200021301
2402213411,50022134,23110022134
2412213421,50022134,23210022134
2772210199,55322101,25200022101
2722130421,51321304,23511021304
2722130422,51321304,23521021304
2412213422,50022134,23220022134
2412500721,50025007,23210025007
2412500722,50025007,23220025007
2402412811,50024128,23110024128
2412412821,50024128,23210024128
2402412911,50024129,23110024129
2412412921,50024129,23210024129
2412412922,50024129,23220024129
2412235821,50022358,23210022358
2412235822,50022358,23220022358
2402261011,50022610,23110022610
2542200321,45022003,25110022003
2412261021,50022610,23210022610
2732210121,40322101,23711022101
2732210122,40322101,23721022101
2472009932,40020099,23820020099
2732210221,40322102,23711022102
2732210222,40322102,23721022102
2472019931,40020199,23810020199
2472019932,40020199,23820020199
2413111521,50031115,23210031115
2403111511,50031115,23110031115
2413111522,50031115,23220031115
2423111531,50031115,23310031115
2423111532,50031115,23320031115
2423111533,50031115,23330031115
2402331611,50023316,23110023316
2412331621,50023316,23210023316
2412331622,50023316,23220023316
2532520611,01025206,23910025206
2452000211,40020002,23610020002
2532511711,01025117,23910025117
2462000221,40020002,23710020002
3103341911,32033419,32111033419
2452230211,40022302,23610022302
2462230222,40022302,23720022302
2542331122,45023311,25120023311
3103220611,32032206,32111032206
3112551422,32025514,32221025514
3112220521,32022205,32211022205
3112300722,32023007,32221023007
3103231711,32032317,32111032317
3113231722,32032317,32221032317
3103231811,32032318,32111032318
3103260611,32032606,32111032606
3103260711,32032607,32111032607
3113260622,32032606,32221032606
4103220122,24032201,32820032201
4103220222,24032202,32820032202
3112010822,32020108,32221020108
3011201722,37012017,31121312017
2402250911,50022509,23110022509
3112230821,32022308,32211022308
3113220621,32032206,32211032206
3103220711,32032207,32111032207
3112230822,32022308,32221022308
3112220522,32022205,32221022205
2772210299,55322102,25200022102
2772210399,55322103,25200022103
1021001411,67010014,21150010014
1021001211,67010012,21150010012
1672009911,69020099,24340020099
1672019911,69020199,24340020199
1672109911,69021099,24340021099
1672119911,69021199,24340021199
1672129911,69021299,24340021299
2413111621,50031116,23210031116
2453230211,40032302,23610032302
2423111631,50031116,23310031116
2423111632,50031116,23320031116
2423111633,50031116,23330031116
3113220622,32032206,32221032206
2772120499,55321204,25200021204
2433120511,51031205,23410031205
2443120521,51031205,23510031205
2443120522,51031205,23520031205
2473110333,40031103,23830031103
2453340211,40033402,23610033402
2543360622,45033606,25120033606
2402423311,50024233,23110024233
2422423432,50024234,23320024234
1031001711,67010017,21160010017
2712210822,50322108,23221022108
3501150122,35011501,39312011501
3503100222,35031002,39312031002
2772110299,55321102,25200021102
2403121611,50031216,23110031216
2452510811,40025108,23610025108
2772120199,55321201,25200021201
2403121511,50031215,23110031215
2413121622,50031216,23220031216
3503200121,35032001,39311032001
3503250121,35032501,39311032501
3503260422,35032604,39312032604
2402331411,50023314,23110023314
2412331422,50023314,23220023314
2422331432,50023314,23320023314
2402331511,50023315,23110023315
2412331521,50023315,23210023315
2412331522,50023315,23220023315
2422331531,50023315,23310023315
2422331532,50023315,23320023315
2422331533,50023315,23330023315
2542270822,45022708,25120022708
2542330922,45023309,25120023309
2542541022,45025410,25120025410
2772120299,55321202,25200021202
2543340622,45033406,25120033406
2463440122,40034401,23720034401
2473440132,40034401,23820034401
2473440133,40034401,23830034401
2452520611,40025206,23610025206
2462520622,40025206,23720025206
2712122822,50321228,23221021228
2772120399,55321203,25200021203
2712130721,50321307,23211021307
2712130722,50321307,23221021307
2712130821,50321308,23211021308
3102130211,32021302,32111021302
3102111111,32021111,32111021111
3102120411,32021204,32111021204
2542210622,45022106,25120022106
3102100111,32021001,32111021001
2403220511,50032205,23110032205
3102120211,32021202,32111021202
3102100411,32021004,32111021004
3102120511,32021205,32111021205
3102110711,32021107,32111021107
3102310411,32023104,32111023104
3102330111,32023301,32111023301
3102270111,32022701,32111022701
3102270211,32022702,32111022702
2403221511,50032215,23110032215
2113200111,43032001,22122532001
2402200111,50022001,23110022001
2402233011,50022330,23110022330
2402542311,50025423,23110025423
2402250211,50022502,23110022502
2402250311,50022503,23110022503
2402250411,50022504,23110022504
2402542411,50025424,23110025424
2402541111,50025411,23110025411
2402520511,50025205,23110025205
2402520611,50025206,23110025206
3102310311,32023103,32111023103
2402520711,50025207,23110025207
2402520811,50025208,23110025208
2402520911,50025209,23110025209
2402200311,50022003,23110022003
2402511111,50025111,23110025111
2452500611,40025006,23610025006
2462500621,40025006,23710025006
2462500622,40025006,23720025006
2452510611,40025106,23610025106
2462510621,40025106,23710025106
2462510622,40025106,23720025106
2462510821,40025108,23710025108
2462510822,40025108,23720025108
2452510711,40025107,23610025107
2462100122,40021001,23720021001
2462510721,40025107,23710025107
2462510722,40025107,23720025107
2772110199,55321101,25200021101
2772100199,55321001,25200021001
3113450221,32034502,32211034502
2472009933,40020099,23830020099
2472019933,40020199,23830020199
2472109933,40021099,23830021099
2472119933,40021199,23830021199
2472129933,40021299,23830021299
2472139933,40021399,23830021399
2472149933,40021499,23830021499
2472209933,40022099,23830022099
2472219933,40022199,23830022199
2472229933,40022299,23830022299
2472249933,40022499,23830022499
2472259933,40022599,23830022599
2472269933,40022699,23830022699
2472279933,40022799,23830022799
2472319933,40023199,23830023199
2402330411,50023304,23110023304
2403360711,50033607,23110033607
2462210221,40022102,23710022102
2542240122,45022401,25120022401
2542230122,45022301,25120022301
2433110411,51031104,23410031104
2443110421,51031104,23510031104
2443110422,51031104,23520031104
2452400311,40024003,23610024003
2462400321,40024003,23710024003
2462400322,40024003,23720024003
2472400331,40024003,23810024003
2402344311,50023443,23110023443
2472400332,40024003,23820024003
2472400333,40024003,23830024003
2452400211,40024002,23610024002
2462400222,40024002,23720024002
2772110499,55321104,25200021104
2772140199,55321401,25200021401
2542321121,45023211,25110023211
2542321122,45023211,25120023211
2502231511,40122315,23B10022315
2512231521,40122315,23C10022315
2512231522,40122315,23C20022315
2522231531,40122315,23D10022315
2522231532,40122315,23D20022315
2522231533,40122315,23D30022315
2423259932,50032599,23320032599
2423269932,50032699,23320032699
2423309932,50033099,23320033099
2423319932,50033199,23320033199
2423329932,50033299,23320033299
2423339932,50033399,23320033399
2423349932,50033499,23320033499
2423359932,50033599,23320033599
2423369932,50033699,23320033699
2423409932,50034099,23320034099
2423419932,50034199,23320034199
2423439932,50034399,23320034399
2423449932,50034499,23320034499
2423459932,50034599,23320034599
2423469932,50034699,23320034699
2422019931,50020199,23310020199
2472520632,40025206,23820025206
3102300911,32023009,32111023009
2472520633,40025206,23830025206
2452210311,40022103,23610022103
2462210322,40022103,23720022103
2472210332,40022103,23820022103
2472210333,40022103,23830022103
2452250211,40022502,23610022502
2462250222,40022502,23720022502
2472250232,40022502,23820022502
2472250233,40022502,23830022502
3102520711,32025207,32111025207
3103130411,32031304,32111031304
3113130422,32031304,32221031304
3102230911,32022309,32111022309
2542320921,45023209,25110023209
2432511011,51025110,23410025110
2442511022,51025110,23520025110
2142100211,43321002,22132621002
2132210311,43322103,22122722103
2142210311,43322103,22132722103
2432550911,51025509,23410025509
2442550922,51025509,23520025509
2772110399,55321103,25200021103
2772130299,55321302,25200021302
2142100311,43321003,22132621003
2452521111,40025211,23610025211
2452521211,40025212,23610025212
2462521121,40025211,23710025211
2462521221,40025212,23710025212
2462521321,40025213,23710025213
2402511411,50025114,23110025114
2402210411,50022104,23110022104
2402210511,50022105,23110022105
3112310622,32023106,32221023106
3102310611,32023106,32111023106
2542320922,45023209,25120023209
2402210611,50022106,23110022106
2402210711,50022107,23110022107
2402511611,50025116,23110025116
2423199932,50031999,23320031999
2423299932,50032999,23320032999
2423399932,50033999,23320033999
3152230111,32122301,32510022301
2423499932,50034999,23320034999
2423221932,50032219,23320032219
2522340132,40123401,23D20023401
2772130399,55321303,25200021303
2422234432,50022344,23320022344
2422234532,50022345,23320022345
2422234632,50022346,23320022346
2422234732,50022347,23320022347
2422234832,50022348,23320022348
2762210631,40322106,23811022106
2422343432,50023434,23320023434
2422235532,50022355,23320022355
2423320232,50033202,23320033202
2423310132,50033101,23320033101
2423310432,50033104,23320033104
2423360532,50033605,23320033605
2423360632,50033606,23320033606
2422260732,50022607,23320022607
2422340132,50023401,23320023401
2422342132,50023421,23320023421
2542510822,45025108,25120025108
2542420622,45024206,25120024206
2542420122,45024201,25120024201
2543130322,45031303,25120031303
2543110322,45031103,25120031103
2542410121,45024101,25110024101
2472000631,40020006,23810020006
2543310321,45033103,25110033103
2542210521,45022105,25110022105
2542510921,45025109,25110025109
2542520421,45025204,25110025204
2542230321,45022303,25110022303
3113240622,32032406,32221032406
2412199921,50021999,23210021999
7402599911,58125999,44110025999
7412099911,48120999,44210020999
7412499911,48124999,44210024999
7413499911,48134999,44210034999
7422399911,38123999,44310023999
7423399911,38133999,44310033999
7512599911,48225999,46210025999
7522099911,38220999,46310020999
7522599911,38225999,46310025999
2543310121,45033101,25110033101
2543360421,45033604,25110033604
3102410811,32024108,32111024108
2422242433,50022424,23330022424
2422233733,50022337,23330022337
2422541433,50025414,23330025414
2422542433,50025424,23330025424
2132100111,43321001,22122621001
2132110111,43321101,22122621101
2132120111,43321201,22122621201
2423319931,50033199,23310033199
3112260221,32022602,32211022602
3102200211,32022002,32111022002
2132130111,43321301,22122621301
2422109931,50021099,23310021099
2422119931,50021199,23310021199
2422139931,50021399,23310021399
2422149931,50021499,23310021499
2422209931,50022099,23310022099
2422219931,50022199,23310022199
2422239931,50022399,23310022399
2422249931,50022499,23310022499
2422259931,50022599,23310022599
2422269931,50022699,23310022699
2422279931,50022799,23310022799
2422319931,50023199,23310023199
2422329931,50023299,23310023299
2422339931,50023399,23310023399
2422349931,50023499,23310023499
2422409931,50024099,23310024099
2422419931,50024199,23310024199
2422429931,50024299,23310024299
2422439931,50024399,23310024399
2422509931,50025099,23310025099
2422519931,50025199,23310025199
2422529931,50025299,23310025299
2422539931,50025399,23310025399
2422549931,50025499,23310025499
2422559931,50025599,23310025599
2423009931,50030099,23310030099
2442550521,51025505,23510025505
2443240321,51032403,23510032403
2522220132,40122201,23D20022201
2462540322,40025403,23720025403
3902009911,36020099,52110020099
3902509911,36025099,52110025099
1612249941,55022499,24130022499
1612309941,55023099,24130023099
1612409941,55024099,24130024099
2462521222,40025212,23720025212
2462521322,40025213,23720025213
2412530421,50025304,23210025304
2792120699,56321206,23H00021206
2412321621,50023216,23210023216
2432310411,51023104,23410023104
2432300211,51023002,23410023002
2442310421,51023104,23510023104
2442310422,51023104,23520023104
2442300221,51023002,23510023002
2442300222,51023002,23520023002
3102010911,32020109,32111020109
2412520421,50025204,23210025204
2412511521,50025115,23210025115
2412511722,50025117,23220025117
2412511922,50025119,23220025119
2412231122,50022311,23220022311
2412521022,50025210,23220025210
2412530321,50025303,23210025303
2412500321,50025003,23210025003
2423230133,50032301,23330032301
2422550733,50025507,23330025507
3112301121,32023011,32211023011
3112301122,32023011,32221023011
2422550233,50025502,23330025502
2412241222,50022412,23220022412
2412241321,50022413,23210022413
2422240533,50022405,23330022405
2412241721,50022417,23210022417
2422342432,50023424,23320023424
2762210731,40322107,23811022107
2422310932,50023109,23320023109
2423110532,50031105,23320031105
2423110632,50031106,23320031106
2423110232,50031102,23320031102
2422512932,50025129,23320025129
2422232931,50022329,23310022329
2422542031,50025420,23310025420
2422542331,50025423,23310025423
2422542431,50025424,23310025424
2422541131,50025411,23310025411
2422520531,50025205,23310025205
2792210399,56322103,23H00022103
2523220631,40132206,23D10032206
2522340831,40123408,23D10023408
2522231231,40122312,23D10022312
2522231131,40122311,23D10022311
2522231431,40122314,23D10022314
2522240831,40122408,23D10022408
2522330131,40123301,23D10023301
2522340131,40123401,23D10023401
2522421031,40124210,23D10024210
2523220632,40132206,23D20032206
2522340832,40123408,23D20023408
2522231232,40122312,23D20022312
2522231332,40122313,23D20022313
2522231132,40122311,23D20022311
2522231432,40122314,23D20022314
2522330132,40123301,23D20023301
2522410632,40124106,23D20024106
2522421032,40124210,23D20024210
2523220633,40132206,23D30032206
2522340833,40123408,23D30023408
2522231233,40122312,23D30022312
2522231333,40122313,23D30022313
2522231133,40122311,23D30022311
2132210211,43322102,22122722102
2142100111,43321001,22132621001
2142120111,43321201,22132621201
2142130111,43321301,22132621301
2142210211,43322102,22132722102
2792110699,56321106,23H00021106
3302270111,32222701,32910022701
3302000111,32220001,32910020001
3302000211,32220002,32910020002
3303310811,32233108,32910033108
3302220111,32222201,32910022201
3303120111,32231201,32910031201
3303260111,32232601,32910032601
3303120311,32231203,32910031203
3303120211,32231202,32910031202
2513230121,40132301,23C10032301
2512421121,40124211,23C10024211
2452100111,40021001,23610021001
2452110111,40021101,23610021101
2452110211,40021102,23610021102
2452110311,40021103,23610021103
2452110411,40021104,23610021104
2452110511,40021105,23610021105
2452120211,40021202,23610021202
2452120311,40021203,23610021203
2452140111,40021401,23610021401
2462100121,40021001,23710021001
2462110121,40021101,23710021101
2462110122,40021101,23720021101
2462110221,40021102,23710021102
2462110222,40021102,23720021102
2462110321,40021103,23710021103
2462110322,40021103,23720021103
2462110421,40021104,23710021104
3113320321,32033203,32211033203
3113320322,32033203,32221033203
1612519941,55025199,24130025199
1613009941,55030099,24130030099
1613139941,55031399,24130031399
1613229941,55032299,24130032299
1613309941,55033099,24130033099
1612009942,55020099,24140020099
1612139942,55021399,24140021399
1612229942,55022299,24140022299
1612279942,55022799,24140022799
1612349942,55023499,24140023499
1612509942,55025099,24140025099
1612549942,55025499,24140025499
1613129942,55031299,24140031299
1613349942,55033499,24140033499
1613429942,55034299,24140034299
1612009943,55020099,24150020099
1612139943,55021399,24150021399
1612229943,55022299,24150022299
1612279943,55022799,24150022799
1612349943,55023499,24150023499
1612509943,55025099,24150025099
1613219943,55032199,24150032199
1613259943,55032599,24150032599
1613339943,55033399,24150033399
1672139911,69021399,24340021399
1672149911,69021499,24340021499
1672209911,69022099,24340022099
1672219911,69022199,24340022199
1672229911,69022299,24340022299
1672239911,69022399,24340022399
1672249911,69022499,24340022499
1672259911,69022599,24340022599
1672269911,69022699,24340022699
1672279911,69022799,24340022799
1672309911,69023099,24340023099
1672319911,69023199,24340023199
2412260422,50022604,23220022604
2413221522,50032215,23220032215
2412200121,50022001,23210022001
2792120299,56321202,23H00021202
2412212422,50022124,23220022124
2412211522,50022115,23220022115
2412210521,50022105,23210022105
2412210721,50022107,23210022107
2412400222,50024002,23220024002
2412420421,50024204,23210024204
2422410333,50024103,23330024103
2412410522,50024105,23220024105
2412421022,50024210,23220024210
2412430622,50024306,23220024306
2412421322,50024213,23220024213
2412422822,50024228,23220024228
2412431222,50024312,23220024312
2412341022,50023410,23220023410
2792130199,56321301,23H00021301
2412342121,50023421,23210023421
2413110621,50031106,23210031106
2413111122,50031111,23220031111
2712123022,50321230,23221021230
3112270721,32022707,32211022707
3112300821,32023008,32211023008
2532530311,01025303,23910025303
3112270822,32022708,32221022708
2462000222,40020002,23720020002
2712131021,50321310,23211021310
3103320311,32033203,32111033203
2793350299,56333502,23H00033502
2522231433,40122314,23D30022314
2522240833,40122408,23D30022408
2522330133,40123301,23D30023301
2522340133,40123401,23D30023401
2522410633,40124106,23D30024106
2522421033,40124210,23D30024210
2502340811,40123408,23B10023408
2502231211,40122312,23B10022312
2712130921,50321309,23211021309
2712130922,50321309,23221021309
2712131121,50321311,23211021311
2712131122,50321311,23221021311
2712140321,50321403,23211021403
2712140322,50321403,23221021403
2712140421,50321404,23211021404
2712140422,50321404,23221021404
2712210321,50322103,23211022103
2712210322,50322103,23221022103
2712340221,50323402,23211023402
2712131022,50321310,23221021310
2503220611,40132206,23B10032206
2412250921,50022509,23210022509
2712340222,50323402,23221023402
2712340321,50323403,23211023403
2712340322,50323403,23221023403
2713300122,50333001,23221033001
2713340122,50333401,23221033401
2232100211,42321002,22123221002
2232100311,42321003,22123221003
2232100411,42321004,22123221004
2232110211,42321102,22123221102
3112300922,32023009,32221023009
3102270511,32022705,32111022705
3112270522,32022705,32221022705
3102270611,32022706,32111022706
3112270622,32022706,32221022706
3102270711,32022707,32111022707
3112270722,32022707,32221022707
3102270811,32022708,32111022708
2422331631,50023316,23310023316
2422331632,50023316,23320023316
2422331633,50023316,23330023316
2403230911,50032309,23110032309
2413230921,50032309,23210032309
2413230922,50032309,23220032309
2423230931,50032309,23310032309
2423230932,50032309,23320032309
2402213011,50022130,23110022130
3112330422,32023304,32221023304
2432540411,51025404,23410025404
2442540421,51025404,23510025404
2442540422,51025404,23520025404
2442550821,51025508,23510025508
2442550822,51025508,23520025508
2542321021,45023210,25110023210
2542321022,45023210,25120023210
2543130922,45031309,25120031309
2732120421,40321204,23711021204
2732120422,40321204,23721021204
2472329933,40023299,23830023299
1672329911,69023299,24340023299
1672339911,69023399,24340023399
1672349911,69023499,24340023499
1672409911,69024099,24340024099
1672419911,69024199,24340024199
1672429911,69024299,24340024299
1672439911,69024399,24340024399
1672509911,69025099,24340025099
1672519911,69025199,24340025199
1672529911,69025299,24340025299
1672539911,69025399,24340025399
1672549911,69025499,24340025499
1673009911,69030099,24340030099
1673109911,69031099,24340031099
2472551331,40025513,23810025513
2472551431,40025514,23810025514
2412213022,50022130,23220022130
1673119911,69031199,24340031199
1673129911,69031299,24340031299
1673149911,69031499,24340031499
1673159911,69031599,24340031599
1673209911,69032099,24340032099
1673219911,69032199,24340032199
1673239911,69032399,24340032399
1673249911,69032499,24340032499
1673259911,69032599,24340032599
2423130733,50031307,23330031307
1673269911,69032699,24340032699
1673319911,69033199,24340033199
1673329911,69033299,24340033299
1673339911,69033399,24340033399
1673349911,69033499,24340033499
1673359911,69033599,24340033599
3103231911,32032319,32111032319
3102250311,32022503,32111022503
3112250321,32022503,32211022503
3112250322,32022503,32221022503
3103140611,32031406,32111031406
3113140621,32031406,32211031406
2432550811,51025508,23410025508
2722100422,51321004,23521021004
2522330332,40123303,23D20023303
2422200431,50022004,23310022004
3712101021,32321010,32212021010
2422200433,50022004,23330022004
3112301022,32023010,32221023010
2413111622,50031116,23220031116
3113231922,32032319,32221032319
3113140622,32031406,32221031406
2473209933,40032099,23830032099
2422543032,50025430,23320025430
2402344511,50023445,23110023445
2542331221,45023312,25110023312
3011201721,37012017,31111312017
3112301021,32023010,32211023010
3102301011,32023010,32111023010
2443340321,51033403,23510033403
3103130611,32031306,32111031306
2442511021,51025110,23510025110
2532230511,01022305,23910022305
2543130721,45031307,25110031307
2543130722,45031307,25120031307
2543130821,45031308,25110031308
2121340211,43013402,22132113402
2122000211,43020002,22132120002
2722110421,51321104,23511021104
2722110422,51321104,23521021104
2722110522,51321105,23521021105
2232110311,42321103,22123221103
2232110411,42321104,22123221104
2232110511,42321105,22123221105
2232110611,42321106,22123221106
2232110811,42321108,22123221108
2232120111,42321201,22123221201
2232120211,42321202,22123221202
2232120311,42321203,22123221203
2232130111,42321301,22123221301
2232140111,42321401,22123221401
2232140211,42321402,22123221402
2232140311,42321403,22123221403
2462340722,40023407,23720023407
3112220622,32022206,32221022206
2532520811,01025208,23910025208
3112330621,32023306,32211023306
3001103611,37011036,31111111036
2452550911,40025509,23610025509
2462550921,40025509,23710025509
2462550922,40025509,23720025509
2452270311,40022703,23610022703
2462270321,40022703,23710022703
2462270322,40022703,23720022703
2452270411,40022704,23610022704
2462270421,40022704,23710022704
2462270422,40022704,23720022704
2453440211,40034402,23610034402
2463440221,40034402,23710034402
2463440222,40034402,23720034402
2472339933,40023399,23830023399
2472349933,40023499,23830023499
2472419933,40024199,23830024199
2472429933,40024299,23830024299
2472439933,40024399,23830024399
2472509933,40025099,23830025099
2472519933,40025199,23830025199
2472539933,40025399,23830025399
2472549933,40025499,23830025499
2472559933,40025599,23830025599
2473009933,40030099,23830030099
2473119933,40031199,23830031199
2473129933,40031299,23830031299
2473139933,40031399,23830031399
2473149933,40031499,23830031499
2473219933,40032199,23830032199
2473229933,40032299,23830032299
3112250421,32022504,32211022504
2402343711,50023437,23110023437
2473239933,40032399,23830032399
2473249933,40032499,23830032499
2473259933,40032599,23830032599
2473269933,40032699,23830032699
2473309933,40033099,23830033099
2473319933,40033199,23830033199
2473329933,40033299,23830033299
2473339933,40033399,23830033399
2473349933,40033499,23830033499
2473359933,40033599,23830033599
2473369933,40033699,23830033699
2473409933,40034099,23830034099
2473419933,40034199,23830034199
2473429933,40034299,23830034299
2473439933,40034399,23830034399
2473449933,40034499,23830034499
2473459933,40034599,23830034599
2473469933,40034699,23830034699
2422009933,50020099,23330020099
2422019933,50020199,23330020199
2422109933,50021099,23330021099
2422119933,50021199,23330021199
3503260722,35032607,39312032607
2402543011,50025430,23110025430
2412543021,50025430,23210025430
2412543022,50025430,23220025430
2422543031,50025430,23310025430
3112520721,32025207,32211025207
2422543033,50025430,23330025430
3113341721,32033417,32211033417
3113341821,32033418,32211033418
3113130521,32031305,32211031305
2712131221,50321312,23211021312
2712131222,50321312,23221021312
2712131321,50321313,23211021313
2712131322,50321313,23221021313
2722121121,51321211,23511021211
2722121122,51321211,23521021211
2732120521,40321205,23711021205
2732120522,40321205,23721021205
3702101111,32321011,32112021011
3712101121,32321011,32212021011
3712101122,32321011,32222021011
2021101211,47011012,22131111012
2423109931,50031099,23310031099
2423119931,50031199,23310031199
2423129931,50031299,23310031299
2423139931,50031399,23310031399
2423149931,50031499,23310031499
2423159931,50031599,23310031599
2423209931,50032099,23310032099
2722110621,51321106,23511021106
2722110622,51321106,23521021106
2722110721,51321107,23511021107
2722110722,51321107,23521021107
2722120921,51321209,23511021209
2722120922,51321209,23521021209
3712211021,32322110,32212022110
3712211022,32322110,32222022110
3702211011,32322110,32112022110
3712100921,32321009,32212021009
3712100922,32321009,32222021009
3702100911,32321009,32112021009
2021101111,47011011,22131111011
2021301911,47013019,22131213019
4133140111,26031401,32B10031401
4123140221,26031402,32A10031402
4123140222,26031402,32A20031402
2532511511,01025115,23910025115
2532550411,01025504,23910025504
3713300121,32333001,32212033001
3713300122,32333001,32222033001
3703300111,32333001,32112033001
3712100722,32321007,32222021007
3702100711,32321007,32112021007
2722110821,51321108,23511021108
2722110822,51321108,23521021108
3712100822,32321008,32222021008
3702100811,32321008,32112021008
3712111021,32321110,32212021110
3712111022,32321110,32222021110
3112010921,32020109,32211020109
3112010922,32020109,32221020109
3113232021,32032320,32211032320
3113232022,32032320,32221032320
3103232111,32032321,32111032321
3113232121,32032321,32211032321
3103232211,32032322,32111032322
3113232221,32032322,32211032322
3113232222,32032322,32221032322
3113232321,32032323,32211032323
2452330311,40023303,23610023303
2462330321,40023303,23710023303
2462330322,40023303,23720023303
2452540611,40025406,23610025406
2462540621,40025406,23710025406
2462540622,40025406,23720025406
2452330411,40023304,23610023304
2462330421,40023304,23710023304
2462330422,40023304,23720023304
2453430211,40034302,23610034302
2463430221,40034302,23710034302
2463430222,40034302,23720034302
2452260111,40022601,23610022601
2462260121,40022601,23710022601
2462260122,40022601,23720022601
3502270222,35022702,39312022702
3502310122,35023101,39312023101
3502320222,35023202,39312023202
3502550222,35025502,39312025502
3502550322,35025503,39312025503
3502550522,35025505,39312025505
3503100122,35031001,39312031001
3503150122,35031501,39312031501
2422129933,50021299,23330021299
2422520733,50025207,23330025207
2422511433,50025114,23330025114
2422521033,50025210,23330025210
2422330933,50023309,23330023309
2422233432,50022334,23320022334
2422242332,50022423,23320022423
2422233732,50022337,23320022337
2422241633,50022416,23330022416
2423220633,50032206,23330032206
2423340732,50033407,23320033407
2422513232,50025132,23320025132
2422299932,50022999,23320022999
2423360432,50033604,23320033604
3712120622,32321206,32222021206
2422342532,50023425,23320023425
2423111132,50031111,23320031111
2422250833,50022508,23330022508
2422211433,50022114,23330022114
2422211732,50022117,23320022117
2422511832,50025118,23320025118
2422530332,50025303,23320025303
2422551432,50025514,23320025514
2422551732,50025517,23320025517
2422542432,50025424,23320025424
2422520732,50025207,23320025207
2423219931,50032199,23310032199
2423229931,50032299,23310032299
2423239931,50032399,23310032399
2423249931,50032499,23310032499
2423259931,50032599,23310032599
2423269931,50032699,23310032699
2423309931,50033099,23310033099
2423339931,50033399,23310033399
2423349931,50033499,23310033499
2423359931,50033599,23310033599
2423369931,50033699,23310033699
2423419931,50034199,23310034199
2423429931,50034299,23310034299
2543220321,45032203,25110032203
2423439931,50034399,23310034399
2423459931,50034599,23310034599
2423469931,50034699,23310034699
2543440221,45034402,25110034402
2402330211,50023302,23110023302
2463360121,40033601,23710033601
2412521421,50025214,23210025214
2412521521,50025215,23210025215
2412521621,50025216,23210025216
2463360122,40033601,23720033601
2453360111,40033601,23610033601
2442130321,51021303,23510021303
2442130322,51021303,23520021303
2412521422,50025214,23220025214
1613419943,55034199,24150034199
1613469943,55034699,24150034699
1612119944,55021199,24160021199
3113232322,32032323,32221032323
3103232411,32032324,32111032324
3113232421,32032324,32211032324
2232100511,42321005,22123221005
2412521121,50025211,23210025211
2933310211,56033102,51111033102
2402130611,50021306,23110021306
2412130621,50021306,23210021306
2412130622,50021306,23220021306
2242100511,42321005,22133221005
2702121711,50321217,23111021217
2702122711,50321227,23111021227
2703340111,50333401,23111033401
2702100811,50321008,23111021008
2702121811,50321218,23111021218
2533230411,01032304,23910032304
2463230221,40032302,23710032302
2453120611,40031206,23610031206
2463120621,40031206,23710031206
2463120622,40031206,23720031206
2532511911,01025119,23910025119
2412213221,50022132,23210022132
2412213222,50022132,23220022132
2402213211,50022132,23110022132
2412530422,50025304,23220025304
2402530411,50025304,23110025304
2532512011,01025120,23910025120
2412270221,50022702,23210022702
2422270333,50022703,23330022703
2413130222,50031302,23220031302
2423120133,50031201,23330031201
2413120322,50031203,23220031203
2413120821,50031208,23210031208
2412342922,50023429,23220023429
3503200122,35032001,39312032001
3503220121,35032201,39311032201
3503220122,35032201,39312032201
3503250122,35032501,39312032501
3503260322,35032603,39312032603
3503260421,35032604,39311032604
3503260622,35032606,39312032606
3503310222,35033102,39312033102
3503350421,35033504,39311033504
2473439931,40034399,23810034399
2473449931,40034499,23810034499
2473449932,40034499,23820034499
2473459931,40034599,23810034599
2473459932,40034599,23820034599
2473469931,40034699,23810034699
2473469932,40034699,23820034699
3112551421,32025514,32211025514
2463220421,40032204,23710032204
2463220521,40032205,23710032205
2443220321,51032203,23510032203
2442270321,51022703,23510022703
2442330421,51023304,23510023304
2442320321,51023203,23510023203
2412552221,50025522,23210025522
3113220721,32032207,32211032207
2422233431,50022334,23310022334
2423221731,50032217,23310032217
2472410131,40024101,23810024101
3113231821,32032318,32211032318
3113231721,32032317,32211032317
3113260521,32032605,32211032605
3113260621,32032606,32211032606
2512341021,40123410,23C10023410
2402343611,50023436,23110023436
2412343621,50023436,23210023436
2422343631,50023436,23310023436
2422343632,50023436,23320023436
2422343633,50023436,23330023436
2403210111,50032101,23110032101
2413210122,50032101,23220032101
2423210131,50032101,23310032101
2423210132,50032101,23320032101
2403430611,50034306,23110034306
2413430621,50034306,23210034306
2413430622,50034306,23220034306
2423430631,50034306,23310034306
2423430633,50034306,23330034306
2402431411,50024314,23110024314
2412431421,50024314,23210024314
2412431422,50024314,23220024314
2422431431,50024314,23310024314
2422431433,50024314,23330024314
2413130721,50031307,23210031307
2413130722,50031307,23220031307
2423130731,50031307,23310031307
2423130732,50031307,23320031307
2412130522,50021305,23220021305
2443140122,51031401,23520031401
2443240322,51032403,23520032403
1612219944,55022199,24160022199
2412552422,50025524,23220025524
1612269944,55022699,24160022699
1612559944,55025599,24160025599
1613139944,55031399,24160031399
1613229944,55032299,24160032299
1613269944,55032699,24160032699
1613349944,55033499,24160033499
1613429944,55034299,24160034299
7411099911,48110999,44210010999
7521099911,38210999,46310010999
2543340422,45033404,25120033404
2543120521,45031205,25110031205
2423310532,50033105,23320033105
2722110222,51321102,23521021102
2722120122,51321201,23521021201
2722120422,51321204,23521021204
2722120721,51321207,23511021207
2722130122,51321301,23521021301
2722140122,51321401,23521021401
2712111221,50321112,23211021112
2712111422,50321114,23221021114
2712111721,50321117,23211021117
2712111922,50321119,23221021119
2712112221,50321122,23211021122
2712112421,50321124,23211021124
2712122221,50321222,23211021222
2412235721,50022357,23210022357
2712122422,50321224,23221021224
2712122721,50321227,23211021227
2712130822,50321308,23221021308
2713340121,50333401,23211033401
2232110111,42321101,22123221101
2712122921,50321229,23211021229
2232110711,42321107,22123221107
2232120411,42321204,22123221204
2422552031,50025520,23310025520
2412242321,50022423,23210022423
2112000411,43020004,22122C20004
3102330411,32023304,32111023304
2412234522,50022345,23220022345
2412234821,50022348,23210022348
2413310422,50033104,23220033104
2413360522,50033605,23220033605
2413360722,50033607,23220033607
2413360921,50033609,23210033609
2442110221,51021102,23510021102
2442120321,51021203,23510021203
2442100121,51021001,23510021001
2442120721,51021207,23510021207
2442100221,51021002,23510021002
2442199921,51021999,23510021999
2442310322,51023103,23520023103
2442320222,51023202,23520023202
2442230221,51022302,23510022302
2442510821,51025108,23510025108
2442510522,51025105,23520025105
2442010122,51020101,23520020101
2442550221,51025502,23510025502
2443220121,51032201,23510032201
2442420122,51024201,23520024201
2542541122,45025411,25120025411
2442340121,51023401,23510023401
2442000121,51020001,23510020001
2442300121,51023001,23510023001
2443100321,51031003,23510031003
2532520211,01025202,23910025202
2442550921,51025509,23510025509
2132100311,43321003,22122621003
2452521311,40025213,23610025213
2462521122,40025211,23720025211
3103232011,32032320,32111032320
3113232122,32032321,32221032321
3103232311,32032323,32111032323
2532530611,01025306,23910025306
2532530711,01025307,23910025307
2533110311,01031103,23910031103
2533220111,01032201,23910032201
2443220322,51032203,23520032203
2463220422,40032204,23720032204
2463220522,40032205,23720032205
2412000321,50020003,23210020003
2463230122,40032301,23720032301
2452399911,40023999,23610023999
2403310111,50033101,23110033101
2422310632,50023106,23320023106
2422320331,50023203,23310023203
2422232231,50022322,23310022322
2422230431,50022304,23310022304
2422230631,50022306,23310022306
3113341921,32033419,32211033419
2402242111,50022421,23110022421
2413341021,50033410,23210033410
2422230932,50022309,23320022309
2422510932,50025109,23320025109
2422511331,50025113,23310025113
2422520232,50025202,23320025202
2422511731,50025117,23310025117
2403499911,50034999,23110034999
3102110311,32021103,32111021103
2422500331,50025003,23310025003
2462410122,40024101,23720024101
2472410132,40024101,23820024101
2472410133,40024101,23830024101
2722100421,51321004,23511021004
2713300221,50333002,23211033002
2713300222,50333002,23221033002
2011101211,47011012,22121111012
3112520922,32025209,32221025209
3112300822,32023008,32221023008
3102300811,32023008,32111023008
3112520822,32025208,32221025208
3102520811,32025208,32111025208
3113231921,32032319,32211032319
2522330231,40123302,23D10023302
2522330232,40123302,23D20023302
2522330233,40123302,23D30023302
3102520911,32025209,32111025209
2112000511,43020005,22122C20005
2011301911,47013019,22121213019
2011101111,47011011,22121111011
2011101011,47011010,22121111010
2522330331,40123303,23D10023303
2522330333,40123303,23D30023303
2462400221,40024002,23710024002
2402431711,50024317,23110024317
2412200421,50022004,23210022004
2422235731,50022357,23310022357
2112000611,43020006,22122C20006
2402423611,50024236,23110024236
2412423622,50024236,23220024236
2422423632,50024236,23320024236
2422423633,50024236,23330024236
2402423711,50024237,23110024237
2412423722,50024237,23220024237
2422423732,50024237,23320024237
2422423733,50024237,23330024237
2462520621,40025206,23710025206
2472520631,40025206,23810025206
3712100721,32321007,32212021007
2462210321,40022103,23710022103
2472210331,40022103,23810022103
2532550311,01025503,23910025503
2402300411,50023004,23110023004
2422300431,50023004,23310023004
2512330322,40123303,23C20023303
2512330321,40123303,23C10023303
2453099911,40030999,23610030999
3011300522,37013005,31121213005
3011300622,37013006,31121213006
2402543711,50025437,23110025437
2402300511,50023005,23110023005
2112000211,43020002,22122120002
2312000211,43020002,22124120002
2412300422,50023004,23220023004
2422300433,50023004,23330023004
2412552022,50025520,23220025520
2422552032,50025520,23320025520
2433099911,51030999,23410030999
2442340221,51023402,23510023402
2542540922,45025409,25120025409
3113232422,32032324,32221032324
2702100611,50321006,23111021006
2702100711,50321007,23111021007
2532512111,01025121,23910025121
2762111432,40321114,23821021114
2402500711,50025007,23110025007
2412412822,50024128,23220024128
2402235811,50022358,23110022358
2412261022,50022610,23220022610
2472009931,40020099,23810020099
2472109931,40021099,23810021099
2472319932,40023199,23820023199
2472349932,40023499,23820023499
2472429931,40024299,23810024299
2472519931,40025199,23810025199
2472539932,40025399,23820025399
2473269932,40032699,23820032699
2473339931,40033399,23810033399
2473359932,40033599,23820033599
2473419931,40034199,23810034199
2473439932,40034399,23820034399
2433220311,51032203,23410032203
2442270421,51022704,23510022704
2453220511,40032205,23610032205
3712130721,32321307,32212021307
3712130722,32321307,32222021307
3702130711,32321307,32112021307
3712210922,32322109,32222022109
2452500911,40025009,23610025009
2462500921,40025009,23710025009
2462500922,40025009,23720025009
2452540811,40025408,23610025408
2462540821,40025408,23710025408
2462540822,40025408,23720025408
3112411021,32024110,32211024110
3113220921,32032209,32211032209
2452320411,40023204,23610023204
2462320421,40023204,23710023204
2462320422,40023204,23720023204
2472320431,40023204,23810023204
2472320432,40023204,23820023204
2472320433,40023204,23830023204
2543360721,45033607,25110033607
2453120811,40031208,23610031208
2473220533,40032205,23830032205
2463120821,40031208,23710031208
2463120822,40031208,23720031208
3113110221,32031102,32211031102
2472130232,40021302,23820021302
2402552411,50025524,23110025524
3113110222,32031102,32221031102
2472520731,40025207,23810025207
2472520732,40025207,23820025207
2472520733,40025207,23830025207
2472520831,40025208,23810025208
2472520832,40025208,23820025208
2472520931,40025209,23810025209
2472520932,40025209,23820025209
2472520933,40025209,23830025209
2472521031,40025210,23810025210
2472521032,40025210,23820025210
2472521033,40025210,23830025210
3103110211,32031102,32111031102
2412543721,50025437,23210025437
2472300233,40023002,23830023002
2802210899,50322108,23I01022108
2802210799,50322107,23I01022107
3113342022,32033420,32221033420
2429999933,50099999,23330099999
2473360131,40033601,23810033601
2473360132,40033601,23820033601
3103342011,32033420,32111033420
3712120621,32321206,32212021206
2412240622,50022406,23220022406
2422300333,50023003,23330023003
3103121111,32031211,32111031211
2933320211,56033202,51111033202
3103232611,32032326,32111032326
3113232721,32032327,32211032327
2472521332,40025213,23820025213
2472521132,40025211,23820025211
3113232722,32032327,32221032327
3113232622,32032326,32221032326
3103232711,32032327,32111032327
3113232621,32032326,32211032326
2412543722,50025437,23220025437
3113121121,32031211,32211031211
3112200221,32022002,32211022002
3113130721,32031307,32211031307
2472260131,40022601,23810022601
2472260132,40022601,23820022601
2472260133,40022601,23830022601
1021002111,67010021,21150010021
2412552321,50025523,23210025523
3102240511,32022405,32111022405
2472300231,40023002,23810023002
2472300232,40023002,23820023002
3112541622,32025416,32221025416
2473230231,40032302,23810032302
2702123111,50321231,23111021231
2702131011,50321310,23111021310
3103130711,32031307,32111031307
2473360133,40033601,23830033601
3112240522,32022405,32221022405
2412552421,50025524,23210025524
3113130722,32031307,32221031307
2412543521,50025435,23210025435
2412242921,50022429,23210022429
2412243021,50022430,23210022430
2762120333,40321203,23831021203
2472540731,40025407,23810025407
2472540732,40025407,23820025407
2472540733,40025407,23830025407
2472550532,40025505,23820025505
2472550533,40025505,23830025505
2121330111,43013301,22132513301
2762210632,40322106,23821022106
2473220531,40032205,23810032205
2762111433,40321114,23831021114
2121330211,43013302,22132513302
2111330211,43013302,22122513302
2762210732,40322107,23821022107
2122540211,43025402,22132125402
2113101111,43031011,22122231011
2762210733,40322107,23831022107
2762210633,40322106,23831022106
2762140632,40321406,23821021406
3112530222,32025302,32221025302
2762140633,40321406,23831021406
2122550311,43025503,22132125503
1031003111,67010031,21160010031
2442340222,51023402,23520023402
2432340211,51023402,23410023402
2442500521,51025005,23510025005
2442500522,51025005,23520025005
2432500511,51025005,23410025005
2442551021,51025510,23510025510
2442551022,51025510,23520025510
2432551011,51025510,23410025510
2472540931,40025409,23810025409
2472550732,40025507,23820025507
2473120831,40031208,23810031208
2473120832,40031208,23820031208
2473220431,40032204,23810032204
2473220432,40032204,23820032204
2473220433,40032204,23830032204
2413122321,50031223,23210031223
2403122111,50031221,23110031221
1021000211,67010002,21150010002
2472550632,40025506,23820025506
2473220532,40032205,23820032205
2413122122,50031221,23220031221
2121330311,43013303,22132513303
2473230232,40032302,23820032302
2473230233,40032302,23830032302
2732110822,40321108,23721021108
2732110921,40321109,23711021109
2732110922,40321109,23721021109
2473430231,40034302,23810034302
2473430232,40034302,23820034302
2732120622,40321206,23721021206
2732120621,40321206,23711021206
2732120721,40321207,23711021207
2732110821,40321108,23711021108
2732120722,40321207,23721021207
3712130822,32321308,32222021308
3713430222,32334302,32222034302
2413122322,50031223,23220031223
4173320611,26033206,52111033206
2473110532,40031105,23820031105
3912220121,36022201,52110022201
3912220122,36022201,52120022201
2472230431,40022304,23810022304
2403430711,50034307,23110034307
2402213711,50022137,23110022137
2472230531,40022305,23810022305
2413361122,50033611,23220033611
3912230121,36022301,52110022301
3912230122,36022301,52120022301
2413361121,50033611,23210033611
2403361111,50033611,23110033611
2313101111,43031011,22124131011
7503299911,58232999,46110032999
7513199911,48231999,46210031999
3713430221,32334302,32212034302
3712130821,32321308,32212021308
2762121032,40321210,23821021210
2762130332,40321303,23821021303
2712123421,50321234,23211021234
2712100921,50321009,23211021009
2763390131,40333901,23811033901
2112000711,43020007,22122320007
2422240632,50022406,23320022406
2452300411,40023004,23610023004
3183320511,32033205,32333033205
2762120931,40321209,23811021209
2112000311,43020003,22122C20003
2402530611,50025306,23110025306
2402213811,50022138,23110022138
2412530621,50025306,23210025306
2413112021,50031120,23210031120
3112541322,32025413,32221025413
3112541321,32025413,32211025413
2462300421,40023004,23710023004
2462300422,40023004,23720023004
2472300431,40023004,23810023004
3112541421,32025414,32211025414
3112541422,32025414,32221025414
2412213821,50022138,23210022138
2402431511,50024315,23110024315
2452300511,40023005,23610023005
2462300521,40023005,23710023005
2462300522,40023005,23720023005
2762121232,40321212,23821021212
2762121233,40321212,23831021212
1031002511,67010025,21160010025
3102541511,32025415,32111025415
2762120332,40321203,23821021203
2762121133,40321211,23831021211
3112541522,32025415,32221025415
3103240911,32032409,32111032409
3112541521,32025415,32211025415
3113240922,32032409,32221032409
3113240921,32032409,32211032409
2402322011,50023220,23110023220
2403112211,50031122,23110031122
2402543611,50025436,23110025436
2542210921,45022109,25110022109
2542210922,45022109,25120022109
2543340721,45033407,25110033407
2543340722,45033407,25120033407
2402521811,50025218,23110025218
2402522011,50025220,23110025220
2021001911,47010019,22131810019
3112500722,32025007,32221025007
3102500811,32025008,32111025008
3112500821,32025008,32211025008
3112500822,32025008,32221025008
3102500911,32025009,32111025009
3112500921,32025009,32211025009
3112500922,32025009,32221025009
3102500711,32025007,32111025007
3702130811,32321308,32112021308
2403112011,50031120,23110031120
2412332522,50023325,23220023325
1122199911,63021999,21320021999
2712131422,50321314,23221021314
2402322111,50023221,23110023221
3113140921,32031409,32211031409
2472521331,40025213,23810025213
3113140922,32031409,32221031409
2422332531,50023325,23310023325
4413320531,26033205,52111033205
4413320533,26033205,52131033205
2413112022,50031120,23220031120
2413440521,50034405,23210034405
2412332521,50023325,23210023325
2402332511,50023325,23110023325
2403440511,50034405,23110034405
2402010111,50020101,23110020101
3152240211,32122402,32510022402
3162240221,32122402,32610022402
3162240222,32122402,32620022402
3152341011,32123410,32510023410
3162341021,32123410,32610023410
2762130333,40321303,23831021303
2403360311,50033603,23110033603
3113210522,32032105,32221032105
2423361631,50033616,23310033616
3112541021,32025410,32211025410
3103261111,32032611,32111032611
2712101021,50321010,23211021010
2712101022,50321010,23221021010
2712140521,50321405,23211021405
2712140522,50321405,23221021405
2712131421,50321314,23211021314
2402200511,50022005,23110022005
3112240521,32022405,32211022405
3113210521,32032105,32211032105
2413222822,50032228,23220032228
2413361621,50033616,23210033616
2413361622,50033616,23220033616
3113260921,32032609,32211032609
2423361632,50033616,23320033616
2403222811,50032228,23110032228
3113261022,32032610,32221032610
2713300321,50333003,23211033003
2713300322,50333003,23221033003
2712123622,50321236,23221021236
2712123621,50321236,23211021236
2712123521,50321235,23211021235
2712123522,50321235,23221021235
2712113021,50321130,23211021130
2422322432,50023224,23320023224
7003199911,58331999,41110031999
7003299911,58332999,41110032999
2413221721,50032217,23210032217
3112541022,32025410,32221025410
3103240811,32032408,32111032408
3113240822,32032408,32221032408
2423361633,50033616,23330033616
2402213611,50022136,23110022136
3103121211,32031212,32111031212
2402344111,50023441,23110023441
2403111711,50031117,23110031117
2402543211,50025432,23110025432
2403361611,50033616,23110033616
2402236011,50022360,23110022360
2402513711,50025137,23110025137
3113240821,32032408,32211032408
3113121222,32031212,32221031212
3103121011,32031210,32111031210
3113121221,32031212,32211031212
3112540822,32025408,32221025408
3113140721,32031407,32211031407
2462300321,40023003,23710023003
2462300322,40023003,23720023003
2452300311,40023003,23610023003
2712113022,50321130,23221021130
3011104122,37011041,31121111041
3011104222,37011042,31121111042
2123100911,43031009,22132231009
2222530111,42025301,22133125301
2222520111,42025201,22133125201
2212520411,42025204,22123125204
2222550711,42025507,22133125507
2222550811,42025508,22133125508
2213220311,42032203,22123132203
2223221211,42032212,22133132212
2212250111,42022501,22123122501
3011104322,37011043,31121111043
2542321221,45023212,25110023212
2412513221,50025132,23210025132
2402550911,50025509,23110025509
2113101011,43031010,22122231010
3112000622,32020006,32221020006
3102541011,32025410,32111025410
3103140711,32031407,32111031407
3112011421,32020114,32211020114
2542321222,45023212,25120023212
2313101011,43031010,22124131010
2453110411,40031104,23610031104
2123101211,43031012,22132231012
2123101311,43031013,22132231013
2123101411,43031014,22132231014
2123101511,43031015,22132231015
3112551521,32025515,32211025515
2302199911,42021999,22114121999
2472419932,40024199,23820024199
3102000711,32020007,32111020007
3102011411,32020114,32111020114
3102011011,32020110,32111020110
3112000722,32020007,32221020007
2402344411,50023444,23110023444
3102231311,32022313,32111022313
3112521022,32025210,32221025210
3102521011,32025210,32111025210
3112521121,32025211,32211025211
3112521122,32025211,32221025211
3102521111,32025211,32111025211
3112521221,32025212,32211025212
3112521222,32025212,32221025212
3102521211,32025212,32111025212
2402432011,50024320,23110024320
2402400511,50024005,23110024005
2413231422,50032314,23220032314
2403231411,50032314,23110032314
3112000721,32020007,32211020007
3713300221,32333002,32212033002
2473120833,40031208,23830031208
7409990111,58199901,44110099901
7419990111,48199901,44210099901
7429990111,38199901,44310099901
2542210821,45022108,25110022108
2542210822,45022108,25120022108
3112011422,32020114,32221020114
3103430111,32034301,32111034301
2762111132,40321111,23821021111
3112011021,32020110,32211020110
3112011022,32020110,32221020110
2452550711,40025507,23610025507
2462550721,40025507,23710025507
2462550722,40025507,23720025507
2452500711,40025007,23610025007
2462500721,40025007,23710025007
2462500722,40025007,23720025007
2453300211,40033002,23610033002
3113320421,32033204,32211033204
2472540533,40025405,23830025405
4413320532,26033205,52121033205
2762111133,40321111,23831021111
41000111,70010001,11100010001
2452540511,40025405,23610025405
2463110322,40031103,23720031103
2473110332,40031103,23820031103
2453110311,40031103,23610031103
2463110422,40031104,23720031104
2473110433,40031104,23830031104
2463340222,40033402,23720033402
2472550531,40025505,23810025505
2473340232,40033402,23820033402
2542321321,45023213,25110023213
2473340233,40033402,23830033402
2543310522,45033105,25120033105
2543360522,45033605,25120033605
2412400422,50024004,23220024004
2422400432,50024004,23320024004
2422400433,50024004,23330024004
2402400411,50024004,23110024004
2412423322,50024233,23220024233
2422423332,50024233,23320024233
2422423333,50024233,23330024233
2402423411,50024234,23110024234
2412423422,50024234,23220024234
2422423433,50024234,23330024234
2402423511,50024235,23110024235
1159999911,63199999,21350099999
2472529931,40025299,23810025299
2422240633,50022406,23330022406
2532520711,01025207,23910025207
3713000122,32330001,32222030001
2412330221,50023302,23210023302
2542331622,45023316,25120023316
2763300131,40333001,23811033001
2762121033,40321210,23831021210
2402424111,50024241,23110024241
3102541611,32025416,32111025416
2402400611,50024006,23110024006
2402236111,50022361,23110022361
2542330822,45023308,25120023308
2412423522,50024235,23220024235
2422423532,50024235,23320024235
2422423533,50024235,23330024235
2402236211,50022362,23110022362
2403112111,50031121,23110031121
2402431811,50024318,23110024318
2412235622,50022356,23220022356
2422235632,50022356,23320022356
3112501021,32025010,32211025010
2402235611,50022356,23110022356
2472209931,40022099,23810022099
2472209932,40022099,23820022099
2472219931,40022199,23810022199
2472219932,40022199,23820022199
2472229931,40022299,23810022299
2472229932,40022299,23820022299
2472239931,40022399,23810022399
2472239932,40022399,23820022399
2472249931,40022499,23810022499
2472249932,40022499,23820022499
2472259931,40022599,23810022599
2472259932,40022599,23820022599
2472269931,40022699,23810022699
2472269932,40022699,23820022699
2472279931,40022799,23810022799
2472279932,40022799,23820022799
2472309931,40023099,23810023099
2472309932,40023099,23820023099
2472319931,40023199,23810023199
2472329931,40023299,23810023299
2472329932,40023299,23820023299
2472339931,40023399,23810023399
2472339932,40023399,23820023399
2542331721,45023317,25110023317
3112500721,32025007,32211025007
2542331722,45023317,25120023317
2542330121,45023301,25110023301
2542321621,45023216,25110023216
2542321622,45023216,25120023216
3203342111,32033421,32420033421
3203340511,32033405,32420033405
2473310231,40033102,23810033102
5521199999,17011999,33100011999
2472349931,40023499,23810023499
5522399999,17023999,33100023999
5522299999,17022999,33100022999
5522199999,17021999,33100021999
5521099999,17010999,33100010999
2472409931,40024099,23810024099
3162510121,32125101,32610025101
2472409932,40024099,23820024099
2472419931,40024199,23810024199
2472429932,40024299,23820024299
2472439931,40024399,23810024399
2472439932,40024399,23820024399
2472509931,40025099,23810025099
2472509932,40025099,23820025099
2472519932,40025199,23820025199
2472529932,40025299,23820025299
2472539931,40025399,23810025399
2472549931,40025499,23810025499
2472549932,40025499,23820025499
2472559931,40025599,23810025599
2472559932,40025599,23820025599
2473009931,40030099,23810030099
2222210211,42022102,22133122102
2212410111,42024101,22123124101
2212340211,42023402,22123123402
2222420611,42024206,22133124206
2212340511,42023405,22123123405
2223110211,42031102,22133131102
2212300411,42023004,22123123004
2222340711,42023407,22133123407
2512231221,40122312,23C10022312
2322330111,42023301,22124223301
3112521321,32025213,32211025213
2312540211,43025402,22124125402
2322540211,42025402,22124225402
2312510511,43025105,22124125105
2322240211,42022402,22124222402
2323220211,42032202,22124232202
2323221211,42032212,22124232212
2472130233,40021302,23830021302
5521299999,17012999,33100012999
2322230711,42022307,22124222307
2472130231,40021302,23810021302
1001002211,67010022,21110010022
1011002211,67010022,21120010022
2712100922,50321009,23221021009
2712123422,50321234,23221021234
2543220322,45032203,25120032203
3102521311,32025213,32111025213
3011103721,37011037,31111111037
3011103821,37011038,31111111038
2462320321,40023203,23710023203
2462320322,40023203,23720023203
2452320311,40023203,23610023203
2462310321,40023103,23710023103
2462310322,40023103,23720023103
2452310311,40023103,23610023103
3112541621,32025416,32211025416
1031002211,67010022,21160010022
1021002211,67010022,21150010022
3112521322,32025213,32221025213
1031002611,67010026,21160010026
1651000211,69010002,24320010002
2473110533,40031105,23830031105
4413320231,26033202,52111033202
5522099999,17020999,33100020999
5522499999,17024999,33100024999
2762210331,40322103,23811022103
3011104022,37011040,31121111040
2312220611,43022206,22124122206
2322420611,42024206,22124224206
2323110211,42031102,22124231102
2313260111,43032601,22124132601
2311330111,43013301,22124113301
2313340111,43033401,22124133401
2323340911,42033409,22124233409
2462320121,40023201,23710023201
2462270121,40022701,23710022701
2462330222,40023302,23720023302
2462510521,40025105,23710025105
2462500221,40025002,23710025002
2462550322,40025503,23720025503
2463220122,40032201,23720032201
2462500321,40025003,23710025003
2462250122,40022501,23720022501
2462420121,40024201,23710024201
2462420221,40024202,23710024202
2463210122,40032101,23720032101
2473129932,40031299,23820031299
4502499999,20524999,39400024999
2762210431,40322104,23811022104
2463300221,40033002,23710033002
2463300222,40033002,23720033002
2452240211,40022402,23610022402
2462240221,40022402,23710022402
2462240222,40022402,23720022402
2452240311,40022403,23610022403
2462240321,40022403,23710022403
2462240322,40022403,23720022403
2452340411,40023404,23610023404
2462340421,40023404,23710023404
2462340422,40023404,23720023404
2452340511,40023405,23610023405
2462340521,40023405,23710023405
2462340522,40023405,23720023405
2703300111,50333001,23111033001
2713300121,50333001,23211033001
3712111221,32321112,32212021112
3712111222,32321112,32222021112
3152341111,32123411,32510023411
4503099999,20530999,39400030999
4503199999,20531999,39400031999
3712211321,32322113,32212022113
3712211322,32322113,32222022113
3162341122,32123411,32620023411
2762100132,40321001,23821021001
2762100133,40321001,23831021001
2762120633,40321206,23831021206
2762120632,40321206,23821021206
4503299999,20532999,39400032999
2762130132,40321301,23821021301
2762130133,40321301,23831021301
2532550711,01025507,23910025507
2452300211,40023002,23610023002
2462300221,40023002,23710023002
2462300222,40023002,23720023002
2452310211,40023102,23610023102
2462310221,40023102,23710023102
2462310222,40023102,23720023102
4503499999,20534999,39400034999
2722121221,51321212,23511021212
2722121222,51321212,23521021212
2723350221,51333502,23511033502
2723350222,51333502,23521033502
2722121321,51321213,23511021213
2722121322,51321213,23521021213
2733340121,40333401,23711033401
2762120733,40321207,23831021207
4502399999,20523999,39400023999
2001001411,47010014,22111410014
2762110933,40321109,23831021109
2762110932,40321109,23821021109
2733340122,40333401,23721033401
2452340611,40023406,23610023406
2462340621,40023406,23710023406
2462340622,40023406,23720023406
2452340711,40023407,23610023407
2462340721,40023407,23710023407
4503399999,20533999,39400033999
4502199999,20521999,39400021999
3011103522,37011035,31121111035
3102551511,32025515,32111025515
3112551522,32025515,32221025515
4502099999,20520999,39400020999
4501399999,20513999,39400013999
2442420422,51024204,23520024204
2432420411,51024204,23410024204
2442550722,51025507,23520025507
2432550711,51025507,23410025507
2422235633,50022356,23330022356
2762120532,40321205,23821021205
2762120533,40321205,23831021205
2762110332,40321103,23821021103
2762110432,40321104,23821021104
2762110433,40321104,23831021104
2762110532,40321105,23821021105
2762110533,40321105,23831021105
2762110333,40321103,23831021103
2412344721,50023447,23210023447
4501299999,20512999,39400012999
4501199999,20511999,39400011999
4501099999,20510999,39400010999
4502299999,20522999,39400022999
4502599999,20525999,39400025999
2413111921,50031119,23210031119
4512299999,26Z22999,3A100022999
4512599999,26Z25999,3A100025999
4513499999,26Z34999,3A100034999
4513399999,26Z33999,3A100033999
4513299999,26Z32999,3A100032999
4513199999,26Z31999,3A100031999
4513099999,26Z30999,3A100030999
4511299999,26Z12999,3A100012999
4511099999,26Z10999,3A100010999
2403111911,50031119,23110031119
4512499999,26Z24999,3A100024999
4511199999,26Z11999,3A100011999
4511399999,26Z13999,3A100013999
4512099999,26Z20999,3A100020999
5502099999,13520999,39600020999
1031001811,67010018,21160010018
3501110122,35011101,39312011101
3501140121,35011401,39311011401
3501140122,35011401,39312011401
3501160122,35011601,39312011601
3501160222,35011602,39312011602
3502000421,35020004,39311020004
3502000422,35020004,39312020004
3502000521,35020005,39311020005
3502000522,35020005,39312020005
3502010221,35020102,39311020102
3502010222,35020102,39312020102
3502010521,35020105,39311020105
3502010522,35020105,39312020105
3502221022,35022210,39312022210
1001002411,67010024,21110010024
2473009932,40030099,23820030099
2473109931,40031099,23810031099
2473109932,40031099,23820031099
2473119931,40031199,23810031199
2473119932,40031199,23820031199
2473129931,40031299,23810031299
2473139931,40031399,23810031399
2473139932,40031399,23820031399
2473149931,40031499,23810031499
2473149932,40031499,23820031499
5503399999,13533999,39600033999
5503299999,13532999,39600032999
5503199999,13531999,39600031999
5503099999,13530999,39600030999
2472520833,40025208,23830025208
5502599999,13525999,39600025999
2473430233,40034302,23830034302
5502499999,13524999,39600024999
5502399999,13523999,39600023999
2532330211,01023302,23910023302
2543340522,45033405,25120033405
2502240911,40122409,23B10022409
2462130122,40021301,23720021301
2452500811,40025008,23610025008
2462500821,40025008,23710025008
2462500822,40025008,23720025008
3133310932,32233109,32322033109
2472521232,40025212,23820025212
3133310933,32233109,32332033109
4413320332,26033203,52121033203
5502199999,13521999,39600021999
3011103922,37011039,31121111039
3712101422,32321014,32222021014
3712101421,32321014,32212021014
3702101411,32321014,32112021014
2473159931,40031599,23810031599
2473159932,40031599,23820031599
2473209931,40032099,23810032099
2473209932,40032099,23820032099
2473219931,40032199,23810032199
2473219932,40032199,23820032199
2473229931,40032299,23810032299
2473229932,40032299,23820032299
2473239931,40032399,23810032399
2473239932,40032399,23820032399
2473249931,40032499,23810032499
2473249932,40032499,23820032499
2473259931,40032599,23810032599
2473259932,40032599,23820032599
2473269931,40032699,23810032699
2473309931,40033099,23810033099
2473309932,40033099,23820033099
2473319931,40033199,23810033199
2473319932,40033199,23820033199
2473329931,40033299,23810033299
2473329932,40033299,23820033299
2473339932,40033399,23820033399
2473349931,40033499,23810033499
2473349932,40033499,23820033499
2473359931,40033599,23810033599
2473369931,40033699,23810033699
2473369932,40033699,23820033699
2473409931,40034099,23810034099
2473409932,40034099,23820034099
2473419932,40034199,23820034199
2473429931,40034299,23810034299
2473429932,40034299,23820034299
4413320432,26033204,52121033204
2402344911,50023449,23110023449
4413320333,26033203,52131033203
4413320433,26033204,52131033204
2011101311,47011013,22121111013
4413320233,26033202,52131033202
5501399999,13513999,39600013999
5501299999,13512999,39600012999
5501199999,13511999,39600011999
2473440231,40034402,23810034402
2473440232,40034402,23820034402
2473440233,40034402,23830034402
5501099999,13510999,39600010999
3001000411,37010004,31111410004
2403440411,50034404,23110034404
2472550731,40025507,23810025507
2403361011,50033610,23110033610
2413361022,50033610,23220033610
2762130232,40321302,23821021302
2762210532,40322105,23821022105
2762140532,40321405,23821021405
2762130233,40321302,23831021302
2762210533,40322105,23831022105
2762140533,40321405,23831021405
2473110432,40031104,23820031104
3103232911,32032329,32111032329
2122000311,43020003,22132C20003
5503499999,13534999,39600034999
2769999931,40399999,23811099999
5502299999,13522999,39600022999
5513499999,16Z34999,3A000034999
5513399999,16Z33999,3A000033999
1011002311,67010023,21120010023
2542310521,45023105,25110023105
2542310522,45023105,25120023105
1021002311,67010023,21150010023
1031002311,67010023,21160010023
2122000711,43020007,22132320007
1031002411,67010024,21160010024
4413320232,26033202,52121033202
4413320331,26033203,52111033203
4413320431,26033204,52111033204
5513299999,16Z32999,3A000032999
2402424211,50024242,23110024242
5511099999,16Z10999,3A000010999
5513099999,16Z30999,3A000030999
5511199999,16Z11999,3A000011999
5511299999,16Z12999,3A000012999
2412271422,50022714,23220022714
2412271421,50022714,23210022714
5512499999,16Z24999,3A000024999
3703430211,32334302,32112034302
3713300222,32333002,32222033002
2413231421,50032314,23210032314
2001001711,47010017,22111410017
2001001611,47010016,22111410016
5513199999,16Z31999,3A000031999
5512599999,16Z25999,3A000025999
5511399999,16Z13999,3A000013999
5512399999,16Z23999,3A000023999
2412213521,50022135,23210022135
2423300232,50033002,23320033002
2412543522,50025435,23220025435
3112551921,32025519,32211025519
3103260811,32032608,32111032608
3113260821,32032608,32211032608
3113260822,32032608,32221032608
2402543511,50025435,23110025435
5512299999,16Z22999,3A000022999
5512199999,16Z21999,3A000021999
5512099999,16Z20999,3A000020999
5521399999,17013999,33100013999
5522599999,17025999,33100025999
2402243011,50022430,23110022430
5523499999,17034999,33100034999
5523399999,17033999,33100033999
7502099911,58220999,46110020999
7502199911,58221999,46110021999
2722121421,51321214,23511021214
2722121422,51321214,23521021214
4162200121,14022001,32810022001
4162200122,14022001,32820022001
2021101311,47011013,22131111013
3112540921,32025409,32211025409
3112540922,32025409,32221025409
3102540911,32025409,32111025409
3102000611,32020006,32111020006
3112000621,32020006,32211020006
3112320321,32023203,32211023203
3112320322,32023203,32221023203
3102320311,32023203,32111023203
5523299999,17032999,33100032999
5523199999,17031999,33100031999
3112010821,32020108,32211020108
3102010811,32020108,32111020108
2762120831,40321208,23811021208
7534100111,59941001,41411041001
3102250511,32022505,32111022505
3112330221,32023302,32211023302
3112330222,32023302,32221023302
3102330211,32023302,32111023302
5523099999,17030999,33100030999
3112520421,32025204,32211025204
3102520411,32025204,32111025204
4512199999,26Z21999,3A100021999
3112220422,32022204,32221022204
3112220621,32022206,32211022206
3112260322,32022603,32221022603
3102260311,32022603,32111022603
3112260222,32022602,32221022602
3112260321,32022603,32211022603
3112250621,32022506,32211022506
3112521521,32025215,32211025215
3112250622,32022506,32221022506
3112521522,32025215,32221025215
3112250422,32022504,32221022504
3102250411,32022504,32111022504
1001003011,67010030,21110010030
1661000211,69010002,24330010002
1001002911,67010029,21110010029
3112250521,32022505,32211022505
3112521021,32025210,32211025210
3102521511,32025215,32111025215
3112521721,32025217,32211025217
1011000111,67010001,21120010001
3102250611,32022506,32111022506
1001002711,67010027,21110010027
3112230721,32022307,32211022307
3112521722,32025217,32221025217
3112231621,32022316,32211022316
2762111031,40321110,23811021110
3112250522,32022505,32221022505
4512399999,26Z23999,3A100023999
3512499999,36Z24999,3A200024999
2532540511,01025405,23910025405
1031001911,67010019,21160010019
2413361521,50033615,23210033615
2412543821,50025438,23210025438
2413361522,50033615,23220033615
3513099999,36Z30999,3A200030999
2762100432,40321004,23821021004
3513499999,36Z34999,3A200034999
2472230631,40022306,23810022306
2402332411,50023324,23110023324
3513399999,36Z33999,3A200033999
2412543822,50025438,23220025438
2472270331,40022703,23810022703
2472270431,40022704,23810022704
3513199999,36Z31999,3A200031999
3512599999,36Z25999,3A200025999
3511199999,36Z11999,3A200011999
3512399999,36Z23999,3A200023999
3513299999,36Z32999,3A200032999
3511099999,36Z10999,3A200010999
3511299999,36Z12999,3A200012999
3511399999,36Z13999,3A200013999
3512099999,36Z20999,3A200020999
2402543811,50025438,23110025438
2403361511,50033615,23110033615
1001002311,67010023,21110010023
2472500731,40025007,23810025007
1001002811,67010028,21110010028
2472530631,40025306,23810025306
2472521731,40025217,23810025217
2762100433,40321004,23831021004
2403222711,50032227,23110032227
2762111333,40321113,23831021113
2472521831,40025218,23810025218
2472500531,40025005,23810025005
2472510631,40025106,23810025106
2472510731,40025107,23810025107
2422344932,50023449,23320023449
2472550931,40025509,23810025509
2423430131,50034301,23310034301
2472300631,40023006,23810023006
2001001511,47010015,22111410015
3512199999,36Z21999,3A200021999
3512299999,36Z22999,3A200022999
2553099999,46Z30999,23E00030999
2552499999,46Z24999,23E00024999
2553399999,46Z33999,23E00033999
2553199999,46Z31999,23E00031999
2543130622,45031306,25120031306
2552599999,46Z25999,23E00025999
2472500831,40025008,23810025008
2553499999,46Z34999,23E00034999
2551099999,46Z10999,23E00010999
2472521131,40025211,23810025211
2552299999,46Z22999,23E00022999
2422322233,50023222,23330023222
2403400211,50034002,23110034002
2552199999,46Z21999,23E00021999
2402321711,50023217,23110023217
2422322231,50023222,23310023222
2552099999,46Z20999,23E00020999
2551399999,46Z13999,23E00013999
2412322221,50023222,23210023222
2551299999,46Z12999,23E00012999
2412343721,50023437,23210023437
2551199999,46Z11999,23E00011999
2422322232,50023222,23320023222
2553299999,46Z32999,23E00032999
2402242811,50022428,23110022428
2402431611,50024316,23110024316
2402322211,50023222,23110023222
2552399999,46Z23999,23E00023999
2412322222,50023222,23220023222
2562599999,56Z25999,23F00025999
2563099999,56Z30999,23F00030999
2563199999,56Z31999,23F00031999
2402521911,50025219,23110025219
2402432111,50024321,23110024321
2402521311,50025213,23110025213
2402343811,50023438,23110023438
2412521321,50025213,23210025213
2402431911,50024319,23110024319
2542331022,45023310,25120023310
2412521221,50025212,23210025212
2403430311,50034303,23110034303
2101330211,43013302,22112113302
2563299999,56Z32999,23F00032999
2423110731,50031107,23310031107
3011201122,37012011,31121312011
2402512311,50025123,23110025123
2412311921,50023119,23210023119
2472550631,40025506,23810025506
2202240711,42022407,22113122407
2412311922,50023119,23220023119
2202330411,42023304,22113123304
2403430111,50034301,23110034301
2473110531,40031105,23810031105
2422311932,50023119,23320023119
2422311933,50023119,23330023119
2562499999,56Z24999,23F00024999
2402343011,50023430,23110023430
2412332621,50023326,23210023326
2402343111,50023431,23110023431
2473300431,40033004,23810033004
2402242711,50022427,23110022427
2403231011,50032310,23110032310
2402234911,50022349,23110022349
2402235111,50022351,23110022351
2402342011,50023420,23110023420
2402251011,50022510,23110022510
2402311911,50023119,23110023119
2403230711,50032307,23110032307
2422321832,50023218,23320023218
2422332631,50023326,23310023326
2422332633,50023326,23330023326
2403340811,50033408,23110033408
2403121411,50031214,23110031214
2422332632,50023326,23320023326
2412214122,50022141,23220022141
2413361021,50033610,23210033610
2563499999,56Z34999,23F00034999
2422214131,50022141,23310022141
2412332622,50023326,23220023326
2422214133,50022141,23330022141
2472521231,40025212,23810025212
2402521111,50025211,23110025211
3113342021,32033420,32211033420
2561399999,56Z13999,23F00013999
2402510811,50025108,23110025108
2402300211,50023002,23110023002
2422214132,50022141,23320022141
2412214121,50022141,23210022141
2412332721,50023327,23210023327
2412332722,50023327,23220023327
2402260911,50022609,23110022609
2422332732,50023327,23320023327
2422332733,50023327,23330023327
2403222211,50032222,23110032222
2402332611,50023326,23110023326
2402542511,50025425,23110025425
2402214111,50022141,23110022141
2402412511,50024125,23110024125
2402412611,50024126,23110024126
2402233211,50022332,23110022332
2402234211,50022342,23110022342
2762110832,40321108,23821021108
2412233921,50022339,23210022339
2762110833,40321108,23831021108
2472130333,40021303,23830021303
2472130331,40021303,23810021303
2473111031,40031110,23810031110
2563399999,56Z33999,23F00033999
2473111033,40031110,23830031110
3112231822,32022318,32221022318
2562399999,56Z23999,23F00023999
2562299999,56Z22999,23F00022999
2473111133,40031111,23830031111
2561299999,56Z12999,23F00012999
2562199999,56Z21999,23F00021999
2561199999,56Z11999,23F00011999
2402332711,50023327,23110023327
2473111032,40031110,23820031110
2561099999,56Z10999,23F00010999
2562099999,56Z20999,23F00020999
3113261122,32032611,32221032611
2412120321,50021203,23210021203
3001104511,37011045,31111111045
3001201811,37012018,31111312018
2472500832,40025008,23820025008
2412513721,50025137,23210025137
2472500833,40025008,23830025008
3001104411,37011044,31111111044
4152099999,25020999,39500020999
4151399999,25013999,39500013999
3001101611,37011016,31111111016
3171340131,32113401,32710013401
2412120322,50021203,23220021203
4152499999,25024999,39500024999
4152399999,25023999,39500023999
4151299999,25012999,39500012999
4152199999,25021999,39500021999
4151099999,25010999,39500010999
4151199999,25011999,39500011999
3011201022,37012010,31121312010
2712122922,50321229,23221021229
4152299999,25022999,39500022999
4153499999,25034999,39500034999
4153399999,25033999,39500033999
4153299999,25032999,39500032999
2762120732,40321207,23821021207
2422343031,50023430,23310023430
2413341221,50033412,23210033412
2132100411,43321004,22122921004
2142100411,43321004,22132921004
2223310311,42033103,22133133103
2403341211,50033412,23110033412
2413341222,50033412,23220033412
4153199999,25031999,39500031999
4153099999,25030999,39500030999
4152599999,25025999,39500025999
2472551631,40025516,23810025516
1641000211,69010002,24310010002
1671000211,69010002,24340010002
3722110299,36321102,33200021102
3722120499,36321204,33200021204
2412130721,50021307,23210021307
2412130722,50021307,23220021307
2762111332,40321113,23821021113
3722121299,36321212,33200021212
2412130821,50021308,23210021308
2412130822,50021308,23220021308
3102130411,32021304,32111021304
2423222233,50032222,23330032222
2011200511,47012005,22121312005
2021200511,47012005,22131312005
2712123721,50321237,23211021237
2712123722,50321237,23221021237
3722210899,36322108,33200022108
3722211099,36322110,33200022110
3722120699,36321206,33200021206
2412000621,50020006,23210020006
2413000121,50030001,23210030001
3722210799,36322107,33200022107
2422412733,50024127,23330024127
3011202021,37012020,31111312020
3011201921,37012019,31111312019
3011201922,37012019,31121312019
3722210999,36322109,33200022109
2762111231,40321112,23811021112
3722120799,36321207,33200021207
3722120999,36321209,33200021209
3722121099,36321210,33200021210
3723140399,36331403,33200031403
2422212932,50022129,23320022129
2752120399,45321203,25100021203
2752140399,45321403,25100021403
2752110399,45321103,25100021103
2782121399,46321213,23G00021213
2782121899,46321218,23G00021218
2542331422,45023314,25120023314
2423121433,50031214,23330031214
2423121533,50031215,23330031215
2402213911,50022139,23110022139
2402522111,50025221,23110025221
2402522211,50025222,23110025222
2542331521,45023315,25110023315
2542331522,45023315,25120023315
2542331222,45023312,25120023312
2402522311,50025223,23110025223
2542331421,45023314,25110023314
2412522122,50025221,23220025221
2782120899,46321208,23G00021208
2422423132,50024231,23320024231
3112130421,32021304,32211021304
3202130311,32021303,32420021303
3112130422,32021304,32221021304
2782120999,46321209,23G00021209
2782121099,46321210,23G00021210
2782121199,46321211,23G00021211
2782110499,46321104,23G00021104
2783340199,46333401,23G00033401
2422412732,50024127,23320024127
2782121699,46321216,23G00021216
2413310621,50033106,23210033106
2782140599,46321405,23G00021405
2782110599,46321105,23G00021105
2782110699,46321106,23G00021106
2782121799,46321217,23G00021217
2782120699,46321206,23G00021206
2782100299,46321002,23G00021002
2782120499,46321204,23G00021204
2412342721,50023427,23210023427
2423231332,50032313,23320032313
2422242832,50022428,23320022428
2792120399,56321203,23H00021203
2423121733,50031217,23330031217
2793340299,56333402,23H00033402
2792140399,56321403,23H00021403
3113121122,32031211,32221031211
2422311532,50023115,23320023115
2422431332,50024313,23320024313
2412213621,50022136,23210022136
2423121432,50031214,23320031214
2423121532,50031215,23320031215
2423122032,50031220,23320031220
2423110732,50031107,23320031107
2422343332,50023433,23320023433
2422300233,50023002,23330023002
2422321733,50023217,23330023217
2422220132,50022201,23320022201
2422331133,50023311,23330023311
2422321732,50023217,23320023217
2422300232,50023002,23320023002
2422342832,50023428,23320023428
2422342833,50023428,23330023428
2413230721,50032307,23210032307
2413230821,50032308,23210032308
2412530521,50025305,23210025305
2423440432,50034404,23320034404
2422322033,50023220,23330023220
2423122332,50031223,23320031223
2422343533,50023435,23330023435
2412530721,50025307,23210025307
2412212921,50022129,23210022129
2413430321,50034303,23210034303
2422344033,50023440,23330023440
2413430121,50034301,23210034301
2413400221,50034002,23210034002
2413430721,50034307,23210034307
2413320421,50033204,23210033204
2412513321,50025133,23210025133
2412513621,50025136,23210025136
3011200221,37012002,31111312002
2412236121,50022361,23210022361
2412236221,50022362,23210022362
2412413121,50024131,23210024131
2412413021,50024130,23210024130
2413222821,50032228,23210032228
2412343021,50023430,23210023430
2412343121,50023431,23210023431
2412343221,50023432,23210023432
2412423121,50024231,23210024231
2412242821,50022428,23210022428
2412242721,50022427,23210022427
2412242521,50022425,23210022425
2422522332,50025223,23320025223
2413231021,50032310,23210032310
2413231321,50032313,23210032313
2413231221,50032312,23210032312
2412213721,50022137,23210022137
2412234921,50022349,23210022349
2412235021,50022350,23210022350
2412213921,50022139,23210022139
2412235121,50022351,23210022351
2412342021,50023420,23210023420
2412213021,50022130,23210022130
2412344421,50023444,23210023444
2412343921,50023439,23210023439
2412213321,50022133,23210022133
2412311521,50023115,23210023115
2412251021,50022510,23210022510
2412010121,50020101,23210020101
2413111821,50031118,23210031118
2412344321,50023443,23210023443
2413111721,50031117,23210031117
2412344021,50023440,23210023440
2412331821,50023318,23210023318
2412311821,50023118,23210023118
2422522032,50025220,23320025220
2422431933,50024319,23330024319
2412321921,50023219,23210023219
2413121521,50031215,23210031215
2412321821,50023218,23210023218
2422543133,50025431,23330025431
2412543221,50025432,23210025432
2412432021,50024320,23210024320
2412431321,50024313,23210024313
2412512321,50025123,23210025123
2412242221,50022422,23210022422
2412233221,50022332,23210022332
2412344521,50023445,23210023445
2412235321,50022353,23210022353
2413110721,50031107,23210031107
2412311721,50023117,23210023117
2412311621,50023116,23210023116
2422344132,50023441,23320023441
2422344232,50023442,23320023442
2412200221,50022002,23210022002
2412343321,50023433,23210023433
2413121621,50031216,23210031216
2413121921,50031219,23210031219
2412543621,50025436,23210025436
2412431521,50024315,23210024315
2413440421,50034404,23210034404
2413122021,50031220,23210031220
2422530633,50025306,23330025306
2422522333,50025223,23330025223
2412220121,50022201,23210022201
2412510821,50025108,23210025108
2412234321,50022343,23210022343
2422400532,50024005,23320024005
2412321721,50023217,23210023217
2412300221,50023002,23210023002
2412522121,50025221,23210025221
2412522221,50025222,23210025222
2412522321,50025223,23210025223
2412521821,50025218,23210025218
2412521921,50025219,23210025219
2412522021,50025220,23210025220
2412342821,50023428,23210023428
2412322121,50023221,23210023221
2412130521,50021305,23210021305
2412260921,50022609,23210022609
2412344121,50023441,23210023441
2412344221,50023442,23210023442
2412341121,50023411,23210023411
2412400521,50024005,23210024005
2412400621,50024006,23210024006
2412236021,50022360,23210022360
2423222733,50032227,23330032227
2423222032,50032220,23320032220
2413222021,50032220,23210032220
2413222121,50032221,23210032221
2413222221,50032222,23210032222
2413222321,50032223,23210032223
2412424221,50024242,23210024242
2412424021,50024240,23210024240
2412424121,50024241,23210024241
2412552121,50025521,23210025521
2413350121,50033501,23210033501
2412542121,50025421,23210025421
2412250521,50022505,23210022505
2412242021,50022420,23210022420
2412300521,50023005,23210023005
2412332421,50023324,23210023324
2412232421,50022324,23210022324
2413112221,50031122,23210031122
2412234021,50022340,23210022340
2412234121,50022341,23210022341
2412234221,50022342,23210022342
2423231233,50032312,23330032312
2423222332,50032223,23320032223
2412235421,50022354,23210022354
2412542521,50025425,23210025425
2412512621,50025126,23210025126
2413122121,50031221,23210031221
2412200521,50022005,23210022005
2412412521,50024125,23210024125
2412412621,50024126,23210024126
2412332321,50023323,23210023323
2412431821,50024318,23210024318
2412331921,50023319,23210023319
2412432121,50024321,23210024321
2413222521,50032225,23210032225
2413222721,50032227,23210032227
2413121721,50031217,23210031217
2412331121,50023311,23210023311
2412322021,50023220,23210023220
2412423921,50024239,23210024239
2412543421,50025434,23210025434
2423430733,50034307,23330034307
2423440433,50034404,23330034404
2412521721,50025217,23210025217
2412423821,50024238,23210024238
2412242121,50022421,23210022421
2413112121,50031121,23210031121
2412343821,50023438,23210023438
2413360321,50033603,23210033603
2412431921,50024319,23210024319
2412543121,50025431,23210025431
2412332021,50023320,23210023320
2413320422,50033204,23220033204
2412343521,50023435,23210023435
2413430322,50034303,23220034303
2412213922,50022139,23220022139
2412344522,50023445,23220023445
2412331822,50023318,23220023318
2412311722,50023117,23220023117
2412311622,50023116,23220023116
2412321822,50023218,23220023218
2413110722,50031107,23220031107
2412343322,50023433,23220023433
2412543622,50025436,23220025436
2413440422,50034404,23220034404
2413121422,50031214,23220031214
2412220122,50022201,23220022201
2413121522,50031215,23220031215
2413121922,50031219,23220031219
2413122022,50031220,23220031220
2423112232,50031122,23320031122
2412522222,50025222,23220025222
2412344122,50023441,23220023441
2412522322,50025223,23220025223
2412344222,50023442,23220023442
2412322122,50023221,23220023221
2412342822,50023428,23220023428
2412321722,50023217,23220023217
2412300222,50023002,23220023002
2412400522,50024005,23220024005
2412400622,50024006,23220024006
2412332222,50023322,23220023322
2413350122,50033501,23220033501
2413222222,50032222,23220032222
2412332422,50023324,23220023324
2412213622,50022136,23220022136
2412342722,50023427,23220023427
2412200522,50022005,23220022005
2413222722,50032227,23220032227
2412543122,50025431,23220025431
2412332322,50023323,23220023323
2412331922,50023319,23220023319
2412332022,50023320,23220023320
2412331122,50023311,23220023311
2413310722,50033107,23220033107
2413222522,50032225,23220032225
2412250922,50022509,23220022509
2413121722,50031217,23220031217
2423230731,50032307,23310032307
2423320431,50033204,23310033204
2413360322,50033603,23220033603
2423230831,50032308,23310032308
2422530531,50025305,23310025305
2422530731,50025307,23310025307
2422530631,50025306,23310025306
2423111431,50031114,23310031114
2423430331,50034303,23310034303
2422240631,50022406,23310022406
2423360332,50033603,23320033603
2423400231,50034002,23310034002
2423430731,50034307,23310034307
2422543132,50025431,23320025431
2423222532,50032225,23320032225
2413112122,50031121,23220031121
2412343522,50023435,23220023435
2422212931,50022129,23310022129
2423440531,50034405,23310034405
2422513331,50025133,23310025133
2422513631,50025136,23310025136
2422236131,50022361,23310022361
2422236231,50022362,23310022362
2422236331,50022363,23310022363
2422412731,50024127,23310024127
2422413131,50024131,23310024131
2422413031,50024130,23310024130
3112240622,32022406,32221022406
2423222831,50032228,23310032228
2752110499,45321104,25100021104
2782122399,46321223,23G00021223
2422543232,50025432,23320025432
2422343532,50023435,23320023435
2782122099,46321220,23G00021220
2782122299,46321222,23G00021222
2762210831,40322108,23811022108
2422212933,50022129,23330022129
2422343131,50023431,23310023431
2422343231,50023432,23310023432
2422423131,50024231,23310024231
2422242831,50022428,23310022428
2782122199,46321221,23G00021221
2782122499,46321224,23G00021224
2782110899,46321108,23G00021108
2782110799,46321107,23G00021107
2792130599,56321305,23H00021305
2793350199,56333501,23H00033501
3722100299,36321002,33200021002
2752120599,45321205,25100021205
2423121732,50031217,23320031217
2422242731,50022427,23310022427
2422242531,50022425,23310022425
2423231031,50032310,23310032310
2472120432,40021204,23820021204
2423341131,50033411,23310033411
2473120232,40031202,23820031202
2473120233,40031202,23830031202
2473110833,40031108,23830031108
2473120631,40031206,23810031206
2473120632,40031206,23820031206
2473120633,40031206,23830031206
2473121031,40031210,23810031210
2473121032,40031210,23820031210
2473121033,40031210,23830031210
2473120231,40031202,23810031202
2423231331,50032313,23310032313
2423231131,50032311,23310032311
2472530432,40025304,23820025304
2473300231,40033002,23810033002
2472530332,40025303,23820025303
2762140431,40321404,23811021404
2423310732,50033107,23320033107
2423231231,50032312,23310032312
2422234931,50022349,23310022349
2422213531,50022135,23310022135
2422213731,50022137,23310022137
2472530532,40025305,23820025305
2422235031,50022350,23310022350
2422235131,50022351,23310022351
2422342031,50023420,23310023420
2422213031,50022130,23310022130
2422431631,50024316,23310024316
2422343931,50023439,23310023439
2422344431,50023444,23310023444
2473000132,40030001,23820030001
2422213331,50022133,23310022133
3011201622,37012016,31121312016
2422251031,50022510,23310022510
2472500732,40025007,23820025007
2423341231,50033412,23310033412
2422311831,50023118,23310023118
2422010131,50020101,23310020101
2423111831,50031118,23310031118
2532340311,01023403,23910023403
2422344331,50023443,23310023443
2423111731,50031117,23310031117
2422344031,50023440,23310023440
2422311531,50023115,23310023115
2422311533,50023115,23330023115
2472400232,40024002,23820024002
2422431331,50024313,23310024313
2422543231,50025432,23310025432
2422432031,50024320,23310024320
2422321831,50023218,23310023218
2422512331,50025123,23310025123
2422214031,50022140,23310022140
2422213931,50022139,23310022139
2473310232,40033102,23820033102
2422431333,50024313,23330024313
2422321833,50023218,23330023218
2472500532,40025005,23820025005
2472270333,40022703,23830022703
2422242231,50022422,23310022422
2422233231,50022332,23310022332
2423111931,50031119,23310031119
2422344531,50023445,23310023445
2473300232,40033002,23820033002
2472400233,40024002,23830024002
2423121431,50031214,23310031214
2423121531,50031215,23310031215
2423121631,50031216,23310031216
2422552431,50025524,23310025524
2422235331,50022353,23310022353
2422214033,50022140,23330022140
2422344533,50023445,23330023445
2422233233,50022332,23330022332
2472340432,40023404,23820023404
2423121633,50031216,23330031216
2423110733,50031107,23330031107
2472270432,40022704,23820022704
2423121931,50031219,23310031219
2423122031,50031220,23310031220
2422200231,50022002,23310022002
2422343331,50023433,23310023433
2422343333,50023433,23330023433
2472510632,40025106,23820025106
2472270332,40022703,23820022703
2472550932,40025509,23820025509
2423361531,50033615,23310033615
2422241931,50022419,23310022419
2422332131,50023321,23310023321
2422543631,50025436,23310025436
2472510732,40025107,23820025107
2422431531,50024315,23310024315
2423122331,50031223,23310031223
2423440431,50034404,23310034404
2422213831,50022138,23310022138
2473110832,40031108,23820031108
2422220133,50022201,23330022201
2472530233,40025302,23830025302
2472230533,40022305,23830022305
2472510633,40025106,23830025106
2472510733,40025107,23830025107
2422513733,50025137,23330025137
2472530433,40025304,23830025304
2472530333,40025303,23830025303
2011001911,47010019,22121810019
2422513731,50025137,23310025137
2422220131,50022201,23310022201
2422510831,50025108,23310025108
2472530533,40025305,23830025305
2422271431,50022714,23310022714
2472120433,40021204,23830021204
2472270433,40022704,23830022704
2422510833,50025108,23330025108
2472230333,40022303,23830022303
2472500733,40025007,23830025007
2422233931,50022339,23310022339
2422234331,50022343,23310022343
2422342831,50023428,23310023428
2422321731,50023217,23310023217
3011200622,37012006,31121312006
2422300231,50023002,23310023002
2422522131,50025221,23310025221
2422522231,50025222,23310025222
2402212911,50022129,23110022129
2422522331,50025223,23310025223
2422521831,50025218,23310025218
2422521931,50025219,23310025219
2422522031,50025220,23310025220
2403121911,50031219,23110031219
2403122011,50031220,23110031220
2403122411,50031224,23110031224
2403121711,50031217,23110031217
2413122422,50031224,23220031224
3503100521,35031005,39311031005
2422130531,50021305,23310021305
2422322131,50023221,23310023221
2422521933,50025219,23330025219
2422260931,50022609,23310022609
2422432231,50024322,23310024322
2423122432,50031224,23320031224
2423122433,50031224,23330031224
2413122421,50031224,23210031224
2422341131,50023411,23310023411
2422332231,50023322,23310023322
2422344131,50023441,23310023441
3011200121,37012001,31111312001
3113450222,32034502,32221034502
2473220931,40032209,23810032209
3112552022,32025520,32221025520
3102552011,32025520,32111025520
2422344231,50023442,23310023442
2422400531,50024005,23310024005
2422400631,50024006,23310024006
3112552021,32025520,32211025520
2422500131,50025001,23310025001
2422513031,50025130,23310025130
2422321231,50023212,23310023212
2423320131,50033201,23310033201
2422100231,50021002,23310021002
2422343831,50023438,23310023438
2422130331,50021303,23310021303
3102310711,32023107,32111023107
2423222531,50032225,23310032225
2422311931,50023119,23310023119
2422332731,50023327,23310023327
2423361731,50033617,23310033617
2422236031,50022360,23310022360
2423222031,50032220,23310032220
2423222131,50032221,23310032221
2423222231,50032222,23310032222
2423222331,50032223,23310032223
2422424231,50024242,23310024242
2402343311,50023433,23110023433
2422424031,50024240,23310024240
2422424131,50024241,23310024241
2422552131,50025521,23310025521
2423350131,50033501,23310033501
2422542131,50025421,23310025421
2422250531,50022505,23310022505
3302270211,32222702,32910022702
3112430121,32024301,32211024301
3112430222,32024302,32221024302
3133310931,32233109,32312033109
4413310731,26033107,52111033107
2422242031,50022420,23310022420
2423230633,50032306,23330032306
2422300531,50023005,23310023005
2423230631,50032306,23310032306
2422332431,50023324,23310023324
2403122311,50031223,23110031223
2412300621,50023006,23210023006
2422300632,50023006,23320023006
2422271531,50022715,23310022715
2422330231,50023302,23310023302
2422232431,50022324,23310022324
2423112331,50031123,23310031123
2422342733,50023427,23330023427
2422300633,50023006,23330023006
2423112231,50031122,23310031122
2422234031,50022340,23310022340
2422234131,50022341,23310022341
2422234231,50022342,23310022342
2423112233,50031122,23330031122
2422235431,50022354,23310022354
2423310631,50033106,23310033106
2422542531,50025425,23310025425
2422512631,50025126,23310025126
2412343922,50023439,23220023439
2422342731,50023427,23310023427
2422543331,50025433,23310025433
3112240621,32022406,32211022406
2423310731,50033107,23310033107
2423122131,50031221,23310031221
2423122231,50031222,23310031222
2422200531,50022005,23310022005
2422543731,50025437,23310025437
2422543831,50025438,23310025438
2402342811,50023428,23110023428
2403230811,50032308,23110032308
2402530511,50025305,23110025305
2402530711,50025307,23110025307
2402513311,50025133,23110025133
2402513611,50025136,23110025136
2402413111,50024131,23110024131
2402343211,50023432,23110023432
2402242511,50022425,23110022425
2402235011,50022350,23110022350
2403111811,50031118,23110031118
2402431311,50024313,23110024313
2402242211,50022422,23110022422
2402235311,50022353,23110022353
2403110711,50031107,23110031107
2402200211,50022002,23110022002
2423320533,50033205,23330033205
2422432133,50024321,23330024321
2422521733,50025217,23330025217
2402220111,50022201,23110022201
2402271411,50022714,23110022714
2402542111,50025421,23110025421
2402250511,50022505,23110022505
2403320411,50033204,23110033204
2422412531,50024125,23310024125
2422412631,50024126,23310024126
2422543431,50025434,23310025434
2402424011,50024240,23110024240
2402232411,50022324,23110022324
2402342711,50023427,23110023427
2403222511,50032225,23110032225
2402242911,50022429,23110022429
3103440111,32034401,32111034401
3011201221,37012012,31111312012
2422521731,50025217,23310025217
2422431831,50024318,23310024318
2422432131,50024321,23310024321
3011201222,37012012,31121312012
2422543131,50025431,23310025431
3112521922,32025219,32221025219
2403122211,50031222,23110031222
2402521711,50025217,23110025217
3103261311,32032613,32111032613
3103261411,32032614,32111032614
3102210311,32022103,32111022103
3011201321,37012013,31111312013
3112210621,32022106,32211022106
3011201322,37012013,31121312013
3113261221,32032612,32211032612
3113261322,32032613,32221032613
3113261422,32032614,32221032614
3112210622,32022106,32221022106
3011102121,37011021,31111111021
2423121632,50031216,23320031216
2423121932,50031219,23320031219
2423222731,50032227,23310032227
2422242931,50022429,23310022429
2422345033,50023450,23330023450
2762140733,40321407,23831021407
2422331131,50023311,23310023311
2422243031,50022430,23310022430
3011103921,37011039,31111111039
2422322031,50023220,23310023220
2423320432,50033204,23320033204
3011300421,37013004,31111213004
2423112133,50031121,23330031121
3011300822,37013008,31121213008
2762140732,40321407,23821021407
3011300121,37013001,31111213001
2532430111,01024301,23910024301
2422423931,50024239,23310024239
2422343531,50023435,23310023435
2542400421,45024004,25110024004
2422423831,50024238,23310024238
2422242131,50022421,23310022421
3011102021,37011020,31111111020
2542400522,45024005,25120024005
2423360331,50033603,23310033603
2423121731,50031217,23310031217
2423112131,50031121,23310031121
2422513431,50025134,23310025134
2422431931,50024319,23310024319
2472230433,40022304,23830022304
2472500533,40025005,23830025005
2472230831,40022308,23810022308
2472501133,40025011,23830025011
2422343932,50023439,23320023439
2782140799,46321407,23G00021407
2782140899,46321408,23G00021408
2782140999,46321409,23G00021409
2422344032,50023440,23320023440
2472230432,40022304,23820022304
2472230532,40022305,23820022305
2472400231,40024002,23810024002
2472320931,40023209,23810023209
2472521133,40025211,23830025211
2472521233,40025212,23830025212
2472521333,40025213,23830025213
2423231232,50032312,23320032312
2472530232,40025302,23820025302
2472550633,40025506,23830025506
2472550733,40025507,23830025507
2472540932,40025409,23820025409
2472540933,40025409,23830025409
2472550933,40025509,23830025509
2473000131,40030001,23810030001
2473000133,40030001,23830030001
2473110831,40031108,23810031108
2473310233,40033102,23830033102
2423361532,50033615,23320033615
2422271432,50022714,23320022714
2472210632,40022106,23820022106
2422400632,50024006,23320024006
2422342732,50023427,23320023427
2422331132,50023311,23320023311
3712101321,32321013,32212021013
3712101322,32321013,32222021013
3702101311,32321013,32112021013
3011200122,37012001,31121312001
2473360332,40033603,23820033603
2473300432,40033004,23820033004
2472000232,40020002,23820020002
2473300531,40033005,23810033005
2473300331,40033003,23810033003
3713120521,32331205,32212031205
3713120221,32331202,32212031202
3713120321,32331203,32212031203
3713120322,32331203,32222031203
3713120421,32331204,32212031204
3713120222,32331202,32222031202
3713120522,32331205,32222031205
3713120422,32331204,32222031204
2422344133,50023441,23330023441
2422344233,50023442,23330023442
2422400633,50024006,23330024006
2422400533,50024005,23330024005
2473300332,40033003,23820033003
2473360331,40033603,23810033603
2763300331,40333003,23811033003
2762121332,40321213,23821021213
2763300231,40333002,23811033002
2763300232,40333002,23821033002
2763300233,40333002,23831033002
2762120433,40321204,23831021204
2762120431,40321204,23811021204
2762120432,40321204,23821021204
2762121331,40321213,23811021213
2762121333,40321213,23831021213
2763300333,40333003,23831033003
2763300332,40333003,23821033003
2402213511,50022135,23110022135
2933320711,56033207,51111033207
2472000231,40020002,23810020002
3011200222,37012002,31121312002
3011202022,37012020,31121312020
3103450211,32034502,32111034502
3503350522,35033505,39312033505
3503440321,35034403,39311034403
3503440322,35034403,39312034403
3503450121,35034501,39311034501
3503450122,35034501,39312034501
3501180722,35011807,39312011807
3503110222,35031102,39312031102
3503210122,35032101,39312032101
3503110322,35031103,39312031103
3502270121,35022701,39311022701
3502270122,35022701,39312022701
3502300121,35023001,39311023001
3502510122,35025101,39312025101
3503100421,35031004,39311031004
3503100422,35031004,39312031004
601000311,70010003,12110010003
3503110221,35031102,39311031102
3503120121,35031201,39311031201
3503120122,35031201,39312031201
3503200222,35032002,39312032002
3503210121,35032101,39311032101
3503210221,35032102,39311032102
3503210222,35032102,39312032102
3503260521,35032605,39311032605
3503320121,35033201,39311033201
3503320122,35033201,39312033201
3503320221,35033202,39311033202
3503320222,35033202,39312033202
3503300322,35033003,39312033003
3503300321,35033003,39311033003
3503310321,35033103,39311033103
3503310322,35033103,39312033103
3501160321,35011603,39311011603
3501180521,35011805,39311011805
3501180622,35011806,39312011806
3501180822,35011808,39312011808
3501180922,35011809,39312011809
3502000621,35020006,39311020006
3502000622,35020006,39312020006
3502221121,35022211,39311022211
3502221222,35022212,39312022212
3503120222,35031202,39312031202
3503110321,35031103,39311031103
3503320322,35033203,39312033203
3502221322,35022213,39312022213
3502510121,35025101,39311025101
3502550621,35025506,39311025506
3503200221,35032002,39311032002
3501110221,35011102,39311011102
3501110222,35011102,39312011102
3503320321,35033203,39311033203
3501110321,35011103,39311011103
3503120221,35031202,39311031202
3112501121,32025011,32211025011
3112501221,32025012,32211025012
3112501222,32025012,32221025012
3102501011,32025010,32111025010
3102501111,32025011,32111025011
3112501122,32025011,32221025011
3102501211,32025012,32111025012
3112501022,32025010,32221025010
3112501622,32025016,32221025016
3112501422,32025014,32221025014
3112501621,32025016,32211025016
3102501611,32025016,32111025016
3112501421,32025014,32211025014
3102501411,32025014,32111025014
3112501722,32025017,32221025017
3112501522,32025015,32221025015
3112501721,32025017,32211025017
3112501521,32025015,32211025015
3102501511,32025015,32111025015
3102501711,32025017,32111025017
3113300121,32033001,32211033001
3113300122,32033001,32221033001
3113320422,32033204,32221033204
3112521422,32025214,32221025214
3113320621,32033206,32211033206
3113320622,32033206,32221033206
3103320611,32033206,32111033206
3103320411,32033204,32111033204
3103300111,32033001,32111033001
3102521911,32025219,32111025219
3103300211,32033002,32111033002
3102521411,32025214,32111025214
3112521421,32025214,32211025214
3113300222,32033002,32221033002
3112521921,32025219,32211025219
3113300221,32033002,32211033002
7534100211,59941002,41411041002
2933320611,56033206,51111033206
2933320411,56033204,51111033204
2933320511,56033205,51111033205
2542250221,45022502,25110022502
2542250222,45022502,25120022502
3011300821,37013008,31111213008
1051002011,67010020,21180010020
1051001511,67010015,21180010015
2762210833,40322108,23831022108
2762210832,40322108,23821022108
2762140731,40321407,23811021407
2782140499,46321404,23G00021404
2782130399,46321303,23G00021303
2762121132,40321211,23821021211
2752100899,45321008,25100021008
3703120111,32331201,32112031201
3713120121,32331201,32212031201
3713120122,32331201,32222031201
3712211521,32322115,32212022115
3712211522,32322115,32222022115
3712111521,32321115,32212021115
3712111522,32321115,32222021115
3712111421,32321114,32212021114
3712111422,32321114,32222021114
3712211621,32322116,32212022116
3712211622,32322116,32222022116
3712211721,32322117,32212022117
3712211722,32322117,32222022117
2822130121,55321301,25211021301
2822130122,55321301,25221021301
2822210121,55322101,25211022101
2822210122,55322101,25221022101
2822210221,55322102,25211022102
2822210222,55322102,25221022102
2822210321,55322103,25211022103
2822210322,55322103,25221022103
2822120421,55321204,25211021204
2822120422,55321204,25221021204
2822110221,55321102,25211021102
2822110222,55321102,25221021102
2822120121,55321201,25211021201
2822120122,55321201,25221021201
2822120221,55321202,25211021202
2822120222,55321202,25221021202
2822120321,55321203,25211021203
2822120322,55321203,25221021203
2822110121,55321101,25211021101
2822110122,55321101,25221021101
2822100121,55321001,25211021001
2822100122,55321001,25221021001
2822110421,55321104,25211021104
2822110422,55321104,25221021104
2822140121,55321401,25211021401
2822140122,55321401,25221021401
2822110321,55321103,25211021103
2822110322,55321103,25221021103
2822130221,55321302,25211021302
2822130222,55321302,25221021302
2822130321,55321303,25211021303
2822130322,55321303,25221021303
2543310421,45033104,25110033104
2532420211,01024202,23910024202
2473300233,40033002,23830033002
3712211121,32322111,32212022111
3712211122,32322111,32222022111
3712111321,32321113,32212021113
3712111322,32321113,32222021113
3712101221,32321012,32212021012
3712101222,32321012,32222021012
3712211221,32322112,32212022112
3712211222,32322112,32222022112
3712211421,32322114,32212022114
3712211422,32322114,32222022114
3712111121,32321111,32212021111
3712111122,32321111,32222021111
3702111111,32321111,32112021111
3113200221,32032002,32211032002
3112240421,32022404,32211022404
3112310721,32023107,32211023107
3102240611,32022406,32111022406
3102320611,32023206,32111023206
3112320621,32023206,32211023206
3112320622,32023206,32221023206
3103200311,32032003,32111032003
3113200321,32032003,32211032003
3113200322,32032003,32221032003
3103311111,32033111,32111033111
3113311121,32033111,32211033111
3113311021,32033110,32211033110
2403310611,50033106,23110033106
2413310622,50033106,23220033106
2423310632,50033106,23320033106
2423310633,50033106,23330033106
2403310711,50033107,23110033107
2413310721,50033107,23210033107
2423310733,50033107,23330033107
2532270111,01022701,23910022701
2532210611,01022106,23910022106
2532320211,01023202,23910023202
2543340822,45033408,25120033408
2543340521,45033405,25110033405
2403341111,50033411,23110033411
2413341121,50033411,23210033411
2412513421,50025134,23210025134
2412543321,50025433,23210025433
2422332232,50023322,23320023322
2412332121,50023321,23210023321
2412332221,50023322,23210023322
2402543311,50025433,23110025433
2402311811,50023118,23110023118
2402543411,50025434,23110025434
2402332111,50023321,23110023321
2403111411,50031114,23110031114
2413111421,50031114,23210031114
2402332211,50023322,23110023322
2422332233,50023322,23330023322
2402513411,50025134,23110025134
2472551531,40025515,23810025515
3112551621,32025516,32211025516
3113360621,32033606,32211033606
3103360911,32033609,32111033609
3112011221,32020112,32211020112
2472540831,40025408,23810025408
3112420722,32024207,32221024207
2111330411,43013304,22122513304
2472310231,40023102,23810023102
3113361022,32033610,32221033610
2472540832,40025408,23820025408
2472510933,40025109,23830025109
2472541232,40025412,23820025412
2472541231,40025412,23810025412
2472541233,40025412,23830025412
2472551931,40025519,23810025519
2472551332,40025513,23820025513
2472551433,40025514,23830025514
2472321032,40023210,23820023210
2472321031,40023210,23810023210
2472321033,40023210,23830023210
2472551933,40025519,23830025519
2472551932,40025519,23820025519
2412234922,50022349,23220022349
2542321521,45023215,25110023215
2542321522,45023215,25120023215
3123310432,32033104,32321033104
2422130333,50021303,23330021303
2422100233,50021002,23330021002
2472430131,40024301,23810024301
3123310532,32033105,32321033105
3162420422,32124204,32620024204
3162420421,32124204,32610024204
3103220811,32032208,32111032208
3102271111,32022711,32111022711
3112500122,32025001,32221025001
2512240822,40122408,23C20022408
3103430411,32034304,32111034304
3102541211,32025412,32111025412
3102310811,32023108,32111023108
3102011311,32020113,32111020113
3102330511,32023305,32111023305
3102220811,32022208,32111022208
3102200311,32022003,32111022003
2412343122,50023431,23220023431
2412343022,50023430,23220023430
3162300222,32123002,32620023002
3162240121,32122401,32610022401
3162410121,32124101,32610024101
3162410122,32124101,32620024101
2472521431,40025214,23810025214
2472300531,40023005,23810023005
3103342411,32033424,32111033424
3162300322,32123003,32620023003
3162300421,32123004,32610023004
3162300422,32123004,32620023004
3162300521,32123005,32610023005
3162300522,32123005,32620023005
3162300622,32123006,32620023006
2422500133,50025001,23330025001
2542421521,45024215,25110024215
2542421621,45024216,25110024216
2512330121,40123301,23C10023301
2512330122,40123301,23C20023301
2512410622,40124106,23C20024106
2512421022,40124210,23C20024210
2542410621,45024106,25110024106
3103310311,32033103,32111033103
2542421522,45024215,25120024215
3152300411,32123004,32510023004
3152300511,32123005,32510023005
3152300211,32123002,32510023002
3152410111,32124101,32510024101
2502421011,40124210,23B10024210
2502240811,40122408,23B10022408
2502330111,40123301,23B10023301
2402500111,50025001,23110025001
2402321211,50023212,23110023212
2402100211,50021002,23110021002
2412100221,50021002,23210021002
2423320132,50033201,23320033201
2412513022,50025130,23220025130
2422513032,50025130,23320025130
2412500121,50025001,23210025001
2412500122,50025001,23220025001
2422500132,50025001,23320025001
2412321221,50023212,23210023212
2422321232,50023212,23320023212
2412130321,50021303,23210021303
2412130322,50021303,23220021303
2412100222,50021002,23220021002
2422100232,50021002,23320021002
3113342422,32033424,32221033424
3112231122,32022311,32221022311
3112231222,32022312,32221022312
3102231211,32022312,32111022312
3163220821,32132208,32610032208
3112220722,32022207,32221022207
2412413022,50024130,23220024130
4211000131,20510001,31211010001
4211000133,20510001,31231010001
2913320221,46033202,51110033202
2913320222,46033202,51120033202
3102220711,32022207,32111022207
3113310721,32033107,32211033107
2913320322,46033203,51120033203
2502341011,40123410,23B10023410
2512341022,40123410,23C20023410
2502540111,40125401,23B10025401
2512341122,40123411,23C20023411
3113131121,32031311,32211031311
2413231022,50032310,23220032310
3112500121,32025001,32211025001
3113131122,32031311,32221031311
2542200222,45022002,25120022002
3153220511,32132205,32510032205
3163220522,32132205,32620032205
3163220721,32132207,32610032207
3153220611,32132206,32510032206
3163220621,32132206,32610032206
3163220622,32132206,32620032206
3151330111,32113301,32510013301
3161330122,32113301,32620013301
2223230511,42032305,22133132305
3112220721,32022207,32211022207
2223230611,42032306,22133132306
2213230611,42032306,22123132306
2222421011,42024210,22133124210
3103310711,32033107,32111033107
3903310111,36033101,52110033101
3153220711,32132207,32510032207
3163220722,32132207,32620032207
3153220811,32132208,32510032208
3163220822,32132208,32620032208
3161330121,32113301,32610013301
2512540122,40125401,23C20025401
3102500511,32025005,32111025005
3112500522,32025005,32221025005
3152510111,32125101,32510025101
3162510122,32125101,32620025101
2542421422,45024214,25120024214
3162340921,32123409,32610023409
3162230122,32122301,32620022301
2412513021,50025130,23210025130
2412321222,50023212,23220023212
2402130311,50021303,23110021303
3153231611,32132316,32510032316
3163231621,32132316,32610032316
3163231622,32132316,32620032316
3153231711,32132317,32510032317
3163231721,32132317,32610032317
3163231722,32132317,32620032317
2512510122,40125101,23C20025101
2472522131,40025221,23810025221
3103221011,32032210,32111032210
3162340922,32123409,32620023409
3112330622,32023306,32221023306
3162230121,32122301,32610022301
3112301322,32023013,32221023013
2512341121,40123411,23C10023411
2542220221,45022202,25110022202
3112500521,32025005,32211025005
3112301321,32023013,32211023013
2502341111,40123411,23B10023411
2542220222,45022202,25120022202
3102210411,32022104,32111022104
4143140121,16031401,32B11031401
4143140122,16031401,32B21031401
2473360231,40033602,23810033602
3102301211,32023012,32111023012
3112210421,32022104,32211022104
3112011122,32020111,32221020111
3103310911,32033109,32111033109
3113310921,32033109,32211033109
3113310922,32033109,32221033109
3112301222,32023012,32221023012
3102011111,32020111,32111020111
2472430231,40024302,23810024302
2413122222,50031222,23220031222
2472320731,40023207,23810023207
3113220821,32032208,32211032208
2502231611,40122316,23B10022316
2512231621,40122316,23C10022316
2512231622,40122316,23C20022316
2502231711,40122317,23B10022317
2512231721,40122317,23C10022317
2502341211,40123412,23B10023412
2512341221,40123412,23C10023412
2512341222,40123412,23C20023412
2502510111,40125101,23B10025101
2512510121,40125101,23C10025101
3102530211,32025302,32111025302
2542340921,45023409,25110023409
2542340922,45023409,25120023409
2542340821,45023408,25110023408
2542340822,45023408,25120023408
3102341211,32023412,32111023412
3112341221,32023412,32211023412
3112341222,32023412,32221023412
2502231811,40122318,23B10022318
2512231821,40122318,23C10022318
2512231822,40122318,23C20022318
2512231722,40122317,23C20022317
3113121622,32031216,32221031216
2413112321,50031123,23210031123
2413112322,50031123,23220031123
2412530522,50025305,23220025305
2412213822,50022138,23220022138
2472521631,40025216,23810025216
2473220731,40032207,23810032207
2473220831,40032208,23810032208
2472541131,40025411,23810025411
2112000811,43020008,22122320008
2542271021,45022710,25110022710
2542271022,45022710,25120022710
2542270921,45022709,25110022709
2542270922,45022709,25120022709
3113221022,32032210,32221032210
3112011521,32020115,32211020115
3112430522,32024305,32221024305
2113310411,43033104,22122433104
2542331321,45023313,25110023313
2542331322,45023313,25120023313
3103360711,32033607,32111033607
3113360721,32033607,32211033607
3113360722,32033607,32221033607
3112011522,32020115,32221020115
3112430521,32024305,32211024305
3102420711,32024207,32111024207
3102430511,32024305,32111024305
2412431522,50024315,23220024315
3113221122,32032211,32221032211
3102551611,32025516,32111025516
3162341022,32123410,32620023410
2422332532,50023325,23320023325
2413440522,50034405,23220034405
2422332533,50023325,23330023325
3102011511,32020115,32111020115
3112011222,32020112,32221020112
3123310431,32033104,32311033104
3112551821,32025518,32211025518
3112551822,32025518,32221025518
3202551711,32025517,32420025517
2402344711,50023447,23110023447
2542340721,45023407,25110023407
2542340722,45023407,25120023407
2542321322,45023213,25120023213
2512410721,40124107,23C10024107
2512410722,40124107,23C20024107
2502410811,40124108,23B10024108
2512410821,40124108,23C10024108
2512410822,40124108,23C20024108
2502410711,40124107,23B10024107
3113220822,32032208,32221032208
2423230832,50032308,23320032308
3113131022,32031310,32221031310
2422530732,50025307,23320025307
2412344722,50023447,23220023447
2402236311,50022363,23110022363
2412236122,50022361,23220022361
2542210722,45022107,25120022107
3102411111,32024111,32111024111
3112411121,32024111,32211024111
3112411122,32024111,32221024111
3102411211,32024112,32111024112
3112411221,32024112,32211024112
3112411222,32024112,32221024112
2412431622,50024316,23220024316
2422344732,50023447,23320023447
2543360821,45033608,25110033608
2543360822,45033608,25120033608
2223230211,42032302,22133132302
3162341322,32123413,32620023413
3112270922,32022709,32221022709
3112271022,32022710,32221022710
3102270911,32022709,32111022709
3112270921,32022709,32211022709
3112271021,32022710,32211022710
3112271121,32022711,32211022711
2422344733,50023447,23330023447
3103140811,32031408,32111031408
3113140822,32031408,32221031408
3152341211,32123412,32510023412
3162341222,32123412,32620023412
3152540111,32125401,32510025401
3162540122,32125401,32620025401
3152341311,32123413,32510023413
2412213522,50022135,23220022135
2413400222,50034002,23220034002
2413111822,50031118,23220031118
2503220711,40132207,23B10032207
2513220721,40132207,23C10032207
2513220722,40132207,23C20032207
2502231911,40122319,23B10022319
2512231921,40122319,23C10022319
2512231922,40122319,23C20022319
2512540221,40125402,23C10025402
2512540222,40125402,23C20025402
2502320111,40123201,23B10023201
2512320121,40123201,23C10023201
2512320122,40123201,23C20023201
2512240921,40122409,23C10022409
2512240922,40122409,23C20022409
3162341121,32123411,32610023411
3162341221,32123412,32610023412
3162540121,32125401,32610025401
3162341321,32123413,32610023413
2512241021,40122410,23C10022410
2512241022,40122410,23C20022410
3113360522,32033605,32221033605
3112341121,32023411,32211023411
3112341122,32023411,32221023411
3103232811,32032328,32111032328
3113232822,32032328,32221032328
3113232921,32032329,32211032329
3113232922,32032329,32221032329
3103233211,32032332,32111032332
3113130921,32031309,32211031309
3103130911,32031309,32111031309
3113130922,32031309,32221031309
3113233222,32032332,32221032332
3103233011,32032330,32111032330
3113233021,32032330,32211032330
3113233022,32032330,32221032330
3103233111,32032331,32111032331
3113233121,32032331,32211032331
3113233122,32032331,32221032331
4413310131,26033101,52111033101
4413310132,26033101,52121033101
2542321422,45023214,25120023214
3103232511,32032325,32111032325
3113232521,32032325,32211032325
3113232522,32032325,32221032325
4413310133,26033101,52131033101
2412243022,50022430,23220022430
4123140331,26031403,32A11031403
2412242922,50022429,23220022429
3112200322,32022003,32221022003
4123140332,26031403,32A21031403
4123140333,26031403,32A31031403
3112000921,32020009,32211020009
3112000922,32020009,32221020009
3102541111,32025411,32111025411
3112541121,32025411,32211025411
3112541122,32025411,32221025411
3112011322,32020113,32221020113
3112320522,32023205,32221023205
3113430321,32034303,32211034303
3113430322,32034303,32221034303
3112541221,32025412,32211025412
3112541222,32025412,32221025412
3113430421,32034304,32211034304
3113430422,32034304,32221034304
2412344922,50023449,23220023449
3112011321,32020113,32211020113
3112231421,32022314,32211022314
3112231422,32022314,32221022314
3112220821,32022208,32211022208
3112220822,32022208,32221022208
3112200321,32022003,32211022003
2473310131,40033101,23810033101
2472200431,40022004,23810022004
2472230231,40022302,23810022302
3112231722,32022317,32221022317
3112330521,32023305,32211023305
3112330522,32023305,32221023305
3112521621,32025216,32211025216
2402271511,50022715,23110022715
2472340831,40023408,23810023408
2472500631,40025006,23810025006
2472340731,40023407,23810023407
2472340631,40023406,23810023406
2422512333,50025123,23330025123
2422344933,50023449,23330023449
2472530231,40025302,23810025302
2472010231,40020102,23810020102
2472340531,40023405,23810023405
2472510831,40025108,23810025108
3112420721,32024207,32211024207
3113232821,32032328,32211032328
2413361721,50033617,23210033617
2413361722,50033617,23220033617
2423361732,50033617,23320033617
2423361733,50033617,23330033617
2472551031,40025510,23810025510
2423400233,50034002,23330034002
2472320331,40023203,23810023203
3112301221,32023012,32211023012
3112271122,32022711,32221022711
3102551811,32025518,32111025518
2422431633,50024316,23330024316
2422251033,50022510,23330022510
2422542533,50025425,23330025425
2423440532,50034405,23320034405
2422542133,50025421,23330025421
2422512633,50025126,23330025126
2422250533,50022505,23330022505
2422236332,50022363,23320022363
2422236132,50022361,23320022361
3113121521,32031215,32211031215
2472521531,40025215,23810025215
2473000231,40030002,23810030002
2423230733,50032307,23330032307
2423222832,50032228,23320032228
2422343232,50023432,23320023432
2422343132,50023431,23320023431
2422214032,50022140,23320022140
2542211021,45022110,25110022110
2472000531,40020005,23810020005
3112521622,32025216,32221025216
3112310821,32023108,32211023108
2422513332,50025133,23320025133
2423231032,50032310,23320032310
2422343032,50023430,23320023430
2422213732,50022137,23320022137
2422213033,50022130,23330022130
2423341232,50033412,23320033412
2423222533,50032225,23330032225
2422513333,50025133,23330025133
2422431833,50024318,23330024318
2422342032,50023420,23320023420
2422235132,50022351,23320022351
2422235032,50022350,23320022350
2422234932,50022349,23320022349
2422213332,50022133,23320022133
2422213032,50022130,23320022130
2422010132,50020101,23320020101
3103121511,32031215,32111031215
2423111732,50031117,23320031117
2422552432,50025524,23320025524
2422344532,50023445,23320023445
2422344332,50023443,23320023443
2422236333,50022363,23330022363
2422236233,50022362,23330022362
2422236033,50022360,23330022360
2422235433,50022354,23330022354
2422235332,50022353,23320022353
2422235333,50022353,23330022353
2422235133,50022351,23330022351
2422235033,50022350,23330022350
2422234233,50022342,23330022342
2422234133,50022341,23330022341
2422233933,50022339,23330022339
2422233232,50022332,23320022332
2422213932,50022139,23320022139
2422213933,50022139,23330022139
2422213333,50022133,23330022133
2472210533,40022105,23830022105
3113121522,32031215,32221031215
2422543632,50025436,23320025436
2422530533,50025305,23330025305
2422513732,50025137,23320025137
2422510832,50025108,23320025108
2412431922,50024319,23220024319
2422431532,50024315,23320024315
2422300533,50023005,23330023005
2422271533,50022715,23330022715
2422260933,50022609,23330022609
2422242933,50022429,23330022429
2422242533,50022425,23330022425
2422242233,50022422,23330022422
2422242133,50022421,23330022421
2422242033,50022420,23330022420
2422213832,50022138,23320022138
2422200232,50022002,23320022002
2422522132,50025221,23320025221
2422522232,50025222,23320025222
2422423833,50024238,23330024238
2422343833,50023438,23330023438
2422343233,50023432,23330023432
2422343133,50023431,23330023431
2422343033,50023430,23330023430
2422342033,50023420,23330023420
2412236321,50022363,23210022363
2422521832,50025218,23320025218
2422431533,50024315,23330024315
2422424233,50024242,23330024242
2422424033,50024240,23330024240
2422423933,50024239,23330024239
2422322132,50023221,23320023221
2422130532,50021305,23320021305
2422513633,50025136,23330025136
2422432232,50024322,23320024322
2422432033,50024320,23330024320
2422341132,50023411,23320023411
2423122133,50031221,23330031221
2422543733,50025437,23330025437
2412432221,50024322,23210024322
2422236032,50022360,23320022360
2423341133,50033411,23330033411
2423231133,50032311,23330032311
2423222833,50032228,23330032228
2423222232,50032222,23320032222
2422424232,50024242,23320024242
2412271521,50022715,23210022715
2423430333,50034303,23330034303
2423361533,50033615,23330033615
2423350132,50033501,23320033501
2423350133,50033501,23330033501
2422552132,50025521,23320025521
2422424132,50024241,23320024241
2422542132,50025421,23320025421
2412213322,50022133,23220022133
2422424032,50024240,23320024240
2413230822,50032308,23220032308
2413230722,50032307,23220032307
2423112332,50031123,23320031123
2412530722,50025307,23220025307
2412530622,50025306,23220025306
2412513622,50025136,23220025136
2412513322,50025133,23220025133
2412423122,50024231,23220024231
2422332432,50023324,23320023324
2422300532,50023005,23320023005
2412242822,50022428,23220022428
2422242032,50022420,23320022420
2412236322,50022363,23220022363
2412236222,50022362,23220022362
2422232432,50022324,23320022324
2413231122,50032311,23220032311
2412242522,50022425,23220022425
2412543222,50025432,23220025432
2412513722,50025137,23220025137
2412432022,50024320,23220024320
2412344322,50023443,23220023443
2412342022,50023420,23220023420
2412332122,50023321,23220023321
2412242222,50022422,23220022422
2412235322,50022353,23220022353
2412235122,50022351,23220022351
2412235022,50022350,23220022350
2422234132,50022341,23320022341
2422234032,50022340,23320022340
2412233222,50022332,23220022332
2412213722,50022137,23220022137
2412200222,50022002,23220022002
2412010122,50020101,23220020101
2413222122,50032221,23220032221
2422542532,50025425,23320025425
2412522022,50025220,23220025220
2412521922,50025219,23220025219
2412521822,50025218,23220025218
2422512632,50025126,23320025126
2412510822,50025108,23220025108
2412424222,50024242,23220024242
2412424122,50024241,23220024241
2412424022,50024240,23220024240
2412341122,50023411,23220023411
2412260922,50022609,23220022609
2412236022,50022360,23220022360
2422235432,50022354,23320022354
2412234322,50022343,23220022343
2412233922,50022339,23220022339
2423122232,50031222,23320031222
2422543332,50025433,23320025433
2412542522,50025425,23220025425
2413112222,50031122,23220031122
2422543832,50025438,23320025438
2422543732,50025437,23320025437
2412543422,50025434,23220025434
2412542122,50025421,23220025421
2412512622,50025126,23220025126
2412432122,50024321,23220024321
2412412622,50024126,23220024126
2412412522,50024125,23220024125
2412300522,50023005,23220023005
2422250932,50022509,23320022509
2412250522,50022505,23220022505
2412242022,50022420,23220022420
2412235422,50022354,23220022354
2412234222,50022342,23220022342
2412234122,50022341,23220022341
2412234022,50022340,23220022340
2412232422,50022324,23220022324
2422432132,50024321,23320024321
2412513422,50025134,23220025134
2422431832,50024318,23320024318
2412423922,50024239,23220024239
2412423822,50024238,23220024238
2422412632,50024126,23320024126
2422412532,50024125,23320024125
2412343822,50023438,23220023438
2422343832,50023438,23320023438
2412322022,50023220,23220023220
2412242122,50022421,23220022421
2423222732,50032227,23320032227
2422530733,50025307,23330025307
2422432032,50024320,23320024320
2422423932,50024239,23320024239
2422423832,50024238,23320024238
2422322032,50023220,23320023220
2422242932,50022429,23320022429
2423112132,50031121,23320031121
2423440533,50034405,23330034405
2423111932,50031119,23320031119
2422242232,50022422,23320022422
2422242132,50022421,23320022421
2422236133,50022361,23330022361
2422423133,50024231,23330024231
2422413133,50024131,23330024131
2422413033,50024130,23330024130
2402400711,50024007,23110024007
2402400811,50024008,23110024008
2412400821,50024008,23210024008
2412400822,50024008,23220024008
2422400832,50024008,23320024008
2422400833,50024008,23330024008
2412400721,50024007,23210024007
2412400722,50024007,23220024007
2422400732,50024007,23320024007
2422400733,50024007,23330024007
2422344433,50023444,23330023444
2422242833,50022428,23330022428
2422242733,50022427,23330022427
2422234933,50022349,23330022349
2422213733,50022137,23330022137
2423111733,50031117,23330031117
2422543233,50025432,23330025432
2422344333,50023443,23330023443
2422010133,50020101,23330020101
2422552433,50025524,23330025524
2422200233,50022002,23330022002
2422522133,50025221,23330025221
2422271433,50022714,23330022714
2422234333,50022343,23330022343
2422213833,50022138,23330022138
2422521833,50025218,23330025218
2422432233,50024322,23330024322
2402312011,50023120,23110023120
2412312021,50023120,23210023120
2412312022,50023120,23220023120
2422312032,50023120,23320023120
2422130533,50021305,23330021305
2423222133,50032221,23330032221
2402543911,50025439,23110025439
2422341133,50023411,23330023411
2402322311,50023223,23110023223
2412322321,50023223,23210023223
2412322322,50023223,23220023223
2422322332,50023223,23320023223
2422322333,50023223,23330023223
2422322133,50023221,23330023221
2422312033,50023120,23330023120
2473220631,40032206,23810032206
2472310331,40023103,23810023103
2423222333,50032223,23330032223
2422424133,50024241,23330024241
2422344633,50023446,23330023446
2412322421,50023224,23210023224
2412322422,50023224,23220023224
2473360431,40033604,23810033604
2423112333,50031123,23330031123
2412344621,50023446,23210023446
2422332433,50023324,23330023324
2422322433,50023224,23330023224
2402300611,50023006,23110023006
2412300622,50023006,23220023006
2422234033,50022340,23330022340
2422232433,50022324,23330022324
4413310733,26033107,52131033107
2403320511,50033205,23110033205
2413320521,50033205,23210033205
2423122233,50031222,23330031222
2412543921,50025439,23210025439
2412543922,50025439,23220025439
2422543932,50025439,23320025439
2422543933,50025439,23330025439
2402344611,50023446,23110023446
2412344622,50023446,23220023446
2422344632,50023446,23320023446
2422250933,50022509,23330022509
2472501231,40025012,23810025012
2423320532,50033205,23320033205
2422543833,50025438,23330025438
2422412633,50024126,23330024126
2422412533,50024125,23330024125
2473111431,40031114,23810031114
3113140821,32031408,32211031408
2402432211,50024322,23110024322
2402345011,50023450,23110023450
2412345021,50023450,23210023450
2422243033,50022430,23330022430
2402214011,50022140,23110022140
3113440122,32034401,32221034401
2412345022,50023450,23220023450
2422345032,50023450,23320023450
3113440121,32034401,32211034401
3011300221,37013002,31111213002
3011300222,37013002,31121213002
2423430132,50034301,23320034301
2422530632,50025306,23320025306
2422530532,50025305,23320025305
2472400531,40024005,23810024005
2472400631,40024006,23810024006
2423231132,50032311,23320032311
2422513632,50025136,23320025136
2422431632,50024316,23320024316
2422413132,50024131,23320024131
2422413032,50024130,23320024130
2422344432,50023444,23320023444
2422251032,50022510,23320022510
2422242732,50022427,23320022427
2422242532,50022425,23320022425
2422236232,50022362,23320022362
2422213532,50022135,23320022135
2472230931,40022309,23810022309
2472210431,40022104,23810022104
2472210531,40022105,23810022105
2472230331,40022303,23810022303
2472270731,40022707,23810022707
2472270631,40022706,23810022706
2472551731,40025517,23810025517
2472501331,40025013,23810025013
2472501431,40025014,23810025014
2423222132,50032221,23320032221
2422271532,50022715,23320022715
2422260932,50022609,23320022609
2422234332,50022343,23320022343
2422233932,50022339,23320022339
2473340331,40033403,23810033403
2472210631,40022106,23810022106
2473110631,40031106,23810031106
2473120931,40031209,23810031209
2422431932,50024319,23320024319
2422243032,50022430,23320022430
2422200532,50022005,23320022005
2543100122,45031001,25120031001
2472240333,40022403,23830022403
2472330433,40023304,23830023304
2533130111,01031301,23910031301
2472500632,40025006,23820025006
2472240233,40022402,23830022402
2472500633,40025006,23830025006
2472540632,40025406,23820025406
2472540633,40025406,23830025406
2472340433,40023404,23830023404
2472340732,40023407,23820023407
2472340632,40023406,23820023406
2472300432,40023004,23820023004
2472300532,40023005,23820023005
2472320332,40023203,23820023203
2472310332,40023103,23820023103
2472340532,40023405,23820023405
2472510832,40025108,23820025108
2472510833,40025108,23830025108
2472310232,40023102,23820023102
2472501033,40025010,23830025010
2472300333,40023003,23830023003
2472330333,40023303,23830023303
2472340733,40023407,23830023407
2472340633,40023406,23830023406
2472320333,40023203,23830023203
2472310333,40023103,23830023103
2472340533,40023405,23830023405
2473111233,40031112,23830031112
2472270632,40022706,23820022706
2473360432,40033604,23820033604
2472400632,40024006,23820024006
2472551732,40025517,23820025517
2472501432,40025014,23820025014
2472230731,40022307,23810022307
2472230832,40022308,23820022308
2472230932,40022309,23820022309
2472230933,40022309,23830022309
2473111333,40031113,23830031113
2472130433,40021304,23830021304
2472270732,40022707,23820022707
2472270733,40022707,23830022707
2472270633,40022706,23830022706
2473360433,40033604,23830033604
2472522231,40025222,23810025222
2472400431,40024004,23810024004
2472400532,40024005,23820024005
2472400533,40024005,23830024005
2472400633,40024006,23830024006
2472551733,40025517,23830025517
2473310432,40033104,23820033104
2473310433,40033104,23830033104
2472501332,40025013,23820025013
2472501333,40025013,23830025013
2472501433,40025014,23830025014
2473111332,40031113,23820031113
2472130432,40021304,23820021304
2472501032,40025010,23820025010
2473230432,40032304,23820032304
2473360333,40033603,23830033603
2472521932,40025219,23820025219
2472521933,40025219,23830025219
2472522033,40025220,23830025220
2472522133,40025221,23830025221
2473360531,40033605,23810033605
2472530731,40025307,23810025307
2472340931,40023409,23810023409
2472210731,40022107,23810022107
2472000731,40020007,23810020007
2472010331,40020103,23810020103
2472320833,40023208,23830023208
2473340431,40033404,23810033404
2472300731,40023007,23810023007
2473221031,40032210,23810032210
2472010431,40020104,23810020104
2472010233,40020102,23830020102
2472501132,40025011,23820025011
2473310332,40033103,23820033103
2473310333,40033103,23830033103
2472541132,40025411,23820025411
2472541133,40025411,23830025411
2473310431,40033104,23810033104
2472270532,40022705,23820022705
2472270531,40022705,23810022705
2472270533,40022705,23830022705
2472240431,40022404,23810022404
2472230332,40022303,23820022303
2472522032,40025220,23820025220
2472522132,40025221,23820025221
2473430533,40034305,23830034305
2472521432,40025214,23820025214
2472521433,40025214,23830025214
2472521532,40025215,23820025215
2472521533,40025215,23830025215
2472521632,40025216,23820025216
2472521633,40025216,23830025216
2472551032,40025510,23820025510
2472430431,40024304,23810024304
2472430332,40024303,23820024303
2472430333,40024303,23830024303
2472320832,40023208,23820023208
2472320831,40023208,23810023208
2473220833,40032208,23830032208
2473220732,40032207,23820032207
2473220733,40032207,23830032207
2472551333,40025513,23830025513
2473310331,40033103,23810033103
2472120431,40021204,23810021204
2473430332,40034303,23820034303
2473430333,40034303,23830034303
2473430432,40034304,23820034304
2473430431,40034304,23810034304
2473430433,40034304,23830034304
2472320532,40023205,23820023205
2472320533,40023205,23830023205
2472320632,40023206,23820023206
2472320633,40023206,23830023206
2472320732,40023207,23820023207
2472320733,40023207,23830023207
2473230433,40032304,23830032304
2472010232,40020102,23820020102
2472200432,40022004,23820022004
2472200433,40022004,23830022004
2473220832,40032208,23820032208
2473430532,40034305,23820034305
2473110931,40031109,23810031109
2473110933,40031109,23830031109
2473430531,40034305,23810034305
2472210432,40022104,23820022104
2472210532,40022105,23820022105
2473340332,40033403,23820033403
2473340333,40033403,23830033403
2473110732,40031107,23820031107
2473110731,40031107,23810031107
2473110733,40031107,23830031107
2472541032,40025410,23820025410
2472541031,40025410,23810025410
2472541033,40025410,23830025410
2472210633,40022106,23830022106
2472340832,40023408,23820023408
2472340833,40023408,23830023408
2473220632,40032206,23820032206
2473220633,40032206,23830032206
2472420332,40024203,23820024203
2472420333,40024203,23830024203
2472430133,40024301,23830024301
2473310132,40033101,23820033101
2472430233,40024302,23830024302
2473310133,40033101,23830033101
2473360232,40033602,23820033602
2473360233,40033602,23830033602
2473230431,40032304,23810032304
2472250333,40022503,23830022503
2473120932,40031209,23820031209
2473110932,40031109,23820031109
2472330432,40023304,23820023304
2472340431,40023404,23810023404
2473300632,40033006,23820033006
2473300631,40033006,23810033006
2472300332,40023003,23820023003
2472300331,40023003,23810023003
3112240422,32022404,32221022404
2472420233,40024202,23830024202
2472420231,40024202,23810024202
2472420232,40024202,23820024202
2472240232,40022402,23820022402
2472210433,40022104,23830022104
2472330332,40023303,23820023303
2472420331,40024203,23810024203
2472430132,40024301,23820024301
2472250332,40022503,23820022503
2472430232,40024302,23820024302
2472250331,40022503,23810022503
2473120933,40031209,23830031209
2472540833,40025408,23830025408
2472300433,40023004,23830023004
2472300533,40023005,23830023005
2472230232,40022302,23820022302
2472230233,40022302,23830022302
2473300633,40033006,23830033006
2473000431,40030004,23810030004
2473000433,40030004,23830030004
2473110632,40031106,23820031106
2472000233,40020002,23830020002
2473121232,40031212,23820031212
2473121233,40031212,23830031212
2473121131,40031211,23810031211
2473440332,40034403,23820034403
2473440331,40034403,23810034403
2472200331,40022003,23810022003
2473440333,40034403,23830034403
2472551033,40025510,23830025510
2473121332,40031213,23820031213
2473121333,40031213,23830031213
2473121432,40031214,23820031214
2473121433,40031214,23830031214
2473111432,40031114,23820031114
2473111433,40031114,23830031114
2111330311,43013303,22122513303
2113340211,43033402,22122533402
2112000911,43020009,22122320009
2473110633,40031106,23830031106
2473360632,40033606,23820033606
2473300732,40033007,23820033007
2473300731,40033007,23810033007
2473300433,40033004,23830033004
2473360631,40033606,23810033606
2473360633,40033606,23830033606
2473000331,40030003,23810030003
2472000831,40020008,23810020008
2472000931,40020009,23810020009
2111330511,43013305,22122513305
2112001011,43020010,22122C20010
2111340311,43013403,22122B13403
2113101611,43031016,22122231016
2472000932,40020009,23820020009
2402214311,50022143,23110022143
2422213533,50022135,23330022135
2413300221,50033002,23210033002
2423300233,50033002,23330033002
2412330222,50023302,23220023302
2422330232,50023302,23320023302
2533440211,01034402,23910034402
2533440111,01034401,23910034401
2422330233,50023302,23330023302
2413112422,50031124,23220031124
2412214321,50022143,23210022143
2412214322,50022143,23220022143
2422214332,50022143,23320022143
2422214333,50022143,23330022143
2543440222,45034402,25120034402
2402312111,50023121,23110023121
2422311832,50023118,23320023118
2422311833,50023118,23330023118
2533300111,01033001,23910033001
2413112421,50031124,23210031124
2423112432,50031124,23320031124
2423112433,50031124,23330031124
2402544111,50025441,23110025441
2402544011,50025440,23110025440
2422543432,50025434,23320025434
2422312132,50023121,23320023121
2422543433,50025434,23330025434
2412543322,50025433,23220025433
2422543333,50025433,23330025433
2412332921,50023329,23210023329
2422332933,50023329,23330023329
2412312122,50023121,23220023121
2543310422,45033104,25120033104
2422544032,50025440,23320025440
2422544033,50025440,23330025440
2402332811,50023328,23110023328
2422332132,50023321,23320023321
2412312121,50023121,23210023121
2422312133,50023121,23330023121
2543340821,45033408,25110033408
2412544021,50025440,23210025440
2412544022,50025440,23220025440
3103200211,32032002,32111032002
2403300211,50033002,23110033002
3103311011,32033110,32111033110
2533341011,01033410,23910033410
3113200222,32032002,32221032002
3102240411,32022404,32111022404
2403112411,50031124,23110031124
2413111422,50031114,23220031114
2423111432,50031114,23320031114
2423341132,50033411,23320033411
2413300222,50033002,23220033002
3113311122,32033111,32221033111
3113311022,32033110,32221033110
3112310722,32023107,32221023107
2413341122,50033411,23220033411
2412332822,50023328,23220023328
2422332832,50023328,23320023328
2422332833,50023328,23330023328
2402332911,50023329,23110023329
2412332922,50023329,23220023329
2412332821,50023328,23210023328
2412544121,50025441,23210025441
2412544122,50025441,23220025441
2422544132,50025441,23320025441
2422544133,50025441,23330025441
2402513811,50025138,23110025138
2412513822,50025138,23220025138
2422513432,50025134,23320025134
2422513433,50025134,23330025134
2412513821,50025138,23210025138
2422513832,50025138,23320025138
2422513833,50025138,23330025138
2422332932,50023329,23320023329
3102011611,32020116,32111020116
3103360411,32033604,32111033604
3103361111,32033611,32111033611
3103361011,32033610,32111033610
3113360922,32033609,32221033609
2472551832,40025518,23820025518
2472551831,40025518,23810025518
2472551833,40025518,23830025518
2473300733,40033007,23830033007
2472230833,40022308,23830022308
2472501233,40025012,23830025012
2472000933,40020009,23830020009
2472510932,40025109,23820025109
2472510931,40025109,23810025109
3102011211,32020112,32111020112
2472551432,40025514,23820025514
621000511,70010005,14110010005
3113361122,32033611,32221033611
2413430722,50034307,23220034307
2423430732,50034307,23320034307
2423430332,50034303,23320034303
2413430122,50034301,23220034301
2472551532,40025515,23820025515
2472310233,40023102,23830023102
3112011621,32020116,32211020116
3112011622,32020116,32221020116
3102552111,32025521,32111025521
3112552121,32025521,32211025521
3112552122,32025521,32221025521
3103360311,32033603,32111033603
3113360422,32033604,32221033604
3113360322,32033603,32221033603
3103360511,32033605,32111033605
3113360821,32033608,32211033608
3112551622,32025516,32221025516
2423430133,50034301,23330034301
2423400232,50034002,23320034002
2403361711,50033617,23110033617
2423341233,50033412,23330033412
2413320522,50033205,23220033205
2403320111,50033201,23110033201
2413320121,50033201,23210033201
2413320122,50033201,23220033201
2423320133,50033201,23330033201
2413231322,50032313,23220032313
2423231333,50032313,23330032313
2413231222,50032312,23220032312
2423231033,50032310,23330032310
2423230833,50032308,23330032308
2423230732,50032307,23320032307
2413222322,50032223,23220032223
2413222022,50032220,23220032220
2423222033,50032220,23330032220
2423122333,50031223,23330031223
2413122221,50031222,23210031222
2423122132,50031221,23320031221
2403112311,50031123,23110031123
2413111922,50031119,23220031119
2423111933,50031119,23330031119
2423111832,50031118,23320031118
2423111833,50031118,23330031118
2413111722,50031117,23220031117
2423111433,50031114,23330031114
2412552122,50025521,23220025521
2422552133,50025521,23330025521
2422543633,50025436,23330025436
2422522233,50025222,23330025222
2422522033,50025220,23330025220
2422521932,50025219,23320025219
2402513011,50025130,23110025130
2422513033,50025130,23330025130
2412512322,50025123,23220025123
2422512332,50025123,23320025123
2412432222,50024322,23220024322
2412431822,50024318,23220024318
2412344921,50023449,23210023449
2412344422,50023444,23220023444
2412343222,50023432,23220023432
2422332133,50023321,23330023321
2402322411,50023224,23110023224
2422321233,50023212,23330023212
2412311822,50023118,23220023118
2412271522,50022715,23220022715
2412251022,50022510,23220022510
2422250532,50022505,23320022505
2412242722,50022427,23220022427
2422234232,50022342,23320022342
2412214021,50022140,23210022140
2412214022,50022140,23220022140
2422200533,50022005,23330022005
2422130332,50021303,23320021303
2473300333,40033003,23830033003
2472530331,40025303,23810025303
2472330431,40023304,23810023304
2473230332,40032303,23820032303
2473230331,40032303,23810032303
2473230333,40032303,23830032303
2472240332,40022403,23820022403
2472240331,40022403,23810022403
2472240231,40022402,23810022402
2473000432,40030004,23820030004
2472530531,40025305,23810025305
2473111232,40031112,23820031112
2473430331,40034303,23810034303
2472320531,40023205,23810023205
2472320631,40023206,23810023206
2472521931,40025219,23810025219
2472522031,40025220,23810025220
2472501232,40025012,23820025012
2472330331,40023303,23810023303
2473121231,40031212,23810031212
2473121331,40031213,23810031213
2473121431,40031214,23810031214
2472430331,40024303,23810024303
2472540631,40025406,23810025406
2472551533,40025515,23830025515
2103340211,43033402,22112133402
2502410611,40124106,23B10024106
2512410621,40124106,23C10024106
2512240821,40122408,23C10022408
2502540211,40125402,23B10025402
2502241011,40122410,23B10022410
2502340911,40123409,23B10023409
2512340921,40123409,23C10023409
2512340922,40123409,23C20023409
2512540121,40125401,23C10025401
2543440121,45034401,25110034401
2543440122,45034401,25120034401
2542410622,45024106,25120024106
2542321421,45023214,25110023214
2542250121,45022501,25110022501
2542250122,45022501,25120022501
2542010121,45020101,25110020101
2542010122,45020101,25120020101
2542200221,45022002,25110022002
2542200322,45022003,25120022003
2213230211,42032302,22123132302
2203230211,42032302,22113132302
2213230511,42032305,22123132305
2212421011,42024210,22123124210
2913320321,46033203,51110033203
3102500111,32025001,32111025001
3112210422,32022104,32221022104
3102231711,32022317,32111022317
3102000911,32020009,32111020009
3112011121,32020111,32211020111
3103121611,32031216,32111031216
3113121621,32031216,32211031216
3102341111,32023411,32111023411
3102320511,32023205,32111023205
3112320521,32023205,32211023205
3103430311,32034303,32111034303
3103221111,32032211,32111032211
3102330611,32023306,32111023306
3102271011,32022710,32111022710
3102521611,32025216,32111025216
3102301311,32023013,32111023013
3113233221,32032332,32211032332
3112310822,32023108,32221023108
3113310722,32033107,32221033107
3123310531,32033105,32311033105
3123310533,32033105,32331033105
3123310433,32033104,32331033104
3112231021,32022310,32211022310
3102231111,32022311,32111022311
3903320411,36033204,52110033204
3903340111,36033401,52110033401
3903310511,36033105,52110033105
3152420411,32124204,32510024204
3152300311,32123003,32510023003
3162300321,32123003,32610023003
3152300611,32123006,32510023006
3162300621,32123006,32610023006
3152300111,32123001,32510023001
3162300121,32123001,32610023001
3162300122,32123001,32620023001
3152340911,32123409,32510023409
3152240111,32122401,32510022401
3162240122,32122401,32620022401
4211000132,20510001,31221010001
3102270411,32022704,32111022704
4413310732,26033107,52121033107
2472270831,40022708,23810022708
2472270832,40022708,23820022708
2472270833,40022708,23830022708
2533110211,01031102,23910031102
2472500932,40025009,23820025009
2472500933,40025009,23830025009
2402345111,50023451,23110023451
2402522411,50025224,23110025224
2412522422,50025224,23220025224
2422522432,50025224,23320025224
2422522433,50025224,23330025224
2412522421,50025224,23210025224
2412521722,50025217,23220025217
2422521732,50025217,23320025217
2472522331,40025223,23810025223
2472522332,40025223,23820025223
2472522333,40025223,23830025223
2472500931,40025009,23810025009
2402343511,50023435,23110023435
2412345122,50023451,23220023451
2422345132,50023451,23320023451
2422345133,50023451,23330023451
2412345121,50023451,23210023451
2472200332,40022003,23820022003
2472200531,40022005,23810022005
2472200532,40022005,23820022005
2472200533,40022005,23830022005
2472200333,40022003,23830022003
4501000331,20510003,39410010003
3112270421,32022704,32211022704
3112270422,32022704,32221022704
7034150211,59941502,41510041502
7044150111,49941501,41610041501
2752130499,45321304,25100021304
2752130599,45321305,25100021305
4501000333,20510003,39430010003
4501000332,20510003,39420010003
2121330411,43013304,22132513304
2123310411,43033104,22132433104
2123101811,43031018,22132231018
2122000811,43020008,22132320008
2122000611,43020006,22132C20006
2122000911,43020009,22132320009
2123101711,43031017,22132231017
2123101911,43031019,22132231019
2123102011,43031020,22132231020
2121330511,43013305,22132513305
2121340311,43013403,22132B13403
2123340211,43033402,22132533402
2122000411,43020004,22132C20004
2122000511,43020005,22132C20005
2792100199,56321001,23H00021001
2782100799,46321007,23G00021007
2532531011,01025310,23910025310
2532530911,01025309,23910025309
2532530811,01025308,23910025308
2532270411,01022704,23910022704
2532540811,01025408,23910025408
2532540611,01025406,23910025406
2533350211,01033502,23910033502
2533350511,01033505,23910033505
2533341111,01033411,23910033411
2532420111,01024201,23910024201
2532240511,01022405,23910022405
2532210511,01022105,23910022105
2532210311,01022103,23910022103
2532230411,01022304,23910022304
2532270611,01022706,23910022706
2532211011,01022110,23910022110
2532330711,01023307,23910023307
2532511811,01025118,23910025118
2532211111,01022111,23910022111
2532320411,01023204,23910023204
2532550911,01025509,23910025509
2532210711,01022107,23910022107
2533360511,01033605,23910033605
2533341411,01033414,23910033414
2532230711,01022307,23910022307
2533110111,01031101,23910031101
2533341311,01033413,23910033413
2532531211,01025312,23910025312
2532200111,01022001,23910022001
2533350111,01033501,23910033501
2532230611,01022306,23910022306
2533120111,01031201,23910031201
2533350311,01033503,23910033503
2532512311,01025123,23910025123
2532512211,01025122,23910025122
2532500311,01025003,23910025003
2532500411,01025004,23910025004
2533341211,01033412,23910033412
2532330411,01023304,23910023304
2533260111,01032601,23910032601
2532210911,01022109,23910022109
2532540711,01025407,23910025407
2532330611,01023306,23910023306
2533300211,01033002,23910033002
2533420111,01034201,23910034201
2532210811,01022108,23910022108
2532531111,01025311,23910025311
2533350411,01033504,23910033504
2532551011,01025510,23910025510
2532270511,01022705,23910022705
2532540911,01025409,23910025409
2532500211,01025002,23910025002
2532270311,01022703,23910022703
2532550811,01025508,23910025508
2572420111,56124201,23J00024201
2573420111,56134201,23J00034201
2573340111,56133401,23J00033401
2572320111,56123201,23J00023201
2572510111,56125101,23J00025101
2582200111,46122001,23K00022001
2572330111,56123301,23J00023301
2572240111,56122401,23J00022401
2572210111,56122101,23J00022101
2582330111,46123301,23K00023301
2572210411,56122104,23J00022104
2582230111,46122301,23K00022301
2572210711,56122107,23J00022107
2582500211,46125002,23K00025002
2572210611,56122106,23J00022106
2573300111,56133001,23J00033001
2572230211,56122302,23J00022302
2572230111,56122301,23J00022301
2582500111,46125001,23K00025001
2582270311,46122703,23K00022703
2582330211,46123302,23K00023302
2582270111,46122701,23K00022701
2572210311,56122103,23J00022103
2582270211,46122702,23K00022702
2573360111,56133601,23J00033601
2582550311,46125503,23K00025503
2582530311,46125303,23K00025303
2583350311,46133503,23K00033503
2583350411,46133504,23K00033504
2583350511,46133505,23K00033505
2583350111,46133501,23K00033501
2572210211,56122102,23J00022102
2572270111,56122701,23J00022701
2582550111,46125501,23K00025501
3113131321,32031313,32211031313
2583110111,46131101,23K00031101
2583340211,46133402,23K00033402
2583260111,46132601,23K00032601
2582540111,46125401,23K00025401
2583120111,46131201,23K00031201
2583350211,46133502,23K00033502
2582540211,46125402,23K00025402
2582550211,46125502,23K00025502
2582510211,46125102,23K00025102
2583340311,46133403,23K00033403
2582540411,46125404,23K00025404
2582530511,46125305,23K00025305
2582530211,46125302,23K00025302
2582530111,46125301,23K00025301
2582530411,46125304,23K00025304
2582510111,46125101,23K00025101
2582500311,46125003,23K00025003
2583340111,46133401,23K00033401
2582540311,46125403,23K00025403
2572210511,56122105,23J00022105
3102551911,32025519,32111025519
3103131011,32031310,32111031310
3112530221,32025302,32211025302
3113131021,32031310,32211031310
3102552211,32025522,32111025522
3112551922,32025519,32221025519
3102530311,32025303,32111025303
3112530321,32025303,32211025303
3112530322,32025303,32221025303
3112552221,32025522,32211025522
3112552222,32025522,32221025522
3113131221,32031312,32211031312
3103131211,32031312,32111031312
3103131311,32031313,32111031313
3113131222,32031312,32221031312
2402241911,50022419,23110022419
2422214232,50022142,23320022142
2422214233,50022142,23330022142
2412214221,50022142,23210022142
2422241933,50022419,23330022419
2413230621,50032306,23210032306
2403230611,50032306,23110032306
2413230622,50032306,23220032306
2423230632,50032306,23320032306
2402214211,50022142,23110022142
2412214222,50022142,23220022142
2412241921,50022419,23210022419
2412241922,50022419,23220022419
2422241932,50022419,23320022419
