DATE_OUVERTURE,DATE_FERMETURE,NOUVEAU_DIPLOME_1,NOUVEAU_DIPLOME_2,NOUVEAU_DIPLOME_3,NOUVEAU_DIPLOME_4,NOUVEAU_DIPLOME_5,NOUVEAU_DIPLOME_6,NOUVEAU_DIPLOME_7
01/09/2021,,,,,,,,
01/09/2017,,,,,,,,
01/01/1992,31/08/1999,,,,,,,
01/09/2019,,,,,,,,
01/09/1996,31/08/2002,,,,,,,
,31/07/2007,,,,,,,
01/09/1996,31/08/2002,,,,,,,
01/09/1996,,,,,,,,
01/09/1996,31/08/2002,,,,,,,
01/09/1996,31/08/2002,,,,,,,
08/11/1990,31/08/1996,,,,,,,
01/01/1992,23/03/1995,,,,,,,
01/09/1995,31/08/2020,,,,,,,
01/09/1996,,,,,,,,
01/09/1996,,,,,,,,
01/01/1992,31/08/2004,,,,,,,
01/09/1996,31/08/2002,,,,,,,
01/09/1996,31/08/2002,,,,,,,
,31/08/2000,,,,,,,
01/01/1992,31/08/2018,,,,,,,
01/01/1992,,,,,,,,
,31/08/2004,,,,,,,
01/09/2016,31/08/2021,,,,,,,
19/08/1993,31/08/2013,51033003.0,,,,,,
01/09/2017,31/08/2021,,,,,,,
01/09/2009,31/08/2021,,,,,,,
01/09/2009,31/08/2021,,,,,,,
01/09/2004,31/08/2024,,,,,,,
01/09/1992,,,,,,,,
01/09/2021,,,,,,,,
,31/08/1993,,,,,,,
01/09/2012,31/08/2021,,,,,,,
01/09/2012,31/08/2021,,,,,,,
01/09/2010,31/08/2021,,,,,,,
01/09/2013,31/08/2021,,,,,,,
01/09/2012,31/08/2021,,,,,,,
01/09/2015,31/08/2021,,,,,,,
01/09/2015,31/08/2021,,,,,,,
01/09/2011,31/08/2021,,,,,,,
05/03/1985,31/08/1995,51033002.0,,,,,,
04/12/1986,31/08/1997,51032403.0,,,,,,
05/07/1972,31/08/2001,,,,,,,
11/10/1974,31/08/1994,51022201.0,,,,,,
11/10/1974,31/08/1994,51022201.0,,,,,,
01/09/2022,,,,,,,,
01/09/1993,,,,,,,,
01/09/2017,31/08/2021,,,,,,,
01/09/2011,31/08/2021,,,,,,,
01/09/2010,31/08/2021,,,,,,,
01/09/2004,31/08/2011,,,,,,,
01/09/2010,31/08/2021,,,,,,,
01/09/2010,31/08/2021,,,,,,,
01/09/2010,31/08/2021,,,,,,,
01/09/2010,31/08/2021,,,,,,,
01/09/2010,31/08/2021,,,,,,,
01/09/2010,31/08/2021,,,,,,,
01/09/2010,31/08/2021,,,,,,,
01/09/2010,31/08/2021,,,,,,,
01/09/2010,31/08/2021,,,,,,,
01/09/2010,31/08/2021,,,,,,,
01/09/2013,31/08/2021,,,,,,,
01/09/2010,31/08/2021,,,,,,,
01/09/1996,31/08/2002,,,,,,,
22/09/1972,31/08/1999,,,,,,,
19/06/1990,31/08/2012,,,,,,,
,31/08/2004,,,,,,,
27/08/1987,31/08/2010,,,,,,,
01/09/2010,31/08/2021,,,,,,,
01/09/2009,31/08/2021,,,,,,,
01/09/2025,,,,,,,,
20/07/1989,31/08/1996,,,,,,,
01/09/2009,31/08/2021,,,,,,,
01/09/1997,31/08/2025,50023438.0,,,,,,
01/09/2013,31/08/2021,,,,,,,
01/09/2013,31/08/2021,,,,,,,
01/09/2009,31/08/2021,,,,,,,
01/09/2011,31/08/2021,,,,,,,
01/09/2011,31/08/2021,,,,,,,
01/09/2009,31/08/2021,,,,,,,
01/09/2009,31/08/2021,,,,,,,
01/09/2009,31/08/2021,,,,,,,
01/09/2009,31/08/2021,,,,,,,
01/09/2009,31/08/2021,,,,,,,
02/02/1987,31/08/2010,51023305.0,,,,,,
01/01/1992,31/08/2012,,,,,,,
22/06/1983,31/08/2009,,,,,,,
25/02/1987,31/08/2004,51023203.0,,,,,,
27/04/1987,31/08/2004,51022704.0,,,,,,
18/08/1971,31/08/1993,51022304.0,,,,,,
11/05/1970,31/08/1993,51022304.0,,,,,,
01/09/2019,,,,,,,,
01/09/2004,31/08/2011,,,,,,,
01/09/2004,31/08/2011,,,,,,,
,31/08/1993,,,,,,,
01/09/2004,31/08/2011,,,,,,,
01/09/2004,31/08/2011,,,,,,,
01/09/2003,31/08/2012,50020101.0,,,,,,
01/09/1992,31/08/1997,,,,,,,
01/09/1992,31/08/1997,,,,,,,
01/09/1992,31/08/1997,,,,,,,
01/01/1992,31/08/1995,,,,,,,
15/04/1996,,,,,,,,
01/09/2010,,,,,,,,
01/09/2011,,,,,,,,
19/07/1991,31/08/2008,50033610.0,,,,,,
01/09/2010,,,,,,,,
01/09/2010,,,,,,,,
01/09/2002,31/08/2022,50023224.0,,,,,,
20/07/1977,31/08/1994,50023429.0,,,,,,
27/03/1973,31/08/2022,,,,,,,
,31/08/2000,,,,,,,
01/09/2002,31/08/2024,56125118.0,,,,,,
01/09/1995,,,,,,,,
30/07/1963,31/08/1993,50033604.0,,,,,,
13/12/1990,31/08/2012,51033101.0,,,,,,
25/04/1980,31/08/2003,,,,,,,
19/03/1970,31/08/1996,50033106.0,,,,,,
20/07/1978,31/08/1996,50033105.0,,,,,,
01/09/2001,,,,,,,,
01/09/2012,31/08/2026,32334101.0,,,,,,
01/09/2007,31/08/2026,32033112.0,,,,,,
06/01/1977,31/08/1994,50032403.0,,,,,,
01/09/1991,31/08/2003,,,,,,,
01/09/1986,31/08/2006,,,,,,,
01/09/1976,31/08/2001,,,,,,,
01/09/1991,31/08/1997,50031307.0,,,,,,
01/09/1976,31/08/1995,,,,,,,
,31/08/2000,,,,,,,
02/08/1955,31/08/1997,50024127.0,,,,,,
20/07/1977,31/08/1994,50023429.0,,,,,,
20/07/1977,31/08/1993,50023429.0,,,,,,
20/07/1977,31/08/1996,,,,,,,
,,,,,,,,
01/09/2018,31/08/2024,46133501.0,,,,,,
06/06/1988,31/08/2005,,,,,,,
01/09/2010,31/08/2022,40322108.0,,,,,,
01/09/2017,31/08/2021,,,,,,,
01/09/2016,31/08/2021,,,,,,,
14/11/1987,31/08/2000,1025206.0,,,,,,
04/08/1989,31/08/1997,50034306.0,,,,,,
02/09/1988,31/08/2000,1023303.0,,,,,,
26/05/1986,31/08/1995,50031212.0,,,,,,
,31/08/2000,,,,,,,
01/09/1988,31/08/2008,50031221.0,,,,,,
17/04/1984,31/08/1994,50031211.0,,,,,,
,31/08/2000,,,,,,,
23/04/1974,31/08/1994,50023104.0,,,,,,
,31/08/2000,,,,,,,
01/09/2018,,,,,,,,
01/09/2019,,,,,,,,
25/10/1972,31/08/1994,50022707.0,,,,,,
31/07/1973,31/08/1996,,,,,,,
01/09/2018,,,,,,,,
01/09/2007,,,,,,,,
14/08/1962,31/08/2023,,,,,,,
01/09/2017,,,,,,,,
01/01/2024,,,,,,,,
01/09/1992,31/08/2023,,,,,,,
04/09/1987,31/08/2004,,,,,,,
01/09/2022,,,,,,,,
,31/08/2004,,,,,,,
28/08/1990,31/08/2002,51033403.0,,,,,,
01/09/2004,31/08/2020,26033205.0,,,,,,
01/12/1969,02/09/1992,51033402.0,,,,,,
01/12/1969,02/09/1992,51033402.0,,,,,,
19/07/1991,31/08/2006,50032226.0,,,,,,
08/12/1981,31/08/1994,50022336.0,,,,,,
23/08/1990,31/08/2002,50032310.0,50032311.0,50032312.0,50032313.0,,,
01/09/2022,,,,,,,,
01/09/2022,,,,,,,,
08/12/1981,31/08/1994,50022336.0,,,,,,
23/04/1966,31/08/2019,,,,,,,
01/09/2019,,,,,,,,
01/09/2016,31/08/2021,40022307.0,,,,,,
01/09/2016,31/08/2021,,,,,,,
27/02/1954,31/08/1994,50032217.0,,,,,,
01/01/2024,,,,,,,,
01/09/2024,,,,,,,,
10/05/1948,31/08/1998,45033104.0,,,,,,
01/09/2016,,,,,,,,
04/06/1976,31/08/1996,50023311.0,,,,,,
28/06/1976,31/08/1997,50032221.0,,,,,,
15/06/1976,31/08/2005,,,,,,,
01/09/2018,,,,,,,,
01/09/2012,,,,,,,,
01/09/2022,,,,,,,,
01/09/2022,,,,,,,,
01/01/1992,,,,,,,,
01/09/2000,31/08/2024,40020009.0,,,,,,
01/09/2017,31/08/2024,40033606.0,,,,,,
01/01/1992,31/08/2005,,,,,,,
01/09/2015,,,,,,,,
01/09/2017,,,,,,,,
01/09/2006,31/08/2023,40025517.0,,,,,,
01/09/2015,,,,,,,,
01/09/2015,,,,,,,,
01/09/2015,,,,,,,,
10/11/1989,31/08/1997,50023436.0,,,,,,
01/09/2008,31/08/2019,32032409.0,,,,,,
01/09/2024,,,,,,,,
01/09/2024,,,,,,,,
06/08/1991,31/08/2001,50031217.0,,,,,,
27/05/1983,31/08/1993,,,,,,,
01/09/2002,31/08/2020,50023119.0,,,,,,
01/09/1994,31/08/2010,50022426.0,,,,,,
01/09/2018,,,,,,,,
01/09/2018,,,,,,,,
01/09/2015,,,,,,,,
01/09/2016,,,,,,,,
01/09/2015,,,,,,,,
01/09/2015,,,,,,,,
21/07/1992,31/08/1996,,,,,,,
01/09/2021,,,,,,,,
01/09/2021,,,,,,,,
01/01/1992,31/08/2004,,,,,,,
21/07/1992,31/08/1996,,,,,,,
23/03/1990,31/08/1996,,,,,,,
20/07/1989,31/08/1996,,,,,,,
20/07/1989,31/08/1996,,,,,,,
25/11/1971,31/08/1996,,,,,,,
25/11/1971,31/08/1996,,,,,,,
24/11/1971,31/08/1996,,,,,,,
21/07/1992,31/08/1996,,,,,,,
01/01/1992,31/08/2004,,,,,,,
25/09/1993,31/08/2001,50031214.0,,,,,,
05/10/1981,31/08/1994,50031108.0,,,,,,
06/08/1991,31/08/2001,50031116.0,,,,,,
01/09/2021,,,,,,,,
01/09/2021,,,,,,,,
01/09/2021,,,,,,,,
01/09/2021,,,,,,,,
01/09/1972,31/08/1996,,,,,,,
25/11/1971,31/08/1996,,,,,,,
25/11/1971,31/08/1996,,,,,,,
28/08/1990,31/08/2002,50033408.0,,,,,,
28/08/1990,31/08/2004,50033410.0,,,,,,
02/04/1975,31/08/2006,50033411.0,,,,,,
10/07/1989,31/08/2002,50033409.0,,,,,,
01/09/1992,31/08/1993,,,,,,,
24/04/1976,31/08/1994,50033404.0,,,,,,
01/01/1992,31/08/1994,,,,,,,
28/08/1990,31/08/2002,50022131.0,,,,,,
04/08/1989,31/08/2000,50022129.0,,,,,,
01/09/2021,,,,,,,,
18/09/1989,31/08/2024,,,,,,,
01/09/1995,31/08/2022,37012019.0,,,,,,
01/09/2022,,,,,,,,
01/09/2022,,,,,,,,
01/09/1996,31/08/2002,,,,,,,
01/09/2024,,,,,,,,
25/11/1971,31/08/1996,,,,,,,
25/11/1971,31/08/1996,,,,,,,
06/06/1988,31/08/1999,50024318.0,,,,,,
11/08/1987,31/08/1999,50024317.0,,,,,,
03/08/1977,31/08/1995,50024214.0,,,,,,
02/07/1976,31/08/1994,50024227.0,,,,,,
20/08/1992,31/08/1999,50024235.0,,,,,,
15/04/1996,31/08/2011,,,,,,,
20/08/1992,31/08/1999,50024234.0,,,,,,
23/04/1974,31/08/1994,,,,,,,
01/09/2019,,,,,,,,
01/09/2001,,,,,,,,
01/09/2004,31/08/2019,32031212.0,,,,,,
27/12/1952,31/08/1994,50024219.0,,,,,,
27/12/1952,31/08/1994,50024219.0,,,,,,
27/12/1952,31/08/1994,50024219.0,,,,,,
,31/08/2000,,,,,,,
,31/08/2000,,,,,,,
21/08/1986,31/08/2000,,,,,,,
,31/08/2000,,,,,,,
30/03/1978,31/08/1996,50022109.0,,,,,,
01/09/2007,31/08/2018,32031311.0,,,,,,
20/07/1989,31/08/1996,,,,,,,
20/07/1989,31/08/1996,,,,,,,
20/07/1989,31/08/1996,,,,,,,
20/07/1989,31/08/1996,,,,,,,
20/07/1989,31/08/1996,,,,,,,
01/09/1996,,,,,,,,
20/07/1989,31/08/1996,,,,,,,
,31/08/2000,,,,,,,
,31/08/2000,,,,,,,
06/08/1991,31/08/2000,50022509.0,,,,,,
07/08/1991,31/08/2000,50022509.0,,,,,,
29/08/1990,31/08/1997,,,,,,,
29/08/1990,31/08/1997,,,,,,,
01/09/2000,,,,,,,,
01/09/2000,,,,,,,,
29/08/1990,31/08/1997,,,,,,,
03/07/1987,31/08/2006,,,,,,,
14/01/1987,02/09/1994,50022123.0,,,,,,
01/09/2018,,,,,,,,
01/04/2021,,,,,,,,
01/04/2021,,,,,,,,
01/04/2021,,,,,,,,
01/01/1992,31/08/2004,,,,,,,
17/03/1981,31/08/2003,50022133.0,,,,,,
06/01/1977,31/08/1994,50032403.0,,,,,,
01/09/1992,31/08/2002,,,,,,,
,31/08/2000,,,,,,,
01/09/2024,,,,,,,,
09/08/1989,31/08/2007,50023118.0,,,,,,
01/01/1992,,,,,,,,
01/09/1994,31/08/2006,,,,,,,
,31/08/2000,,,,,,,
23/08/1993,31/08/2008,50022136.0,,,,,,
11/10/1977,31/08/1999,,,,,,,
08/05/1979,31/08/1996,50022124.0,,,,,,
01/09/1988,31/08/2003,50022132.0,,,,,,
01/09/2012,,,,,,,,
11/10/1977,31/08/1993,,,,,,,
01/09/2001,,,,,,,,
01/09/2001,,,,,,,,
01/09/2001,,,,,,,,
01/09/2001,,,,,,,,
01/09/2002,,,,,,,,
01/09/2000,,,,,,,,
29/01/1985,,,,,,,,
10/07/1986,,,,,,,,
23/07/1990,,,,,,,,
01/01/1992,31/08/1998,,,,,,,
15/02/1996,,,,,,,,
15/02/1996,,,,,,,,
01/09/2018,,,,,,,,
01/09/1996,,,,,,,,
27/03/1990,31/08/1999,50024319.0,,,,,,
11/06/1987,31/08/2004,50023441.0,,,,,,
11/06/1987,31/08/2004,50023441.0,,,,,,
11/06/1987,31/08/1994,50023401.0,,,,,,
29/01/1982,31/08/1995,50023435.0,,,,,,
01/09/1998,,,,,,,,
01/09/1999,31/08/2020,,,,,,,
01/09/1999,,,,,,,,
01/09/2005,,,,,,,,
01/09/1999,,,,,,,,
01/09/2000,,,,,,,,
01/09/2000,,,,,,,,
01/09/2000,,,,,,,,
01/09/2001,,,,,,,,
01/09/2001,,,,,,,,
01/09/2009,,,,,,,,
01/09/2014,,,,,,,,
,31/08/2000,,,,,,,
29/08/1991,31/08/2007,,,,,,,
,31/08/2000,,,,,,,
,31/08/2000,,,,,,,
,31/08/2000,,,,,,,
,31/08/2000,,,,,,,
22/10/1985,31/08/2001,50023437.0,,,,,,
02/09/1954,31/08/1994,1023402.0,,,,,,
01/09/2015,31/08/2022,96299905.0,,,,,,
01/09/2022,,,,,,,,
31/03/1987,31/08/1993,,,,,,,
01/09/2018,,,,,,,,
01/09/2021,,,,,,,,
01/09/2021,,,,,,,,
01/09/2017,,,,,,,,
15/02/1996,,,,,,,,
01/09/2000,,,,,,,,
20/12/1982,31/08/1994,50024224.0,,,,,,
15/02/1996,,,,,,,,
01/09/1999,,,,,,,,
01/09/1999,,,,,,,,
01/09/1999,,,,,,,,
01/09/1999,,,,,,,,
20/12/1982,31/08/1994,50024224.0,,,,,,
20/12/1982,31/08/1993,50024224.0,,,,,,
04/07/1978,31/08/1994,,,,,,,
,31/08/2000,,,,,,,
,31/08/2000,,,,,,,
,31/08/2000,,,,,,,
,31/08/2000,,,,,,,
,31/08/2000,,,,,,,
08/07/1961,31/08/1994,50031208.0,,,,,,
25/03/1952,31/08/1994,1022405.0,,,,,,
01/01/1992,31/08/2000,,,,,,,
05/12/1988,31/08/2004,50022134.0,50025007.0,50024128.0,50024129.0,50022358.0,50022610.0,
01/09/1999,,,,,,,,
01/09/1999,,,,,,,,
01/09/2012,31/08/2019,67010031.0,,,,,,
01/09/1999,31/08/2020,,,,,,,
01/09/1999,,,,,,,,
01/09/2000,31/08/2020,,,,,,,
01/09/2000,,,,,,,,
01/09/2000,,,,,,,,
01/09/2000,31/08/2020,,,,,,,
09/06/1986,,,,,,,,
01/09/1996,31/08/2002,,,,,,,
15/02/1996,,,,,,,,
01/09/1997,31/08/2010,,,,,,,
01/01/1992,,,,,,,,
01/09/1997,31/08/1998,,,,,,,
01/01/1992,31/08/2010,,,,,,,
01/09/1999,31/08/2002,,,,,,,
01/09/2001,31/08/2005,,,,,,,
,31/08/2004,,,,,,,
,31/08/2000,,,,,,,
24/03/1980,31/08/2002,50025430.0,,,,,,
16/04/1986,31/08/1994,50023206.0,,,,,,
01/09/1997,31/08/2010,,,,,,,
01/09/1997,31/08/2010,,,,,,,
01/01/1992,31/08/2005,,,,,,,
15/06/1987,31/08/2025,,,,,,,
15/02/1996,,,,,,,,
01/09/2002,,,,,,,,
08/09/1976,,,,,,,,
15/02/1996,,,,,,,,
15/02/1996,,,,,,,,
30/09/1987,31/08/2000,50022130.0,,,,,,
01/09/1995,31/08/2021,,,,,,,
09/10/1956,02/09/1992,,,,,,,
23/04/1987,31/08/2004,,,,,,,
17/04/1987,31/08/1999,50023315.0,,,,,,
17/04/1987,31/08/2003,50023217.0,,,,,,
31/05/1983,31/08/1994,1022404.0,,,,,,
20/03/1987,31/08/2003,50023219.0,,,,,,
,31/08/2000,,,,,,,
01/09/2015,,,,,,,,
01/09/2008,31/08/2010,,,,,,,
01/09/1988,31/08/2007,,,,,,,
06/06/1988,31/08/1994,50022325.0,,,,,,
17/02/1994,31/08/2004,50022134.0,50025007.0,50024128.0,50024129.0,50022358.0,50022610.0,
01/09/1993,31/08/2024,,,,,,,
01/09/2016,,,,,,,,
01/09/2016,,,,,,,,
24/07/1981,31/08/1993,,,,,,,
25/07/1989,31/08/2012,50031121.0,,,,,,
27/03/1974,31/08/1994,,,,,,,
16/04/1986,31/08/1993,50023206.0,50023205.0,,,,,
,31/08/2000,,,,,,,
20/09/1974,31/08/1994,,,,,,,
24/07/1981,31/08/2007,,,,,,,
19/07/1982,31/08/2007,,,,,,,
,31/08/2000,,,,,,,
11/10/1977,31/08/1999,,,,,,,
,31/08/2004,,,,,,,
,31/08/2000,,,,,,,
31/07/1990,31/08/2000,,,,,,,
23/10/1981,31/08/1996,,,,,,,
01/01/1992,31/08/2012,,,,,,,
01/09/1995,31/08/2012,,,,,,,
01/09/1995,31/08/2012,,,,,,,
01/09/1995,31/08/2012,,,,,,,
,31/08/2004,,,,,,,
,31/08/2000,,,,,,,
06/08/1991,31/08/2009,,,,,,,
14/03/1991,31/08/2004,50022134.0,50025007.0,50024128.0,50024129.0,50022358.0,50022610.0,
13/08/1982,31/08/1994,50022301.0,,,,,,
13/08/1982,31/08/1994,50022301.0,,,,,,
03/08/1967,31/08/1996,43022001.0,,,,,,
01/09/1988,31/08/1994,50022327.0,,,,,,
21/10/1968,31/08/1996,,,,,,,
01/09/2014,,,,,,,,
01/09/2018,,,,,,,,
01/09/1999,31/08/2020,,,,,,,
01/09/2000,31/08/2020,,,,,,,
01/09/2019,,,,,,,,
23/04/1987,31/08/2003,50023319.0,,,,,,
05/03/1987,31/08/2001,,,,,,,
31/08/1984,31/08/2001,,,,,,,
06/08/1985,31/08/2001,,,,,,,
01/09/1992,31/08/1994,,,,,,,
06/06/1988,31/08/1994,50022325.0,,,,,,
06/06/1988,31/08/1994,50022325.0,,,,,,
02/09/1988,31/08/1994,50022326.0,,,,,,
06/06/1988,31/08/1994,50022325.0,,,,,,
09/08/1985,31/08/1994,32031203.0,,,,,,
01/09/2003,31/08/2022,50023449.0,,,,,,
01/09/2021,,,,,,,,
12/05/1993,31/08/2022,32020115.0,,,,,,
01/09/1997,31/08/2022,32023306.0,,,,,,
01/09/2016,,,,,,,,
24/01/1978,31/08/2000,,,,,,,
15/02/1971,31/08/1993,,,,,,,
04/08/1988,31/08/1999,50024004.0,,,,,,
29/08/1990,31/08/2006,50022135.0,,,,,,
24/10/1980,31/08/1993,45022105.0,,,,,,
03/11/1983,31/08/2008,,,,,,,
03/05/1982,31/08/1994,50022118.0,,,,,,
03/05/1982,31/08/1994,50022118.0,,,,,,
04/11/1958,31/08/1999,,,,,,,
01/09/2007,,,,,,,,
01/09/1992,,,,,,,,
,31/08/2004,,,,,,,
,31/08/2000,,,,,,,
,31/08/2000,,,,,,,
01/09/2019,,,,,,,,
,31/08/2000,,,,,,,
18/09/1958,01/09/1992,,,,,,,
01/09/2022,,,,,,,,
,31/08/2000,,,,,,,
02/09/1988,31/08/1996,50022423.0,50022424.0,50022425.0,50022426.0,50022427.0,,
09/08/1989,31/08/2023,1023204.0,,,,,,
01/09/2008,31/08/2023,32034502.0,,,,,,
01/09/1997,31/08/2015,45022709.0,,,,,,
27/05/1983,,,,,,,,
01/09/2008,,,,,,,,
13/07/1977,,,,,,,,
02/09/1976,,,,,,,,
02/09/1976,,,,,,,,
01/09/2005,31/08/2020,,,,,,,
01/09/1998,31/08/2020,,,,,,,
01/09/2000,31/08/2020,,,,,,,
14/03/1986,31/08/2006,,,,,,,
01/09/2011,,,,,,,,
24/02/1964,31/08/1999,,,,,,,
01/09/1991,31/08/2009,,,,,,,
27/11/1989,31/08/2009,,,,,,,
04/11/1958,31/08/1999,,,,,,,
09/10/1956,31/08/1999,,,,,,,
01/09/2023,,,,,,,,
01/09/2024,,,,,,,,
01/09/1992,31/08/2013,45022108.0,,,,,,
08/02/1989,31/08/1999,45022002.0,45022003.0,,,,,
01/09/1998,,,,,,,,
07/08/1991,,,,,,,,
21/12/1990,,,,,,,,
01/07/1955,,,,,,,,
01/09/1997,,,,,,,,
01/09/1998,,,,,,,,
29/08/1991,,,,,,,,
22/02/1951,,,,,,,,
30/05/1975,,,,,,,,
01/09/2004,,,,,,,,
,31/08/2000,,,,,,,
21/05/1968,02/09/1992,,,,,,,
06/07/1987,31/08/1996,43022001.0,,,,,,
12/07/1983,31/08/2006,,,,,,,
10/02/1971,31/08/1995,,,,,,,
10/02/1971,31/08/1995,,,,,,,
01/01/1992,31/08/2004,,,,,,,
29/08/1991,31/08/2025,,,,,,,
10/02/1971,31/08/2005,,,,,,,
01/01/1992,31/08/2004,,,,,,,
01/09/2015,,,,,,,,
01/09/2015,,,,,,,,
01/09/2021,,,,,,,,
27/02/1954,31/08/1998,,,,,,,
,31/08/2000,,,,,,,
,31/08/2000,,,,,,,
24/07/1981,31/08/2007,,,,,,,
04/05/1987,31/08/1994,50022507.0,,,,,,
04/05/1987,31/08/1994,50022506.0,,,,,,
01/09/1992,31/08/2008,,,,,,,
05/02/1985,31/08/1994,50022201.0,,,,,,
13/06/1961,31/08/1999,,,,,,,
17/05/1974,31/12/1996,32225201.0,,,,,,
22/07/1982,31/08/2000,,,,,,,
22/07/1982,31/08/2000,,,,,,,
01/09/1993,31/08/2006,,,,,,,
15/11/1967,31/08/2002,40022302.0,,,,,,
01/09/1998,31/08/2020,,,,,,,
28/06/1990,31/08/2003,50023216.0,,,,,,
18/11/1969,31/08/1999,45033105.0,,,,,,
01/09/1997,31/08/2010,,,,,,,
06/08/1991,31/08/2020,,,,,,,
16/02/1957,31/08/1996,,,,,,,
01/09/1998,31/08/2020,,,,,,,
01/09/2002,31/08/2020,50023325.0,,,,,,
01/09/2023,,,,,,,,
18/09/1985,31/08/2004,45033607.0,,,,,,
02/07/1981,31/08/1998,45023209.0,,,,,,
01/01/1992,31/08/2004,,,,,,,
01/09/2018,,,,,,,,
01/09/2000,31/08/2020,,,,,,,
18/02/1981,02/09/1993,,,,,,,
01/09/2003,31/08/2019,32033425.0,,,,,,
01/09/2017,31/08/2021,,,,,,,
19/08/1993,31/08/2018,32033422.0,,,,,,
01/09/2024,,,,,,,,
01/09/2008,31/08/2020,50033616.0,,,,,,
01/09/2005,31/08/2019,50025524.0,,,,,,
01/01/1992,02/09/1992,,,,,,,
01/09/2002,31/08/2023,,,,,,,
26/05/1986,31/08/1994,43033401.0,,,,,,
01/09/1993,31/08/2014,,,,,,,
01/09/1996,,,,,,,,
29/05/1986,02/09/1992,,,,,,,
,31/08/1993,,,,,,,
01/09/1995,31/08/2012,,,,,,,
01/09/1995,31/08/2012,,,,,,,
01/09/1995,31/08/2012,,,,,,,
01/01/1992,31/08/1998,,,,,,,
,31/08/2000,,,,,,,
01/01/1992,31/08/1998,,,,,,,
01/01/1992,,,,,,,,
01/09/1996,,,,,,,,
01/09/1996,,,,,,,,
01/01/1992,31/08/2018,37012017.0,37013008.0,,,,,
01/01/1992,,,,,,,,
01/01/1992,,,,,,,,
01/01/1992,,,,,,,,
,,,,,,,,
01/09/2013,,,,,,,,
01/09/1992,31/08/2004,40123409.0,40123410.0,40123411.0,40125401.0,,,
01/09/1984,31/08/2013,14022001.0,,,,,,
01/09/1992,31/08/2004,40123409.0,40123410.0,40123411.0,40125401.0,,,
01/09/2018,,,,,,,,
01/09/2018,,,,,,,,
01/09/2018,,,,,,,,
01/09/2018,,,,,,,,
,31/08/2000,,,,,,,
01/09/2012,,,,,,,,
,31/08/2000,,,,,,,
,31/08/2000,,,,,,,
,31/08/2000,,,,,,,
,31/08/2000,,,,,,,
09/06/1971,31/08/1996,,,,,,,
16/06/1987,31/08/1997,40031402.0,,,,,,
26/09/1991,31/08/1999,40031103.0,,,,,,
31/03/1987,31/08/2006,40023002.0,,,,,,
31/05/1989,31/08/2000,40020002.0,,,,,,
19/03/1993,31/08/2004,40032205.0,,,,,,
25/07/1989,31/08/1994,40032202.0,40032203.0,,,,,
14/03/1986,31/08/2002,40025505.0,,,,,,
03/03/2005,,,,,,,,
14/03/1986,31/08/2006,40025507.0,,,,,,
12/09/1990,31/08/2002,40025208.0,,,,,,
12/09/1990,31/08/2002,40025207.0,,,,,,
31/05/1989,31/08/2007,40025507.0,,,,,,
03/05/1988,31/08/2006,40023102.0,,,,,,
31/03/1954,02/09/1992,,,,,,,
01/08/1967,31/08/1996,43022001.0,,,,,,
01/09/2018,31/08/2025,50024323.0,,,,,,
17/06/1977,31/08/1996,,,,,,,
01/09/2012,,,,,,,,
01/09/2012,,,,,,,,
01/02/1957,02/09/1992,,,,,,,
01/02/1957,02/09/1992,,,,,,,
01/09/1994,31/08/2008,,,,,,,
26/09/1991,31/08/2013,40032303.0,,,,,,
01/01/1901,31/08/1996,,,,,,,
26/09/1991,31/08/1999,40031104.0,,,,,,
01/09/2024,,,,,,,,
27/09/1990,31/08/2010,40125101.0,,,,,,
06/05/1988,31/08/1998,40022103.0,,,,,,
01/01/2008,31/08/2018,,,,,,,
02/06/1993,31/08/2004,40032204.0,,,,,,
06/06/1989,31/08/2006,40023405.0,,,,,,
16/06/1955,02/09/1992,,,,,,,
12/02/1985,31/08/1996,32020004.0,,,,,,
20/08/1987,31/08/2007,40023406.0,40023407.0,,,,,
31/07/1992,31/08/1998,40022502.0,,,,,,
12/08/1987,31/08/1996,40022002.0,,,,,,
01/09/1994,31/08/2011,40022105.0,40022104.0,40031209.0,,,,
31/07/1963,02/09/1992,32031403.0,,,,,,
01/09/2024,,,,,,,,
08/08/1973,02/09/1992,,,,,,,
05/08/1988,31/08/2020,,,,,,,
01/01/1992,31/08/2002,,,,,,,
24/09/1959,02/09/1992,32033409.0,,,,,,
24/09/1959,02/09/1992,32033408.0,32033409.0,,,,,
19/07/1985,31/08/1996,32032001.0,,,,,,
01/09/1996,31/08/2002,,,,,,,
23/08/1990,31/08/2007,32020008.0,,,,,,
01/09/1992,02/09/1992,,,,,,,
23/08/1990,31/08/2007,32020008.0,,,,,,
12/02/1985,31/08/2003,32023011.0,,,,,,
01/09/2011,31/08/2022,50024007.0,,,,,,
22/01/1988,31/08/2007,26031403.0,,,,,,
08/08/1973,02/09/1992,32031202.0,,,,,,
04/06/1984,31/08/1995,32025001.0,,,,,,
01/09/1994,31/08/2011,32023411.0,,,,,,
03/07/1987,31/08/2001,32023010.0,,,,,,
01/10/1971,02/09/1992,32023005.0,,,,,,
01/09/1994,31/08/2006,32020006.0,,,,,,
01/09/1992,31/08/1997,,,,,,,
01/09/1992,31/08/1997,,,,,,,
01/09/2018,,,,,,,,
01/01/1992,31/08/2004,,,,,,,
01/01/2008,31/08/2018,,,,,,,
01/09/2010,,,,,,,,
01/09/1992,31/08/1993,,,,,,,
10/06/1994,31/08/2009,32032408.0,,,,,,
17/07/1986,31/08/1996,32032406.0,,,,,,
01/09/2000,31/12/2024,46321225.0,,,,,,
01/09/2001,,,,,,,,
26/08/1992,31/08/2013,32024207.0,32024305.0,,,,,
23/08/1993,31/08/2014,32034304.0,,,,,,
01/01/1992,31/08/2008,,,,,,,
01/09/1991,31/08/2020,26033202.0,,,,,,
01/01/1992,31/08/2004,,,,,,,
01/01/1992,31/08/2004,,,,,,,
01/01/1992,31/08/2004,,,,,,,
05/10/1981,31/08/1998,43013402.0,,,,,,
01/09/2007,31/08/2020,50022141.0,,,,,,
18/06/1971,31/08/1996,,,,,,,
03/06/1987,31/08/1996,32022602.0,32022603.0,,,,,
25/07/1989,31/08/1999,40025405.0,,,,,,
14/03/1986,31/08/1996,40025403.0,40025404.0,,,,,
03/05/1988,31/08/1995,40025104.0,40025105.0,,,,,
22/08/1990,31/08/2006,40025007.0,,,,,,
07/08/1991,31/08/2007,40023304.0,,,,,,
24/07/1980,31/08/1995,32033415.0,,,,,,
24/07/1980,31/08/1995,32033414.0,,,,,,
24/07/1980,31/08/1993,32033406.0,,,,,,
01/09/1992,31/08/1993,,,,,,,
22/07/1975,31/08/1993,32233107.0,,,,,,
01/09/2017,,,,,,,,
16/07/1965,31/08/1996,,,,,,,
01/09/2023,,,,,,,,
01/09/1999,31/08/2025,50031124.0,,,,,,
25/02/1992,31/08/2014,32233109.0,,,,,,
10/09/1979,31/08/1995,32124204.0,,,,,,
12/02/1985,31/08/2004,32024206.0,,,,,,
12/02/1985,31/08/2004,32024110.0,,,,,,
01/09/1984,31/08/2013,14022001.0,,,,,,
01/09/1993,31/08/2013,14022001.0,,,,,,
01/09/1984,31/08/1996,24020001.0,24023302.0,24023303.0,,,,
01/09/2023,,,,,,,,
01/09/2023,,,,,,,,
01/09/2006,31/08/2021,50031224.0,,,,,,
01/09/2017,,,,,,,,
01/09/2017,31/08/2022,,,,,,,
01/09/2018,,,,,,,,
11/08/1989,31/08/2002,32033418.0,,,,,,
29/01/1954,31/08/1998,32033107.0,,,,,,
13/05/1961,31/08/1993,32025512.0,,,,,,
27/03/1972,02/09/1992,,,,,,,
03/08/1972,31/08/1996,32022404.0,,,,,,
05/08/1993,31/08/2003,32020109.0,,,,,,
17/07/1984,31/08/1996,32020107.0,,,,,,
01/09/1994,31/08/2006,32020007.0,,,,,,
01/09/2010,31/08/2021,,,,,,,
01/09/2002,31/08/2020,50023327.0,,,,,,
,31/08/2002,,,,,,,
01/01/1992,31/08/2004,,,,,,,
15/06/1959,31/08/1975,,,,,,,
01/01/1992,31/08/1996,,,,,,,
28/10/1953,02/09/1992,32025509.0,,,,,,
24/09/1959,02/09/1992,32022305.0,32022306.0,,,,,
03/06/1981,31/08/2023,,,,,,,
13/08/1982,31/08/2010,32025302.0,,,,,,
13/06/1990,31/08/1998,32025207.0,,,,,,
07/08/1991,31/08/2008,32025210.0,32025211.0,32025212.0,,,,
30/07/1986,31/08/1996,32025004.0,,,,,,
01/09/2015,,,,,,,,
01/09/2000,31/08/2018,50023445.0,,,,,,
02/09/1988,31/08/2019,40022705.0,,,,,,
01/09/1996,31/08/2002,,,,,,,
01/01/1992,31/08/2002,,,,,,,
27/06/1959,02/09/1992,32023103.0,,,,,,
01/09/2016,,,,,,,,
01/09/2023,,,,,,,,
01/01/1992,31/08/2012,,,,,,,
01/01/1992,31/08/2012,,,,,,,
31/07/1992,31/08/2014,32025411.0,,,,,,
07/07/1961,31/08/1994,32025401.0,,,,,,
12/09/1961,31/08/1998,32025409.0,,,,,,
12/02/1961,31/08/1994,32025408.0,,,,,,
31/07/1992,31/08/2010,32025410.0,,,,,,
21/07/1988,31/08/1998,32022309.0,,,,,,
01/09/2018,,,,,,,,
01/09/2024,,,,,,,,
01/01/2020,,,,,,,,
01/01/1992,31/08/1994,,,,,,,
01/01/2020,,,,,,,,
01/01/2020,,,,,,,,
01/09/2019,,,,,,,,
01/09/2005,31/08/2018,50032227.0,,,,,,
01/09/2018,,,,,,,,
01/09/2017,,,,,,,,
,31/08/2000,,,,,,,
01/01/2020,,,,,,,,
01/09/2019,,,,,,,,
25/04/1972,31/08/1996,,,,,,,
01/09/2018,31/08/2021,,,,,,,
01/09/2001,31/08/2020,,,,,,,
27/03/1973,31/08/1994,32024004.0,,,,,,
01/09/2013,31/08/2020,,,,,,,
01/01/2020,,,,,,,,
01/09/1997,31/08/2010,,,,,,,
01/01/1992,31/08/1996,,,,,,,
01/09/2024,,,,,,,,
,31/08/2000,,,,,,,
01/09/1996,,,,,,,,
27/03/1973,31/08/1994,32024002.0,,,,,,
01/09/2000,,,,,,,,
01/09/2001,,,,,,,,
01/09/2001,31/08/2022,46033105.0,,,,,,
11/04/1986,02/09/1992,32024108.0,,,,,,
23/05/1964,02/09/1992,32024106.0,,,,,,
01/09/2007,31/08/2022,32031215.0,,,,,,
01/01/1992,31/08/1996,,,,,,,
01/09/1995,31/08/2012,,,,,,,
01/09/1999,31/08/2020,,,,,,,
01/09/1996,31/08/2002,,,,,,,
01/09/2012,,,,,,,,
04/10/1991,31/08/2019,50033204.0,,,,,,
01/09/2000,31/08/2020,,,,,,,
01/09/2000,,,,,,,,
01/01/1992,31/08/1996,,,,,,,
01/01/1992,31/08/1996,,,,,,,
01/01/1992,31/08/1996,,,,,,,
01/01/1992,31/08/1996,,,,,,,
01/01/1992,31/08/1996,,,,,,,
01/01/1992,31/08/1996,,,,,,,
01/09/2020,,,,,,,,
27/02/1985,31/08/1995,32025513.0,,,,,,
01/01/1992,02/09/1992,,,,,,,
01/09/1995,31/08/2012,,,,,,,
01/09/1999,31/08/2021,50031224.0,,,,,,
01/09/1994,31/08/2010,50034404.0,,,,,,
01/09/1995,31/08/2012,,,,,,,
01/09/1995,31/08/2012,,,,,,,
01/01/1992,31/08/2012,,,,,,,
01/09/1995,31/08/2012,,,,,,,
01/09/1995,31/08/2012,,,,,,,
01/09/1995,31/08/2012,,,,,,,
01/09/1995,31/08/2012,,,,,,,
01/09/1995,31/08/2012,,,,,,,
01/09/1995,31/08/2007,32025006.0,,,,,,
01/01/1992,31/08/2004,,,,,,,
01/01/1992,31/08/2004,,,,,,,
08/08/1973,31/08/2008,32033109.0,,,,,,
04/08/1988,31/08/2005,32022207.0,,,,,,
01/06/1959,31/08/1996,32022002.0,,,,,,
01/09/1998,31/08/2021,50022142.0,,,,,,
15/02/1996,,,,,,,,
,31/08/2021,,,,,,,
07/05/1991,31/08/2001,32022503.0,,,,,,
01/09/2009,31/08/2021,40021304.0,,,,,,
18/07/1985,31/08/1993,32022502.0,,,,,,
19/07/1991,,,,,,,,
01/09/1995,31/08/2011,,,,,,,
01/09/2012,31/08/2021,,,,,,,
01/01/1992,31/08/2001,47013019.0,,,,,,
25/01/1964,31/08/1998,32032318.0,,,,,,
01/09/1995,31/08/1998,,,,,,,
24/04/1961,31/08/1995,,,,,,,
01/09/1992,31/08/1994,,,,,,,
,31/08/2021,,,,,,,
01/09/1995,31/08/2012,,,,,,,
16/10/1990,31/08/2019,50032228.0,,,,,,
01/09/1995,31/08/2012,,,,,,,
01/09/1996,,,,,,,,
01/09/1996,,,,,,,,
01/09/1995,31/08/2012,,,,,,,
01/09/1995,31/08/2012,,,,,,,
01/09/2000,31/08/2002,,,,,,,
01/01/1992,,,,,,,,
01/09/1996,,,,,,,,
,,,,,,,,
,31/08/2016,,,,,,,
01/09/2019,,,,,,,,
01/09/2024,,,,,,,,
01/01/1992,31/08/2004,,,,,,,
01/09/1996,,,,,,,,
,,,,,,,,
01/09/2004,31/08/2020,50021308.0,,,,,,
,31/08/2016,,,,,,,
01/09/2004,,,,,,,,
01/01/1992,31/08/2004,,,,,,,
01/01/1992,31/08/2004,,,,,,,
01/09/2018,,,,,,,,
01/09/2018,,,,,,,,
,,,,,,,,
,31/08/2018,,,,,,,
15/02/1996,31/08/1998,,,,,,,
15/02/1996,31/08/2000,,,,,,,
01/09/2009,31/08/2018,40021303.0,,,,,,
01/01/1992,31/08/1996,,,,,,,
01/01/1992,31/08/1996,,,,,,,
01/01/1992,31/08/1996,,,,,,,
01/01/1992,31/08/1996,,,,,,,
01/01/1992,31/08/1996,,,,,,,
01/01/1992,31/08/2004,,,,,,,
01/01/1992,31/08/1997,,,,,,,
01/01/1992,31/08/1997,,,,,,,
01/01/1992,31/08/2004,,,,,,,
01/01/1992,31/08/2004,,,,,,,
01/01/1992,31/08/2004,,,,,,,
01/01/1992,31/08/2004,,,,,,,
01/01/1992,31/08/2004,,,,,,,
01/01/1992,31/08/2004,,,,,,,
04/09/1991,31/08/2020,32023109.0,,,,,,
05/08/1996,31/08/1998,,,,,,,
01/09/1996,31/08/2002,,,,,,,
,02/01/1901,,,,,,,
15/02/1996,31/08/2001,,,,,,,
15/02/1996,31/08/2009,,,,,,,
15/02/1996,31/08/2002,,,,,,,
01/09/2008,31/08/2018,,,,,,,
15/02/1996,31/08/2013,,,,,,,
05/08/1996,31/08/2014,,,,,,,
05/08/1996,31/08/2014,,,,,,,
05/08/1996,31/08/2014,,,,,,,
01/09/2019,,,,,,,,
05/08/1996,31/08/2014,,,,,,,
05/08/1996,31/08/1998,,,,,,,
11/08/1977,31/08/1991,,,,,,,
01/09/2006,,,,,,,,
01/09/1996,31/08/2002,,,,,,,
,,,,,,,,
01/09/1996,31/08/2002,,,,,,,
27/03/1985,31/08/2002,,,,,,,
10/07/1986,31/08/2001,,,,,,,
01/09/1996,31/08/2002,,,,,,,
01/09/1996,31/08/2002,,,,,,,
15/02/1996,31/08/2018,,,,,,,
15/02/1996,31/08/2013,,,,,,,
02/02/1990,,,,,,,,
01/09/1994,,,,,,,,
01/09/2011,,,,,,,,
01/09/2019,,,,,,,,
01/09/2019,,,,,,,,
15/02/1996,31/08/2006,,,,,,,
15/02/1996,31/08/1999,,,,,,,
15/02/1996,31/08/1999,,,,,,,
15/02/1996,31/08/1999,,,,,,,
15/02/1996,31/08/1999,,,,,,,
15/02/1996,31/08/1999,,,,,,,
15/02/1996,31/08/1999,,,,,,,
15/02/1996,31/08/2006,,,,,,,
15/02/1996,31/08/1999,,,,,,,
01/09/2009,,,,,,,,
01/09/2011,,,,,,,,
01/09/2009,31/08/2016,,,,,,,
01/09/2024,,,,,,,,
01/09/1996,31/08/2012,,,,,,,
01/09/1996,31/08/2012,,,,,,,
01/09/2014,,,,,,,,
01/09/1996,31/08/2012,,,,,,,
01/09/1996,31/08/2012,,,,,,,
01/09/1995,31/08/2012,,,,,,,
01/09/1996,31/08/2012,,,,,,,
01/09/1996,31/08/2012,,,,,,,
06/05/1981,31/08/1998,45022708.0,,,,,,
15/02/1996,31/08/2000,,,,,,,
01/09/2019,,,,,,,,
15/02/1996,31/08/2000,,,,,,,
15/02/1996,31/08/2002,,,,,,,
15/02/1996,31/08/1999,,,,,,,
15/02/1996,31/08/2004,,,,,,,
15/02/1996,31/08/2013,,,,,,,
29/01/1985,31/08/2001,,,,,,,
01/09/1992,31/08/2020,40132208.0,,,,,,
15/02/1996,31/08/2010,,,,,,,
01/09/1997,,,,,,,,
01/09/1995,31/08/2012,,,,,,,
01/09/1995,31/08/2012,,,,,,,
01/09/1995,31/08/2012,,,,,,,
01/09/1995,31/08/2012,,,,,,,
01/09/1995,31/08/2012,,,,,,,
01/09/1995,31/08/2012,,,,,,,
01/09/1995,31/08/2012,,,,,,,
01/09/1995,31/08/2012,,,,,,,
01/09/1993,31/08/2008,,,,,,,
12/02/1949,,,,,,,,
02/09/1988,31/08/2019,40022705.0,,,,,,
28/12/1979,31/08/2015,45022710.0,,,,,,
01/09/2019,,,,,,,,
06/08/1979,31/08/1996,,,,,,,
27/03/1985,31/08/2000,,,,,,,
22/08/1984,31/08/2002,,,,,,,
01/09/2008,,,,,,,,
01/09/1995,31/08/2012,,,,,,,
01/09/1995,31/08/2012,,,,,,,
01/09/1995,31/08/2012,,,,,,,
01/09/1995,31/08/2012,,,,,,,
01/09/1995,31/08/2012,,,,,,,
01/09/1995,31/08/2012,,,,,,,
01/09/1995,31/08/2012,,,,,,,
01/09/1995,31/08/2012,,,,,,,
01/09/1992,31/08/2014,37011039.0,,,,,,
15/02/1996,31/08/2010,,,,,,,
15/02/1996,31/08/2006,,,,,,,
15/02/1996,31/08/2011,,,,,,,
15/02/1996,31/08/2011,,,,,,,
01/09/1995,02/09/1995,,,,,,,
01/09/1995,02/09/1995,,,,,,,
15/02/1996,31/08/2000,,,,,,,
15/02/1996,31/08/2013,,,,,,,
15/02/1996,31/08/2013,,,,,,,
01/09/2004,,,,,,,,
01/01/1992,,,,,,,,
01/09/2019,,,,,,,,
15/02/1996,31/08/2011,,,,,,,
15/02/1996,31/08/2000,,,,,,,
01/09/2005,31/08/2023,,,,,,,
01/09/1995,31/08/1997,,,,,,,
01/09/2000,31/08/2013,,,,,,,
01/09/1998,31/08/2011,,,,,,,
01/09/1998,31/08/2011,,,,,,,
25/03/1997,,,,,,,,
01/09/1995,31/08/2008,,,,,,,
01/09/1995,31/08/2004,,,,,,,
01/09/1995,31/08/2008,,,,,,,
01/09/1995,31/08/2004,,,,,,,
01/09/1995,31/08/2005,,,,,,,
01/01/1992,,,,,,,,
01/09/2002,,,,,,,,
01/09/2000,31/08/2020,40123304.0,,,,,,
10/11/1989,31/08/1999,45033605.0,45033606.0,,,,,
01/09/2014,,,,,,,,
01/09/1997,31/08/2016,45033407.0,,,,,,
01/09/2014,31/08/2026,32321015.0,,,,,,
01/09/1992,,,,,,,,
17/03/1981,31/08/1998,45033406.0,,,,,,
14/04/1989,31/08/1997,45033405.0,,,,,,
01/09/1997,31/08/2010,,,,,,,
04/09/1981,31/08/1993,45032401.0,,,,,,
11/10/1977,31/08/1993,45032401.0,,,,,,
01/09/2009,,,,,,,,
01/09/1996,31/08/2022,,,,,,,
01/09/1991,31/08/2010,45032203.0,,,,,,
01/09/1978,31/08/1993,45032202.0,,,,,,
01/09/1977,31/08/1993,45032401.0,,,,,,
01/09/1999,31/08/2018,,,,,,,
01/09/1997,31/08/2018,,,,,,,
11/07/1983,31/08/1998,45031306.0,,,,,,
27/08/1985,31/08/1998,45031307.0,45031308.0,,,,,
01/09/2000,31/08/2020,40123305.0,,,,,,
16/07/1965,31/08/1996,,,,,,,
15/02/1996,31/08/2003,,,,,,,
15/02/1996,31/08/2003,,,,,,,
15/02/1996,31/08/2003,,,,,,,
15/02/1996,31/08/2003,,,,,,,
30/08/1996,31/08/1996,,,,,,,
01/09/2019,,,,,,,,
01/09/1995,31/08/2009,40025408.0,,,,,,
01/09/1995,31/08/2012,40025410.0,,,,,,
01/09/1995,02/09/1995,,,,,,,
01/09/1994,,,,,,,,
01/09/1994,,,,,,,,
01/09/2001,,,,,,,,
01/09/1995,31/08/2012,32020111.0,,,,,,
01/09/1996,31/08/2011,51032404.0,,,,,,
01/09/1996,31/08/2011,51032404.0,,,,,,
,31/08/2002,,,,,,,
01/09/2019,,,,,,,,
01/09/2003,31/08/2020,45033609.0,,,,,,
15/04/1996,31/08/2009,,,,,,,
09/06/1986,31/08/2001,,,,,,,
01/09/1995,31/08/2014,40020102.0,,,,,,
13/07/1977,,,,,,,,
01/09/2004,,,,,,,,
01/09/2014,,,,,,,,
22/08/1984,31/08/2002,,,,,,,
17/09/1980,31/08/2001,,,,,,,
29/01/1985,31/08/2000,,,,,,,
15/02/1996,31/08/2009,,,,,,,
01/09/1994,31/08/2013,,,,,,,
15/04/1996,31/08/2012,,,,,,,
01/09/1996,31/08/1997,,,,,,,
01/09/1996,31/08/2014,40030001.0,,,,,,
30/08/1996,31/08/1996,,,,,,,
30/08/1996,31/08/1996,,,,,,,
25/04/1995,31/08/2013,32225202.0,,,,,,
25/09/1974,,,,,,,,
01/09/2003,31/08/2023,,,,,,,
29/11/1991,31/08/1998,45025513.0,,,,,,
15/02/1996,31/08/2000,,,,,,,
15/02/1996,31/08/2000,,,,,,,
29/01/1985,31/08/2001,,,,,,,
16/07/1985,31/08/1993,45031301.0,,,,,,
12/04/1971,31/08/1999,,,,,,,
21/10/1968,31/08/1996,45031205.0,,,,,,
29/05/1986,31/08/2001,,,,,,,
29/05/1986,31/08/2001,,,,,,,
01/09/2019,,,,,,,,
,02/01/1901,,,,,,,
01/09/1997,31/08/2018,45025516.0,,,,,,
,02/01/1901,,,,,,,
,02/01/1901,,,,,,,
,02/01/1901,,,,,,,
01/09/2007,31/08/2023,45031207.0,,,,,,
01/09/2002,31/08/2024,50023328.0,,,,,,
07/10/1969,31/08/1993,45025512.0,,,,,,
31/08/1988,31/08/2005,,,,,,,
01/09/2015,,,,,,,,
01/09/2015,,,,,,,,
01/09/1993,31/08/2007,45031206.0,,,,,,
15/04/1996,31/08/2009,,,,,,,
01/09/1995,31/08/2005,,,,,,,
01/09/1995,31/08/2005,,,,,,,
01/09/1995,31/08/2008,,,,,,,
01/09/1995,31/08/2004,,,,,,,
01/09/2012,,,,,,,,
06/06/1990,31/08/2022,50023006.0,,,,,,
01/09/2019,,,,,,,,
02/10/1989,31/08/2004,50024130.0,50024131.0,,,,,
01/09/2022,,,,,,,,
01/09/2017,31/08/2025,45025517.0,,,,,,
01/09/1997,31/08/2002,50032310.0,50032311.0,50032312.0,50032313.0,,,
06/08/1991,31/08/2009,,,,,,,
08/08/1985,31/08/2001,,,,,,,
01/09/1996,31/08/1997,42032306.0,,,,,,
01/09/1996,31/08/1997,42024210.0,,,,,,
26/09/1991,31/08/2003,40032302.0,,,,,,
01/01/1901,31/08/1997,,,,,,,
09/08/1989,31/08/1997,,,,,,,
08/08/1973,31/08/1994,32025402.0,,,,,,
08/08/1973,02/09/1992,32024003.0,32024202.0,,,,,
29/11/1989,31/08/1995,32024005.0,,,,,,
01/09/1992,31/08/1997,,,,,,,
01/09/1996,31/08/2002,,,,,,,
01/09/1992,31/08/1997,,,,,,,
01/09/1992,31/08/1997,,,,,,,
,31/08/1996,,,,,,,
29/07/1980,31/08/1994,,,,,,,
18/04/1972,02/09/1992,,,,,,,
01/01/1992,31/08/1993,,,,,,,
01/01/1992,,,,,,,,
03/10/1983,,,,,,,,
10/06/1966,31/08/1996,43022001.0,,,,,,
25/05/1984,,,,,,,,
01/09/2003,31/08/2022,50023447.0,,,,,,
,31/08/2000,,,,,,,
14/03/1986,31/08/2003,40031206.0,,,,,,
01/09/2013,,,,,,,,
21/01/1994,31/08/2002,40025210.0,,,,,,
01/09/1995,31/08/2014,40022004.0,,,,,,
10/06/1994,31/08/2009,32032408.0,,,,,,
07/08/1991,31/08/2008,32031211.0,,,,,,
30/07/1986,31/08/2004,32025005.0,,,,,,
01/09/2008,,,,,,,,
01/01/1992,31/08/1994,,,,,,,
15/09/1989,31/08/2000,50032225.0,,,,,,
01/09/1985,31/08/2003,,,,,,,
01/01/1992,31/08/2004,,,,,,,
22/06/1982,31/08/1994,50025208.0,,,,,,
06/10/1986,31/08/2000,,,,,,,
30/11/1984,31/08/1999,,,,,,,
03/10/1959,31/08/1999,,,,,,,
20/12/1984,31/08/1998,45022106.0,,,,,,
12/09/1990,31/08/1998,40025206.0,,,,,,
18/06/1969,31/08/2001,32033203.0,,,,,,
10/09/1979,31/08/1993,32025205.0,32025206.0,,,,,
21/07/1988,31/08/1998,32022309.0,,,,,,
06/11/1987,31/08/1996,,,,,,,
15/02/1996,31/08/2000,,,,,,,
01/09/2011,,,,,,,,
01/09/2024,,,,,,,,
,02/01/1901,,,,,,,
09/10/1991,31/08/2006,,,,,,,
24/04/1981,31/08/1998,45023309.0,,,,,,
01/09/1996,31/08/2013,14022001.0,,,,,,
,02/01/1901,,,,,,,
22/07/1947,31/08/1983,,,,,,,
22/07/1947,,,,,,,,
22/07/1947,,,,,,,,
27/08/1985,31/08/1999,,,,,,,
15/02/1996,31/08/2003,,,,,,,
15/02/1996,31/08/2003,,,,,,,
01/09/2013,,,,,,,,
15/10/1973,,,,,,,,
01/09/1995,31/08/2000,50031115.0,,,,,,
01/09/1995,31/08/2008,,,,,,,
01/09/1995,31/08/2004,,,,,,,
01/01/1992,,,,,,,,
01/09/1996,31/08/2013,14022001.0,,,,,,
28/05/1976,31/10/2001,,,,,,,
15/10/1973,,,,,,,,
06/05/1980,,,,,,,,
01/09/2018,,,,,,,,
01/09/2007,,,,,,,,
01/09/1997,31/08/2007,,,,,,,
12/07/1933,31/08/1992,,,,,,,
01/04/1997,31/08/2007,,,,,,,
01/04/1997,31/08/2007,,,,,,,
01/09/1997,28/02/2008,40034402.0,,,,,,
01/09/1997,31/08/2011,40022003.0,,,,,,
01/09/1995,31/08/2004,,,,,,,
01/09/1996,31/08/2012,32032608.0,,,,,,
01/09/1997,31/08/2014,32025213.0,,,,,,
01/09/2017,,,,,,,,
01/09/1997,31/08/2012,43020005.0,43020006.0,43020008.0,,,,
01/09/2007,31/08/2025,50025441.0,,,,,,
24/01/1950,31/08/1985,,,,,,,
18/09/1941,31/08/1981,,,,,,,
01/09/1998,31/08/2003,50023323.0,,,,,,
09/09/1949,31/08/1992,,,,,,,
,02/01/1901,,,,,,,
,02/01/1901,,,,,,,
17/07/1985,31/08/1999,,,,,,,
29/11/1990,31/08/1999,45022107.0,,,,,,
01/01/1992,02/09/1992,,,,,,,
17/09/1975,31/08/1999,32033602.0,,,,,,
01/09/1998,,,,,,,,
08/07/1991,31/08/2003,32032323.0,,,,,,
08/07/1991,31/08/2003,32032321.0,,,,,,
01/09/1996,,,,,,,,
01/09/1997,31/08/2014,32033603.0,32033604.0,32033605.0,,,,
01/09/1997,31/08/2008,32031307.0,,,,,,
01/09/1997,31/08/2010,32022313.0,,,,,,
20/08/1993,,,,,,,,
31/08/1988,31/08/1993,45025511.0,,,,,,
22/07/1982,31/08/2000,,,,,,,
10/07/1959,,,,,,,,
09/08/1989,31/08/2023,50023450.0,,,,,,
01/09/2002,31/08/2022,50025439.0,,,,,,
01/09/1996,31/08/2012,,,,,,,
01/09/2017,,,,,,,,
,31/08/2000,,,,,,,
01/09/1996,31/08/2014,40020102.0,,,,,,
01/09/1997,31/08/2007,,,,,,,
01/09/1996,31/08/2002,,,,,,,
01/09/2014,,,,,,,,
01/09/1996,31/08/2012,32032608.0,,,,,,
01/09/1996,31/08/2012,32032608.0,,,,,,
01/09/2000,31/08/2017,32020113.0,,,,,,
07/07/1993,,,,,,,,
01/09/1998,31/08/2006,50024005.0,,,,,,
01/09/1998,31/08/2012,45033608.0,,,,,,
01/09/2019,,,,,,,,
30/05/1975,,,,,,,,
01/09/2020,,,,,,,,
01/09/2001,31/08/2021,50031224.0,,,,,,
15/02/1996,31/08/1998,,,,,,,
01/09/1996,31/08/2002,,,,,,,
01/09/2006,,,,,,,,
01/09/1995,31/08/2011,,,,,,,
01/09/1995,31/08/2027,,,,,,,
01/09/1998,31/08/2007,26031403.0,,,,,,
01/09/1998,31/08/2007,,,,,,,
01/09/1998,31/08/2010,51024205.0,,,,,,
01/09/1997,31/08/2003,50025431.0,,,,,,
01/09/2005,,,,,,,,
01/09/1997,31/08/2003,50023322.0,,,,,,
01/09/2021,,,,,,,,
01/09/2024,,,,,,,,
08/08/1988,31/08/1999,50023314.0,,,,,,
01/09/1998,31/08/2011,40033102.0,,,,,,
09/09/1980,31/08/1998,,,,,,,
01/09/1997,31/08/2011,40022503.0,,,,,,
01/09/1997,31/08/2003,40025211.0,40025212.0,40025213.0,,,,
12/07/1990,,,,,,,,
01/09/1976,31/08/2001,,,,,,,
01/09/2019,,,,,,,,
01/09/2024,,,,,,,,
01/09/2012,,,,,,,,
15/02/1996,31/08/1998,,,,,,,
01/09/2009,,,,,,,,
01/09/2024,,,,,,,,
30/07/1986,31/08/2000,32022705.0,32032706.0,32032707.0,32032708.0,,,
01/09/2019,,,,,,,,
01/09/2019,,,,,,,,
01/09/2020,,,,,,,,
01/09/2019,,,,,,,,
01/09/2011,,45321304.0,45321305.0,,,,,
01/09/1995,,,,,,,,
01/09/2009,,45322103.0,,,,,,
01/09/2019,,,,,,,,
27/08/1987,31/08/2000,32023009.0,,,,,,
21/01/1994,31/08/2012,,,,,,,
01/09/2019,,,,,,,,
01/09/2019,,,,,,,,
01/09/2019,,,,,,,,
02/09/1988,31/08/2000,50032309.0,,,,,,
21/10/1968,31/08/1997,50032101.0,,,,,,
01/01/1992,,,,,,,,
19/03/1962,02/09/1992,50032211.0,,,,,,
06/01/1978,31/08/2004,45022202.0,,,,,,
01/09/1998,31/08/2013,40022106.0,40033403.0,,,,,
05/07/1989,31/08/2005,32123409.0,,,,,,
01/09/2023,31/08/2026,50023123.0,,,,,,
17/10/1988,31/08/2002,32031406.0,,,,,,
01/09/2019,,,,,,,,
01/09/1999,31/08/2010,,,,,,,
28/12/1979,31/08/2000,45023210.0,,,,,,
01/09/2015,,,,,,,,
01/09/2015,,,,,,,,
05/08/1996,31/08/2014,,,,,,,
05/08/1996,31/08/2006,,,,,,,
05/08/1996,31/08/2006,,,,,,,
05/08/1996,31/08/2014,,,,,,,
05/08/1996,31/08/1998,,,,,,,
05/08/1996,31/08/2014,,,,,,,
01/09/2020,,,,,,,,
01/09/2000,31/08/2010,32033204.0,,,,,,
15/02/1996,31/08/2013,45321303.0,,,,,,
01/09/2019,,,,,,,,
01/09/2000,31/08/2021,50031224.0,,,,,,
01/09/2018,,,,,,,,
01/09/2019,,,,,,,,
01/09/2019,,,,,,,,
01/09/2015,31/08/2020,32032612.0,,,,,,
01/09/2019,,,,,,,,
01/09/2019,,,,,,,,
01/09/2019,,,,,,,,
01/09/2019,,,,,,,,
01/09/2019,,,,,,,,
01/09/2019,,,,,,,,
01/09/2019,,,,,,,,
01/09/2019,,,,,,,,
01/09/2015,31/08/2021,32032613.0,,,,,,
01/09/2000,31/08/2007,32020008.0,,,,,,
05/08/1996,31/08/1998,,,,,,,
01/09/2019,,,,,,,,
01/09/2019,,,,,,,,
01/09/2019,,,,,,,,
01/09/2019,,,,,,,,
01/09/2019,,,,,,,,
01/09/2019,,,,,,,,
01/09/2019,,,,,,,,
01/09/2019,,,,,,,,
01/09/2019,,,,,,,,
01/09/2019,,,,,,,,
01/09/2019,,,,,,,,
01/09/2019,,,,,,,,
01/09/2019,,,,,,,,
01/09/2019,,,,,,,,
01/09/2019,,,,,,,,
01/03/2019,,,,,,,,
01/03/2019,,,,,,,,
01/09/2019,,,,,,,,
01/09/2019,,,,,,,,
01/09/2019,,,,,,,,
01/09/2019,,,,,,,,
01/09/2019,,,,,,,,
01/09/2019,,,,,,,,
01/09/2019,,,,,,,,
01/09/2019,,,,,,,,
01/09/2019,,,,,,,,
01/09/2019,,,,,,,,
05/08/1996,31/08/1998,,,,,,,
01/09/1997,31/08/2000,,,,,,,
05/08/1996,31/08/2006,,,,,,,
05/08/1996,31/08/2006,,,,,,,
01/09/2019,,,,,,,,
01/09/2019,,,,,,,,
01/09/2019,,,,,,,,
01/09/2019,,,,,,,,
01/09/2019,,,,,,,,
01/09/1998,31/08/2000,45031309.0,,,,,,
01/09/2017,,,,,,,,
01/09/1998,31/08/2000,45031309.0,,,,,,
20/03/1987,31/08/2000,1025301.0,,,,,,
01/09/1998,31/08/2008,,,,,,,
01/09/1998,31/08/2010,,,,,,,
01/09/1998,31/08/2011,,,,,,,
01/09/1998,31/08/2011,,,,,,,
01/09/1998,31/08/2011,,,,,,,
15/02/1996,31/08/1999,,,,,,,
13/05/1991,31/08/2014,32032208.0,,,,,,
01/09/2019,,,,,,,,
06/10/1987,31/08/2001,50025521.0,,,,,,
01/09/2000,31/08/2006,,,,,,,
22/05/1986,31/08/1999,50024237.0,,,,,,
20/08/1992,31/08/1999,50024233.0,,,,,,
09/08/1989,31/08/1999,50022356.0,,,,,,
31/08/1984,31/08/2001,,,,,,,
10/11/1989,31/08/1999,45033605.0,45033606.0,,,,,
10/11/1989,31/08/1999,45033605.0,45033606.0,,,,,
15/02/1996,31/08/1999,,,,,,,
01/09/1992,31/08/2001,40122315.0,,,,,,
27/08/1987,31/08/1999,40033402.0,,,,,,
15/02/1996,31/08/1999,,,,,,,
17/07/1987,31/08/1999,32132207.0,,,,,,
17/07/1987,31/08/1999,32132205.0,,,,,,
12/02/1985,31/08/2003,32023011.0,,,,,,
29/05/1986,31/08/2008,32022104.0,,,,,,
01/09/2019,,,,,,,,
01/09/2019,,,,,,,,
01/09/2019,,,,,,,,
01/09/2000,31/08/2013,32032326.0,32032327.0,,,,,
25/11/1986,31/08/2010,,,,,,,
01/09/1998,31/08/2015,1033605.0,,,,,,
01/09/1996,31/08/2002,,,,,,,
18/06/1976,31/08/1998,1033604.0,,,,,,
18/06/1976,31/08/1998,1033604.0,,,,,,
01/09/2000,31/08/2022,32023013.0,,,,,,
01/09/1988,31/08/2001,50031218.0,,,,,,
01/01/1992,02/09/1992,,,,,,,
11/01/1985,31/08/1997,1033410.0,,,,,,
01/09/2000,31/08/2012,,,,,,,
02/07/1982,31/08/2020,50033617.0,,,,,,
06/06/1988,31/08/2002,50022357.0,,,,,,
01/09/1997,31/08/2015,45025411.0,,,,,,
27/08/1987,31/08/2001,,,,,,,
26/12/1984,31/08/1997,1033411.0,,,,,,
01/01/1901,02/01/1901,,,,,,,
26/12/1984,31/08/1997,1033411.0,,,,,,
23/06/1980,31/08/2004,,,,,,,
01/09/2016,31/08/2024,46125406.0,,,,,,
01/09/1997,31/08/2006,,,,,,,
01/09/1998,31/08/2003,1025506.0,,,,,,
01/09/1997,31/08/2003,1032304.0,,,,,,
01/09/1999,,,,,,,,
01/09/1994,31/08/2003,1025505.0,,,,,,
22/06/1987,31/08/2005,1025507.0,,,,,,
01/09/1995,31/08/2001,,,,,,,
01/09/1997,31/08/2012,,,,,,,
,02/01/1901,,,,,,,
01/09/2001,31/08/2016,32031408.0,,,,,,
01/09/1999,31/08/2012,32023012.0,,,,,,
01/09/2000,31/08/2025,50022144.0,,,,,,
01/07/2020,,,,,,,,
02/09/1988,31/08/2001,1025404.0,,,,,,
02/08/1962,31/08/1994,,,,,,,
01/09/2006,31/08/2024,56122109.0,,,,,,
01/09/1999,31/08/2015,1025309.0,,,,,,
01/09/1998,31/08/1999,1025302.0,1025303.0,1025304.0,1025305.0,,,
15/02/1996,31/08/1999,,,,,,,
19/06/1990,31/08/2008,50031117.0,,,,,,
31/08/1988,31/08/2005,,,,,,,
06/08/1979,31/08/1998,45025410.0,,,,,,
01/09/2017,,,,,,,,
01/09/1999,31/08/2003,1025123.0,,,,,,
23/04/1966,31/08/2002,,,,,,,
01/09/2001,31/08/2011,,,,,,,
01/09/2001,31/08/2009,40025009.0,,,,,,
29/01/1985,31/08/2002,,,,,,,
01/09/1994,31/08/2013,32031309.0,,,,,,
01/09/2000,31/08/2007,32020008.0,,,,,,
01/09/2002,31/08/2012,,,,,,,
01/09/2000,31/08/2003,1025207.0,,,,,,
01/01/1992,02/09/1992,,,,,,,
01/12/1986,31/08/2006,1025208.0,,,,,,
01/09/1995,,,,,,,,
01/09/2002,31/08/2010,,,,,,,
03/03/1989,31/08/2012,,,,,,,
01/09/2012,31/08/2020,32033426.0,,,,,,
31/08/1988,31/08/2017,,,,,,,
01/09/2000,31/08/2003,1025118.0,,,,,,
01/09/1998,31/08/2003,1025122.0,,,,,,
01/01/1992,02/09/1992,,,,,,,
01/09/2002,31/08/2010,51025111.0,,,,,,
01/09/1998,31/08/2012,40031106.0,,,,,,
01/09/2002,,,,,,,,
01/09/1997,,,,,,,,
01/09/1998,,,,,,,,
01/09/2002,31/08/2014,50023220.0,50023221.0,,,,,
27/09/1990,31/08/2011,40024203.0,,,,,,
16/06/1987,31/08/2001,40024003.0,,,,,,
01/09/1998,31/08/2015,,,,,,,
02/09/1993,31/08/2003,1025121.0,,,,,,
02/09/1993,31/08/2003,1025119.0,,,,,,
02/09/1993,31/08/2003,1025111.0,,,,,,
19/03/1962,02/09/1992,,,,,,,
23/08/1990,,,,,,,,
01/09/2003,31/08/2024,56122107.0,,,,,,
01/09/2014,,,,,,,,
09/08/1989,31/08/2003,50023321.0,,,,,,
27/05/1992,31/08/2003,50023115.0,,,,,,
01/09/2002,31/08/2006,,,,,,,
09/06/1999,31/08/2001,,,,,,,
18/09/1987,31/08/2004,,,,,,,
07/12/1983,31/08/1999,,,,,,,
01/09/2002,31/08/2012,,,,,,,
06/11/1987,31/08/2004,,,,,,,
06/11/1987,31/08/2004,,,,,,,
15/02/1996,31/08/2001,,,,,,,
01/09/2002,31/08/2010,51023004.0,,,,,,
29/01/1985,31/08/2001,,,,,,,
22/08/1984,31/08/2001,,,,,,,
18/10/1995,31/08/2005,,,,,,,
27/03/1985,31/08/2001,,,,,,,
01/09/1996,31/08/2002,,,,,,,
01/09/2000,31/08/2011,50031120.0,,,,,,
01/09/2018,,,,,,,,
23/08/1990,31/08/2002,50032310.0,50032311.0,50032312.0,50032313.0,,,
01/09/2017,,,,,,,,
29/01/1985,,,,,,,,
,,,,,,,,
15/02/1996,31/08/2001,,,,,,,
12/08/1987,31/08/1994,1025113.0,,,,,,
31/08/1984,31/08/1994,1025112.0,,,,,,
01/09/2004,31/08/2011,,,,,,,
16/08/1963,31/08/2000,1025117.0,,,,,,
27/09/1960,31/08/1999,,,,,,,
12/08/1987,31/08/1997,1025113.0,,,,,,
21/01/1981,31/08/1994,,,,,,,
01/09/2000,31/08/2010,50025435.0,,,,,,
18/09/1989,31/08/2002,50034403.0,,,,,,
01/09/2000,31/08/2014,,,,,,,
01/09/2018,,,,,,,,
09/01/1990,,,,,,,,
01/09/2017,31/08/2025,50033413.0,,,,,,
20/09/1974,,,,,,,,
09/08/1989,31/08/2021,,,,,,,
01/09/2002,31/08/2007,,,,,,,
01/09/2002,31/08/2007,,,,,,,
01/09/2002,31/08/2007,,,,,,,
01/09/2024,,,,,,,,
01/09/2003,31/08/2010,51022707.0,,,,,,
07/05/1991,31/08/2008,50023444.0,,,,,,
07/05/1991,31/08/2005,,,,,,,
01/09/1997,31/08/2006,1023305.0,,,,,,
09/08/1989,31/08/2002,1023304.0,,,,,,
01/09/2017,,,,,,,,
01/09/1999,31/08/2018,32025218.0,,,,,,
01/09/2018,,,,,,,,
01/09/2003,31/08/2011,51032204.0,51032205.0,,,,,
01/09/2005,31/08/2022,50024008.0,,,,,,
01/09/2004,31/08/2013,,,,,,,
01/09/2003,31/08/2017,,,,,,,
01/09/1999,31/08/2015,1025312.0,,,,,,
,,,,,,,,
01/09/1997,31/08/2006,,,,,,,
21/11/1991,31/08/2009,,,,,,,
01/09/1995,31/08/2006,,,,,,,
15/10/1973,31/08/1994,,,,,,,
01/09/2003,31/08/2010,51025405.0,,,,,,
01/09/2019,,,,,,,,
01/01/1901,02/01/1901,,,,,,,
01/09/2003,31/08/2009,,,,,,,
01/09/2003,31/08/2013,50020101.0,,,,,,
01/09/2003,31/08/2013,50020101.0,,,,,,
01/09/2003,31/08/2011,,,,,,,
01/09/2003,31/08/2011,,,,,,,
01/09/2003,31/08/2008,,,,,,,
01/09/2003,31/08/2008,,,,,,,
01/09/2003,31/08/2008,,,,,,,
01/09/2003,31/08/2008,,,,,,,
01/09/2003,31/08/2008,,,,,,,
01/09/2010,,,,,,,,
01/09/2003,31/08/2008,,,,,,,
01/09/2003,31/08/2008,,,,,,,
01/09/2003,31/08/2008,,,,,,,
01/09/2003,31/08/2008,,,,,,,
01/09/2003,31/08/2008,,,,,,,
01/09/2003,31/08/2008,,,,,,,
01/09/2003,31/08/2008,,,,,,,
01/09/2003,31/08/2008,,,,,,,
01/09/2000,,,,,,,,
18/07/1988,31/08/1999,,,,,,,
14/04/1960,31/08/1999,,,,,,,
01/09/2018,,,,,,,,
21/08/1964,31/08/1999,,,,,,,
01/09/2000,31/08/2003,1025405.0,,,,,,
13/05/1991,31/08/2006,,,,,,,
01/09/2000,31/08/2011,51031206.0,,,,,,
16/06/1983,31/08/2009,,,,,,,
21/03/1975,31/08/2016,,,,,,,
13/05/1991,31/08/2006,,,,,,,
01/09/2002,31/08/2012,,,,,,,
09/04/1954,31/08/2008,,,,,,,
10/03/1980,31/08/2005,,,,,,,
06/08/1991,31/08/2006,,,,,,,
01/09/2019,,,,,,,,
01/09/2000,31/08/2011,40122316.0,40122317.0,40122318.0,,,,
01/09/2000,31/08/2008,50025137.0,,,,,,
22/08/1984,31/08/2000,,,,,,,
01/09/1996,31/08/2013,32032326.0,32032327.0,,,,,
01/09/2000,31/08/2007,32022504.0,,,,,,
,,,,,,,,
27/05/1983,,,,,,,,
17/01/1992,31/08/2003,1022107.0,,,,,,
13/11/1989,31/08/2002,,,,,,,
01/09/2020,,,,,,,,
01/09/2015,,,,,,,,
01/09/2010,,,,,,,,
01/09/2011,,,,,,,,
01/09/2015,,,,,,,,
01/09/2015,,,,,,,,
01/09/2015,,,,,,,,
,,,,,,,,
,,,,,,,,
01/09/2003,31/08/2020,,,,,,,
01/09/2001,31/08/2010,,,,,,,
15/02/1996,31/08/2003,,,,,,,
01/09/2005,31/08/2014,,,,,,,
01/09/2001,31/08/2013,32033420.0,,,,,,
01/09/2001,31/08/2013,32033420.0,,,,,,
01/09/2018,,,,,,,,
01/09/1994,,,,,,,,
01/08/2007,,,,,,,,
,,,,,,,,
,,,,,,,,
01/01/1992,31/08/2013,,,,,,,
01/01/1992,,,,,,,,
01/01/1992,,,,,,,,
01/01/1992,,,,,,,,
06/02/1964,31/08/1999,45025409.0,,,,,,
01/09/2019,,,,,,,,
30/07/1992,31/08/2019,32020114.0,,,,,,
01/09/2011,31/08/2012,,,,,,,
01/09/2013,31/08/2014,,,,,,,
01/09/2019,,,,,,,,
13/03/1967,31/08/1995,,,,,,,
01/09/2013,,,,,,,,
01/09/2019,,,,,,,,
09/03/1961,31/08/1996,,,,,,,
01/09/2004,31/08/2011,,,,,,,
01/09/2015,,,,,,,,
13/10/1981,31/08/1999,,,,,,,
08/06/1972,31/08/1998,,,,,,,
28/12/1979,31/08/1999,,,,,,,
04/11/1958,31/08/1999,,,,,,,
01/09/1995,,,,,,,,
01/09/1997,31/08/2023,,,,,,,
01/09/2023,,,,,,,,
01/09/2005,,,,,,,,
01/09/2007,31/08/2024,50025224.0,,,,,,
01/09/2023,,,,,,,,
01/09/2023,,,,,,,,
15/02/1996,31/08/2012,,,,,,,
01/09/2017,,,,,,,,
01/01/2008,31/08/2013,,,,,,,
01/01/1992,31/08/2012,43020005.0,43020006.0,,,,,
01/09/2007,31/08/2010,51025512.0,,,,,,
01/09/2004,31/08/2011,,,,,,,
01/09/2004,31/08/2011,,,,,,,
01/09/2004,31/08/2011,,,,,,,
01/09/2001,31/08/2012,,,,,,,
01/09/2001,31/08/2015,32031310.0,,,,,,
01/09/2007,31/08/2025,50025440.0,,,,,,
01/09/2021,,,,,,,,
01/09/2021,,,,,,,,
01/09/2021,,,,,,,,
01/09/2020,,,,,,,,
01/09/2018,,,,,,,,
01/09/2018,,,,,,,,
01/09/2018,,,,,,,,
01/09/2000,,,,,,,,
01/09/2018,,,,,,,,
01/09/1999,31/08/2003,1025306.0,1025307.0,,,,,
01/09/2005,,,,,,,,
01/03/1994,31/08/2005,40025108.0,,,,,,
22/08/1990,31/08/2007,40022601.0,,,,,,
30/08/1991,31/08/2011,40022303.0,,,,,,
01/09/2004,31/08/2011,,,,,,,
10/06/1987,31/08/1993,32032310.0,,,,,,
01/09/2001,31/08/2015,,,,,,,
01/09/2004,,,,,,,,
24/02/1964,31/08/1999,,,,,,,
03/10/1959,31/08/1999,,,,,,,
27/03/1981,31/08/1994,45024005.0,,,,,,
01/01/1992,31/08/2012,43020005.0,43020006.0,,,,,
15/02/1996,31/08/2002,,,,,,,
01/09/2003,31/08/2008,,,,,,,
01/09/2013,,,,,,,,
01/09/2000,31/08/2011,40024203.0,,,,,,
01/09/2003,31/08/2008,,,,,,,
01/09/2003,31/08/2008,,,,,,,
02/07/1976,31/08/1993,24227.0,50024228.0,,,,,
04/09/1987,31/08/2003,51025110.0,,,,,,
01/09/2012,,,,,,,,
01/09/1996,,,,,,,,
29/05/1986,31/08/2001,,,,,,,
01/09/2002,31/08/2011,,,,,,,
17/07/1986,31/08/1996,32032406.0,,,,,,
01/09/2010,31/08/2021,40321407.0,,,,,,
11/01/1985,31/08/1997,1033410.0,,,,,,
01/09/2002,31/08/2022,50023223.0,,,,,,
11/10/1974,02/09/1992,51022201.0,51022203.0,,,,,
01/09/2004,31/08/2011,,,,,,,
01/09/2010,,,,,,,,
15/02/1996,31/08/2013,,,,,,,
15/02/1996,31/08/1999,,,,,,,
01/09/1996,31/08/2002,,,,,,,
01/09/2004,31/08/2011,,,,,,,
01/09/2004,31/08/2011,,,,,,,
01/09/2005,,,,,,,,
01/09/1998,31/08/2012,50024241.0,,,,,,
15/02/1996,31/08/1999,,,,,,,
15/02/1996,31/08/2003,,,,,,,
15/02/1996,31/08/2000,,,,,,,
15/02/1996,31/08/2003,,,,,,,
15/02/1996,31/08/2003,,,,,,,
15/02/1996,31/08/1999,,,,,,,
01/09/2004,31/08/2011,,,,,,,
01/09/2004,31/08/2011,,,,,,,
22/06/1982,31/08/1994,50025207.0,,,,,,
01/09/2007,,,,,,,,
01/09/2014,,,,,,,,
01/09/1996,,,,,,,,
01/09/1992,31/08/2013,32024207.0,32024305.0,,,,,
,,,,,,,,
01/09/2004,31/08/2011,,,,,,,
01/01/1992,,,,,,,,
01/09/2004,31/08/2011,,,,,,,
01/01/1992,31/08/2002,,,,,,,
01/01/1992,31/08/2001,47011011.0,,,,,,
26/05/1986,31/08/1994,43033401.0,,,,,,
26/05/1986,31/08/1994,43033401.0,,,,,,
29/12/1970,31/08/2000,,,,,,,
05/08/1996,31/08/2010,,,,,,,
01/09/2020,,,,,,,,
01/09/2024,,,,,,,,
01/09/1999,31/08/2015,1025308.0,,,,,,
01/09/2017,,,,,,,,
01/09/2019,,,,,,,,
01/09/2021,,,,,,,,
01/09/2002,31/08/2024,50023329.0,,,,,,
21/08/1987,31/08/2011,50025435.0,,,,,,
01/09/2012,,,,,,,,
01/01/1992,,,,,,,,
12/03/1980,31/08/2004,,,,,,,
01/09/2007,,,,,,,,
01/09/2011,,,,,,,,
,31/08/2000,,,,,,,
01/01/1992,,,,,,,,
04/11/1986,31/08/1996,42025509.0,,,,,,
01/09/2009,31/08/2025,40022005.0,,,,,,
01/09/2001,31/08/2011,50034405.0,,,,,,
24/02/1964,31/08/1999,,,,,,,
01/09/2010,31/08/2022,40322108.0,,,,,,
28/10/1953,02/09/1992,32025509.0,,,,,,
01/09/2004,31/08/2011,,,,,,,
01/09/1998,31/08/2015,1033605.0,,,,,,
21/01/1981,31/08/1994,,,,,,,
03/05/1982,31/08/1994,50022118.0,,,,,,
16/06/1987,31/08/1997,40032402.0,,,,,,
12/09/1990,31/08/2002,40025209.0,,,,,,
24/04/1961,31/08/1995,,,,,,,
01/09/2012,,,,,,,,
01/09/1998,31/08/2012,45033608.0,,,,,,
01/09/1996,31/08/2002,,,,,,,
01/09/2004,31/08/2011,,,,,,,
10/07/1986,31/08/2000,,,,,,,
01/09/2003,31/08/2015,1025311.0,,,,,,
01/09/2005,31/08/2015,1023306.0,,,,,,
01/01/1992,31/08/2012,,,,,,,
,31/08/2000,,,,,,,
01/09/2004,31/08/2011,,,,,,,
,31/08/2000,,,,,,,
07/06/1974,31/08/2008,,,,,,,
13/06/1966,31/08/2004,,,,,,,
13/06/1966,31/08/1994,,,,,,,
29/05/1986,31/08/2014,,,,,,,
23/04/1966,31/08/2019,,,,,,,
12/02/1985,31/08/2010,32022405.0,,,,,,
08/07/1986,31/08/1996,,,,,,,
01/09/2019,,,,,,,,
01/01/1992,31/08/2012,,,,,,,
01/01/1992,31/08/2012,,,,,,,
01/01/1992,31/08/2012,,,,,,,
01/09/1995,31/08/2012,,,,,,,
01/09/2016,,,,,,,,
01/01/1992,31/08/2012,,,,,,,
01/01/1992,31/08/2012,,,,,,,
01/09/1995,31/08/2012,,,,,,,
01/09/1995,31/08/2012,,,,,,,
01/09/1995,31/08/2012,,,,,,,
01/09/1996,31/08/2002,,,,,,,
01/09/1995,31/08/2012,,,,,,,
01/09/1995,31/08/2012,,,,,,,
01/09/1995,31/08/2012,,,,,,,
01/09/1995,31/08/2012,,,,,,,
01/09/1995,31/08/2012,,,,,,,
01/01/1992,31/08/1995,,,,,,,
01/09/1995,31/08/2012,,,,,,,
01/09/1996,31/08/2014,40030001.0,,,,,,
01/09/2010,31/08/2013,,,,,,,
01/09/1995,31/08/2012,,,,,,,
27/05/1983,,,,,,,,
20/09/1974,,,,,,,,
12/02/1985,31/08/2009,32032105.0,,,,,,
15/02/1996,31/08/2013,45321006.0,,,,,,
01/09/1996,31/08/2002,,,,,,,
01/09/2002,31/08/2018,50025438.0,,,,,,
01/09/1995,31/08/2012,,,,,,,
01/09/1995,31/08/2012,,,,,,,
01/09/1995,31/08/2012,,,,,,,
01/09/1995,31/08/2012,,,,,,,
01/09/1995,31/08/2012,,,,,,,
01/09/1995,31/08/2012,,,,,,,
01/09/1995,31/08/2012,,,,,,,
23/08/1990,31/08/2001,32022310.0,,,,,,
01/09/2004,31/08/2011,,,,,,,
01/09/2005,31/08/2019,,,,,,,
28/02/1980,,,,,,,,
01/09/1995,31/08/2012,,,,,,,
01/09/2004,31/08/2011,,,,,,,
12/10/1972,31/08/2009,50022361.0,50022362.0,50022363.0,,,,
01/09/1995,31/08/2012,,,,,,,
01/09/1996,31/08/2012,,,,,,,
01/01/2019,,,,,,,,
15/02/1996,31/08/2002,,,,,,,
01/09/2004,31/08/2011,,,,,,,
28/07/1993,31/08/2024,50023451.0,,,,,,
01/09/2004,31/08/2011,,,,,,,
01/09/2004,31/08/2011,,,,,,,
01/09/2004,31/08/2011,,,,,,,
01/09/2002,31/08/2014,40032304.0,,,,,,
02/09/1988,31/08/2007,,,,,,,
22/08/1984,31/08/2000,,,,,,,
01/09/2005,31/08/2009,50022361.0,50022362.0,50022363.0,,,,
01/09/1997,,,,,,,,
01/09/2000,31/08/2018,,,,,,,
27/08/1979,31/08/2003,,,,,,,
01/09/2012,,,,,,,,
01/09/2002,31/08/2012,,,,,,,
10/07/1986,31/08/2001,,,,,,,
10/07/1986,31/08/2001,,,,,,,
09/06/1986,31/08/2001,,,,,,,
01/09/2004,31/08/2014,,,,,,,
28/07/1988,,,,,,,,
13/07/1977,,,,,,,,
29/09/1983,,,,,,,,
01/08/1994,31/08/1996,,,,,,,
01/09/2011,,,,,,,,
01/09/2013,,,,,,,,
15/02/1996,31/08/2001,,,,,,,
09/06/1986,31/08/2001,,,,,,,
15/02/1996,31/08/2001,,,,,,,
09/06/1986,31/08/2001,,,,,,,
09/06/1986,31/08/2001,,,,,,,
09/06/1986,31/08/2001,,,,,,,
15/02/1996,31/08/2001,,,,,,,
01/01/1992,31/08/2002,,,,,,,
01/09/2010,31/08/2014,51034305.0,51034306.0,,,,,
01/09/2011,,45321104.0,,,,,,
01/09/2006,31/08/2022,46033104.0,,,,,,
01/09/2002,31/08/2007,,,,,,,
01/09/2002,31/08/2006,,,,,,,
01/09/2002,31/08/2012,,,,,,,
01/09/2007,31/08/2013,,,,,,,
01/09/2002,31/08/2012,,,,,,,
01/09/2003,31/08/2008,,,,,,,
01/08/1994,31/08/1996,,,,,,,
01/09/2011,,,,,,,,
01/09/2011,,,,,,,,
11/04/2006,31/08/2017,56033204.0,56033205.0,56033206.0,,,,
01/09/2016,,,,,,,,
01/01/1992,31/08/2002,,,,,,,
01/01/1992,31/08/2002,,,,,,,
01/09/1996,31/08/2002,,,,,,,
01/09/1996,31/08/2002,,,,,,,
01/09/1996,31/08/2002,,,,,,,
01/01/1992,31/08/2002,,,,,,,
01/09/1996,31/08/2002,,,,,,,
01/09/1996,31/08/2002,,,,,,,
01/09/1996,31/08/2002,,,,,,,
01/09/2014,,,,,,,,
01/09/2002,31/08/2021,40031214.0,,,,,,
01/09/2003,31/08/2008,,,,,,,
01/09/2019,,,,,,,,
01/09/2010,31/08/2023,32331201.0,32331202.0,32331203.0,32331204.0,32331205.0,,
01/09/1995,31/08/2012,,,,,,,
01/09/1996,31/08/2002,,,,,,,
01/09/2016,,,,,,,,
01/09/1996,31/08/2002,,,,,,,
01/09/1995,31/08/2012,,,,,,,
01/09/1995,31/08/2012,,,,,,,
06/07/1990,,,,,,,,
01/09/1996,,,,,,,,
01/09/2003,31/08/2008,,,,,,,
01/09/2003,31/08/2008,,,,,,,
23/01/1987,31/12/2012,67110004.0,,,,,,
01/09/1996,31/08/2002,,,,,,,
01/01/1992,31/08/2002,,,,,,,
01/09/1996,31/08/2002,,,,,,,
01/09/1996,31/08/2002,,,,,,,
01/09/1996,31/08/2002,,,,,,,
01/09/1996,31/08/2002,,,,,,,
01/09/1996,31/08/2002,,,,,,,
01/09/1995,31/08/2002,,,,,,,
01/09/1996,31/08/2002,,,,,,,
01/09/1996,31/08/2002,,,,,,,
01/09/2020,,,,,,,,
15/10/1973,,,,,,,,
01/09/1995,31/08/2008,1033413.0,,,,,,
01/09/1996,31/08/2002,,,,,,,
01/08/1994,31/08/1996,,,,,,,
01/09/2016,,,,,,,,
01/09/2000,31/08/2024,50025138.0,,,,,,
01/09/2011,31/08/2020,40321114.0,,,,,,
01/09/2006,31/08/2017,,,,,,,
13/12/1990,31/08/2009,50033611.0,,,,,,
01/09/2006,31/08/2014,40020102.0,,,,,,
01/09/2006,31/08/2008,,,,,,,
01/09/2003,31/08/2008,,,,,,,
01/09/2016,,,,,,,,
01/09/1996,31/08/2002,,,,,,,
01/09/1996,31/08/2002,,,,,,,
01/01/1992,31/08/2002,,,,,,,
01/09/1996,31/08/2002,,,,,,,
01/09/1996,31/08/2002,,,,,,,
01/09/1996,31/08/2002,,,,,,,
01/09/1996,31/08/2002,,,,,,,
01/09/1996,31/08/2002,,,,,,,
01/01/1992,31/08/2002,,,,,,,
01/09/2023,,,,,,,,
01/09/2013,31/08/2026,40031115.0,,,,,,
01/09/2024,,,,,,,,
01/09/1996,31/08/2002,,,,,,,
01/09/1996,31/08/2002,,,,,,,
01/01/1992,31/08/2002,,,,,,,
01/09/1996,31/08/2002,,,,,,,
01/09/1996,31/08/2002,,,,,,,
01/09/2019,,,,,,,,
02/07/1976,31/08/1994,50024228.0,,,,,,
02/09/1981,02/09/1992,32031404.0,,,,,,
01/09/2016,,,,,,,,
01/09/2009,31/08/2021,,,,,,,
01/09/1996,31/08/2002,,,,,,,
01/09/1996,31/08/2002,,,,,,,
08/07/1986,31/08/1996,,,,,,,
01/01/1992,31/08/2002,,,,,,,
01/09/1996,31/08/2002,,,,,,,
01/09/1996,31/08/2002,,,,,,,
15/02/1996,31/08/2006,,,,,,,
15/02/1996,31/08/2012,,,,,,,
15/02/1996,31/08/2012,,,,,,,
15/02/1996,31/08/2000,,,,,,,
15/02/1996,31/08/2000,,,,,,,
15/02/1996,31/08/2010,,,,,,,
15/02/1996,31/08/2010,,,,,,,
15/02/1996,31/08/2010,,,,,,,
15/02/1996,31/08/2010,,,,,,,
01/09/2019,,,,,,,,
01/09/1998,31/08/2010,,,,,,,
01/09/2003,31/08/2010,,,,,,,
15/02/1996,31/08/2004,,,,,,,
15/02/1996,31/08/2003,,,,,,,
08/07/1986,31/08/1996,,,,,,,
25/04/1972,31/08/1996,,,,,,,
08/07/1986,31/08/1996,,,,,,,
01/01/1992,31/08/2012,,,,,,,
01/01/1992,31/08/2012,,,,,,,
01/09/1995,31/08/2012,,,,,,,
01/01/1992,31/08/2012,,,,,,,
01/01/1992,31/08/2012,,,,,,,
01/09/1998,31/08/2010,,,,,,,
15/02/1996,31/08/2012,,,,,,,
15/02/1996,31/08/2010,,,,,,,
15/02/1996,31/08/2006,,,,,,,
15/02/1996,31/08/2006,,,,,,,
15/02/1996,31/08/2001,,,,,,,
15/02/1996,31/08/2002,,,,,,,
15/02/1996,31/08/2000,,,,,,,
15/02/1996,31/08/2000,,,,,,,
01/09/1998,31/08/2010,,,,,,,
01/09/1998,31/08/2010,,,,,,,
01/09/2019,,,,,,,,
01/09/1998,31/08/2010,,,,,,,
01/09/1998,31/08/2010,,,,,,,
15/02/1996,31/08/2000,,,,,,,
15/02/1996,31/08/2000,,,,,,,
15/02/1996,31/08/2000,,,,,,,
25/11/1971,31/08/1996,,,,,,,
01/09/2011,31/08/2021,,,,,,,
15/02/1996,31/08/2010,,,,,,,
15/02/1996,31/08/2010,,,,,,,
15/02/1996,31/08/2001,,,,,,,
27/09/1990,,,,,,,,
04/08/1989,31/08/2011,51034303.0,,,,,,
15/06/1983,31/08/2008,,,,,,,
01/09/2001,31/08/2012,51022106.0,51033404.0,,,,,
29/08/1991,31/08/2010,50031118.0,,,,,,
08/09/1969,31/08/2002,,,,,,,
01/09/2005,,,,,,,,
01/09/2011,31/08/2021,,,,,,,
01/09/2010,31/08/2021,,,,,,,
01/09/2019,,,,,,,,
21/08/1987,31/08/2001,50025404.0,,,,,,
15/02/1996,31/08/2005,,,,,,,
01/09/2010,31/08/2015,51032208.0,,,,,,
01/09/2010,31/08/2015,51032207.0,,,,,,
20/08/1992,31/08/2005,51032203.0,,,,,,
20/08/1992,31/08/2005,51032203.0,,,,,,
23/12/1981,31/08/1994,51031102.0,,,,,,
11/08/1987,31/08/2001,51031205.0,,,,,,
09/08/1989,31/08/2011,51031207.0,,,,,,
01/09/2010,31/08/2021,,,,,,,
01/09/2001,31/08/2010,51031107.0,,,,,,
01/09/2000,31/08/2011,51031106.0,,,,,,
03/12/1985,31/08/2000,,,,,,,
22/09/1969,31/08/2000,51025508.0,,,,,,
06/08/1991,31/08/2001,51031104.0,,,,,,
04/12/1986,31/08/1997,51031401.0,,,,,,
01/09/2012,,,,,,,,
01/09/2010,31/08/2017,51025513.0,,,,,,
01/09/2010,31/08/2017,51025514.0,,,,,,
01/09/2002,31/08/2010,51025511.0,,,,,,
01/09/2000,31/08/2008,51025510.0,,,,,,
01/09/1998,31/08/2009,,,,,,,
01/09/1995,31/08/2001,51025507.0,1025504.0,,,,,
06/06/1989,31/08/1997,51025505.0,51025506.0,,,,,
01/09/2005,31/08/2008,,,,,,,
01/09/1995,31/08/2000,51025507.0,1025504.0,,,,,
01/09/2024,,,,,,,,
01/09/2010,31/08/2021,,,,,,,
06/06/1988,31/08/2003,51025508.0,,,,,,
,31/08/2016,,,,,,,
01/09/1994,31/08/2011,,,,,,,
21/08/1987,31/08/1996,51025403.0,,,,,,
01/09/2001,31/08/2010,51025205.0,,,,,,
01/09/2004,31/08/2011,,,,,,,
30/08/1990,31/08/2011,51025203.0,,,,,,
01/01/1992,31/08/2012,,,,,,,
01/09/1994,31/08/2010,51025111.0,,,,,,
01/09/2019,,,,,,,,
07/09/1993,31/08/2003,51025110.0,,,,,,
13/03/1980,31/08/2002,,,,,,,
09/01/1990,31/08/1996,51025109.0,,,,,,
27/08/1985,31/08/1996,51025004.0,,,,,,
29/05/1986,31/08/2008,,,,,,,
01/09/2010,31/08/2021,,,,,,,
01/09/2005,31/08/2011,,,,,,,
01/09/2005,31/08/2012,,,,,,,
27/08/1985,31/08/1996,51025108.0,,,,,,
08/03/1991,31/08/2005,51025203.0,,,,,,
29/08/1991,31/08/2011,,,,,,,
01/09/2007,31/08/2010,51025006.0,,,,,,
26/10/1993,31/08/2008,51025005.0,,,,,,
01/09/2019,,,,,,,,
20/07/1989,31/08/1996,,,,,,,
28/04/1981,31/08/1994,51025103.0,,,,,,
28/04/1981,31/08/1994,51025103.0,,,,,,
28/06/1976,31/08/1997,50032222.0,,,,,,
19/08/2005,31/08/2013,,,,,,,
31/05/1989,31/08/1993,32025511.0,,,,,,
29/11/1989,31/08/1994,32024002.0,,,,,,
01/09/2010,31/08/2021,,,,,,,
28/04/1981,02/09/1992,51025103.0,,,,,,
,31/08/2004,,,,,,,
17/08/1987,02/09/1992,51024001.0,,,,,,
25/07/1989,31/08/1995,51024201.0,,,,,,
29/05/1986,31/08/1994,51024001.0,,,,,,
29/05/1986,31/08/1994,,,,,,,
04/12/1970,31/08/2010,,,,,,,
12/07/1983,31/08/2008,,,,,,,
01/09/2010,31/08/2021,,,,,,,
01/09/2010,31/08/2021,,,,,,,
01/09/2010,31/08/2021,,,,,,,
24/09/1959,02/09/1992,32033408.0,32033409.0,,,,,
24/09/1959,02/09/1992,32033408.0,32033409.0,,,,,
15/02/1996,31/08/2017,,,,,,,
26/08/1992,31/08/2007,32020008.0,,,,,,
23/08/1990,31/08/2002,32022311.0,,,,,,
01/09/2019,,,,,,,,
01/09/2019,,,,,,,,
01/09/2019,,,,,,,,
01/09/2019,,,,,,,,
01/09/2019,,,,,,,,
01/09/2019,,,,,,,,
01/09/2019,,,,,,,,
01/09/2019,,,,,,,,
01/09/2019,,,,,,,,
01/09/2019,,,,,,,,
01/09/2019,,,,,,,,
01/09/2019,,,,,,,,
01/09/2019,,,,,,,,
01/09/2019,,,,,,,,
01/09/2019,,,,,,,,
01/09/2019,,,,,,,,
01/09/2006,31/08/2022,32031216.0,,,,,,
01/09/2012,31/08/2021,,,,,,,
16/04/1986,31/08/2004,50023216.0,,,,,,
01/09/2005,31/08/2014,,,,,,,
01/09/2003,31/08/2010,51023204.0,,,,,,
23/08/1990,31/08/2002,32022312.0,,,,,,
01/09/2019,,,,,,,,
01/09/2019,,,,,,,,
01/09/2019,,,,,,,,
01/09/2019,,,,,,,,
01/09/2019,,,,,,,,
01/09/2019,,,,,,,,
01/09/2019,,,,,,,,
01/09/2019,,,,,,,,
01/09/2019,,,,,,,,
01/09/2019,,,,,,,,
01/09/2003,31/08/2015,1025310.0,,,,,,
01/09/2003,31/08/2010,51022706.0,,,,,,
15/02/1996,31/08/2009,,,,,,,
15/02/1996,31/08/2009,,,,,,,
01/09/2007,31/08/2010,,,,,,,
01/09/2006,31/08/2020,26033203.0,,,,,,
01/09/2007,31/08/2013,,,,,,,
01/09/2006,31/08/2013,35022605.0,,,,,,
01/09/2019,,,,,,,,
01/09/2010,31/08/2021,,,,,,,
20/08/1992,31/08/1999,51024204.0,,,,,,
15/02/1996,31/08/2012,,,,,,,
19/08/1993,31/08/2011,,,,,,,
20/04/1971,31/08/1996,51024105.0,,,,,,
20/04/1971,31/08/1996,51024105.0,,,,,,
01/09/2022,,,,,,,,
20/04/1971,31/08/1996,51024105.0,,,,,,
09/08/1989,31/08/2003,51023104.0,,,,,,
20/04/1971,31/08/1994,51024105.0,,,,,,
17/08/1987,31/08/1999,51024204.0,,,,,,
,31/08/2004,,,,,,,
01/09/2007,31/08/2011,51023403.0,51023404.0,51023405.0,51023406.0,,,
01/09/2010,31/08/2021,,,,,,,
01/09/2010,31/08/2021,,,,,,,
01/09/2010,31/08/2021,,,,,,,
01/09/2016,31/08/2021,,,,,,,
01/09/2010,31/08/2021,,,,,,,
01/09/2010,31/08/2021,,,,,,,
11/06/1987,31/08/2010,,,,,,,
01/09/2000,31/08/2004,51023304.0,,,,,,
01/09/2010,31/08/2016,51023206.0,,,,,,
15/02/1996,31/08/2017,,,,,,,
15/02/1996,31/08/2012,,,,,,,
01/09/2002,31/08/2010,51023105.0,,,,,,
01/09/2019,,,,,,,,
01/09/2010,31/08/2021,,,,,,,
07/07/1993,31/08/2010,51023106.0,,,,,,
06/06/1988,31/08/1996,51023103.0,,,,,,
11/05/1970,02/09/1992,,,,,,,
,31/08/2004,,,,,,,
01/09/2010,31/08/2021,,,,,,,
24/02/1969,31/08/1994,,,,,,,
22/02/1971,31/08/2006,51022203.0,,,,,,
01/09/2005,31/08/2010,51022305.0,,,,,,
23/08/1990,31/08/2006,51022502.0,,,,,,
23/08/1990,31/08/2011,,,,,,,
27/03/1973,31/08/2021,,,,,,,
01/09/2014,31/08/2021,,,,,,,
01/09/2010,31/08/2021,,,,,,,
01/09/2012,31/08/2021,,,,,,,
01/09/1991,31/08/2005,,,,,,,
15/02/1996,31/08/1998,,,,,,,
07/08/1991,31/08/2010,,,,,,,
26/05/1972,31/08/1994,51025102.0,,,,,,
01/09/2010,31/08/2021,,,,,,,
01/09/2001,31/08/2010,51022204.0,,,,,,
01/09/2005,31/08/2012,,,,,,,
11/10/1974,31/08/2003,51022203.0,,,,,,
07/08/1991,31/08/2002,51022203.0,,,,,,
29/08/1990,31/08/2011,51022105.0,,,,,,
09/07/1990,31/08/1996,,,,,,,
09/07/1990,31/08/1996,,,,,,,
,31/08/2004,,,,,,,
10/09/1979,31/08/2017,32025214.0,,,,,,
20/07/1989,31/08/1996,,,,,,,
24/07/1989,31/08/2015,32024112.0,,,,,,
24/07/1989,31/08/2015,32024111.0,,,,,,
01/09/2010,31/08/2021,,,,,,,
30/10/1990,31/08/1996,,,,,,,
30/10/1990,31/08/1996,,,,,,,
01/09/2001,31/08/2010,51021304.0,,,,,,
01/09/2011,31/08/2012,,,,,,,
24/07/1989,31/08/2015,32024111.0,,,,,,
01/09/2001,31/08/2024,56122304.0,,,,,,
21/07/1992,31/08/1996,,,,,,,
31/07/1992,31/08/2018,32025413.0,,,,,,
01/01/1992,31/08/2004,,,,,,,
01/09/2015,31/08/2021,,,,,,,
22/04/1994,31/08/2017,32023205.0,,,,,,
30/10/1990,31/08/1996,,,,,,,
23/03/1990,31/08/1996,,,,,,,
23/03/1990,31/08/1996,,,,,,,
20/07/1989,31/08/1996,,,,,,,
01/09/1996,31/08/2015,32023412.0,,,,,,
01/08/1994,31/08/1996,,,,,,,
20/07/1989,31/08/1996,,,,,,,
20/07/1989,31/08/1996,,,,,,,
20/07/1989,31/08/1996,,,,,,,
20/07/1989,31/08/1996,,,,,,,
20/07/1989,31/08/1996,,,,,,,
01/09/2022,,,,,,,,
01/01/1992,31/08/2008,,,,,,,
17/06/1975,31/08/1996,,,,,,,
14/08/1979,31/08/1996,,,,,,,
01/09/1992,31/08/2010,,,,,,,
15/02/1996,31/08/2012,,,,,,,
01/09/2002,31/08/2015,32032331.0,,,,,,
21/07/1992,31/08/1996,,,,,,,
15/02/1996,31/08/2012,,,,,,,
15/02/1996,31/08/2013,,,,,,,
15/02/1996,31/08/2013,,,,,,,
15/02/1996,31/08/2013,,,,,,,
15/02/1996,31/08/2017,,,,,,,
15/02/1996,31/08/2017,,,,,,,
15/02/1996,31/08/2013,,,,,,,
15/05/1973,31/08/2009,,,,,,,
15/05/1973,31/08/2009,,,,,,,
31/07/1973,31/08/1998,,,,,,,
15/02/1996,31/08/2017,,,,,,,
15/05/1973,31/08/2009,,,,,,,
15/02/1996,31/08/2009,,,,,,,
01/09/2001,31/08/2017,,,,,,,
01/09/2001,31/08/2017,,,,,,,
15/02/1996,31/08/2013,,,,,,,
15/02/1996,31/08/2012,,,,,,,
15/02/1996,31/08/2017,,,,,,,
01/09/2002,31/08/2015,32032329.0,,,,,,
15/02/1996,31/08/2003,,,,,,,
15/02/1996,31/08/2003,,,,,,,
15/05/1973,31/08/2009,,,,,,,
15/05/1973,31/08/2009,,,,,,,
15/05/1973,31/08/2009,,,,,,,
15/05/1973,31/08/2009,,,,,,,
15/05/1973,31/08/2009,,,,,,,
15/05/1973,31/08/2009,,,,,,,
01/09/2003,31/08/2009,,,,,,,
01/09/2001,31/08/2017,,,,,,,
01/09/1999,31/08/2017,,,,,,,
25/07/1997,31/08/2018,50021203.0,,,,,,
15/02/1996,31/08/2001,,,,,,,
15/02/1996,31/08/2007,,,,,,,
15/02/1996,31/08/2001,,,,,,,
15/02/1996,31/08/2001,,,,,,,
15/02/1996,31/08/2001,,,,,,,
15/02/1996,31/08/2001,,,,,,,
15/02/1996,31/08/2001,,,,,,,
15/02/1996,31/08/2000,,,,,,,
15/02/1996,31/08/1998,,,,,,,
01/09/1997,31/08/2015,32022709.0,,,,,,
15/02/1996,31/08/2013,,,,,,,
15/02/1996,31/08/2003,,,,,,,
15/02/1996,31/08/2016,,,,,,,
15/02/1996,31/08/2013,,,,,,,
15/02/1996,31/08/2007,,,,,,,
15/02/1996,31/08/2001,,,,,,,
15/02/1996,31/08/2001,,,,,,,
15/02/1996,31/08/2009,,,,,,,
15/02/1996,31/08/2009,,,,,,,
15/02/1996,31/08/2009,,,,,,,
15/02/1996,31/08/2009,,,,,,,
15/02/1996,31/08/2009,,,,,,,
15/02/1996,31/08/2009,,,,,,,
15/02/1996,31/08/2009,,,,,,,
15/02/1996,31/08/2009,,,,,,,
15/02/1996,31/08/2009,,,,,,,
15/02/1996,31/08/2009,,,,,,,
01/09/1999,31/08/2017,,,,,,,
15/02/1996,31/08/2013,,,,,,,
15/02/1996,31/08/2001,,,,,,,
15/02/1996,31/08/2001,,,,,,,
15/02/1996,31/08/2000,,,,,,,
15/02/1996,31/08/2000,,,,,,,
15/02/1996,31/08/2017,,,,,,,
15/02/1996,31/08/2000,,,,,,,
15/02/1996,31/08/2009,,,,,,,
15/02/1996,31/08/2009,,,,,,,
15/02/1996,31/08/2009,,,,,,,
15/02/1996,31/08/2009,,,,,,,
15/02/1996,31/08/2009,,,,,,,
15/02/1996,31/08/2009,,,,,,,
15/02/1996,31/08/2009,,,,,,,
15/02/1996,31/08/2009,,,,,,,
15/02/1996,31/08/2009,,,,,,,
15/02/1996,31/08/2009,,,,,,,
15/02/1996,31/08/2009,,,,,,,
15/02/1996,31/08/2013,,,,,,,
01/09/2009,,,,,,,,
15/02/1996,31/08/2012,,,,,,,
01/09/2008,31/08/2019,50033615.0,,,,,,
01/09/1994,31/08/2019,1022110.0,,,,,,
21/07/1982,31/08/1994,50033605.0,,,,,,
01/09/1998,,,,,,,,
15/02/1996,31/08/2012,,,,,,,
15/02/1996,31/08/2000,,,,,,,
12/09/1990,,,,,,,,
15/02/1996,31/08/2009,,,,,,,
15/02/1996,31/08/2009,,,,,,,
15/02/1996,31/08/2009,,,,,,,
01/09/2004,31/08/2011,,,,,,,
01/09/2004,31/08/2011,,,,,,,
01/09/2004,31/08/2011,,,,,,,
01/09/2004,31/08/2011,,,,,,,
21/07/1982,31/08/1994,50033605.0,,,,,,
21/07/1982,31/08/1994,50033605.0,,,,,,
01/09/2006,31/08/2017,32022317.0,32022318.0,,,,,
01/09/2003,31/08/2021,,,,,,,
01/09/2003,31/08/2021,,,,,,,
01/09/2002,31/08/2021,,,,,,,
01/09/2006,31/08/2017,32022505.0,32022506.0,,,,,
01/09/2005,31/08/2015,32025007.0,,,,,,
01/09/2005,31/08/2018,,,,,,,
01/09/2002,31/08/2015,32020112.0,,,,,,
03/08/1981,31/08/2011,,,,,,,
01/09/2009,31/08/2019,32025415.0,,,,,,
01/09/2007,31/08/2017,32025217.0,,,,,,
01/09/2001,31/08/2018,50033412.0,,,,,,
01/09/2003,,,,,,,,
01/09/2010,31/08/2026,50034406.0,,,,,,
01/09/2007,31/08/2017,32025216.0,,,,,,
01/09/2007,31/08/2017,32025215.0,,,,,,
01/09/2016,,,,,,,,
15/12/1969,31/08/1994,43022206.0,,,,,,
01/09/2011,,,,,,,,
21/07/1982,31/08/1993,50033605.0,,,,,,
01/09/2014,31/08/2019,32025012.0,,,,,,
01/09/2014,31/08/2019,32025011.0,,,,,,
01/09/2014,31/08/2019,32025010.0,,,,,,
01/09/2019,,,,,,,,
01/09/2004,31/08/2011,,,,,,,
01/09/2004,31/08/2011,,,,,,,
01/09/2016,,,,,,,,
01/09/2016,,,,,,,,
01/09/2014,,,,,,,,
01/09/2003,31/08/2018,50033412.0,,,,,,
01/09/2016,,,,,,,,
01/09/2025,,,,,,,,
01/09/2014,,,,,,,,
01/09/2014,,,,,,,,
19/04/1971,31/08/2010,,,,,,,
01/09/2012,31/08/2022,26033107.0,,,,,,
01/09/2001,31/08/2018,50033412.0,,,,,,
15/02/1996,31/08/2015,,,,,,,
01/01/1992,,,,,,,,
01/09/2013,,,,,,,,
01/09/2002,,,,,,,,
01/09/2009,,,,,,,,
30/09/1964,31/08/1994,50033407.0,,,,,,
01/09/2004,31/08/2011,,,,,,,
01/09/2004,31/08/2011,,,,,,,
01/09/2004,31/08/2011,,,,,,,
15/01/1974,31/08/1996,50033107.0,,,,,,
01/09/2004,31/08/2011,,,,,,,
01/09/2004,31/08/2011,,,,,,,
01/09/2004,31/08/2011,,,,,,,
09/10/1986,31/08/1996,,,,,,,
,31/08/2000,,,,,,,
07/06/1962,31/08/1994,50032403.0,,,,,,
01/09/2004,31/08/2011,,,,,,,
01/09/2001,,,,,,,,
01/09/2001,,,,,,,,
01/09/2008,31/08/2022,37010005.0,,,,,,
01/09/1993,,,,,,,,
01/09/1996,31/08/2015,40025303.0,,,,,,
01/09/1993,,,,,,,,
01/09/2001,,,,,,,,
01/09/2019,,,,,,,,
01/09/2019,,,,,,,,
01/09/2002,31/08/2018,40025221.0,,,,,,
01/09/2002,31/08/2018,40025220.0,,,,,,
01/09/2001,31/08/2016,40025216.0,,,,,,
01/09/2019,,,,,,,,
15/03/1971,31/08/2001,,,,,,,
18/03/1991,31/08/2006,50032314.0,,,,,,
13/06/1980,31/08/1994,,,,,,,
06/07/1948,31/08/1994,50032302.0,,,,,,
01/09/2004,31/08/2011,,,,,,,
01/09/2017,,,,,,,,
01/09/2007,31/08/2021,40025010.0,,,,,,
01/09/2015,,,,,,,,
01/09/2019,,,,,,,,
20/08/1992,31/08/2006,1032201.0,,,,,,
03/10/1983,31/08/1994,50025115.0,,,,,,
01/09/2012,,,,,,,,
01/09/2019,,,,,,,,
01/09/2019,,,,,,,,
01/09/2019,,,,,,,,
01/09/2019,,,,,,,,
18/03/1987,31/08/1996,50032216.0,,,,,,
01/09/2019,,,,,,,,
01/01/1992,,,,,,,,
01/09/2016,31/08/2020,,,,,,,
01/09/2004,31/08/2011,,,,,,,
01/09/1994,31/08/2013,14022001.0,,,,,,
01/09/1995,02/09/1995,,,,,,,
01/09/1984,31/08/2013,14022001.0,,,,,,
01/09/1994,31/08/2013,14022001.0,,,,,,
05/10/1981,31/08/1998,,,,,,,
05/10/1981,31/08/1999,,,,,,,
05/10/1981,31/08/1998,,,,,,,
01/09/2014,,,,,,,,
01/09/2022,,,,,,,,
18/03/1987,31/08/1999,,,,,,,
18/03/1987,31/08/1999,,,,,,,
,31/08/2000,,,,,,,
12/11/1963,31/08/1998,,,,,,,
27/02/1954,31/08/1998,,,,,,,
01/09/2011,,,,,,,,
23/04/1966,31/08/2019,,,,,,,
01/01/1992,,,,,,,,
27/02/1954,31/08/1996,,,,,,,
01/01/1992,,,,,,,,
01/09/2012,,,,,,,,
01/09/2016,,,,,,,,
27/02/1954,31/08/1994,50032217.0,,,,,,
27/02/1954,31/08/1994,50032217.0,,,,,,
01/09/2004,31/08/2011,,,,,,,
01/09/1996,,,,,,,,
01/09/1996,31/08/2014,,,,,,,
01/09/2004,31/08/2011,,,,,,,
01/09/2004,31/08/2011,,,,,,,
01/09/2004,31/08/2011,,,,,,,
01/09/1999,31/08/2021,50031224.0,,,,,,
01/09/1998,31/08/2025,,,,,,,
01/09/2006,31/08/2020,43321005.0,,,,,,
31/07/1989,31/08/2016,45022109.0,,,,,,
07/08/1991,,,,,,,,
01/09/2011,,,,,,,,
01/09/2015,31/08/2025,45022111.0,,,,,,
08/04/1980,31/08/1994,,,,,,,
01/09/1997,,,,,,,,
01/09/1997,31/08/2017,45022110.0,,,,,,
01/01/2025,,,,,,,,
01/09/1999,31/08/2021,50031224.0,,,,,,
01/01/1992,,,,,,,,
01/09/2016,,,,,,,,
29/05/1986,31/08/2010,,,,,,,
09/09/1980,31/08/2015,,,,,,,
01/01/1992,,,,,,,,
,31/08/2000,,,,,,,
06/07/1974,31/08/1994,,,,,,,
19/03/1970,31/08/2008,,,,,,,
29/05/1986,31/08/1996,43022001.0,,,,,,
10/07/1965,02/09/1992,,,,,,,
06/07/1987,31/08/1996,43022001.0,,,,,,
10/06/1966,31/08/1996,43022001.0,,,,,,
01/09/2005,,,,,,,,
06/08/1991,31/08/2001,50031215.0,50031216.0,,,,,
23/11/1989,31/08/2007,50031220.0,,,,,,
09/08/1989,31/08/2012,,,,,,,
07/06/1962,31/08/1994,50031209.0,,,,,,
01/09/2017,,,,,,,,
01/09/1993,31/08/2000,50031114.0,,,,,,
20/09/1974,31/08/1995,50031102.0,,,,,,
07/09/1992,31/08/2011,50031119.0,,,,,,
15/01/1980,31/08/1994,50031105.0,,,,,,
01/09/2017,,,,,,,,
,31/08/2000,,,,,,,
01/09/1988,31/08/2007,,,,,,,
31/03/1987,31/08/2007,,,,,,,
01/09/1992,31/08/2006,,,,,,,
01/09/1992,31/08/2006,50025523.0,,,,,,
,31/08/2000,,,,,,,
,31/08/2000,,,,,,,
20/09/1989,31/08/2006,50025523.0,,,,,,
17/08/1987,31/08/1994,50025123.0,,,,,,
10/12/1965,31/08/1994,50025509.0,,,,,,
04/03/1970,31/08/1994,,,,,,,
12/05/1958,31/08/1994,,,,,,,
27/09/1956,31/08/2017,,,,,,,
04/07/1956,31/08/2020,,,,,,,
03/08/1979,31/08/1994,50024314.0,,,,,,
17/03/1983,,,,,,,,
24/07/1989,31/08/2016,50022714.0,,,,,,
24/03/1988,,,,,,,,
,31/08/2000,,,,,,,
17/03/1983,,,,,,,,
10/12/1965,02/09/1992,50025518.0,,,,,,
01/09/2009,31/08/2018,50025437.0,,,,,,
18/06/1982,31/08/1997,,,,,,,
29/01/1980,31/08/2017,50025436.0,,,,,,
09/11/1979,31/08/1996,50025411.0,,,,,,
21/08/1987,31/08/2000,50025428.0,,,,,,
17/12/1943,31/08/2000,,,,,,,
,31/08/2000,,,,,,,
,31/08/2000,,,,,,,
09/11/1979,31/08/1996,50025401.0,,,,,,
01/09/1994,31/08/2008,50025434.0,,,,,,
31/07/1972,31/08/1994,50025420.0,,,,,,
24/03/1988,,,,,,,,
10/09/1963,31/08/1994,50025414.0,,,,,,
15/04/1996,31/08/2009,,,,,,,
10/09/1963,31/08/1994,50025414.0,,,,,,
21/06/1982,31/08/1994,1025402.0,,,,,,
05/09/1951,31/08/1994,,,,,,,
10/09/1963,31/08/1994,50025414.0,,,,,,
08/03/1991,31/08/2005,50025212.0,,,,,,
10/09/1963,31/08/1994,50025414.0,,,,,,
10/09/1963,31/08/1994,50025414.0,,,,,,
10/09/1963,31/08/1994,50025414.0,,,,,,
01/09/1994,31/08/2008,50025433.0,,,,,,
01/09/2014,,,,,,,,
05/02/1980,31/08/2003,50025304.0,,,,,,
05/02/1980,31/08/2010,,,,,,,
05/02/1980,31/08/1993,,,,,,,
01/09/2016,,,,,,,,
01/09/2016,,,,,,,,
01/09/1992,,,,,,,,
20/02/1952,31/08/1994,,,,,,,
26/07/1957,31/08/1992,,,,,,,
01/09/2010,31/08/2018,,,,,,,
,,,,,,,,
01/09/1996,31/08/2015,50034307.0,,,,,,
01/09/1994,31/08/2016,50022005.0,,,,,,
01/09/1995,31/08/2017,,,,,,,
08/03/1991,31/08/2005,50025211.0,,,,,,
29/08/1990,31/08/2005,50025216.0,,,,,,
29/08/1990,31/08/2008,50025217.0,,,,,,
29/08/1990,31/08/2005,50025215.0,,,,,,
29/08/1990,31/08/2005,50025214.0,,,,,,
01/09/1994,,,,,,,,
01/09/1996,,,,,,,,
16/12/1992,31/08/2015,50022138.0,,,,,,
22/06/1982,31/08/1994,50025206.0,,,,,,
29/08/1991,,,,,,,,
22/06/1982,31/08/1994,50025205.0,,,,,,
01/09/1992,31/08/2007,,,,,,,
09/08/1989,31/08/2001,50025135.0,,,,,,
17/03/1983,,,,,,,,
02/06/1970,31/08/2001,50025134.0,,,,,,
26/03/1980,31/08/2005,,,,,,,
01/09/2010,,,,,,,,
04/08/1988,31/08/2008,,,,,,,
24/05/1974,31/08/2004,50025136.0,,,,,,
,31/08/2000,,,,,,,
20/08/1986,31/08/1997,1025111.0,,,,,,
25/07/1986,31/08/1995,50025132.0,,,,,,
27/08/1985,31/08/1997,,,,,,,
09/07/1986,31/08/1996,,,,,,,
01/09/2000,31/08/2019,50031223.0,,,,,,
01/09/2000,31/08/2016,50031122.0,,,,,,
01/09/2001,31/08/2015,50025307.0,,,,,,
17/04/1984,31/08/1997,,,,,,,
29/08/1991,31/08/2011,51025112.0,,,,,,
02/09/1988,31/08/2004,50022134.0,50025007.0,50024128.0,50024129.0,50022358.0,50022610.0,
,31/08/2000,,,,,,,
,31/08/2000,,,,,,,
08/03/1991,31/08/2005,50025213.0,,,,,,
,31/08/2000,,,,,,,
,31/08/2000,,,,,,,
01/09/2000,31/08/2016,50022005.0,,,,,,
27/12/1952,31/08/1995,50024207.0,,,,,,
22/06/1982,31/08/1993,50025205.0,50025206.0,50025207.0,50025208.0,,,
09/11/1979,31/08/1994,50025131.0,,,,,,
19/06/1979,31/08/1994,50025108.0,,,,,,
01/09/2000,31/08/2018,50021307.0,,,,,,
01/09/2011,31/08/2017,,,,,,,
01/09/2000,31/08/2012,47011013.0,,,,,,
01/09/2002,31/08/2015,50025306.0,,,,,,
01/09/2002,31/08/2015,50022137.0,,,,,,
18/10/1951,31/08/1993,1025106.0,,,,,,
01/09/2001,31/08/2017,50022139.0,,,,,,
28/03/1963,31/08/1994,50025124.0,,,,,,
01/09/2004,31/08/2011,,,,,,,
01/09/2003,,,,,,,,
01/09/2003,31/08/2013,50020101.0,,,,,,
05/02/1980,31/08/2005,50025522.0,,,,,,
19/07/1990,31/08/1997,50022003.0,,,,,,
02/04/1981,,,,,,,,
,31/08/2004,,,,,,,
01/09/2014,,,,,,,,
01/09/1998,31/08/2018,50024322.0,,,,,,
,31/08/2000,,,,,,,
01/09/2002,31/08/2020,50023222.0,,,,,,
01/09/2002,31/08/2019,50023324.0,,,,,,
01/09/2003,31/08/2015,50025305.0,,,,,,
01/09/2004,31/08/2015,50025219.0,,,,,,
01/09/2004,31/08/2015,50025218.0,,,,,,
01/09/1998,31/08/2012,50024240.0,,,,,,
01/09/2004,31/08/2017,50025223.0,,,,,,
01/09/2004,31/08/2017,50025222.0,,,,,,
01/09/2004,,,,,,,,
15/04/1996,31/08/2009,,,,,,,
01/09/2009,31/08/2016,,,,,,,
01/01/2008,31/08/2018,,,,,,,
15/04/1996,31/08/2012,,,,,,,
15/04/1996,31/08/2012,,,,,,,
01/09/2014,,,,,,,,
01/09/2008,,,,,,,,
01/09/1998,,,,,,,,
01/09/2006,31/08/2020,,,,,,,
01/09/2005,31/08/2020,,,,,,,
01/09/2004,31/08/2011,,,,,,,
01/09/1998,31/08/2012,50024240.0,,,,,,
01/09/2009,,,,,,,,
01/09/2004,31/08/2015,50025220.0,,,,,,
01/09/2004,31/08/2017,50025221.0,,,,,,
24/11/1989,31/08/2006,50024320.0,,,,,,
15/07/1981,31/08/2015,50024321.0,,,,,,
11/08/1987,31/08/1999,50024316.0,,,,,,
28/03/1950,31/08/1996,50024213.0,,,,,,
03/08/1977,31/08/1995,50024214.0,,,,,,
01/09/2009,,,,,,,,
27/12/1952,31/08/1992,,,,,,,
26/06/1957,31/08/1992,,,,,,,
01/09/2006,31/08/2020,,,,,,,
01/09/2010,31/08/2019,50031123.0,,,,,,
01/09/1998,31/08/2013,50024242.0,,,,,,
01/09/1998,31/08/2012,50024241.0,,,,,,
31/07/1990,31/08/2006,50024239.0,,,,,,
31/07/1990,31/08/2006,50024238.0,,,,,,
,31/08/2000,,,,,,,
25/07/1989,31/08/1995,50024206.0,,,,,,
,31/08/2000,,,,,,,
,31/08/2000,,,,,,,
01/09/2009,,,,,,,,
,31/08/2000,,,,,,,
,31/08/2000,,,,,,,
25/07/1989,31/08/1995,50024215.0,,,,,,
,31/08/2000,,,,,,,
20/08/1992,31/08/1999,50024236.0,,,,,,
20/08/1992,31/08/1999,50024315.0,,,,,,
23/04/1981,31/08/1999,,,,,,,
30/12/1992,31/08/2004,50023439.0,,,,,,
01/09/2003,31/08/2013,50020101.0,,,,,,
03/07/1987,31/08/2000,,,,,,,
,31/08/2000,,,,,,,
21/03/1962,31/08/1994,50024127.0,,,,,,
21/03/1962,31/08/1994,50024127.0,,,,,,
21/03/1962,31/08/1994,50024127.0,,,,,,
21/03/1962,31/08/1994,50024127.0,,,,,,
19/03/1962,31/08/1994,,,,,,,
04/08/1988,31/08/2012,50024006.0,,,,,,
,31/08/2004,,,,,,,
01/09/2005,,,,,,,,
01/09/2003,31/08/2021,50023446.0,,,,,,
10/05/1984,31/08/2006,,,,,,,
06/06/1988,31/08/1996,50023111.0,,,,,,
25/05/1984,31/08/1993,50022607.0,50022609.0,,,,,
01/09/2002,31/08/2020,50023326.0,,,,,,
01/09/2000,31/08/2017,,,,,,,
01/09/2007,,,,,,,,
01/09/2006,31/08/2020,,,,,,,
,31/08/2016,,,,,,,
15/02/1996,31/08/2017,,,,,,,
01/09/2002,31/08/2020,50023327.0,,,,,,
01/09/1997,31/08/2003,50023318.0,,,,,,
01/09/2011,31/08/2016,,,,,,,
,31/08/2016,,,,,,,
29/04/1987,31/08/2003,50023320.0,,,,,,
23/04/1987,31/08/2000,50023316.0,,,,,,
,31/08/2000,,,,,,,
29/04/1987,31/08/2003,50023317.0,,,,,,
10/09/1974,31/08/1993,50032219.0,,,,,,
01/09/2004,31/08/2011,,,,,,,
,31/08/2016,,,,,,,
01/09/1996,,,,,,,,
01/09/1992,,,,,,,,
06/06/1988,31/08/2003,50023218.0,,,,,,
01/09/2007,,,,,,,,
01/09/1993,,,,,,,,
01/09/2003,31/08/2008,,,,,,,
01/09/2010,31/08/2021,,,,,,,
01/09/2002,31/08/2022,50023120.0,,,,,,
01/09/2003,31/08/2016,56033204.0,56033205.0,56033206.0,,,,
03/09/1974,31/08/1994,50023211.0,,,,,,
01/09/2004,31/08/2011,,,,,,,
01/09/2002,31/08/2020,50023222.0,,,,,,
01/09/1997,,,,,,,,
14/12/1976,31/08/1997,50023114.0,,,,,,
07/07/1993,31/08/2003,50023117.0,,,,,,
06/07/1993,31/08/2007,,,,,,,
27/05/1992,31/08/2003,50023116.0,,,,,,
25/03/1976,31/08/1994,50023107.0,,,,,,
09/08/1989,31/08/2004,51023104.0,,,,,,
01/01/1992,31/08/2006,,,,,,,
13/09/1973,31/08/1994,50023109.0,,,,,,
01/09/2004,31/08/2011,,,,,,,
01/09/2007,,,,,,,,
01/09/2004,31/08/2011,,,,,,,
01/09/2002,31/08/2019,50022715.0,,,,,,
01/09/2004,,,,,,,,
05/06/1953,31/08/2000,,,,,,,
,31/08/2000,,,,,,,
01/09/2003,31/08/2008,,,,,,,
26/04/1990,31/08/2007,,,,,,,
17/04/1987,31/08/2003,50022713.0,,,,,,
25/10/1972,31/08/1994,50022707.0,,,,,,
25/10/1972,31/08/1993,50022707.0,,,,,,
01/09/2004,31/08/2011,,,,,,,
01/09/2003,31/08/2013,50020101.0,,,,,,
25/05/1984,31/08/1995,50022607.0,,,,,,
01/09/2014,,,,,,,,
01/09/2006,31/08/2016,40034305.0,,,,,,
07/08/1991,31/08/2015,,,,,,,
01/09/2003,31/08/2008,,,,,,,
01/09/2003,31/08/2008,,,,,,,
01/09/2003,31/08/2008,,,,,,,
01/09/2004,31/08/2019,40033603.0,,,,,,
01/09/2003,31/08/2008,,,,,,,
,,,,,,,,
01/09/2016,,,,,,,,
01/09/2003,31/08/2008,,,,,,,
01/09/2003,31/08/2008,,,,,,,
01/09/2003,31/08/2008,,,,,,,
01/09/2010,31/08/2022,40033104.0,,,,,,
01/09/2003,31/08/2008,,,,,,,
01/09/2009,31/08/2021,,,,,,,
01/09/2009,31/08/2021,,,,,,,
01/09/1992,31/08/2005,50023443.0,,,,,,
01/09/2004,31/08/2011,,,,,,,
06/08/1991,31/08/2000,50022509.0,,,,,,
08/02/1978,31/08/1994,50022419.0,,,,,,
04/05/1987,31/08/1994,50022508.0,,,,,,
04/05/1987,31/08/1993,50022506.0,50022507.0,50022508.0,,,,
01/09/2004,31/08/2011,,,,,,,
01/09/1994,31/08/2010,50022429.0,50022430.0,,,,,
01/09/1994,31/08/2010,50022426.0,,,,,,
06/10/1987,31/08/1996,50022423.0,50022424.0,50022425.0,50022426.0,50022427.0,,
01/09/2016,,,,,,,,
01/09/1998,31/08/2017,,,,,,,
02/06/1983,31/08/1996,50022423.0,50022424.0,50022425.0,50022426.0,50022427.0,,
28/06/1976,31/08/1997,50032223.0,,,,,,
02/06/1983,31/08/1996,50022423.0,50022424.0,50022425.0,50022426.0,50022427.0,,
28/07/1978,31/08/1996,50022421.0,,,,,,
08/02/1978,31/08/1996,50022422.0,,,,,,
08/02/1978,31/08/1994,50022420.0,,,,,,
01/01/1901,31/08/2000,,,,,,,
,31/08/2000,,,,,,,
,31/08/2016,,,,,,,
05/10/1981,31/08/1994,,,,,,,
23/09/1965,31/08/1994,50022418.0,,,,,,
01/09/2008,,,,,,,,
01/09/2008,,,,,,,,
01/09/2003,31/08/2013,50020101.0,,,,,,
01/09/2006,,,,,,,,
,31/08/2021,93213605.0,,,,,,
01/09/2000,31/08/2009,50022361.0,50022362.0,50022363.0,,,,
01/09/1993,31/08/2019,45023316.0,,,,,,
28/06/1976,31/08/1997,50032220.0,,,,,,
12/10/1972,31/08/2002,50022357.0,,,,,,
,,,,,,,,
01/09/2004,31/08/2011,,,,,,,
31/08/1984,31/08/2001,,,,,,,
08/12/1981,31/08/1993,50022336.0,,,,,,
,31/08/2021,93213606.0,,,,,,
,31/08/2021,93213607.0,,,,,,
,31/08/2021,93213608.0,,,,,,
01/01/1992,,,,,,,,
13/07/1977,31/08/1993,,,,,,,
01/09/2016,,,,,,,,
,,,,,,,,
,,,,,,,,
,,,,,,,,
,,,,,,,,
28/06/1976,31/08/1993,50032222.0,50032223.0,,,,,
20/09/1974,02/09/1992,50022335.0,,,,,,
13/08/1982,31/08/1993,50022310.0,,,,,,
29/08/1990,31/08/1997,,,,,,,
03/05/1982,31/08/1994,50022118.0,,,,,,
,02/01/1901,,,,,,,
03/05/1982,31/08/1993,50022118.0,,,,,,
01/09/2004,31/08/2011,,,,,,,
01/09/2004,31/08/2011,,,,,,,
01/09/1993,,,,,,,,
01/09/1993,,,,,,,,
15/11/1984,31/08/1995,,,,,,,
15/11/1984,31/08/1995,45024214.0,,,,,,
12/05/1961,31/08/1995,,,,,,,
03/10/1959,31/08/1995,,,,,,,
03/10/1959,31/08/1995,45024215.0,,,,,,
06/08/1979,31/08/1996,45023405.0,,,,,,
03/10/1959,31/08/1995,,,,,,,
03/10/1959,31/08/1995,45024216.0,,,,,,
03/10/1959,31/08/1999,,,,,,,
03/10/1959,31/08/1999,,,,,,,
03/10/1959,31/08/1999,,,,,,,
03/10/1959,31/08/1999,,,,,,,
10/07/1986,31/08/2001,,,,,,,
05/02/1965,31/08/1995,,,,,,,
05/02/1965,31/08/1995,,,,,,,
05/02/1965,31/08/1995,,,,,,,
05/02/1965,31/08/1995,,,,,,,
18/05/1966,,,,,,,,
14/03/1984,31/08/1999,,,,,,,
27/03/1981,31/08/1994,45024005.0,,,,,,
13/08/1965,31/08/1999,,,,,,,
01/09/2005,,,,,,,,
01/09/2014,,,,,,,,
01/09/2007,,,,,,,,
01/07/1955,31/08/1981,45023402.0,,,,,,
01/09/1993,31/08/2015,45023409.0,,,,,,
01/09/1997,31/08/2018,45023215.0,,,,,,
01/09/1993,31/08/2015,45023408.0,,,,,,
05/07/1979,31/08/1996,45023404.0,,,,,,
24/02/1986,31/08/2009,,,,,,,
01/09/2000,31/08/2017,45023315.0,,,,,,
01/09/1998,31/08/2015,45022709.0,,,,,,
01/09/1997,31/08/2017,45023314.0,,,,,,
01/09/1997,31/08/2015,45023313.0,,,,,,
29/01/1985,31/08/2000,,,,,,,
01/01/1992,02/01/1992,,,,,,,
05/01/1938,31/08/1977,,,,,,,
18/07/1978,31/08/2000,45023312.0,,,,,,
12/02/1949,31/08/2016,,,,,,,
12/07/1979,31/08/2000,45023311.0,,,,,,
29/01/1990,31/08/2019,45023317.0,,,,,,
01/09/2017,,,,,,,,
01/09/2004,,,,,,,,
01/09/2007,31/08/2019,45023216.0,,,,,,
01/09/2000,31/08/2016,45023213.0,,,,,,
01/09/2000,31/08/2016,45023214.0,,,,,,
01/09/2014,,,,,,,,
01/09/1996,31/08/2008,45023212.0,,,,,,
05/07/1979,31/08/2001,45023211.0,,,,,,
01/08/1956,31/08/2016,,,,,,,
06/06/1988,02/09/1992,,,,,,,
,02/01/1901,,,,,,,
06/08/1979,31/08/1997,45023208.0,,,,,,
20/11/1933,31/08/2016,,,,,,,
01/09/2013,31/08/2027,40034306.0,,,,,,
22/06/1981,31/08/2016,45023105.0,,,,,,
,02/01/1901,,,,,,,
19/11/1969,31/08/1999,,,,,,,
01/09/2003,31/08/2008,,,,,,,
,31/08/2000,,,,,,,
06/06/1988,02/09/1992,,,,,,,
15/02/1996,31/08/2005,,,,,,,
29/12/1970,31/08/2000,,,,,,,
29/12/1970,31/08/2000,,,,,,,
29/12/1970,31/08/1998,,,,,,,
01/09/1995,31/08/2018,40033103.0,,,,,,
01/09/1996,31/08/2018,40033103.0,,,,,,
02/08/1974,31/08/1999,42033103.0,,,,,,
01/01/1992,,,,,,,,
,31/08/2000,,,,,,,
01/09/1996,,,,,,,,
27/10/1989,,,,,,,,
21/09/1979,31/08/1995,,,,,,,
21/09/1979,31/08/1998,42032306.0,,,,,,
22/04/1966,,,,,,,,
09/09/1980,31/08/2016,,,,,,,
09/09/1980,31/08/2000,32113301.0,,,,,,
09/09/1980,31/08/2016,,,,,,,
,31/08/2000,,,,,,,
03/12/1980,31/08/2001,,,,,,,
,31/08/2000,,,,,,,
,31/08/2000,,,,,,,
,31/08/2000,,,,,,,
20/03/1987,31/08/2000,1025301.0,,,,,,
,31/08/2000,,,,,,,
,31/08/2000,,,,,,,
,31/08/2000,,,,,,,
23/03/1996,,,,,,,,
19/03/1970,31/08/1995,43020101.0,,,,,,
31/07/1985,02/09/1992,,,,,,,
13/04/1966,31/08/1994,,,,,,,
15/04/1966,31/08/1996,43022001.0,,,,,,
16/01/1966,31/08/1994,,,,,,,
25/04/1989,02/09/1992,,,,,,,
15/09/1980,31/08/1994,,,,,,,
18/04/1972,31/08/1994,,,,,,,
18/04/1972,31/08/1994,,,,,,,
01/09/1992,,,,,,,,
,,,,,,,,
18/04/1972,31/08/1994,,,,,,,
18/04/1972,31/08/1994,,,,,,,
19/06/1989,02/09/1992,,,,,,,
,31/08/2000,,,,,,,
01/01/1992,,,,,,,,
01/10/1965,31/08/1994,,,,,,,
01/10/1965,31/08/1994,,,,,,,
01/10/1965,31/08/2005,,,,,,,
01/09/1996,,,,,,,,
,31/08/2000,,,,,,,
,31/08/2000,,,,,,,
,31/08/2000,,,,,,,
01/09/2012,,,,,,,,
13/06/1966,31/08/2004,,,,,,,
18/08/1971,31/08/2012,40024203.0,,,,,,
16/07/1991,31/08/1997,42024210.0,,,,,,
03/05/1988,31/08/1994,43024001.0,,,,,,
04/07/1983,02/09/1992,,,,,,,
24/02/1971,02/09/1992,,,,,,,
23/04/1966,31/08/2019,,,,,,,
29/05/1986,31/08/2001,,,,,,,
03/02/1966,31/08/1994,43024001.0,,,,,,
03/02/1966,31/08/1994,43024001.0,,,,,,
03/02/1966,31/08/1994,43024001.0,,,,,,
04/05/1988,31/08/2003,40024002.0,,,,,,
01/01/1992,,,,,,,,
26/05/1972,31/08/2001,,,,,,,
26/05/1972,31/08/2003,,,,,,,
01/09/2003,,,,,,,,
01/09/2003,,,,,,,,
01/09/2003,31/08/2008,,,,,,,
01/09/2003,,,,,,,,
01/09/1992,31/08/2015,40123412.0,,,,,,
01/09/2019,,,,,,,,
01/09/1993,,,,,,,,
01/09/2011,,,,,,,,
01/09/2011,,,,,,,,
01/09/1994,,,,,,,,
01/09/2010,,,,,,,,
01/09/2010,,,,,,,,
01/09/2003,31/08/2008,,,,,,,
01/09/2010,,,,,,,,
01/09/1995,31/08/2012,40122409.0,40122410.0,,,,,
01/09/2003,31/08/2008,,,,,,,
01/09/2003,31/08/2008,,,,,,,
01/09/2006,31/08/2016,40034403.0,,,,,,
01/01/1992,,,,,,,,
01/01/1992,31/08/2004,,,,,,,
01/09/2003,31/08/2008,,,,,,,
01/09/2003,31/08/2008,,,,,,,
01/09/2003,31/08/2008,,,,,,,
01/09/2003,31/08/2008,,,,,,,
01/09/1995,31/08/2012,,,,,,,
01/09/1995,31/08/2012,,,,,,,
01/09/2016,31/08/2020,,,,,,,
01/09/2010,31/08/2022,40031114.0,,,,,,
01/09/2003,31/08/2016,40032207.0,,,,,,
01/09/2003,31/08/2016,40032208.0,,,,,,
01/09/2003,31/08/2008,,,,,,,
01/09/2003,31/08/2008,,,,,,,
01/01/1992,31/08/2004,,,,,,,
01/09/2003,31/08/2008,,,,,,,
01/09/2003,31/08/2008,,,,,,,
01/09/2010,31/08/2021,40031212.0,,,,,,
01/09/2008,31/08/2012,40031210.0,,,,,,
01/09/1992,31/08/2021,40031213.0,,,,,,
01/09/2003,31/08/2008,,,,,,,
01/09/2009,31/08/2021,40031112.0,40031113.0,,,,,
01/09/2009,31/08/2021,40031112.0,40031113.0,,,,,
01/09/2009,31/08/2018,40031110.0,,,,,,
01/09/1998,31/08/2012,40031108.0,,,,,,
01/09/2003,31/08/2008,,,,,,,
01/09/2003,31/08/2008,,,,,,,
01/09/2017,,,,,,,,
01/09/2012,31/08/2022,40030004.0,,,,,,
01/09/2003,31/08/2008,,,,,,,
01/09/2005,31/08/2018,40025513.0,40025514.0,40025515.0,,,,
01/09/2003,31/08/2018,40025510.0,,,,,,
01/09/1996,31/08/2015,40025302.0,,,,,,
09/06/1987,31/08/2005,40025506.0,,,,,,
01/09/2016,,,,,,,,
01/09/2009,31/08/2020,40025411.0,,,,,,
01/01/1992,31/08/2012,,,,,,,
01/09/2006,31/08/2015,40025304.0,,,,,,
01/09/1998,31/08/2011,40025409.0,,,,,,
01/09/2003,31/08/2008,,,,,,,
01/09/2016,31/08/2021,,,,,,,
01/09/2016,31/08/2020,,,,,,,
01/09/2002,31/08/2018,40025219.0,,,,,,
01/09/2001,31/08/2016,40025215.0,,,,,,
01/09/2001,31/08/2016,40025214.0,,,,,,
19/07/1990,31/08/2008,40023203.0,,,,,,
01/03/1994,31/08/2005,40025107.0,,,,,,
16/06/1987,31/08/2005,40025106.0,,,,,,
01/09/2003,31/08/2008,,,,,,,
27/09/1990,31/08/2017,,,,,,,
31/08/1992,31/08/2007,40023303.0,,,,,,
01/09/2008,31/08/2015,40023205.0,40023206.0,40023207.0,,,,
26/09/1991,31/08/2017,40023208.0,,,,,,
01/09/1995,31/08/2012,,,,,,,
01/09/2003,31/08/2008,,,,,,,
01/09/2016,31/08/2020,,,,,,,
05/08/1996,31/08/1998,,,,,,,
01/09/2005,31/08/2009,40023004.0,,,,,,
01/01/1992,31/08/2004,,,,,,,
19/07/1990,31/08/2007,40022703.0,,,,,,
19/07/1990,31/08/2007,40022704.0,,,,,,
01/09/2003,31/08/2008,,,,,,,
01/09/2003,31/08/2008,,,,,,,
01/09/2003,31/08/2008,,,,,,,
01/09/1995,31/08/2012,,,,,,,
30/07/1992,31/08/2014,40020102.0,,,,,,
01/09/2003,31/08/2008,,,,,,,
01/09/2003,31/08/2008,,,,,,,
01/09/1995,31/08/2012,,,,,,,
01/09/2003,31/08/2008,,,,,,,
01/01/1992,31/08/2004,,,,,,,
01/09/2003,31/08/2008,,,,,,,
26/03/1993,31/08/2016,40021204.0,,,,,,
30/08/1996,31/08/1996,,,,,,,
30/08/1996,31/08/1996,,,,,,,
30/08/1996,31/08/1996,,,,,,,
30/08/1996,31/08/1996,,,,,,,
30/08/1996,31/08/1996,,,,,,,
30/08/1996,31/08/1996,,,,,,,
01/01/1992,31/08/2004,,,,,,,
01/09/1995,31/08/2012,,,,,,,
01/09/1995,31/08/2012,,,,,,,
01/01/1992,31/08/2018,,,,,,,
01/01/1992,31/08/2018,,,,,,,
01/01/1992,31/08/2014,,,,,,,
01/01/1992,02/09/1992,,,,,,,
01/01/1992,31/08/1995,,,,,,,
01/01/1992,31/08/1995,,,,,,,
01/01/1992,,,,,,,,
01/09/2015,,,,,,,,
01/09/2015,,,,,,,,
01/09/2014,,,,,,,,
01/09/2013,31/08/2014,,,,,,,
01/09/1999,31/08/2019,,,,,,,
01/09/1996,,,,,,,,
01/09/1996,,,,,,,,
01/09/1996,,,,,,,,
01/09/1996,,,,,,,,
23/03/1996,,,,,,,,
23/03/1996,,,,,,,,
01/09/1995,31/08/2022,37012019.0,,,,,,
26/06/1967,31/08/2018,,,,,,,
01/01/1992,31/08/2022,37012020.0,,,,,,
23/03/1996,,,,,,,,
01/09/1995,31/08/2015,37011040.0,,,,,,
01/09/1995,,,,,,,,
01/09/1995,,,,,,,,
01/01/1992,31/08/1996,,,,,,,
01/01/1992,31/08/1996,,,,,,,
01/01/1992,31/08/1996,,,,,,,
01/09/1995,,,,,,,,
01/09/1995,,,,,,,,
01/09/1995,,,,,,,,
27/03/1985,31/08/2001,,,,,,,
15/02/1996,31/08/2000,,,,,,,
15/02/1996,31/08/2001,,,,,,,
01/09/2006,31/08/2020,26033204.0,,,,,,
01/09/1999,,,,,,,,
01/01/1992,31/08/1996,,,,,,,
,,,,,,,,
,31/08/2015,,,,,,,
01/09/1987,,,,,,,,
27/10/1989,,,,,,,,
01/09/1989,31/08/2018,,,,,,,
01/09/1972,31/08/2016,,,,,,,
,31/08/2015,26033101.0,,,,,,
,,,,,,,,
01/09/1996,,,,,,,,
,31/08/2016,,,,,,,
01/09/1996,,,,,,,,
,31/08/1998,,,,,,,
01/09/1996,,,,,,,,
01/09/1996,,,,,,,,
01/09/1996,,,,,,,,
,,,,,,,,
01/09/1996,,,,,,,,
01/09/1996,,,,,,,,
,31/08/2016,,,,,,,
,31/08/2000,,,,,,,
01/09/1996,,,,,,,,
01/09/1996,,,,,,,,
,31/08/2016,,,,,,,
05/08/1996,31/08/2006,,,,,,,
05/08/1996,31/08/1998,,,,,,,
05/08/1996,31/08/2014,,,,,,,
05/08/1996,31/08/2006,,,,,,,
01/09/1998,31/08/2006,,,,,,,
01/09/2009,,,,,,,,
01/09/1997,31/08/2006,,,,,,,
05/08/1996,31/08/1998,,,,,,,
15/02/1996,,,,,,,,
05/08/1996,31/08/1998,,,,,,,
05/08/1996,31/08/1998,,,,,,,
05/08/1996,31/08/1998,,,,,,,
05/08/1996,31/08/1998,,,,,,,
05/08/1996,31/08/1998,,,,,,,
05/08/1996,31/08/2014,,,,,,,
05/08/1996,31/08/2014,,,,,,,
01/09/2011,,,,,,,,
01/09/1997,31/08/2010,,,,,,,
01/09/1997,31/08/2010,,,,,,,
15/02/1996,31/08/2010,,,,,,,
15/02/1996,31/08/2010,,,,,,,
15/02/1996,31/08/1998,,,,,,,
15/02/1996,31/08/1998,,,,,,,
01/09/1997,31/08/2017,32025412.0,,,,,,
15/02/1996,31/08/1998,,,,,,,
15/02/1996,,,,,,,,
01/09/2011,,,,,,,,
15/02/1996,31/08/2000,,,,,,,
15/02/1996,31/08/2000,,,,,,,
01/09/2009,31/08/2024,,,,,,,
15/02/1996,31/08/2012,,,,,,,
15/02/1996,31/08/1998,,,,,,,
15/02/1996,31/08/2008,,,,,,,
15/02/1996,31/08/2000,,,,,,,
15/02/1996,31/08/2000,,,,,,,
15/02/1996,31/08/1999,,,,,,,
01/09/2022,,,,,,,,
01/09/1995,31/08/2003,32132316.0,32132317.0,,,,,
01/09/1993,31/08/1996,32132315.0,,,,,,
01/09/1998,,,,,,,,
01/09/1998,,,,,,,,
01/09/2019,,,,,,,,
01/09/2007,,,,,,,,
01/09/1998,,,,,,,,
01/09/1998,,,,,,,,
01/09/1992,31/08/1995,,,,,,,
17/07/1987,31/08/1999,32132206.0,,,,,,
01/09/1996,,,,,,,,
01/09/1992,31/08/1995,,,,,,,
01/09/2017,,,,,,,,
17/07/1987,,,,,,,,
01/09/2009,,,,,,,,
01/09/2009,,,,,,,,
01/09/2007,,,,,,,,
01/09/2001,,,,,,,,
14/10/1983,31/08/1995,,,,,,,
14/10/1983,31/08/1995,,,,,,,
16/07/1987,,,,,,,,
16/07/1987,,,,,,,,
16/07/1987,,,,,,,,
01/09/2003,31/08/2015,32025516.0,,,,,,
01/09/2010,,,,,,,,
16/07/1987,,,,,,,,
07/07/1987,,,,,,,,
07/07/1987,,,,,,,,
01/09/2019,,,,,,,,
01/09/2007,,,,,,,,
17/07/1987,,,,,,,,
01/09/2001,,,,,,,,
01/09/1998,,,,,,,,
01/09/2014,,,,,,,,
19/08/1993,31/08/2019,32033424.0,,,,,,
19/08/1993,31/08/2019,32033423.0,,,,,,
01/01/1992,02/09/1992,,,,,,,
11/08/1989,31/08/2002,32033417.0,,,,,,
11/08/1989,31/08/2001,32033417.0,32033418.0,,,,,
19/08/1993,31/08/2018,32033421.0,,,,,,
01/09/2010,31/08/2020,26033206.0,,,,,,
09/05/1973,31/08/2010,32033205.0,,,,,,
01/09/1997,31/08/2005,,,,,,,
01/01/1901,31/08/1997,,,,,,,
01/09/2017,,,,,,,,
01/09/2015,31/08/2021,32032614.0,,,,,,
01/09/2011,31/08/2015,32032610.0,32032611.0,,,,,
02/09/1981,02/09/1992,32031404.0,,,,,,
02/09/1981,02/09/1992,32031404.0,,,,,,
02/09/1981,02/09/1992,32031404.0,,,,,,
01/09/1997,31/08/2017,32022208.0,,,,,,
17/07/1986,31/08/1996,32032405.0,,,,,,
01/09/2014,,,,,,,,
01/09/2014,,,,,,,,
01/09/2014,,,,,,,,
01/09/2014,,,,,,,,
01/09/2014,,,,,,,,
01/09/2012,31/08/2021,,,,,,,
01/09/2002,31/08/2015,32032328.0,,,,,,
01/09/2002,31/08/2015,32032332.0,,,,,,
01/09/2002,31/08/2015,32032330.0,,,,,,
01/09/1996,31/08/2011,32032325.0,,,,,,
10/09/1979,31/08/1995,,,,,,,
02/12/1976,31/08/1995,,,,,,,
17/01/1978,31/08/1995,,,,,,,
17/01/1978,31/08/1995,,,,,,,
12/02/1985,31/08/1998,32032317.0,,,,,,
21/01/1964,02/09/1992,32022303.0,32022304.0,,,,,
08/07/1991,31/08/2003,32032324.0,,,,,,
03/08/1981,02/09/1992,,,,,,,
08/07/1991,31/08/2003,32032322.0,,,,,,
08/07/1991,31/08/2003,32032320.0,,,,,,
29/05/1989,31/08/1993,32032309.0,,,,,,
10/06/1987,31/08/1993,32032311.0,,,,,,
01/09/2019,,,,,,,,
27/01/1986,31/08/1996,,,,,,,
01/09/2003,31/08/2018,32032211.0,,,,,,
01/09/2003,31/08/2018,32032210.0,,,,,,
27/03/1972,31/08/1993,32032201.0,,,,,,
01/09/1992,31/08/2004,32032206.0,32032207.0,,,,,
01/09/1992,31/08/2004,32032206.0,32032207.0,,,,,
01/09/2008,31/08/2021,,,,,,,
01/09/1995,02/09/1995,,,,,,,
01/09/1995,31/08/2010,32032002.0,,,,,,
01/01/2023,,,,,,,,
01/09/2009,31/08/2019,32031409.0,,,,,,
10/06/1994,31/08/2010,32031407.0,,,,,,
06/04/1987,31/08/1997,32032605.0,32032606.0,32032607.0,,,,
01/09/2009,,,,,,,,
01/09/2019,,,,,,,,
23/06/1980,31/08/1993,32031301.0,,,,,,
28/06/1990,31/08/1998,32031304.0,,,,,,
01/09/2004,31/08/2020,32031213.0,,,,,,
27/01/1986,31/08/1996,,,,,,,
17/06/1988,31/08/2005,32031210.0,,,,,,
17/06/1988,31/08/2005,32031209.0,,,,,,
16/07/1986,02/09/1992,,,,,,,
17/06/1988,02/09/1992,32023407.0,32025003.0,,,,,
01/09/2011,31/08/2020,32031103.0,,,,,,
19/04/1990,31/08/2012,32031102.0,,,,,,
01/09/2015,,,,,,,,
01/09/2015,,,,,,,,
01/09/2006,31/08/2021,32025520.0,,,,,,
20/08/1980,31/08/1996,,,,,,,
23/08/1993,31/08/2005,32025514.0,,,,,,
06/08/1991,31/08/2016,32025519.0,,,,,,
06/08/1991,31/08/2016,32025519.0,,,,,,
02/04/1987,31/08/2007,32025515.0,,,,,,
03/04/1989,31/08/2015,32022711.0,,,,,,
28/10/1953,02/09/1992,32025509.0,,,,,,
28/10/1953,02/09/1992,32025509.0,,,,,,
01/09/2016,,,,,,,,
04/08/1988,31/08/1996,,,,,,,
31/07/1992,31/08/2019,32025416.0,,,,,,
01/09/2016,,,,,,,,
07/08/1991,31/08/2008,32025210.0,32025211.0,32025212.0,,,,
24/07/1989,31/08/2015,32024111.0,,,,,,
23/05/1964,02/09/1992,32024107.0,,,,,,
23/05/1964,02/09/1992,32024105.0,,,,,,
26/08/1992,31/08/2013,32024207.0,32024305.0,,,,,
07/07/1961,02/09/1992,32022303.0,32022304.0,,,,,
01/09/1994,31/08/2011,32023411.0,,,,,,
26/11/1990,31/08/2015,32023412.0,,,,,,
23/11/1990,31/08/1996,32023409.0,32023410.0,,,,,
03/08/1981,02/09/1992,,,,,,,
08/08/1973,02/09/1992,32023407.0,,,,,,
01/09/2016,,,,,,,,
05/04/1989,31/08/2017,32023305.0,,,,,,
27/08/1987,31/08/1995,32023105.0,,,,,,
01/09/2016,,,,,,,,
01/09/1997,31/08/2017,32023108.0,,,,,,
07/03/1978,31/08/1996,,,,,,,
19/08/1993,31/08/2012,32023107.0,,,,,,
23/07/1990,31/08/1998,32023106.0,,,,,,
27/12/1943,31/08/1994,32023104.0,,,,,,
24/10/1952,02/09/1992,32023203.0,,,,,,
01/09/1997,31/08/2015,32025008.0,,,,,,
01/09/1997,31/08/2015,32022710.0,,,,,,
01/09/1997,31/08/2015,32022709.0,,,,,,
30/07/1986,31/08/2000,32022705.0,32032706.0,32032707.0,32032708.0,,,
30/07/1986,31/08/2000,32022705.0,32032706.0,32032707.0,32032708.0,,,
24/07/1989,31/08/1998,32022206.0,,,,,,
30/07/1986,31/08/2000,32022705.0,32032706.0,32032707.0,32032708.0,,,
01/09/1995,31/08/2017,32022003.0,,,,,,
16/07/1965,31/08/1996,,,,,,,
23/07/1985,31/08/1996,,,,,,,
02/05/1967,31/08/1996,,,,,,,
13/08/1982,31/08/1996,,,,,,,
01/09/1995,31/08/2017,32022003.0,,,,,,
01/09/2016,,,,,,,,
01/09/2009,31/08/2021,,,,,,,
01/09/1997,31/08/2010,,,,,,,
01/09/2016,,,,,,,,
01/09/2016,,,,,,,,
01/09/2016,,,,,,,,
01/09/2016,,,,,,,,
01/09/2009,31/08/2017,32022314.0,,,,,,
05/07/1977,31/08/2018,36022301.0,,,,,,
22/08/1990,31/08/2017,,,,,,,
05/07/1977,31/08/2018,36022201.0,,,,,,
01/09/1993,31/08/2017,32022208.0,,,,,,
01/09/1992,31/08/2021,32022106.0,,,,,,
27/01/1986,31/08/1996,,,,,,,
01/01/1992,31/08/2004,,,,,,,
01/09/2014,,,,,,,,
01/09/2014,,,,,,,,
16/07/1965,31/08/1996,,,,,,,
08/07/1986,31/08/1996,,,,,,,
08/07/1986,31/08/1996,,,,,,,
19/05/1989,31/08/2010,,,,,,,
01/08/1994,31/08/1996,,,,,,,
18/06/1971,31/08/1996,,,,,,,
17/04/1986,31/08/1996,,,,,,,
27/01/1986,31/08/1996,,,,,,,
17/09/1984,31/08/1996,,,,,,,
01/01/1992,31/08/2004,,,,,,,
01/09/2011,,,,,,,,
04/06/1984,31/08/1996,32020106.0,,,,,,
17/07/1986,31/08/2000,32020108.0,,,,,,
13/05/1980,31/08/1994,32020101.0,,,,,,
01/09/1992,31/08/2006,32020110.0,,,,,,
06/11/1987,31/08/2026,32033115.0,,,,,,
01/09/2005,31/08/2021,,,,,,,
01/09/2005,31/08/2017,32020009.0,,,,,,
30/07/1986,31/08/1995,32020005.0,,,,,,
17/04/1984,31/08/2019,,,,,,,
01/09/1997,31/08/2010,,,,,,,
01/09/1995,31/08/2008,,,,,,,
01/09/2019,,,,,,,,
01/09/2019,,,,,,,,
01/09/2019,,,,,,,,
01/09/1994,31/08/2013,14022001.0,,,,,,
01/09/1995,31/08/1996,,,,,,,
01/09/2019,,,,,,,,
01/09/2019,,,,,,,,
01/09/2019,,,,,,,,
01/09/2019,,,,,,,,
01/09/2019,,,,,,,,
01/09/2019,,,,,,,,
01/09/2019,,,,,,,,
01/09/2019,,,,,,,,
01/09/2019,,,,,,,,
01/09/2019,,,,,,,,
01/09/2019,,,,,,,,
01/09/2019,,,,,,,,
01/09/2019,,,,,,,,
01/09/2019,,,,,,,,
01/09/2019,,,,,,,,
01/09/2019,,,,,,,,
01/09/2019,,,,,,,,
01/09/2019,,,,,,,,
01/09/2015,,,,,,,,
01/09/2016,,,,,,,,
01/09/2010,31/08/2027,40031117.0,,,,,,
01/09/1997,31/08/2022,,,,,,,
01/09/2017,31/08/2022,50033205.0,,,,,,
01/09/2014,31/08/2022,40022308.0,,,,,,
01/09/2014,31/08/2022,40022309.0,,,,,,
01/09/2014,,,,,,,,
01/09/2000,31/08/2024,,,,,,,
01/09/2012,31/08/2024,,,,,,,
01/09/2013,31/08/2026,32034305.0,,,,,,
01/09/2022,,,,,,,,
01/09/2022,,,,,,,,
01/09/2015,31/08/2022,96299904.0,,,,,,
01/09/2025,,,,,,,,
01/09/2005,31/08/2023,40025012.0,,,,,,
01/09/2025,,,,,,,,
01/09/2025,,,,,,,,
01/09/2020,31/08/2024,46125409.0,,,,,,
01/09/2023,,,,,,,,
01/09/2006,31/08/2024,50023121.0,,,,,,
01/09/2023,,,,,,,,
01/09/2025,,,,,,,,
08/08/1973,31/08/2027,32033113.0,,,,,,
01/09/2024,31/08/2025,56122110.0,,,,,,
01/09/2013,31/08/2026,32025417.0,,,,,,
01/09/2025,,,,,,,,
01/09/2014,,,,,,,,
02/10/1972,31/08/2027,32033114.0,,,,,,
01/09/2019,,,,,,,,
01/09/2025,,,,,,,,
01/09/2024,31/08/2026,46133404.0,,,,,,
01/09/2013,,,,,,,,
01/09/1997,31/08/2010,,,,,,,
01/09/2006,,,,,,,,
01/09/2009,,,,,,,,
01/09/2016,,,,,,,,
01/09/2025,,,,,,,,
01/09/2025,,,,,,,,
01/09/2006,,,,,,,,
01/09/2025,,,,,,,,
01/09/2025,,,,,,,,
01/09/2025,,,,,,,,
01/09/1997,31/08/2010,,,,,,,
01/09/2006,31/08/2023,40022707.0,,,,,,
01/09/2006,,,,,,,,
05/08/1996,31/08/2023,,,,,,,
01/09/2025,,,,,,,,
01/09/2021,31/08/2024,46125004.0,,,,,,
01/09/2025,,,,,,,,
01/09/2025,,,,,,,,
01/09/2025,,,,,,,,
01/09/2019,31/08/2026,50023124.0,,,,,,
01/09/2025,,,,,,,,
01/09/2025,,,,,,,,
01/09/2015,31/08/2026,,,,,,,
01/09/2025,,,,,,,,
01/09/2014,31/08/2026,50034308.0,,,,,,
01/09/2025,,,,,,,,
01/09/2010,,,,,,,,
01/09/2006,31/08/2023,40022706.0,,,,,,
26/10/1945,31/08/2027,45023217.0,,,,,,
01/09/2004,31/08/2023,40025013.0,,,,,,
01/09/2004,31/08/2023,40025014.0,,,,,,
01/09/2019,,,,,,,,
01/09/1997,31/08/2010,,,,,,,
01/09/2009,,,,,,,,
01/09/2009,,,,,,,,
01/09/2025,,,,,,,,
01/09/2022,,,,,,,,
01/09/2023,,,,,,,,
01/09/2023,,,,,,,,
01/09/2023,,,,,,,,
01/09/2022,,,,,,,,
01/09/2022,,,,,,,,
01/09/2015,,,,,,,,
01/09/2025,,,,,,,,
01/09/2001,31/08/2026,32321016.0,,,,,,
01/09/2000,31/08/2023,40024005.0,40024006.0,,,,,
15/02/1996,31/08/2026,32321207.0,,,,,,
01/09/1995,31/08/2023,40025014.0,,,,,,
01/09/2021,,,,,,,,
01/09/2007,,,,,,,,
01/09/2003,,,,,,,,
01/09/2020,,,,,,,,
01/09/2019,,,,,,,,
01/09/2020,,,,,,,,
01/09/2020,,,,,,,,
01/09/2025,,,,,,,,
01/01/1992,,,,,,,,
01/09/2016,31/08/2022,,,,,,,
01/09/2011,31/08/2024,40033007.0,,,,,,
01/09/2014,31/08/2028,40025225.0,,,,,,
01/09/2011,31/08/2024,40033007.0,,,,,,
01/09/2014,31/08/2028,40025226.0,,,,,,
01/09/2021,,,,,,,,
01/09/2021,,,,,,,,
01/09/1997,31/08/2010,,,,,,,
01/09/2025,,,,,,,,
01/09/1997,31/08/2010,,,,,,,
01/09/1997,31/08/2010,,,,,,,
01/09/1997,31/08/2010,,,,,,,
01/09/1997,31/08/2010,,,,,,,
01/09/1997,31/08/2010,,,,,,,
01/09/1997,31/08/2010,,,,,,,
01/09/1997,31/08/2010,,,,,,,
01/09/2009,31/08/2027,40022310.0,,,,,,
01/09/2011,,,,,,,,
01/09/2014,31/08/2024,32020116.0,,,,,,
01/09/2020,,,,,,,,
01/09/1997,31/08/2010,,,,,,,
01/09/1997,31/08/2010,,,,,,,
01/09/1997,31/08/2010,,,,,,,
01/09/2021,,,,,,,,
01/09/2014,31/08/2028,40025224.0,,,,,,
01/09/1997,31/08/2010,,,,,,,
01/09/1997,31/08/2010,,,,,,,
01/09/1997,31/08/2010,,,,,,,
01/09/1997,31/08/2010,,,,,,,
01/09/1997,31/08/2010,,,,,,,
01/09/1997,31/08/2010,,,,,,,
01/09/1997,31/08/2010,,,,,,,
01/09/1997,31/08/2010,,,,,,,
01/09/1997,31/08/2010,,,,,,,
01/09/1997,31/08/2010,,,,,,,
01/09/1997,31/08/2010,,,,,,,
10/07/1992,31/08/2012,43020007.0,,,,,,
01/09/1997,31/08/2010,,,,,,,
01/09/1997,31/08/2010,,,,,,,
01/09/1997,31/08/2010,,,,,,,
01/09/1997,31/08/2010,,,,,,,
01/09/2018,31/08/2023,32025014.0,,,,,,
01/09/2022,,,,,,,,
01/09/2018,31/08/2023,32025016.0,,,,,,
01/09/2019,,,,,,,,
01/09/2019,,,,,,,,
01/09/2018,31/08/2023,32025015.0,,,,,,
01/09/2009,31/08/2023,32033206.0,,,,,,
01/09/2016,31/12/2023,32025219.0,,,,,,
01/09/2022,,,,,,,,
01/09/2007,31/08/2023,32033002.0,,,,,,
01/09/2016,31/08/2023,56033207.0,,,,,,
01/09/2016,31/08/2023,56033207.0,,,,,,
01/09/2013,31/08/2027,40034307.0,,,,,,
01/09/2016,31/08/2023,56033207.0,,,,,,
31/05/1989,31/08/2024,,,,,,,
01/09/2012,,,,,,,,
01/09/2022,,,,,,,,
01/09/2010,31/08/2027,40031116.0,,,,,,
01/09/2022,,,,,,,,
01/09/2025,,,,,,,,
01/09/2025,,,,,,,,
01/09/2025,,,,,,,,
01/09/2003,31/08/2022,,,,,,,
01/09/2014,31/08/2027,50025227.0,,,,,,
01/09/2025,,,,,,,,
01/09/2014,31/08/2027,50025225.0,,,,,,
01/09/2019,,,,,,,,
01/01/1992,31/08/1995,,,,,,,
01/01/1992,31/08/2008,,,,,,,
01/09/2020,,,,,,,,
01/09/2020,,,,,,,,
01/01/1992,31/08/2012,,,,,,,
01/09/2007,,,,,,,,
01/09/2007,,,,,,,,
01/09/2008,,,,,,,,
01/09/2008,,,,,,,,
01/09/2008,,,,,,,,
01/09/2010,,,,,,,,
01/09/2020,,,,,,,,
01/09/2025,,,,,,,,
01/09/2006,,,,,,,,
01/09/2006,,,,,,,,
01/09/2006,,,,,,,,
01/09/2006,,,,,,,,
01/09/2007,,,,,,,,
01/09/2007,,,,,,,,
01/09/2007,,,,,,,,
01/09/2007,,,,,,,,
01/09/2007,,,,,,,,
01/09/2014,31/08/2027,50025226.0,,,,,,
01/09/1997,31/08/2025,,,,,,,
01/09/2020,,,,,,,,
01/09/2021,,,,,,,,
01/09/2021,,,,,,,,
01/09/2021,,,,,,,,
01/09/2019,,,,,,,,
01/09/2021,,,,,,,,
01/01/1992,,,,,,,,
01/09/2008,31/08/2023,,,,,,,
01/09/2005,31/08/2023,40033006.0,,,,,,
01/09/2006,31/08/2024,56033105.0,,,,,,
01/09/2009,31/08/2024,,,,,,,
01/09/2021,,,,,,,,
01/09/2002,31/08/2025,50022145.0,,,,,,
01/09/2022,,,,,,,,
01/09/2021,,,,,,,,
01/09/2010,31/08/2024,,,,,,,
01/09/2009,31/08/2024,,,,,,,
01/09/2009,31/08/2024,,,,,,,
01/09/2009,31/08/2024,,,,,,,
01/09/1997,31/08/2010,,,,,,,
01/09/1997,31/08/2010,,,,,,,
01/09/1997,31/08/2010,,,,,,,
01/09/1997,31/08/2010,,,,,,,
01/09/1997,31/08/2010,,,,,,,
01/09/1997,31/08/2010,,,,,,,
01/09/1997,31/08/2010,,,,,,,
01/09/1997,31/08/2010,,,,,,,
01/09/1997,31/08/2010,,,,,,,
01/09/2019,,,,,,,,
01/09/2011,31/08/2014,,,,,,,
01/09/2025,,,,,,,,
05/08/1996,31/08/2023,,,,,,,
01/09/1999,31/08/2002,,,,,,,
01/09/1997,31/08/2016,,,,,,,
01/01/1992,31/08/2004,,,,,,,
01/01/1992,31/08/2004,,,,,,,
01/01/1992,31/08/1995,,,,,,,
01/01/1992,31/08/2010,,,,,,,
01/01/1992,31/08/1995,,,,,,,
01/01/1992,31/08/1997,,,,,,,
01/01/1992,31/08/1995,,,,,,,
01/01/1992,31/08/1995,,,,,,,
01/01/1992,31/08/1997,,,,,,,
01/01/1992,31/08/1997,,,,,,,
01/01/1992,31/08/1997,,,,,,,
01/01/1992,31/08/1997,,,,,,,
01/01/1992,31/08/1997,,,,,,,
01/01/1992,31/08/1997,,,,,,,
01/01/1992,31/08/1997,,,,,,,
01/09/1997,31/08/2010,,,,,,,
01/01/1992,31/08/1997,,,,,,,
01/01/1992,31/08/1997,,,,,,,
01/09/2000,31/08/2023,,,,,,,
01/09/2008,31/08/2019,,,,,,,
01/01/1992,31/08/2005,,,,,,,
01/01/1992,31/08/2008,,,,,,,
01/01/1992,31/08/2008,,,,,,,
01/01/1992,31/08/2008,,,,,,,
01/01/1992,31/08/2008,,,,,,,
01/01/1992,31/08/2008,,,,,,,
05/08/1996,31/08/2023,,,,,,,
05/08/1996,31/08/2023,,,,,,,
01/09/1998,31/08/2023,,,,,,,
05/08/1996,31/08/2023,,,,,,,
01/09/2008,31/08/2023,,,,,,,
01/09/1998,31/08/2023,,,,,,,
05/08/1996,31/08/2023,,,,,,,
01/09/2009,31/08/2023,,,,,,,
05/08/1996,31/08/2023,,,,,,,
05/08/1996,31/08/2023,,,,,,,
01/09/1998,31/08/2023,,,,,,,
05/08/1996,31/08/2023,,,,,,,
01/09/1998,31/08/2023,,,,,,,
01/09/1998,31/08/2023,,,,,,,
01/09/1998,31/08/2023,,,,,,,
05/08/1996,31/08/2023,,,,,,,
05/08/1996,31/08/2023,,,,,,,
01/09/1998,31/08/2023,,,,,,,
05/08/1996,31/08/2023,,,,,,,
01/09/2005,31/08/2023,,,,,,,
01/09/2010,31/08/2023,,,,,,,
05/08/1996,31/08/2023,,,,,,,
01/09/2005,31/08/2023,,,,,,,
05/08/1996,31/08/2023,,,,,,,
05/08/1996,31/08/2023,,,,,,,
01/09/2010,31/08/2023,,,,,,,
05/08/1996,31/08/2023,,,,,,,
05/08/1996,31/08/2023,,,,,,,
01/09/1998,31/08/2023,,,,,,,
01/09/2005,31/08/2023,,,,,,,
01/09/1998,31/08/2023,,,,,,,
01/09/1998,31/08/2023,,,,,,,
01/09/1998,31/08/2023,,,,,,,
05/08/1996,31/08/2023,,,,,,,
05/08/1996,31/08/2023,,,,,,,
01/09/1998,31/08/2023,,,,,,,
05/08/1996,31/08/2023,,,,,,,
01/09/2005,31/08/2023,,,,,,,
01/09/1998,31/08/2023,,,,,,,
10/08/2005,31/08/2023,,,,,,,
01/09/1998,31/08/2023,,,,,,,
05/08/1996,31/08/2023,,,,,,,
01/09/2000,31/08/2023,,,,,,,
05/08/1996,31/08/2023,,,,,,,
01/09/2023,,,,,,,,
01/09/2009,31/08/2024,32032003.0,,,,,,
01/09/1994,31/08/2024,32022406.0,,,,,,
01/09/2023,,,,,,,,
01/09/2012,31/08/2024,32033111.0,,,,,,
01/09/2009,,,,,,,,
01/09/2011,31/08/2024,32023206.0,,,,,,
01/01/1992,31/08/2008,,,,,,,
01/01/1992,31/08/2008,,,,,,,
01/01/1992,31/08/2020,,,,,,,
01/01/1992,31/08/2008,,,,,,,
01/01/1992,31/08/1996,,,,,,,
01/01/1992,,,,,,,,
01/01/1992,,,,,,,,
01/01/1992,31/08/1999,,,,,,,
01/09/1997,31/08/2010,,,,,,,
01/09/2025,,,,,,,,
01/09/1997,31/08/2010,,,,,,,
23/01/1987,31/12/2012,67110004.0,,,,,,
01/09/1997,31/08/2010,,,,,,,
01/09/1997,31/08/2010,,,,,,,
01/09/1997,31/08/2010,,,,,,,
01/09/1997,31/08/2010,,,,,,,
01/09/1997,31/08/2010,,,,,,,
01/09/1997,31/08/2010,,,,,,,
01/09/2006,31/08/2008,,,,,,,
01/01/1992,31/08/2016,,,,,,,
01/01/1992,,,,,,,,
,,,,,,,,
01/01/2013,,,,,,,,
23/01/1987,,,,,,,,
01/01/1992,,,,,,,,
01/09/2010,,,,,,,,
01/01/1992,31/08/2001,47011010.0,,,,,,
01/09/2022,31/08/2024,46133504.0,,,,,,
01/09/2009,,,,,,,,
01/09/2023,31/08/2024,46133414.0,,,,,,
01/09/2000,31/08/2020,47010019.0,,,,,,
17/10/1991,31/08/1994,,,,,,,
01/09/2019,,,,,,,,
01/01/1992,31/08/1994,,,,,,,
01/09/2019,,,,,,,,
01/09/1992,02/09/1992,,,,,,,
01/01/1992,31/08/1999,,,,,,,
01/01/1992,31/08/1999,,,,,,,
01/01/1992,31/08/1999,,,,,,,
01/01/1992,31/08/1999,,,,,,,
01/01/1992,31/08/1999,,,,,,,
01/01/1992,31/08/1994,,,,,,,
01/01/1992,31/08/1994,,,,,,,
01/01/1992,31/08/1995,,,,,,,
01/01/1992,31/08/2001,47013019.0,,,,,,
,31/08/1994,,,,,,,
01/01/1992,31/08/1995,,,,,,,
01/01/1992,31/08/1995,,,,,,,
01/01/1992,31/08/1994,,,,,,,
01/09/2007,31/08/2027,50031126.0,,,,,,
01/01/1992,31/08/1999,,,,,,,
10/08/1972,31/08/2020,,,,,,,
01/09/2011,,,,,,,,
10/07/1992,31/08/2012,43020006.0,43020008.0,,,,,
10/08/1972,31/08/2020,,,,,,,
01/09/1995,31/08/2020,,,,,,,
01/01/1992,31/08/1995,,,,,,,
01/09/1995,31/08/2001,47013019.0,,,,,,
10/07/1992,31/08/2006,,,,,,,
01/01/1992,31/08/2001,47013019.0,,,,,,
01/09/2000,31/08/2020,47010019.0,,,,,,
01/01/1992,31/08/1994,,,,,,,
01/01/1992,31/08/2012,43020005.0,43020006.0,,,,,
01/01/1992,31/08/2001,47013019.0,,,,,,
01/01/1992,31/08/2001,47013019.0,,,,,,
01/01/1992,31/08/2001,47013019.0,,,,,,
01/01/1992,31/08/2001,47013019.0,,,,,,
01/01/1992,31/08/2001,,,,,,,
01/01/1992,31/08/1994,,,,,,,
01/01/1992,31/08/1995,,,,,,,
01/01/1992,31/08/1999,,,,,,,
13/02/1969,31/08/1994,43031008.0,,,,,,
10/07/1992,31/08/2006,43031012.0,43031013.0,43031014.0,43031015.0,,,
15/12/1969,31/08/1994,43022207.0,,,,,,
01/01/1992,31/08/1994,,,,,,,
01/01/1992,31/08/1994,,,,,,,
23/07/1971,31/08/1994,43033102.0,,,,,,
01/01/1992,,,,,,,,
01/01/1992,,,,,,,,
14/02/1992,31/08/2017,43033402.0,,,,,,
01/01/1992,,,,,,,,
01/09/2006,31/08/2013,43031017.0,,,,,,
01/09/2005,31/08/2012,43031016.0,,,,,,
01/09/1997,31/08/2012,43013403.0,,,,,,
01/01/1992,31/08/2001,47011012.0,,,,,,
01/09/2006,31/08/2013,43031020.0,,,,,,
01/09/2006,31/08/2013,43031018.0,,,,,,
01/01/1992,31/08/2005,43031010.0,,,,,,
01/01/1992,31/08/1995,,,,,,,
01/09/2011,31/08/2020,47010019.0,,,,,,
01/09/2000,31/08/2020,47010019.0,,,,,,
01/09/2000,31/08/2020,47010019.0,,,,,,
01/01/1992,31/08/1994,,,,,,,
01/01/1992,31/08/1995,,,,,,,
01/09/2011,,,,,,,,
01/09/2019,,,,,,,,
01/09/2010,31/08/2019,47010018.0,,,,,,
01/09/2010,31/08/2019,47010018.0,,,,,,
01/06/1982,31/08/1994,43023302.0,,,,,,
01/01/1992,,,,,,,,
10/07/1992,31/08/2008,43033103.0,,,,,,
01/09/2010,31/08/2019,47010018.0,,,,,,
01/09/1999,31/08/2019,,,,,,,
01/01/1992,02/09/1992,,,,,,,
25/07/1973,31/08/1994,43031401.0,,,,,,
10/07/1992,31/08/2006,43031012.0,43031013.0,43031014.0,43031015.0,,,
13/02/1969,31/08/1994,43031009.0,,,,,,
13/02/1969,31/08/1994,43031002.0,,,,,,
01/01/1992,31/08/1994,,,,,,,
10/07/1992,31/08/2006,43031012.0,43031013.0,43031014.0,43031015.0,,,
01/09/1992,02/09/1992,,,,,,,
01/09/2006,31/08/2013,43031019.0,,,,,,
01/09/2011,,,,,,,,
01/09/2019,,,,,,,,
10/07/1992,31/08/2012,43020006.0,43020008.0,,,,,
01/01/1992,,,,,,,,
01/09/2015,,,,,,,,
01/09/2012,,,,,,,,
01/09/2013,,,,,,,,
01/09/2013,,,,,,,,
01/09/2013,,,,,,,,
01/09/2013,,,,,,,,
01/09/2012,,,,,,,,
01/01/1992,,,,,,,,
01/09/2005,31/08/2012,43031016.0,,,,,,
10/07/1992,31/08/2006,43031012.0,43031013.0,43031014.0,43031015.0,,,
01/01/1992,31/08/2005,43031011.0,,,,,,
10/07/1992,31/08/2012,43020006.0,,,,,,
10/07/1992,31/08/2012,43020004.0,43020006.0,,,,,
13/02/1969,31/08/1994,43025504.0,,,,,,
13/02/1969,31/08/1994,43025503.0,,,,,,
01/01/1992,31/08/2012,43020004.0,43020005.0,43020006.0,,,,
17/10/1991,31/08/1994,,,,,,,
10/07/1992,31/08/2012,43020005.0,43020006.0,,,,,
01/01/1992,31/08/2012,43020005.0,43020006.0,,,,,
17/10/1991,31/08/1994,,,,,,,
02/08/1971,31/08/1998,43020002.0,,,,,,
02/08/1971,31/08/1994,43025107.0,,,,,,
17/10/1991,31/08/1994,,,,,,,
01/01/1992,31/08/2012,43020004.0,43020005.0,43020006.0,,,,
17/10/1991,31/08/1994,,,,,,,
10/07/1992,31/08/2012,43020003.0,43020004.0,43020006.0,,,,
10/07/1992,31/08/2012,43020003.0,43020006.0,,,,,
15/12/1969,31/08/1994,43023102.0,,,,,,
10/07/1992,31/08/2012,43020008.0,,,,,,
15/12/1969,31/08/1994,43022207.0,,,,,,
15/12/1969,31/08/1994,,,,,,,
15/12/1969,31/08/1994,43022004.0,,,,,,
01/09/2011,,,,,,,,
01/09/2011,31/08/2020,43020009.0,,,,,,
01/09/2011,,,,,,,,
01/01/1992,02/09/1992,,,,,,,
01/09/2011,,,,,,,,
01/01/1992,02/09/1992,,,,,,,
01/09/1995,,,,,,,,
01/09/1992,,,,,,,,
24/02/1993,31/08/1996,,,,,,,
01/09/1997,,,,,,,,
01/09/1997,,,,,,,,
01/09/1997,31/08/2010,,,,,,,
01/09/2021,,,,,,,,
01/09/2023,,,,,,,,
01/09/1993,31/08/2025,,,,,,,
01/09/1994,,,,,,,,
01/01/1992,,,,,,,,
01/09/2007,,,,,,,,
01/09/2011,,,,,,,,
01/09/2014,,,,,,,,
01/09/2019,,,,,,,,
01/09/2012,,,,,,,,
01/09/1995,31/08/2025,45033408.0,,,,,,
01/09/1996,31/08/2024,1033002.0,,,,,,
01/09/1994,,,,,,,,
01/09/2012,,,,,,,,
01/09/2008,,,,,,,,
01/09/2023,,,,,,,,
01/09/2023,,,,,,,,
01/09/1996,31/08/2024,1033414.0,,,,,,
01/09/2023,,,,,,,,
01/09/2017,31/08/2028,40022709.0,,,,,,
01/09/2019,,,,,,,,
01/09/2010,31/08/2027,50031127.0,,,,,,
07/07/1993,31/08/2023,1023307.0,,,,,,
01/09/1997,31/08/2023,1022111.0,,,,,,
01/09/2008,31/08/2026,40025412.0,,,,,,
01/09/1999,,,,,,,,
01/09/2005,31/08/2025,40023210.0,,,,,,
01/09/1994,31/08/2023,1022706.0,,,,,,
01/09/2005,31/08/2024,50022143.0,,,,,,
01/09/2014,31/08/2024,32025521.0,,,,,,
01/09/2016,31/08/2025,40025519.0,,,,,,
01/09/2013,31/08/2024,32033611.0,,,,,,
01/09/2023,,,,,,,,
01/09/2023,,,,,,,,
01/09/1998,31/08/2025,,,,,,,
01/09/2013,31/08/2024,32033609.0,,,,,,
01/09/2005,31/08/2025,50033002.0,,,,,,
01/09/2021,,,,,,,,
01/09/2025,,,,,,,,
01/09/2001,31/08/2024,,,,,,,
01/09/2002,31/08/2024,,,,,,,
01/09/2002,31/08/2024,,,,,,,
01/09/2013,31/08/2023,32033608.0,,,,,,
01/09/2023,,,,,,,,
01/09/2023,,,,,,,,
01/09/2012,31/08/2025,14022002.0,,,,,,
25/07/1967,31/08/2023,,,,,,,
01/09/2023,,,,,,,,
01/09/2023,,,,,,,,
01/09/2023,,,,,,,,
01/09/2023,,,,,,,,
01/09/2023,,,,,,,,
01/09/2021,31/08/2026,50023122.0,,,,,,
01/09/2009,,,,,,,,
01/09/2021,,,,,,,,
01/09/2016,,,,,,,,
01/09/2021,,,,,,,,
01/09/2008,31/08/2025,40025223.0,,,,,,
01/09/2021,,,,,,,,
01/09/2021,,,,,,,,
01/09/2016,31/08/2025,40025519.0,,,,,,
01/09/2021,,,,,,,,
01/09/2015,31/08/2024,46123306.0,,,,,,
01/09/2021,,,,,,,,
01/09/2021,,,,,,,,
01/09/2021,,,,,,,,
01/01/2021,,,,,,,,
01/09/2021,,,,,,,,
01/09/2022,,,,,,,,
22/07/1998,31/12/2023,,,,,,,
01/01/2024,,,,,,,,
01/09/2014,31/08/2025,40022708.0,,,,,,
01/09/2020,,,,,,,,
01/09/2023,,,,,,,,
01/09/2020,,,,,,,,
01/09/2020,,,,,,,,
01/09/2020,,,,,,,,
01/09/2020,,,,,,,,
01/09/2020,,,,,,,,
01/09/2023,,,,,,,,
01/09/2020,,,,,,,,
01/09/2020,,,,,,,,
01/09/2016,,,,,,,,
01/09/2004,,,,,,,,
01/09/2016,31/08/2025,40025520.0,,,,,,
01/09/2014,,,,,,,,
01/09/2016,31/08/2025,40025519.0,,,,,,
01/09/2018,,,,,,,,
01/09/2023,,,,,,,,
01/09/2023,,,,,,,,
01/09/2023,,,,,,,,
01/09/2021,,,,,,,,
01/09/2021,,,,,,,,
01/09/2022,,,,,,,,
01/09/2021,,,,,,,,
01/09/2021,,,,,,,,
01/09/2021,,,,,,,,
01/09/2021,,,,,,,,
01/09/2021,,,,,,,,
01/09/2005,31/08/2010,51034304.0,,,,,,
01/09/2021,,,,,,,,
01/09/2021,,,,,,,,
01/09/2020,,,,,,,,
01/09/2021,,,,,,,,
01/09/2021,,,,,,,,
01/09/2022,,,,,,,,
01/09/2021,,,,,,,,
01/09/2015,31/08/2024,46125311.0,,,,,,
01/09/2015,31/08/2024,56133605.0,,,,,,
01/09/2024,,,,,,,,
01/09/2001,31/08/2024,46123304.0,,,,,,
01/09/2015,31/08/2024,46125308.0,,,,,,
01/09/2015,31/08/2024,46125310.0,,,,,,
01/09/2002,31/08/2024,46125122.0,,,,,,
01/09/2017,31/08/2024,46125408.0,,,,,,
01/09/2024,,,,,,,,
01/09/2002,31/08/2024,46125123.0,,,,,,
01/09/2005,31/08/2024,46133412.0,,,,,,
01/09/2023,31/08/2024,46125510.0,,,,,,
01/09/2010,31/08/2024,46122704.0,,,,,,
01/01/2024,,,,,,,,
01/01/2024,,,,,,,,
01/01/2024,,,,,,,,
01/01/2024,,,,,,,,
01/09/2024,,,,,,,,
01/09/1990,,,,,,,,
01/09/2024,,,,,,,,
01/09/2024,,,,,,,,
01/09/2011,31/08/2025,,,,,,,
01/09/2018,31/08/2019,24113401.0,,,,,,
01/09/2011,31/08/2026,50031125.0,,,,,,
01/09/2004,31/08/2025,32022209.0,,,,,,
01/09/2007,31/08/2025,32022210.0,,,,,,
01/09/2024,,,,,,,,
01/09/2024,,,,,,,,
01/09/2024,,,,,,,,
01/09/2024,,,,,,,,
01/09/2016,31/08/2025,50022146.0,,,,,,
01/09/2024,,,,,,,,
01/09/2024,,,,,,,,
01/09/2024,,,,,,,,
01/09/2024,,,,,,,,
27/03/1929,31/08/2025,50024132.0,,,,,,
01/09/2024,,,,,,,,
01/09/2024,,,,,,,,
01/09/2024,,,,,,,,
01/09/2024,,,,,,,,
01/09/2022,31/08/2024,46133503.0,,,,,,
01/09/2024,,,,,,,,
01/09/2024,,,,,,,,
01/09/2007,31/08/2025,50025442.0,,,,,,
01/09/2024,,,,,,,,
01/09/2021,31/08/2024,46122306.0,,,,,,
01/09/1996,31/08/2024,56124201.0,,,,,,
13/07/1977,31/08/2026,50033502.0,,,,,,
01/09/2015,31/08/2025,45033409.0,,,,,,
01/09/2007,31/08/2026,40023104.0,,,,,,
01/09/2010,31/08/2027,40025413.0,,,,,,
01/09/2009,31/08/2027,40024204.0,,,,,,
01/09/1996,31/08/2025,50024133.0,,,,,,
13/11/1989,31/08/2024,56122103.0,,,,,,
01/09/2023,31/08/2024,56122706.0,,,,,,
01/09/2008,31/08/2024,56134201.0,,,,,,
01/09/2023,31/08/2024,56133002.0,,,,,,
01/09/2023,31/08/2024,56123307.0,,,,,,
15/02/1996,31/08/2023,,,,,,,
01/09/2024,,,,,,,,
01/01/2025,,,,,,,,
01/09/2022,,,,,,,,
01/09/2022,,,,,,,,
01/09/2022,,,,,,,,
01/09/2018,,,,,,,,
01/09/2020,,,,,,,,
01/09/2024,,,,,,,,
01/09/2015,31/08/2025,32025522.0,,,,,,
01/09/2024,,,,,,,,
01/09/2009,31/08/2025,32025303.0,,,,,,
01/09/2023,,,,,,,,
01/09/2023,,,,,,,,
01/09/2021,,,,,,,,
01/09/2021,,,,,,,,
01/09/2021,,,,,,,,
01/09/2024,,,,,,,,
01/09/2013,,,,,,,,
01/09/2019,,,,,,,,
20/07/1977,31/08/2024,,,,,,,
01/09/2022,,,,,,,,
01/09/2015,31/08/2024,46125309.0,,,,,,
01/09/2015,31/08/2024,46125312.0,,,,,,
01/09/2017,,,,,,,,
01/09/2023,,,,,,,,
01/09/2013,31/08/2024,32033610.0,,,,,,
06/08/1991,31/08/2025,,,,,,,
01/09/2014,,,,,,,,
01/09/2014,,,,,,,,
01/09/2014,31/08/2025,32031313.0,,,,,,
01/09/2012,31/08/2025,32031312.0,,,,,,
01/09/2024,,,,,,,,
01/09/2014,,,,,,,,
01/09/2022,31/08/2024,46133505.0,,,,,,
01/09/2022,,,,,,,,
01/09/2023,,,,,,,,
01/09/2023,,,,,,,,
01/09/1995,31/08/2024,46122001.0,,,,,,
01/09/2001,31/08/2024,46131201.0,,,,,,
01/09/2021,31/08/2024,46132601.0,,,,,,
01/09/2018,,,,,,,,
01/09/1997,31/08/2024,46131101.0,,,,,,
01/09/2022,31/08/2024,46133502.0,,,,,,
01/09/2017,31/08/2024,46125407.0,,,,,,
01/09/2019,31/08/2024,56122112.0,,,,,,
01/09/2008,31/08/2024,46133413.0,,,,,,
01/09/2010,31/08/2024,46122703.0,,,,,,
01/09/2019,,,,,,,,
01/09/2013,,,,,,,,
19/07/1991,,,,,,,,
01/09/1992,,,,,,,,
01/09/1992,,,,,,,,
01/09/2014,,,,,,,,
01/09/2016,,,,,,,,
01/09/2015,,,,,,,,
01/09/2019,31/08/2026,50023225.0,,,,,,
01/09/1992,,,,,,,,
01/09/1992,,,,,,,,
01/09/2014,,,,,,,,
01/09/2015,,,,,,,,
01/09/2018,,,,,,,,
01/09/2007,,,,,,,,
01/09/2006,31/08/2024,46125002.0,,,,,,
01/09/2012,31/08/2024,46125508.0,,,,,,
01/09/2023,31/08/2024,56123204.0,,,,,,
01/09/2023,31/08/2024,46125509.0,,,,,,
01/09/2022,31/08/2024,56122111.0,,,,,,
01/09/1997,31/08/2024,56133411.0,,,,,,
01/09/2024,,,,,,,,
01/09/2009,,,,,,,,
01/09/1992,,,,,,,,
01/09/2024,,,,,,,,
01/09/2024,,,,,,,,
01/09/2014,,,,,,,,
01/09/2006,,,,,,,,
01/09/2006,,,,,,,,
01/09/2005,,,,,,,,
01/09/2024,,,,,,,,
01/09/2024,,,,,,,,
01/09/2023,31/08/2024,56122307.0,,,,,,
01/09/2019,31/08/2024,,,,,,,
01/09/2024,,,,,,,,
01/09/2024,,,,,,,,
01/09/2024,,,,,,,,
01/09/2024,,,,,,,,
01/09/2024,,,,,,,,
01/09/2024,,,,,,,,
01/09/2004,31/08/2024,56122113.0,,,,,,
01/09/2024,,,,,,,,
01/09/2024,,,,,,,,
01/09/2024,,,,,,,,
01/09/2024,,,,,,,,
01/09/2024,,,,,,,,
01/09/2024,,,,,,,,
01/09/2024,,,,,,,,
01/09/2024,,,,,,,,
01/09/2024,,,,,,,,
01/09/2024,,,,,,,,
01/09/2024,,,,,,,,
01/09/2024,,,,,,,,
01/09/2024,,,,,,,,
01/09/2024,,,,,,,,
01/09/2024,,,,,,,,
01/09/2024,,,,,,,,
01/09/2024,,,,,,,,
01/09/2024,,,,,,,,
01/09/2024,,,,,,,,
01/09/2024,,,,,,,,
01/09/2024,,,,,,,,
01/09/2024,,,,,,,,
01/09/2024,,,,,,,,
01/09/2024,,,,,,,,
01/09/2024,,,,,,,,
01/09/2024,,,,,,,,
01/09/2024,,,,,,,,
01/09/2024,,,,,,,,
01/09/2024,,,,,,,,
22/06/1987,31/08/2025,,,,,,,
01/09/2003,31/08/2025,,,,,,,
11/03/1994,31/08/2025,,,,,,,
31/05/1989,31/08/2025,,,,,,,
01/09/1999,31/08/2025,,,,,,,
31/08/1988,31/08/2026,,,,,,,
01/09/2024,,,,,,,,
01/09/2024,,,,,,,,
01/09/2024,,,,,,,,
01/09/2024,,,,,,,,
01/09/2024,,,,,,,,
01/09/2024,,,,,,,,
01/09/2024,,,,,,,,
01/09/2024,,,,,,,,
01/09/2024,31/08/2025,,,,,,,
01/09/2024,,,,,,,,
01/09/2024,,,,,,,,
01/09/2024,,,,,,,,
01/09/2024,,,,,,,,
25/10/1988,31/08/2024,56122405.0,,,,,,
01/09/1997,31/08/2024,56122105.0,,,,,,
01/09/2016,31/08/2024,46125003.0,,,,,,
01/09/2025,,,,,,,,
01/09/2025,,,,,,,,
01/09/2024,,,,,,,,
01/09/2021,,,,,,,,
01/09/2010,31/08/2024,46122705.0,,,,,,
01/09/2001,,,,,,,,
01/09/2010,,,,,,,,
01/08/2011,,,,,,,,
01/09/2023,,,,,,,,
25/03/1993,,,,,,,,
01/09/2018,,,,,,,,
01/09/2020,,,,,,,,
01/09/2001,,,,,,,,
01/09/2001,,,,,,,,
01/09/1997,,,,,,,,
01/09/2021,,,,,,,,
01/09/2021,,,,,,,,
01/09/2015,,,,,,,,
