Code_Scolarité,Code_Rome_1,Code_Rome_2,Code_Rome_3,Code_Rome_4,Code_Rome_5
,,,,,
,,,,,
,,,,,
,,,,,
,,,,,
,,,,,
,,,,,
,,,,,
,,,,,
,,,,,
,M1805,,,,
,J1102,K1403,,,
,J1102,,,,
,J1102,,,,
,J1102,,,,
,J1102,,,,
,J1102,K1403,,,
,J1102,,,,
,J1102,K1403,,,
,J1102,,,,
,J1102,,,,
,J1103,,,,
,J1102,,,,
,J1102,,,,
,J1102,,,,
,K2402,,,,
,J1102,J1201,K2402,,
,J1102,K2402,,,
,J1102,,,,
,J1102,,,,
,J1103,,,,
,J1102,,,,
,J1102,,,,
,J1102,,,,
,J1102,,,,
,J1102,,,,
,J1102,,,,
,K2402,,,,
,J1102,,,,
,J1102,,,,
,J1102,,,,
,J1102,,,,
,J1102,,,,
,J1102,,,,
,J1102,,,,
,J1102,,,,
,J1102,,,,
,J1102,,,,
,J1102,,,,
,J1102,,,,
,J1102,,,,
,J1103,,,,
,J1102,,,,
,J1102,,,,
,J1102,,,,
,J1102,,,,
,J1201,K2402,,,
,J1102,,,,
,K1901,,,,
17021003,A1301,A1303,H1206,H1502,H2502
17025121,H1102,H1206,H1401,H1402,H2502
,H1102,H1206,K2402,M1302,M1402
17025501,H1206,M1802,M1805,,
17022002,H1102,H1206,H1402,H2502,M1703
17020032,H1102,H1206,K2402,M1302,M1402
,H1206,H1402,H1502,H2502,M1802
1701160B,H1206,H1302,H1502,H2502,
17011603,H1206,H1302,H1502,H2502,
,H1206,H1302,H1501,H1502,H2502
1702220M,H1206,H1302,H1502,H2502,K2402
1702220N,H1101,H1206,H1302,H2502,
17023402,F1106,H1102,H1206,H2502,N1301
,H1101,H1102,H1206,H1302,H2502
,K1703,N3101,,,
,H1102,H1206,H2502,M1402,M1802
,H1401,H1402,H1502,H2502,M1806
17022711,F1103,F1106,H1102,H1206,H2502
,K1703,,,,
1701160A,D1407,H1206,H1302,H2502,K2402
,H1206,H1302,H1502,,
17025512,H1102,H1206,M1802,M1804,M1805
1702000P,H1102,H1206,H1401,H1402,H2502
1702300U,C1503,F1103,F1106,F1201,F1204
1702550H,H1102,H1206,H2502,M1802,M1804
17023401,D1407,F1201,H1206,H1401,H2204
1703260E,M1801,M1802,M1803,M1805,
17025504,H1206,H1402,H1502,H2502,I1102
,H1402,H1502,H2502,M1102,M1402
17025119,H1203,H1206,H1402,H1502,H2502
17032613,M1801,M1802,M1805,M1806,M1810
17032608,M1801,M1802,M1804,M1805,M1806
,H1102,H1206,M1703,M1805,
17020046,N1301,N1302,,,
1703430B,A1303,F1106,I1101,K1401,K2302
17025401,H1301,H1402,H1404,H1506,H2502
,I1102,,,,
36033110,J1412,,,,
,J1104,J1502,,,
32025001,M1605,,,,
32022207,H1503,,,,
32022104,H1210,H1503,,,
32025005,H1203,H1209,,,
32033107,J1405,,,,
32033105,J1411,,,,
32033104,J1411,,,,
32122301,B1603,,,,
32132205,E1205,,,,
32132207,E1104,E1205,,,
32132206,B1402,,,,
32132208,E1205,,,,
32113301,E1104,E1205,,,
32132301,L1204,,,,
32124204,L1502,,,,
32123003,B1602,,,,
32123004,B1101,L1503,,,
32123005,B1603,F1102,,,
32123006,F1102,H2206,L1503,,
32123002,B1303,B1601,,,
32125101,B1604,,,,
32123409,B1501,,,,
32132316,L1504,,,,
32132317,L1504,,,,
32122401,B1201,,,,
32124101,B1804,B1806,,,
35522201,H1210,H1503,H2102,J1302,
35512801,K1902,,,,
35532401,I1401,M1604,M1605,M1801,
35531301,M1203,,,,
,L1203,L1301,,,
,F1105,F1107,,,
35534001,G1201,,,,
35532603,M1805,,,,
,K1601,,,,
3553260B,I1401,M1801,M1810,,
35532101,K1206,M1805,,,
35534301,H1303,,,,
,H2301,,,,
36321401,A1203,,,,
36321002,A1301,,,,
36321105,D1107,,,,
36321104,D1209,,,,
36321004,D1213,,,,
36321007,D1213,,,,
36322101,A1301,,,,
36321103,A1301,,,,
36331403,A1301,,,,
36321210,A1301,,,,
36321205,A1302,,,,
36321005,M1810,,,,
36023201,F1103,F1106,F1201,F1202,
36033107,J1307,,,,
36033105,J1507,,,,
40024202,B1806,,,,
40025006,H2901,,,,
40025108,H2903,,,,
42032302,D1211,L1201,,,
45034401,K2502,K2503,,,
45034402,K2502,K2503,,,
45033403,G1801,,,,
45022107,D1103,,,,
45022202,H2301,H2701,H2903,I1602,
45022306,B1603,,,,
45033404,G1503,,,,
45022501,H3201,H3202,,,
45020101,H2503,H2906,,,
45033104,J1307,,,,
45033405,G1804,,,,
45023201,F1612,,,,
45022002,A1303,H1210,,,
45022003,J1302,,,,
45024214,B1803,,,,
45024215,B1803,,,,
45024216,B1803,,,,
45321201,A1404,,,,
46321003,N1303,,,,
46321102,D1106,,,,
46321214,A1409,,,,
46321215,A1407,,,,
56321403,A1203,,,,
46321213,A1403,A1407,A1412,,
46321103,A1413,,,,
46322104,H2102,,,,
46322103,H2102,,,,
42032305,L1204,,,,
,J1407,,,,
46010001,D1214,K2104,M1601,M1602,
46010001,D1214,K2104,M1601,M1602,
46033203,K1305,,,,
50032307,L1503,,,,
50032308,B1501,,,,
50031114,N4103,,,,
50034303,K2301,K2303,K2304,K2305,
50034301,K2301,,,,
50034002,K1204,K1205,,,
50025136,H2901,,,,
50024131,B1803,,,,
50024130,B1803,,,,
50023430,B1302,F1503,H2206,H2207,H2208
50023431,B1302,F1503,H2206,H2207,H2208
50023432,B1302,F1503,H2206,H2207,H2208
50024231,B1804,,,,
50022427,B1602,,,,
50022425,B1602,,,,
50032310,B1501,,,,
50032313,B1501,,,,
50032312,B1501,,,,
50033411,K1302,K1305,,,
50022349,B1601,,,,
50022350,B1601,,,,
50022351,B1601,,,,
50023420,B1401,,,,
50023114,F1402,,,,
50022130,D1103,,,,
50024316,B1802,,,,
50022133,D1104,,,,
50022510,H2902,H3201,,,
50023443,H2202,,,,
50024313,B1802,,,,
50025123,H2903,,,,
50022422,B1201,,,,
50023003,H2207,,,,
50033201,G1102,G1201,G1401,G1402,K1201
50023212,F1701,F1703,H2206,H2207,
50025130,I1604,,,,
50021002,K1802,,,,
50022332,B1302,,,,
50022353,B1302,,,,
50031107,H3302,N1103,,,
50022002,H1503,,,,
50023433,H2208,,,,
50023321,F1613,,,,
50022419,H2803,,,,
50022201,H1503,H2301,,,
50025108,H2904,H2905,,,
50022339,B1603,,,,
50022343,B1603,,,,
50021305,D1105,,,,
50022609,H2903,,,,
50023411,H2206,,,,
50032220,B1303,,,,
50032221,B1303,,,,
50032222,B1303,,,,
50032223,B1303,,,,
50033501,L1401,,,,
50025421,H2904,H2905,H2906,,
50022505,H3201,,,,
50022420,H2908,H2910,,,
50023005,F1502,,,,
50032306,F1502,,,,
50023302,F1604,F1613,,,
50022340,B1603,H3401,,,
50022341,B1603,H3401,,,
50022342,B1603,H3401,,,
50022354,B1603,H3401,,,
50025425,H2908,,,,
50025126,H2901,H2906,,,
50023427,B1501,,,,
50022509,H3201,,,,
50024124,B1801,,,,
50024125,B1804,,,,
50024126,B1804,,,,
50024318,B1802,,,,
50032225,E1301,,,,
50023311,F1601,,,,
50024239,B1806,,,,
50024238,B1806,,,,
50022421,B1201,,,,
50023438,B1401,,,,
46321207,A1301,,,,
56321001,A1101,,,,
,H3404,,,,
,I1304,,,,
,H1301,H1506,,,
,H2903,,,,
,H1401,H1403,N1301,N1303,
,H2903,,,,
,K2503,,,,
,H3203,H3401,H3402,H3403,
,,,,,
,G1204,,,,
,G1204,,,,
,,,,,
46T25203,H2903,I1604,,,
26033207,K1403,,,,
,G1204,,,,
,H2201,H2204,H2207,H2208,L1503
,M1302,,,,
46X32410,J1303,M1607,M1609,,
36X33502,D1204,D1404,D1407,M1302,M1704
50021203,A1404,,,,
46321106,A1413,,,,
36321208,A1302,,,,
50023444,F1503,,,,
50024320,D1206,,,,
40022403,H2805,,,,
50022135,D1101,,,,
,,,,,
,,,,,
,H1209,,,,
1701150A,D1407,H1206,H2502,M1302,
,A1202,A1404,H1204,H1303,H2102
,J1102,,,,
,J1102,,,,
,J1102,,,,
,G1403,,,,
,H1102,,,,
,M1201,M1205,M1207,,
,M1803,M1805,,,
,N2205,,,,
,M1205,M1301,M1302,,
,H1206,M1802,,,
,H2502,J1201,,,
,H2502,J1201,,,
,,,,,
,,,,,
,,,,,
,,,,,
,,,,,
,H1206,,,,
,M1202,M1204,,,
,C1202,C1204,M1201,,
,M1707,,,,
,M1801,,,,
,,,,,
,K2306,,,,
,H1302,,,,
,H1302,,,,
,K1403,,,,
,H1501,H1502,,,
,K2301,,,,
,M1101,M1102,,,
,A1405,,,,
,K2306,,,,
,H1102,,,,
,M1802,,,,
,M1805,,,,
,F1203,,,,
,H1206,,,,
,H2505,,,,
,M1703,M1705,M1707,,
,K2304,K2306,,,
,C1501,F1106,,,
,N2205,,,,
,I1102,,,,
,H1502,,,,
,H1302,,,,
,H1302,H1502,,,
,K2402,,,,
,H1401,H2502,,,
,K2402,,,,
,F1106,,,,
,K1602,,,,
,C1503,K1802,K2302,,
,E1103,M1702,M1705,,
,M1705,,,,
,E1103,M1705,,,
,H1206,,,,
,M1802,,,,
,H1302,,,,
,H1206,,,,
,M1808,,,,
,M1804,M1807,,,
,H1206,M1402,,,
32123001,B1806,H2207,H2208,,
32132313,L1204,,,,
40022402,H2805,,,,
,,,,,
,,,,,
,,,,,
46M25501,H2603,,,,
42032306,L1502,L1503,L1506,,
42024210,L1502,L1503,L1506,,
50032311,B1501,,,,
50021303,A1404,I1605,,,
46321105,A1405,,,,
46321005,A1414,,,,
36321106,A1301,,,,
36331201,D1407,,,,
36331202,D1407,,,,
46321302,A1303,,,,
46333402,G1403,,,,
,,,,,
,,,,,
,,,,,
,,,,,
,,,,,
,,,,,
,,,,,
,,,,,
,,,,,
,,,,,
,,,,,
,,,,,
,,,,,
,,,,,
,,,,,
,,,,,
,,,,,
,,,,,
,,,,,
,,,,,
,,,,,
,,,,,
,,,,,
,,,,,
,,,,,
,,,,,
,,,,,
,,,,,
,,,,,
,A1406,N3101,,,
16531215,M1202,M1302,M1503,M1705,M1707
16531009,M1202,M1205,M1402,M1705,
16531232,M1202,M1402,M1503,M1705,N1301
16531016,D1406,M1204,M1205,M1302,M1705
16531012,M1202,M1205,M1302,M1705,M1707
17020031,H1206,H1401,H1402,H2502,N1301
1702510T,H1206,H1401,H1402,H1502,H2502
17031103,H1206,H1302,H1402,H1502,H2502
17032623,M1801,M1803,M1805,M1806,M1810
,F1103,F1106,F1201,,
,H1206,H1302,H1402,H2502,M1703
,H1102,H1206,H1402,H1502,H2502
,H1206,H1208,H2502,,
,F1105,F1106,F1203,,
,H1206,H1402,H2502,M1402,
17025516,H1102,H1206,H1402,H2502,I1102
17020016,H1206,H1402,H1502,H2502,H2701
,H1206,H2502,M1804,,
,M1803,M1804,M1805,M1806,M1810
17025507,H1102,H1206,H1402,H1502,H2501
,F1106,F1202,K1401,K1802,K2302
,F1105,F1203,K2402,,
17011203,H1206,H1210,H1502,,
,H1102,H1206,H1401,H1402,H2504
,F1107,H1206,M1806,M1808,
17023001,F1103,F1106,F1201,H1102,H1206
,F1106,F1201,,,
,F1203,H1206,H2502,I1102,
17022503,H1206,H1402,H1502,H2502,H2504
17020057,H1102,H1206,H1402,H1502,H2502
,H1102,H1206,H1302,H1502,H2502
,F1103,F1106,F1202,F1204,I1101
,H1206,H1501,H1502,K2402,
1702510S,H1206,H1402,,,
,H1206,H1302,H1402,H1502,H2502
17032604,M1802,M1803,M1804,M1805,M1806
,H1101,H1102,H1206,,
,H1206,H1402,H1503,K2401,K2402
17022009,H1206,H1302,H1402,H1502,H2502
17032603,M1801,M1802,M1803,M1805,
17025118,H1102,H1206,H1402,H1502,H2502
,F1103,F1106,F1201,H1102,H1206
17025015,H1200,H1402,H1502,H2502,
,F1100,H1206,H1402,H1502,H2502
1703260L,M1803,M1805,M1806,,
,A1301,A1303,A1416,K1404,M1402
17020108,H1102,H1206,H1402,M1805,
17025122,H1206,H1401,H1502,H2502,
,H1206,H1302,M1101,M1102,M1703
17025510,H1206,H1402,H2502,M1804,M1805
,F1106,H1102,H1206,H1302,H2502
,M1801,M1802,M1803,M1804,M1805
17020038,H1102,H1401,H1402,H1502,M1806
,M1801,M1802,M1803,M1805,M1810
17025010,H1206,H1208,H1402,H2502,I1102
1702220L,H1101,H1102,H1206,H1402,H2502
,H1206,H1302,H1501,H1502,H2502
,A1504,,,,
,,,,,
,K1601,,,,
,K1601,K1602,,,
,K1903,,,,
16532101,E1106,,,,
,K1404,K1601,,,
,N2102,,,,
,A1504,,,,
16523001,F1101,F1102,F1106,,
,,,,,
,,,,,
,K1702,K1705,,,
,K1702,K1705,,,
,K1702,K1705,,,
,K1702,K1705,,,
,M1202,,,,
,K2401,,,,
,N2202,,,,
,,,,,
,,,,,
,C1104,C1105,C1110,M1403,
,B1805,H1204,,,
,,,,,
,B1201,B1402,B1501,,
,,,,,
,,,,,
,,,,,
,K1903,,,,
,H1206,I1102,,,
,M1201,M1205,M1207,,
16531231,D1406,M1205,M1703,M1706,
16531226,M1205,M1301,M1302,M1705,M1707
,,,,,
,,,,,
,,,,,
,,,,,
,,,,,
,,,,,
,,,,,
,,,,,
,,,,,
,E1102,L1304,,,
,,,,,
,K2105,L1202,,,
,L1201,,,,
,K1702,K1705,,,
,K1702,K1705,,,
,E1205,L1304,L1505,,
,L1203,,,,
,L1203,,,,
,K1903,,,,
,K1903,,,,
,,,,,
,L1304,,,,
,L1304,,,,
,L1503,L1506,,,
,L1302,L1509,,,
,,,,,
,,,,,
,,,,,
,L1302,,,,
,N2102,,,,
,F1105,F1107,H1210,M1808,M1809
,L1507,,,,
26023001,F1101,F1102,F1106,,
,,,,,
,,,,,
,L1304,,,,
,K1802,,,,
,B1101,,,,
,,,,,
,,,,,
,K2102,,,,
,L1201,,,,
,L1508,,,,
,K1704,,,,
,J1104,,,,
,,,,,
,H1301,H1302,H1303,K1706,
,K1903,,,,
,K1903,,,,
,,,,,
,L1508,,,,
,K2105,L1202,,,
,L1202,,,,
,,,,,
,B1101,,,,
,,,,,
,,,,,
,,,,,
,,,,,
,,,,,
,,,,,
36022301,H1506,H3401,H3402,H3403,
,L1203,,,,
,N3102,N3201,,,
,D1201,G1102,G1202,K1601,K1602
,,,,,
,A1408,,,,
,,,,,
,,,,,
,,,,,
36013302,K2105,,,,
36013302,K2105,,,,
,I1606,,,,
,,,,,
36023101,F1106,F1201,F1202,,
36013302,K2105,,,,
,L1509,,,,
,,,,,
,,,,,
,,,,,
,L1203,,,,
,,,,,
,K1501,,,,
,,,,,
,K1702,K1705,,,
,B1101,,,,
,,,,,
,,,,,
,,,,,
,G1203,,,,
,K1702,K1705,,,
,B1601,,,,
,L1204,,,,
,,,,,
,,,,,
,K1706,,,,
,I1601,,,,
,,,,,
,,,,,
,,,,,
,L1202,,,,
,,,,,
,,,,,
,,,,,
,,,,,
,H2901,I1602,,,
40023406,H2205,,,,
,M1801,M1802,,,
40023407,H2206,,,,
,F1106,,,,
,F1103,F1106,F1201,,
,K1404,,,,
,F1103,F1106,F1201,F1701,H1206
,H1206,,,,
,A1303,K1401,K1404,K1802,M1808
,I1502,,,,
,K2301,,,,
,F1702,F1705,,,
,H2602,,,,
,D1101,,,,
,D1212,D1502,,,
,D1212,,,,
,H1101,M1701,,,
,F1706,,,,
,D1301,,,,
,A1407,,,,
,D1107,,,,
,A1101,,,,
,D1301,D1503,,,
,D1106,D1212,,,
,I1603,,,,
,H2504,,,,
,D1210,,,,
,A1203,I1203,,,
,H2901,,,,
,M1707,,,,
,H2701,I1304,I1503,,
,H2902,,,,
,H2602,,,,
,H2603,H2903,H2905,,
,H2901,,,,
,H1506,I1606,,,
,I1301,,,,
,D1213,,,,
,N2101,,,,
,N2101,,,,
,B1602,,,,
,B1602,,,,
,B1602,,,,
,H3404,,,,
,H3404,,,,
,H2905,,,,
,F1401,F1402,,,
45321203,A1408,,,,
,,,,,
,K1705,,,,
,H1206,,,,
,H2803,,,,
,F1106,,,,
,H2502,,,,
,M1803,,,,
,M1803,M1805,,,
,H1206,,,,
,K2402,,,,
,,,,,
,H1206,,,,
,H1208,,,,
,M1707,,,,
,A1205,,,,
,H1402,,,,
,A1303,,,,
,H1303,H1502,,,
,H1401,,,,
,,,,,
,,,,,
,,,,,
,,,,,
,N1301,N1302,,,
,,,,,
,,,,,
,,,,,
,,,,,
16531002,M1202,M1302,M1402,M1503,M1705
50024322,B1802,H2401,,,
50024315,B1803,,,,
,,,,,
,,,,,
,A1406,,,,
,K1706,,,,
,H1206,H1401,H1402,H2502,
,,,,,
,,,,,
67010016,,,,,
,K1802,,,,
,,,,,
,,,,,
,,,,,
,K1706,,,,
50022324,H2908,H2910,,,
,,,,,
,E1201,L1505,,,
,H1206,M1801,M1804,M1805,M1806
,H1206,H1302,H1502,H2502,
17025014,H1206,H1208,H1209,H1402,H2502
45023407,H2206,,,,
,M1301,M1302,,,
,N2102,,,,
,,,,,
,H1206,H1502,,,
,H1202,H1206,H1209,H1210,
,N1301,N1302,,,
,K2402,,,,
50025434,I1606,,,,
50025433,H3404,,,,
50031221,D1105,,,,
,,,,,
50025432,I1606,,,,
32122402,B1602,,,,
40023003,B1301,D1506,,,
50022360,H2907,,,,
,M1301,,,,
,,,,,
,L1202,,,,
,L1201,,,,
,L1203,,,,
16531208,M1205,M1301,M1302,M1402,M1705
,F1106,F1107,F1202,H1102,M1808
,H1102,H1206,H1402,H1502,H2502
,,,,,
,,,,,
32123410,H2207,,,,
,,,,,
,M1604,,,,
33633501,G1203,K1206,,,
,,,,,
26X31004,M1205,M1302,,,
,N4104,N4105,,,
,N1103,,,,
,H1506,,,,
,H1506,,,,
,D1408,,,,
,F1706,,,,
,G1203,G1205,,,
,D1407,,,,
,D1404,D1406,,,
,I1604,,,,
,I1604,,,,
,I1607,,,,
,I1301,,,,
,A1204,A1301,A1303,H1210,
,M1301,M1302,,,
,,,,,
,,,,,
,M1301,M1302,,,
,M1201,M1205,M1207,,
,L1201,,,,
,,,,,
,,,,,
17020009,H1206,H1402,H1502,H2502,M1101
32033109,J1302,,,,
,,,,,
26011701,F1105,F1203,F1402,H1210,
,,,,,
,I1401,,,,
,M1805,,,,
,,,,,
,,,,,
,M1204,,,,
50031117,N4101,,,,
50025137,B1604,,,,
,N4101,,,,
,N4103,,,,
,,,,,
,E1103,E1106,K1401,K2401,
56033104,J1305,,,,
33633502,G1204,,,,
33633502,G1204,,,,
,M1802,M1805,M1806,,
1702300L,F1103,F1106,F1201,F1202,I1101
,L1201,,,,
,L1202,,,,
,L1203,,,,
33633502,G1204,,,,
23633502,G1204,K1802,,,
23633502,G1204,,,,
33633509,G1204,,,,
,J1102,K1103,,,
,J1102,,,,
,,,,,
16532301,L1302,,,,
23633502,G1204,K1802,,,
26C31101,H1401,N1301,N1302,N1303,
16531204,M1201,M1205,M1301,M1302,M1402
50025521,F1602,,,,
,,,,,
,,,,,
,,,,,
,,,,,
,N1201,,,,
,N4201,,,,
,N4202,,,,
,H1102,H1402,H2502,I1102,
,,,,,
,,,,,
55321001,A1101,,,,
55321202,A1409,A1416,,,
55321201,A1409,A1416,,,
55321203,A1409,A1416,,,
55321102,A1405,,,,
55321101,A1405,,,,
55321401,A1203,,,,
55321104,A1405,A1414,,,
55321103,A1405,A1414,,,
55321301,A1101,A1205,A1405,,
55321302,A1101,A1205,A1405,,
55321303,A1101,A1205,A1405,,
,,,,,
,,,,,
,,,,,
36033101,,,,,
,,,,,
,,,,,
,,,,,
,,,,,
,,,,,
,,,,,
,,,,,
,,,,,
,,,,,
,,,,,
23633501,K1802,,,,
1703260N,M1802,M1803,M1804,M1805,M1806
,I1503,,,,
,H1506,,,,
,I1503,,,,
46T32401,M1609,,,,
,,,,,
,,,,,
,,,,,
,,,,,
,,,,,
,,,,,
,,,,,
,,,,,
,,,,,
,,,,,
,,,,,
,,,,,
,,,,,
,D1406,,,,
,M1207,,,,
,M1205,M1301,M1302,,
,M1205,M1301,M1302,,
,D1406,,,,
,M1203,,,,
,M1203,,,,
23633502,G1204,K1802,,,
33633502,G1204,,,,
23633502,G1204,K1802,,,
,,,,,
,,,,,
33633502,G1204,,,,
33633502,G1204,,,,
23633502,G1204,K1802,,,
23633502,G1204,K1802,,,
,,,,,
23633502,G1204,K1802,,,
33633502,G1204,,,,
33633502,G1204,,,,
,K1601,,,,
,I1605,,,,
,I1605,,,,
,H2101,,,,
,K2204,,,,
,D1101,N4104,N4105,,
,H2102,,,,
,H2101,,,,
,H2101,,,,
,H2101,,,,
,H2101,,,,
,H2101,,,,
,H2101,,,,
,A1404,,,,
,H1301,H1302,H1303,H1502,
33633501,G1203,K1206,,,
16531235,E1401,M1703,M1704,M1705,M1707
,I1604,,,,
,I1604,,,,
,I1604,,,,
,M1802,M1804,,,
,H1206,,,,
,I1604,,,,
,H2101,,,,
,H2101,,,,
,D1103,H2101,,,
,H2102,H2906,I1304,,
,F1502,,,,
,H1503,H1504,,,
,F1607,,,,
,F1605,F1702,,,
,F1703,,,,
,F1613,,,,
,F1502,,,,
,G1204,,,,
,G1204,,,,
50022361,B1603,,,,
50022362,B1603,,,,
50022363,B1603,,,,
50025133,I1203,,,,
,M1801,M1803,,,
40025408,I1606,,,,
40025009,I1605,,,,
,B1805,,,,
55322101,D1101,D1103,H2101,H2102,
55322102,D1101,D1103,H2101,H2102,
55322103,D1101,D1103,H2101,H2102,
1702410B,H1206,H1502,H2502,M1101,M1703
,,,,,
,H1203,H1206,H1401,K1802,M1805
,,,,,
,,,,,
,,,,,
17032627,M1802,M1803,M1805,M1806,
1702400A,H1206,H1502,H2502,,
,,,,,
,,,,,
17032618,M1801,M1802,M1803,M1805,M1806
17022003,H1206,H1402,H1501,H1502,H2502
,K2402,M1809,,,
,K1701,,,,
17032601,M1801,M1802,M1803,M1805,M1806
,F1106,H1206,H1302,H1402,H1502
,K2402,M1802,M1805,M1806,M1808
17025001,H1102,H1206,M1802,M1805,M1806
,H1206,M1802,M1803,M1804,M1805
1702550J,H1102,H1402,H2502,M1804,M1805
,H1206,M1201,M1403,M1803,M1806
1703260S,M1801,M1802,M1803,M1805,
,H1206,H1302,,,
,M1802,M1803,M1805,M1806,M1810
17025002,H1206,H1208,H1402,H1502,H2502
,K2111,,,,
,H1206,K2108,K2402,M1201,M1402
,H1206,I1102,M1403,,
17020026,H1206,H2502,M1201,M1803,
17021016,A1303,,,,
17025008,H1206,H1401,H1402,H2502,
,M1802,M1803,M1806,,
,C1202,H1502,K2402,M1403,M1806
,D1407,H1206,H1402,H1502,H2502
17020040,H1206,H1402,H2502,,
,H1206,H1402,H1502,H2502,H3203
1702510U,H1206,H1401,H1402,H1502,H2502
,K1201,K1204,K1207,,
,,,,,
,C1503,F1103,F1106,F1201,I1101
,F1101,F1106,,,
,H1206,,,,
,K2306,,,,
33633502,G1204,,,,
33633502,G1204,,,,
23633502,G1204,K1802,,,
33633502,G1204,,,,
23633502,G1204,K1802,,,
33633502,G1204,,,,
23633502,G1204,K1802,,,
33633502,G1204,,,,
23633502,G1204,K1802,,,
23633502,G1204,K1802,,,
23633502,G1204,K1802,,,
23633502,G1204,K1802,,,
23633502,G1204,,,,
33633502,G1204,,,,
23633502,G1204,K1802,,,
23633502,G1204,K1802,,,
23633502,G1204,K1802,,,
33633502,G1204,,,,
23633502,G1204,K1802,,,
23633502,G1204,K1802,,,
33633502,G1204,,,,
,,,,,
23633502,G1204,K1802,,,
,H1302,,,,
,M1301,M1302,,,
,K1903,,,,
,H1206,,,,
,C1503,,,,
,H1206,,,,
,H1102,,,,
,H1101,H1102,H1206,H2502,I1102
1702010K,H1206,M1803,M1805,,
,,,,,
17032615,M1801,M1802,M1803,M1805,
,,,,,
,D1407,H1206,H1502,M1703,
17032602,M1801,M1802,M1805,,
,,,,,
,,,,,
,,,,,
,M1802,,,,
,K2306,,,,
,F1107,M1808,,,
,K1403,,,,
,K1403,,,,
,M1801,M1803,,,
,H1206,,,,
,H1206,,,,
,,,,,
,,,,,
,,,,,
,M1802,M1805,M1806,,
,H1206,,,,
,M1705,,,,
17020025,F1106,H1206,H1402,H2502,
,H1206,,,,
,N1301,N1302,,,
,H1206,,,,
,H1302,,,,
,E1301,,,,
,E1301,,,,
,E1301,,,,
,E1301,,,,
,,,,,
,,,,,
,,,,,
,E1104,M1805,,,
,,,,,
,F1102,H1204,L1503,,
1702550V,F1106,H1202,H1206,H2502,I1102
,K1701,,,,
,F1101,,,,
,K1101,K1201,K1205,,
,K1201,,,,
,,,,,
,I1605,N3101,,,
,I1605,,,,
,I1605,,,,
33633502,G1204,,,,
33633502,G1204,,,,
23633502,G1204,K1802,,,
33633502,G1204,,,,
23633502,G1204,K1802,,,
33633502,G1204,,,,
,,,,,
,F1101,K1802,,,
,F1101,K1802,,,
,,,,,
,,,,,
,K1201,,,,
,,,,,
,A1301,,,,
40024203,B1805,H2505,,,
,K1404,K1802,,,
36E33201,K1801,,,,
,H1206,H1401,H1402,H1502,H2502
17022105,H1206,H1302,H1502,H2102,H2504
,H1102,H1206,H1401,H1402,M1402
17020013,H1206,H1401,H1402,H2502,
17021015,A1303,H1206,H1302,H2502,M1703
17032633,M1802,M1803,M1805,M1806,
,K1702,K1705,,,
,K1702,K1705,,,
,J1202,,,,
40022104,D1101,D1103,D1106,,
40022105,D1102,D1104,,,
40024302,H2401,H2407,H2409,H2411,H2415
40031209,D1103,D1105,,,
,J1103,,,,
,J1103,,,,
,J1103,,,,
,J1103,,,,
,J1103,,,,
,J1103,,,,
,J1103,,,,
,J1103,,,,
93313101,K2111,,,,
46M22104,D1104,,,,
,E1103,K1206,K1601,K2106,K2107
,H1206,,,,
,K1602,,,,
,,,,,
45032203,D1211,,,,
33633502,G1204,,,,
33633502,G1204,,,,
20531025,D1406,E1101,M1302,M1501,
32123411,B1501,,,,
32123412,B1501,,,,
32125401,B1501,,,,
32123413,B1501,,,,
,M1203,,,,
,K1206,K1601,K1902,,
,,,,,
40022303,H2503,H2907,,,
,K1704,K1706,,,
,E1103,K1206,K1601,K2106,K2107
,K1704,K1706,,,
,K1704,K1706,,,
,K1704,K1706,,,
,K1704,K1706,,,
,I1605,K1701,,,
,K2503,,,,
,K2503,,,,
,I1303,K2503,,,
40024301,H2401,H2407,H2409,H2411,H2415
50022429,B1602,,,,
50022430,B1602,,,,
32025302,H1301,I1302,I1304,I1305,I1602
45322102,H2102,H3301,H3302,,
,,,,,
,,,,,
,,,,,
50031213,B1804,,,,
,M1602,,,,
,K1706,,,,
,,,,,
23633502,G1204,K1802,,,
33633502,G1204,,,,
23633502,G1204,K1802,,,
,K1802,,,,
50022428,B1602,,,,
40022503,H2504,,,,
56S2220A,H2301,H3301,J1301,,
,E1205,L1304,,,
,A1413,,,,
,B1803,L1502,,,
,H1401,H2502,,,
,H1302,,,,
,N2101,N2102,,,
26033101,J1506,,,,
,N2101,N2102,,,
,,,,,
,,,,,
,,,,,
,,,,,
,,,,,
,L1304,,,,
,M1804,,,,
,,,,,
,H1206,I1602,,,
,,,,,
40022003,H2102,H2301,H2701,,
16020001,B1805,E1104,E1205,F1102,H1204
,A1408,,,,
,,,,,
,,,,,
,,,,,
,K2402,,,,
,H1102,,,,
,H2502,,,,
,M1205,M1301,M1302,,
,H1401,,,,
,H1204,,,,
,N1301,N1302,,,
,H1206,,,,
,M1201,,,,
,H1206,,,,
26X31251,D1406,D1407,M1705,M1707,
16X32644,M1802,M1803,M1806,,
,L1302,L1507,L1508,,
,N1301,N1302,,,
,,,,,
,,,,,
33633502,G1204,,,,
,K1705,,,,
,,,,,
,F1602,,,,
,,,,,
,,,,,
,F1602,F1605,H2602,I1203,I1309
,F1601,F1606,F1608,F1609,I1203
,,,,,
,F1602,F1605,H2602,I1203,I1309
,,,,,
,,,,,
,,,,,
,,,,,
,,,,,
,,,,,
,,,,,
,,,,,
,,,,,
,,,,,
,,,,,
,,,,,
,,,,,
,F1603,F1606,,,
,,,,,
,J1305,,,,
,K1902,,,,
,K1902,,,,
,,,,,
,M1203,M1205,,,
,M1502,M1503,,,
,M1402,,,,
,M1503,,,,
,M1205,,,,
,,,,,
,K2402,,,,
,,,,,
,E1103,,,,
17025115,H1206,H1402,H2502,I1102,
17031101,H1401,H2502,N1301,N1302,
,H1206,H1402,H1502,K2402,M1703
1702260B,H1101,H1206,H1302,H1502,H2502
17025110,H1102,H1206,H1402,H2502,I1102
17025011,H1102,H1206,H2502,I1102,K2402
17020020,F1106,H1102,H1206,H2502,
1702000A,H1206,H1401,H1402,H1502,H2502
,,,,,
50034404,K2501,,,,
,M1206,M1703,,,
,A1404,,,,
,N3102,,,,
,N3102,N3201,,,
97034401,,,,,
97034404,,,,,
97031103,,,,,
,,,,,
,,,,,
,N3102,N3201,,,
17032637,H1206,H2502,M1804,M1805,
,F1106,H1102,H1206,H2502,I1102
,H1102,H1206,H2502,M1804,M1805
,N3102,N3201,,,
17021006,A1303,H1206,H1302,H2502,M1302
,A1406,,,,
,A1404,,,,
97031101,,,,,
97031102,,,,,
,N3102,,,,
,A1406,N3101,,,
,,,,,
,,,,,
,,,,,
,,,,,
,,,,,
33633502,G1204,,,,
23633502,G1204,K1802,,,
33633502,G1204,,,,
33633502,G1204,,,,
33633502,G1204,,,,
23633502,G1204,K1802,,,
23633502,G1204,K1802,,,
23633502,G1204,K1802,,,
,M1803,M1805,M1806,,
35533513,G1204,G1403,K1206,,
,,,,,
,,,,,
,,,,,
,,,,,
,,,,,
,,,,,
,,,,,
,,,,,
,,,,,
,D1504,,,,
,H1206,H1402,,,
,,,,,
,K1802,,,,
,F1106,H2701,,,
,F1106,,,,
,H1302,I1503,,,
,,,,,
,,,,,
,,,,,
,F1107,K1802,M1808,,
32032325,E1201,,,,
40025410,H1203,I1606,,,
40033101,J1405,,,,
40033602,L1501,,,,
93113601,,,,,
93113601,,,,,
93113601,,,,,
93113601,,,,,
93113601,,,,,
93113601,,,,,
93113601,,,,,
93113601,,,,,
93113601,,,,,
93113601,,,,,
,,,,,
,,,,,
,,,,,
,H2102,M1702,M1705,,
,,,,,
50034405,K2503,,,,
,,,,,
,,,,,
,,,,,
23633502,G1204,K1802,,,
33633502,G1204,,,,
33633502,G1204,,,,
32321205,A1301,A1407,A1409,A1410,A1411
40031106,N1103,N1303,,,
40031107,N4101,,,,
50031119,N1102,,,,
,B1804,B1806,,,
,A1404,,,,
,A1404,,,,
,A1404,,,,
,,,,,
40322105,H1503,,,,
,N4301,,,,
50031118,N4101,,,,
,F1103,,,,
,A1303,K1404,,,
,M1801,,,,
,F1106,,,,
,N1202,N1302,N3201,,
,M1102,N1302,,,
,K2301,,,,
,H1302,H1502,M1402,,
46M23401,H2204,H2207,,,
,,,,,
,B1805,,,,
,H1204,,,,
,B1201,B1402,B1501,,
,B1201,B1402,B1501,,
,B1201,B1402,B1501,,
,B1201,B1402,B1501,,
,B1201,B1402,B1501,,
,B1201,B1402,B1501,,
,,,,,
55321204,A1408,,,,
,,,,,
,,,,,
23633504,G1204,,,,
33633502,G1204,,,,
23633502,G1204,K1802,,,
26033102,J1403,,,,
36033113,J1302,,,,
,G1203,,,,
,G1203,,,,
,K1501,M1802,,,
,E1106,,,,
23633502,G1204,K1802,,,
23633502,G1204,K1802,,,
23633502,G1204,K1802,,,
33633502,G1204,,,,
33633502,G1204,,,,
,B1805,F1102,,,
23633502,G1204,K1802,,,
,H1204,,,,
,,,,,
,E1104,M1805,,,
,,,,,
,,,,,
,,,,,
,E1106,,,,
,,,,,
,M1202,M1204,,,
,N1301,N1302,,,
,A1408,,,,
,A1408,,,,
,A1408,,,,
,,,,,
,A1408,,,,
,A1408,,,,
,,,,,
,,,,,
,,,,,
,,,,,
,,,,,
,,,,,
,,,,,
,,,,,
,,,,,
,,,,,
,,,,,
,G1204,,,,
93113601,E1108,,,,
23633502,G1204,K1802,,,
16X31059,H1401,M1101,M1102,N1301,N1302
,D1212,D1213,,,
23633502,G1204,K1802,,,
,K1903,K1904,K2108,,
,F1102,,,,
,,,,,
,M1301,M1302,,,
,E1402,M1705,,,
,G1201,,,,
,H2901,H2912,,,
,H2902,,,,
,I1304,I1310,,,
,H2907,,,,
45321006,A1101,,,,
,,,,,
,,,,,
17021010,A1303,H2502,K1802,K2402,M1705
,C1301,F1106,H1206,H1302,M1802
16513201,B1101,E1104,E1205,F1102,H1204
17021007,H1206,H1402,H1502,H2502,M1703
,J1103,,,,
45033608,D1202,,,,
,M1801,M1802,M1803,M1805,M1806
,B1805,,,,
16513201,B1101,E1104,E1205,F1102,H1204
16513201,B1101,E1104,E1205,F1102,H1204
,,,,,
,M1301,M1302,,,
,J1103,,,,
,J1103,,,,
,N4101,,,,
,H1206,H1402,H1502,H2502,I1102
,J1102,J1104,,,
50024241,B1803,,,,
50024240,B1803,,,,
,M1205,M1301,M1302,,
40032303,E1205,E1306,,,
,K1902,,,,
,,,,,
,,,,,
,,,,,
40032206,E1302,,,,
50031121,N3103,,,,
23633502,G1204,K1802,,,
,H1202,H1203,H1204,H1206,H1210
,G1602,,,,
,I1605,N3101,,,
17020054,H1206,H1401,H1402,H1502,H2502
17032638,H1206,M1802,M1803,M1805,M1806
,,,,,
17021005,A1301,A1303,H1206,H2502,K2402
,H1302,,,,
,,,,,
,,,,,
,,,,,
,L1202,,,,
,,,,,
16513202,B1101,E1104,E1205,K2105,
,H1204,,,,
26031211,D1406,M1704,M1705,M1707,
40321212,A1501,,,,
,,,,,
,,,,,
,,,,,
,,,,,
,I1101,,,,
,,,,,
40022106,G1601,G1602,,,
40033403,G1401,G1603,G1803,,
,N2102,,,,
32023012,F1202,,,,
32020111,H1208,H1210,I1302,,
32034303,I1503,,,,
45321303,A1101,A1201,A1205,,
,E1104,L1505,L1510,,
,K1503,M1201,M1207,,
32334302,A1301,F1104,I1503,K2306,
32321308,A1204,G1202,,,
23633502,G1204,K1802,,,
,L1401,,,,
46S2220A,H2301,,,,
33633502,G1204,,,,
33633502,G1204,,,,
33633502,G1204,,,,
23633502,G1204,K1802,,,
23633502,G1204,K1802,,,
23633502,G1204,K1802,,,
16531203,M1101,M1204,M1402,M1503,M1703
33633502,G1204,,,,
33633502,G1204,,,,
,,,,,
,,,,,
,,,,,
,N2202,,,,
35533201,G1202,K1204,K1205,,
,,,,,
,F1104,F1106,F1201,,
,I1602,,,,
,I1602,,,,
,I1602,,,,
,I1602,,,,
,I1602,,,,
,I1602,,,,
,I1602,,,,
,I1602,,,,
,I1602,,,,
,I1602,,,,
,N2102,,,,
50024242,B1801,,,,
17031104,H1206,I1102,N3101,,
17025305,H1206,H1401,H1502,H2502,I1102
,,,,,
,,,,,
,,,,,
,H1206,M1801,M1802,M1804,M1805
,H2301,,,,
,N1103,,,,
17020028,H1206,H1402,H2502,,
,,,,,
,,,,,
,M1204,,,,
,,,,,
,,,,,
23633502,G1204,K1802,,,
,F1105,F1203,H1501,K2306,
,M1402,,,,
36T31204,B1301,D1506,,,
,F1101,K1802,,,
33633502,G1204,,,,
,D1404,,,,
,D1204,,,,
,,,,,
32024207,B1805,H1205,H1404,H2412,
,M1601,,,,
32024305,B1802,B1805,H1205,H2505,
40032304,E1201,,,,
45022108,D1102,H2102,,,
,,,,,
,,,,,
,,,,,
,,,,,
,,,,,
16N12401,K1104,K2112,K2401,,
,,,,,
,F1703,,,,
17021002,A1303,H1206,H1302,H2502,K1802
,F1103,F1106,H1206,H1402,H2502
,H1206,H1401,H2502,K2402,M1802
,H1206,H1401,H2502,,
50020101,H2904,H2907,,,
40020102,H2301,H2701,H2904,H2906,H2907
16C3100A,K1903,,,,
32031309,C1501,C1502,C1503,C1504,
40022004,H2301,H3102,K2301,,
,,,,,
,,,,,
,,,,,
,K2602,,,,
,K2601,,,,
,,,,,
23633502,G1204,K1802,,,
16532501,K1601,K1602,,,
45321204,G1403,,,,
,K2402,,,,
,H1102,H1206,H1402,H2502,K2402
32321007,A1301,D1407,I1103,,
32321304,A1204,A1205,A1301,K1802,
32330001,A1301,G1102,K1206,K1802,
,,,,,
,,,,,
,,,,,
,J1409,,,,
26033105,J1306,,,,
,C1105,M1201,M1403,,
40034304,K2203,,,,
40034303,K2203,K2302,K2303,,
67110003,,,,,
16033102,J1503,,,,
35523202,F1201,,,,
35522101,H1210,H1401,H1404,H2502,H2504
35520001,H1101,H1210,H1404,,
,M1302,M1402,M1503,,
,L1302,,,,
26X31531,M1502,,,,
16X31304,M1201,M1202,M1204,M1205,M1206
,,,,,
32225202,I1604,,,,
,,,,,
,,,,,
,,,,,
,,,,,
,F1106,F1202,,,
,,,,,
,K1403,,,,
,,,,,
,,,,,
,,,,,
,H1302,H1502,K1401,K1404,
,M1705,,,,
,H1102,,,,
,,,,,
,,,,,
,M1802,,,,
,M1803,,,,
,,,,,
,,,,,
,H1206,,,,
,M1301,M1302,,,
,,,,,
,,,,,
,,,,,
56X25202,I1607,,,,
,,,,,
14022002,B1301,F1101,F1102,H1204,
14022002,E1103,E1104,E1205,,
14022002,B1301,B1805,E1104,E1205,M1702
14022002,E1104,E1205,H1204,,
,F1104,,,,
,K2402,,,,
,I1604,,,,
,I1606,,,,
,I1606,,,,
,H1102,H1206,H1302,H1402,H2502
,H1101,H1206,H1402,H1502,H2502
,,,,,
17023202,F1103,F1106,H1102,,
,M1802,M1803,M1804,M1805,M1806
,M1802,M1803,M1804,M1805,M1806
,A1201,D1407,H1206,H1502,H2502
17032644,H1102,H1206,H1302,M1802,M1805
,,,,,
,,,,,
,,,,,
,,,,,
,M1705,,,,
,M1705,,,,
,E1103,,,,
,E1103,M1301,M1302,,
,M1707,,,,
,N2102,,,,
,E1103,,,,
,,,,,
,H1302,,,,
,D1406,M1705,,,
,M1503,,,,
,E1103,,,,
,F1603,F1610,,,
,M1801,M1803,M1810,,
,E1104,E1205,L1304,L1505,
,,,,,
,,,,,
,,,,,
,,,,,
,,,,,
,,,,,
,,,,,
,,,,,
,,,,,
,E1205,L1507,,,
,E1106,,,,
,J1102,,,,
,,,,,
,,,,,
,,,,,
,M1402,,,,
,,,,,
,,,,,
,,,,,
,G1502,I1203,,,
67110004,,,,,
,K2111,,,,
,F1702,,,,
,F1402,,,,
,F1402,,,,
,F1610,,,,
,F1705,,,,
,F1705,K2301,,,
,,,,,
,F1704,,,,
,,,,,
,,,,,
50024319,B1803,,,,
,C1205,,,,
,,,,,
,F1101,K1802,,,
,L1202,,,,
56T25002,I1304,I1309,I1310,,
50023220,F1612,,,,
50023221,F1612,,,,
,I1502,,,,
,I1502,,,,
,,,,,
,,,,,
16X22703,H1206,H1302,H1402,I1101,M1302
,N2101,,,,
,F1103,,,,
,F1103,,,,
,F1103,,,,
,F1103,,,,
,F1103,,,,
,F1103,,,,
,I1604,,,,
,N1103,,,,
,I1604,,,,
46X25203,N1103,,,,
,I1604,,,,
,I1604,,,,
,I1604,,,,
,D1212,N1103,,,
,J1410,,,,
,I1604,,,,
,I1604,,,,
,M1701,,,,
,D1402,,,,
,I1604,,,,
,D1204,,,,
,I1604,,,,
,I1604,,,,
,D1204,,,,
,I1607,,,,
,D1404,,,,
,D1404,,,,
,G1204,,,,
,D1204,,,,
,M1605,,,,
,D1406,,,,
56T22503,H3203,,,,
,H2804,,,,
,D1105,,,,
,M1805,,,,
,L1304,,,,
,,,,,
,H1206,H1210,H1502,H2502,K2402
,D1405,D1407,H1101,H1206,H1502
,H1206,H1402,H2502,M1703,
,J1103,,,,
32032208,E1105,,,,
32025411,H1203,H2901,I1304,I1604,
32025213,I1603,,,,
32034304,K2203,,,,
,H2502,,,,
40031109,N3103,,,,
16024001,B1805,,,,
26U22701,F1106,H1102,H2701,,
,K2503,,,,
1702010Q,H1206,H1402,H2502,,
40025302,H2602,H2901,I1602,,
40025303,H2602,H2901,I1602,,
40025304,H2602,H2901,I1602,,
40025305,H2602,I1602,,,
1702550G,H1102,H1206,H2502,,
,N4101,,,,
,N4101,,,,
,N4103,,,,
,N4103,,,,
,H1206,H1502,I1102,,
33633502,G1204,,,,
17032606,M1802,M1803,M1804,M1805,M1806
,F1102,F1103,F1201,H1206,I1101
,I1603,,,,
,D1301,,,,
35031103,H1203,H1403,H1404,,
,,,,,
,H2502,,,,
,,,,,
,,,,,
,,,,,
,,,,,
,,,,,
,,,,,
,M1301,M1302,,,
,,,,,
,C1205,,,,
,,,,,
,E1106,,,,
,K1404,,,,
,E1106,,,,
,N4101,,,,
,N4103,,,,
,N4102,,,,
,A1504,,,,
,A1504,,,,
56T25404,H2911,,,,
35023001,F1106,F1108,F1201,F1202,F1204
35034501,C1109,C1501,C1504,K1902,
35020006,I1102,I1302,I1304,I1305,
35031002,C1401,M1203,,,
35031501,M1501,M1502,,,
35031001,C1206,C1401,M1704,,
35031102,N1201,N1202,N1301,N4203,N4204
35032605,E1101,M1805,,,
35011601,H1206,H1210,H1301,H1501,H1503
35011602,H1201,H1206,H1210,H1501,H1503
35022210,H1206,H1210,H1301,H1503,H2301
,,,,,
,A1301,A1302,A1405,A1416,H1210
35011806,H1210,H1502,H1503,H2301,J1302
35033102,D1405,H1210,H2502,J1402,K1205
35011809,H1303,H1502,H1503,K2302,K2306
35011807,H1210,H1502,H1503,H2301,H2504
35022213,H1210,H1503,,,
35022212,H1206,H2301,H2504,H2701,K2306
35025506,H1202,H1208,H1209,H1210,H1504
35025101,H1203,H1404,H1506,H2504,I1310
35020007,H1403,H2503,N1303,,
35022701,F1103,F1106,H1210,H2701,I1306
35011103,H1207,H1210,H1503,,
35011102,H1203,H1206,H1210,H1404,H1503
35011402,M1801,M1805,,,
35031201,C1102,C1202,D1401,D1502,E1103
,,,,,
,,,,,
,,,,,
32321401,A1203,F1104,,,
32321206,A1301,A1404,,,
,,,,,
,M1801,,,,
,M1705,,,,
,J1502,,,,
,,,,,
40023005,F1104,F1202,,,
40023102,F1202,,,,
40023304,F1503,F1606,F1608,F1609,F1703
40023004,F1104,F1202,,,
40023203,F1703,,,,
40025406,B1601,H2902,,,
,,,,,
,M1802,,,,
32032328,L1302,,,,
32032329,L1505,L1507,,,
32032330,L1507,L1508,,,
32032331,L1505,L1509,,,
32032332,L1507,,,,
35033505,G1202,K1206,,,
35033202,K1201,K1204,K1205,K1802,
35033201,K1201,K1204,K1205,K1802,
35033203,K1802,,,,
35033003,K1201,K1403,,,
35031004,M1402,M1501,M1604,M1608,M1705
35032002,E1101,E1103,E1104,E1205,
35034403,F1204,H1303,I1503,K1705,K2306
35032003,E1101,E1103,E1107,,
35032502,E1101,E1103,K1601,M1402,M1403
35032101,E1106,,,,
35032202,D1211,E1103,E1105,K1601,K1602
35032102,E1402,,,,
35032608,I1307,M1801,M1810,,
,F1101,F1103,F1106,I1101,
,E1102,L1304,,,
,,,,,
,,,,,
,,,,,
,D1102,,,,
,D1208,,,,
,,,,,
,F1102,,,,
,,,,,
,,,,,
,H1206,H1502,,,
,M1301,M1302,,,
,,,,,
,K1903,,,,
,J1406,,,,
,,,,,
,K1503,,,,
16531015,M1202,M1205,M1402,M1705,M1707
50025305,H1506,H2602,H2901,H2909,I1602
40122319,B1303,B1603,,,
50025306,H1506,H2602,H2901,H2909,I1602
40132207,B1303,B1603,,,
50025307,H1506,H2602,H2901,H2909,I1602
40122313,D1211,H2901,L1503,,
40123301,F1601,,,,
40124106,B1804,,,,
40124210,B1804,,,,
40122408,B1201,,,,
40123409,B1501,,,,
40124108,B1804,,,,
40125101,B1604,,,,
40122316,B1603,,,,
40122410,B1602,,,,
40122409,B1602,,,,
,,,,,
46T22501,H2504,H3202,,,
33633502,G1204,,,,
,,,,,
,,,,,
,,,,,
,,,,,
,,,,,
,,,,,
,,,,,
,,,,,
40123201,B1302,B1303,,,
36X31402,M1203,,,,
,A1504,,,,
,L1203,,,,
,B1803,,,,
,L1509,,,,
,,,,,
,,,,,
,,,,,
,,,,,
40023205,F1501,F1610,F1703,H2206,
,H1504,K2501,,,
40023206,F1501,F1610,F1703,H2206,
,,,,,
40023207,F1501,F1610,F1703,H2206,
50034307,K2204,,,,
,,,,,
,,,,,
,,,,,
,,,,,
,,,,,
,,,,,
,,,,,
,F1106,H1202,H1206,H2502,I1102
,J1102,,,,
,J1102,,,,
,J1102,,,,
,J1102,,,,
,J1102,,,,
,H1102,H1206,H1401,H1402,H2502
1702220F,F1203,H1302,H2502,,
1702220G,H1206,H1302,H1402,H2502,K2306
,H2701,M1403,,,
1701170D,F1105,,,,
,F1105,,,,
1702220J,H1206,H1302,H1402,H1501,H2502
1702220K,D1407,H1206,H1401,,
1702220H,H1102,H1401,H1402,H2502,
46X23304,F1609,,,,
,,,,,
,,,,,
,,,,,
46X25201,D1211,I1607,,,
40123412,H2204,H2207,H2208,,
45023408,F1607,H2202,H2206,H2207,
45023409,F1501,F1503,,,
,K1704,,,,
32023412,F1106,F1201,F1503,,
50022138,D1104,,,,
50022137,D1102,,,,
,,,,,
,,,,,
,,,,,
,K1701,K1703,,,
40125402,B1601,,,,
40032208,E1301,E1306,,,
40032207,E1301,E1306,,,
40022708,I1503,,,,
45025411,H2902,,,,
40025214,I1604,,,,
32031310,C1206,,,,
40025215,I1604,,,,
40025216,I1604,,,,
40034403,K1706,K2503,,,
32022709,D1407,F1106,I1306,,
32022710,D1407,F1106,I1306,,
32022711,D1407,F1106,I1306,,
45022710,I1306,,,,
45023313,F1607,,,,
45022709,F1603,I1306,I1308,,
32033607,D1202,L1501,M1302,,
,,,,,
,,,,,
,,,,,
,,,,,
17022706,F1106,H2502,I1102,,
,,,,,
,,,,,
,H1206,H1302,H1402,H2502,M1703
,F1106,H1102,H1206,,
,,,,,
50025220,I1604,,,,
50025219,I1604,,,,
50025218,I1604,,,,
,,,,,
,,,,,
,,,,,
,,,,,
,,,,,
,,,,,
,,,,,
,,,,,
,J1408,,,,
,,,,,
,J1502,K2111,,,
,,,,,
,,,,,
50024321,B1802,,,,
,L1508,,,,
,N2102,,,,
,,,,,
32024111,H1205,H1404,,,
32024112,H1205,H1404,,,
32321014,A1403,A1405,A1410,A1411,A1416
32321011,A1405,A1407,A1410,A1414,A1416
56T25406,I1606,,,,
,M1705,,,,
,B1601,,,,
32025518,I1605,N3102,,,
32021304,A1406,A1415,N3102,,
,,,,,
,,,,,
,K2101,K2102,K2111,,
,I1604,,,,
,I1604,,,,
,D1406,,,,
,H3404,,,,
,D1214,,,,
,I1604,,,,
,I1607,,,,
,D1404,,,,
33633502,G1204,,,,
33633502,G1204,,,,
,M1605,,,,
,I1605,N3101,,,
,B1101,E1104,E1205,F1102,H1204
,B1101,E1104,E1205,F1102,H1204
,B1101,E1104,E1205,F1102,H1204
,,,,,
,H1206,,,,
,,,,,
,F1106,,,,
,,,,,
,M1403,,,,
,M1201,,,,
,,,,,
,F1203,,,,
,M1703,M1705,,,
,M1801,,,,
,,,,,
13532046,E1103,E1105,E1106,K1206,
,K1705,,,,
16X31307,C1205,C1206,C1303,C1504,
26X32313,L1302,,,,
16531233,M1202,M1205,M1302,M1402,M1705
,N2102,,,,
40021204,A1404,,,,
,G1403,M1205,M1301,M1302,M1402
,M1205,M1301,M1302,M1703,
,N1302,,,,
,C1205,C1501,C1502,,
,H1404,H1506,,,
,H1404,,,,
40023103,F1107,,,,
35533505,G1202,G1204,,,
,G1202,G1204,,,
,N2102,,,,
,N2102,,,,
,N2102,,,,
,N2102,,,,
,,,,,
,,,,,
16521401,A1303,F1101,F1104,F1201,K1802
,F1106,F1202,F1204,I1503,K1705
,D1404,,,,
,I1607,,,,
,I1604,,,,
,I1604,I1606,,,
,I1604,,,,
,B1101,B1302,F1102,F1606,L1503
,I1604,I1606,,,
,I1604,,,,
,D1404,,,,
,,,,,
,J1408,,,,
,A1504,,,,
,A1504,,,,
,A1504,,,,
,A1504,H1206,H1501,J1201,
,A1504,,,,
,A1504,,,,
,A1504,,,,
,A1504,,,,
,,,,,
,I1503,,,,
,I1503,,,,
,I1503,,,,
,,,,,
,N2102,,,,
40023303,F1607,,,,
,D1405,,,,
,K1205,M1602,M1606,,
,K2104,,,,
,F1703,,,,
,,,,,
,L1204,,,,
26X31315,C1205,C1206,,,
17020044,H1401,H2502,M1804,M1805,
,A1203,,,,
,,,,,
,F1613,,,,
,,,,,
,,,,,
,N1201,,,,
96099901,N2102,,,,
,N2102,,,,
33633502,G1204,,,,
,K2203,,,,
,K2203,K2204,,,
17020053,H1206,H1401,H1402,H2502,M1703
,H1206,H1402,M1805,,
17020003,H1206,H1402,I1102,,
17034303,F1106,H1206,H1302,H1502,
1702300H,F1103,F1106,F1201,,
,A1501,M1704,,,
,,,,,
45033407,G1802,G1803,,,
45022109,G1602,,,,
50025436,B1601,,,,
,H1302,,,,
,M1705,,,,
50031122,N1103,,,,
50022005,K2303,,,,
,E1108,K1901,K1902,K1903,K1904
,,,,,
,M1802,,,,
,E1106,K1601,K1602,K2107,
1353103N,M1302,M1402,M1403,,
,E1108,K1901,K1903,K1904,
,N2102,,,,
,N3101,,,,
,,,,,
,N3101,,,,
,,,,,
,,,,,
,,,,,
97033101,,,,,
97033102,,,,,
,,,,,
97034403,,,,,
,,,,,
,,,,,
,,,,,
,E1105,E1106,K1401,K2107,
1353261Q,K1601,K2401,M1802,M1805,
,,,,,
,N2102,,,,
,,,,,
,,,,,
,I1605,N3101,N3102,,
,N2102,,,,
,N2102,,,,
,H2902,H2909,H2911,,
36T23204,F1104,F1106,,,
,,,,,
,,,,,
,,,,,
,,,,,
,,,,,
,,,,,
93113601,,,,,
93113601,,,,,
,B1803,H1205,H2412,,
,N1103,,,,
,I1102,,,,
,N1301,,,,
,H2504,,,,
,H2504,,,,
45023213,F1610,,,,
,D1405,,,,
,N3101,,,,
,N3102,,,,
,A1415,N3101,N3102,,
,,,,,
,,,,,
,,,,,
,,,,,
,,,,,
,N3102,,,,
,N3102,,,,
,N3101,N3102,,,
,N3101,,,,
,,,,,
,,,,,
,,,,,
,F1502,,,,
40023404,F1503,H2206,H2209,,
40023405,F1503,F1607,H2206,,
,H2902,H2909,H2911,H2913,
,H2902,H2909,H2911,H2913,
,H1502,H1506,,,
,H1502,H1506,,,
,H1506,,,,
56333402,G1603,,,,
50321010,A1404,A1414,A1416,,
,H1502,,,,
,,,,,
,,,,,
,,,,,
,H1502,,,,
,H1502,,,,
,H1502,,,,
45023105,F1302,N1101,,,
50022714,I1306,,,,
50322107,H2102,,,,
50321130,A1405,A1407,A1410,A1411,A1414
50322108,H2102,,,,
50321236,A1502,,,,
50321314,A1201,A1205,,,
32025519,H1209,H1210,I1302,I1304,
,,,,,
,F1103,,,,
,A1404,,,,
,A1402,A1404,,,
,A1409,,,,
,,,,,
,,,,,
,,,,,
,,,,,
,H1302,H1502,M1402,,
,H1302,H1502,M1402,,
,H1502,M1402,,,
,,,,,
,,,,,
,,,,,
,,,,,
,,,,,
,,,,,
,,,,,
,,,,,
50321405,A1202,A1203,,,
,H1206,H1502,,,
50333003,D1102,D1106,K1302,K1303,K1304
,K2402,,,,
,H1502,K2306,,,
,H1206,,,,
,,,,,
,H1502,,,,
,,,,,
40023208,F1612,,,,
45023214,F1612,,,,
50321235,L1401,,,,
,D1402,H1401,N1201,,
17032628,M1802,M1803,M1804,M1805,M1806
56T25202,I1603,,,,
,K1706,K1707,K2503,,
34620001,H1210,H1404,H1503,J1302,
,C1501,F1103,F1106,,
36X32311,L1302,L1304,L1503,L1509,
,,,,,
26X32302,L1302,,,,
,I1304,I1310,,,
16X30003,H1102,M1402,,,
16X31045,H1401,M1102,N1301,N1302,
,J1303,,,,
,N3102,,,,
,,,,,
,,,,,
,,,,,
,A1415,N3102,,,
,N3101,N3102,,,
,H1303,I1304,I1309,I1310,I1503
,A1415,I1605,,,
,A1415,I1605,,,
,A1415,I1605,,,
,H1303,I1304,I1309,I1310,I1503
,,,,,
,H1303,I1304,I1309,I1310,I1503
,H1303,I1304,I1309,I1310,I1503
,B1101,E1102,E1104,E1205,
16531205,D1406,M1204,M1503,M1704,M1705
,K2106,K2107,K2111,,
,K2106,K2107,K2111,,
16531018,M1102,M1205,M1302,M1402,M1707
,H1206,,,,
,M1804,,,,
16531212,D1406,M1202,M1204,M1402,M1705
26531005,D1401,D1402,D1406,M1703,
16531216,M1204,M1205,M1302,M1707,N1301
,,,,,
,,,,,
,N1301,N1302,,,
,M1101,N1301,N1302,,
,,,,,
,,,,,
,F1103,,,,
,,,,,
,H1206,,,,
,C1107,K1502,,,
,,,,,
,,,,,
,H1206,H1208,H1209,H1402,H1504
,H1206,K1903,M1402,M1403,
,E1201,E1203,E1205,,
,H1206,K1903,M1402,M1403,
,K2111,,,,
,K2111,,,,
,,,,,
,,,,,
,,,,,
,,,,,
,H2909,H2913,,,
,C1201,G1101,H2903,M1202,N2201
,,,,,
,N1201,,,,
,C1201,D1401,M1202,M1807,N2201
,N1201,,,,
,C1201,D1402,D1407,G1101,K2111
,N1201,,,,
,N1201,,,,
,C1201,H2903,M1202,M1607,
,C1201,H2903,M1202,M1607,
,H2902,H2909,H2911,H2913,H2914
,N1201,,,,
,N1201,,,,
,N1201,,,,
,N1201,,,,
,N1201,,,,
,N1201,,,,
,N1201,,,,
,N1201,,,,
,N1201,,,,
,I1602,,,,
,I1602,,,,
,I1602,,,,
,I1602,,,,
,I1602,,,,
,I1602,,,,
,I1602,,,,
,I1602,,,,
,,,,,
,,,,,
,I1602,,,,
,I1602,,,,
,I1602,,,,
,I1602,,,,
,N4301,,,,
,I1602,,,,
,I1602,,,,
,I1602,,,,
,I1602,,,,
,I1602,,,,
,I1602,,,,
,I1602,,,,
,I1602,,,,
,I1602,,,,
,I1602,,,,
,N2101,,,,
,N2101,,,,
,N2101,,,,
,M1802,,,,
,H1206,,,,
,M1205,,,,
,,,,,
,H1302,,,,
,,,,,
,,,,,
,,,,,
25531001,M1203,M1205,M1401,M1604,M1605
,C1202,C1203,M1403,M1604,M1605
,K1201,K1601,K1802,M1401,M1502
,C1109,K1706,K1902,,
,H1206,,,,
25532601,M1801,M1805,M1810,,
13523002,C1503,F1106,I1101,K1802,M1402
,E1103,E1104,K1602,K2401,L1505
,H1302,K1704,K2502,M1403,M1802
,,,,,
,,,,,
,,,,,
,F1106,F1201,I1101,,
,H1302,,,,
,H1401,M1102,N1301,N1302,
,H1401,,,,
,H1206,,,,
,M1502,M1503,,,
,,,,,
,C1205,,,,
,H1206,,,,
,H1206,H2502,,,
,,,,,
,,,,,
,M1802,,,,
,H1402,H1404,,,
,,,,,
,K1903,,,,
,C1201,G1101,H2903,M1202,N2201
,C1201,G1101,H2903,M1202,
,,,,,
,K1705,,,,
,H1504,H2602,H2603,H2604,H2605
,H1504,H2602,H2603,H2604,H2605
,H1504,H2602,H2603,H2604,H2605
,H1504,H2602,H2603,H2604,H2605
,,,,,
16X31315,C1504,M1201,,,
17022106,H1302,H1402,H1502,H2502,I1102
,D1214,,,,
26X31304,C1501,C1502,C1504,,
,,,,,
,B1601,,,,
13531260,,,,,
,N3101,N3102,,,
,I1605,,,,
,K1201,,,,
,E1103,E1106,K1404,K1802,M1403
40033103,J1411,,,,
,F1101,K1802,,,
40024303,H2401,H2407,H2409,H2411,H2415
,H1206,J1306,K2108,K2402,
,,,,,
,,,,,
13522109,H1206,H1302,H1502,H2502,M1703
,K2111,,,,
,,,,,
,,,,,
,H1302,J1301,,,
,A1201,A1205,,,
,K1401,,,,
,A1415,N3102,,,
,A1415,N3102,,,
,K2105,L1202,,,
,K2105,L1202,,,
,K2105,L1202,,,
,K2105,K2111,L1101,L1103,L1202
,,,,,
,,,,,
,,,,,
32023205,H1203,H1404,I1101,,
32025412,H1404,H2503,H2904,,
32022314,H1404,H1506,H2503,H2907,
32022208,H1210,H1503,,,
32020009,H1202,H1203,,,
32023108,F1107,,,,
32020113,I1304,,,,
32023305,F1102,,,,
32025215,I1103,I1310,I1604,,
32025216,I1103,I1310,I1604,,
32025217,I1103,I1310,I1604,,
32022003,H3303,,,,
32022318,H1203,,,,
32022317,H1203,,,,
17032639,M1802,M1805,M1810,,
40025513,I1305,I1307,,,
40025514,I1305,I1307,,,
40025515,I1305,I1307,,,
,H1206,H1210,H2502,I1102,
17034302,A1303,F1106,H1206,K2306,
,H1206,H1302,H1402,H1502,H2502
,H1206,K2402,M1403,M1803,M1805
17020052,H1102,H1206,H1402,H1502,H2502
,H1102,H1206,H2502,M1302,M1402
,F1106,,,,
,F1705,H1303,K2301,K2306,
,F1705,H1303,K2301,K2306,
,F1705,H1303,K2111,K2301,K2306
17020043,H1302,H1401,H1402,H1502,H2502
36X21102,G1804,M1705,M1707,,
,I1503,,,,
,F1703,,,,
,F1602,F1607,,,
17032611,H1206,M1803,M1805,M1806,
32022505,H1404,H1506,H3303,,
32022506,H1404,H1506,H3303,,
40025510,F1602,H1504,I1309,,
,F1702,,,,
,F1502,H2911,,,
,B1804,,,,
,H1302,,,,
,K2111,,,,
,K2111,,,,
56T33201,K1204,,,,
50022139,G1602,,,,
,F1605,,,,
,K2111,,,,
,K2111,,,,
,H1209,,,,
50025221,I1603,I1607,,,
40025219,I1603,,,,
50025223,I1603,I1607,,,
40025221,I1603,,,,
,I1602,,,,
,I1602,,,,
,I1602,,,,
,I1602,,,,
,I1602,,,,
56T3340A,G1603,,,,
,L1509,,,,
97034402,A1415,I1605,N3102,,
,A1407,A1501,G1204,L1401,
,,,,,
,,,,,
,,,,,
,,,,,
45022110,D1101,D1106,H2101,,
50321237,A1403,,,,
,,,,,
40023408,F1604,H2206,H2209,,
,D1503,,,,
40022302,H3401,H3402,,,
,,,,,
,,,,,
,G1101,G1201,G1203,G1204,
,G1101,G1201,G1203,G1204,
,G1101,G1201,G1203,G1204,K1204
,G1204,,,,
,D1402,D1407,H1102,M1601,M1607
,D1402,D1407,H1102,M1601,M1607
,,,,,
,,,,,
,,,,,
45023314,F1601,F1604,,,
45023315,F1609,,,,
13512606,E1105,K1601,K1602,K2107,K2401
,J1103,,,,
,J1103,,,,
,J1103,,,,
,J1103,,,,
,J1103,,,,
,J1103,,,,
,J1103,,,,
,J1103,,,,
,J1103,,,,
,J1103,,,,
,J1103,,,,
,J1103,,,,
,J1103,,,,
,J1103,,,,
32022311,H2503,,,,
32022312,H2503,,,,
,I1605,N3102,,,
,A1101,A1405,,,
,D1103,,,,
,F1201,,,,
,F1606,,,,
,G1602,G1803,,,
32032210,E1103,E1308,,,
32032211,E1103,E1308,,,
,L1302,,,,
,,,,,
44633524,G1204,,,,
,M1205,M1301,M1302,,
,E1105,K1601,K1602,K2107,K2401
,,,,,
,M1207,,,,
,A1204,A1404,A1501,H1210,H1503
,L1508,,,,
,E1104,,,,
,,,,,
,M1707,,,,
,M1705,,,,
,,,,,
,,,,,
,,,,,
,E1103,,,,
,,,,,
,,,,,
,,,,,
,,,,,
,,,,,
,F1301,F1302,N4301,,
,,,,,
,K2111,,,,
,D1404,,,,
,H2411,,,,
,,,,,
,,,,,
,M1503,,,,
,H1206,,,,
,H1402,,,,
,,,,,
,D1407,,,,
,H1302,H1303,H3201,,
,H1502,,,,
,I1304,,,,
,I1601,,,,
,N3102,,,,
,N3101,,,,
,,,,,
,K2111,,,,
,,,,,
,N3101,,,,
,,,,,
,,,,,
,,,,,
,,,,,
44633523,G1202,G1203,,,
,,,,,
,K1601,K2107,K2108,K2401,
16531007,M1202,M1205,M1503,M1703,M1705
,C1203,C1204,C1301,C1302,M1201
16031006,M1205,M1302,M1705,M1707,
26031012,M1201,M1202,M1703,M1705,M1707
,J1408,,,,
,H2901,,,,
44633524,G1204,,,,
44633524,G1204,,,,
,A1406,,,,
,A1406,,,,
,K1901,K1902,K1903,,
44633524,G1204,,,,
44633524,G1204,,,,
13533126,E1103,H1102,H1206,K2108,K2402
46X21101,A1405,,,,
46X33502,G1204,,,,
13512305,K2401,M1403,M1404,,
13512606,E1103,K1405,K1601,M1805,M1807
13533315,K1204,K1401,K1601,K1602,
13533315,K1204,K1401,K1601,K1602,
,E1105,K1601,K1602,K2107,K2401
,K1601,K2107,K2108,K2401,
,A1301,A1302,A1405,A1413,M1302
,K1903,,,,
,,,,,
,K2402,,,,
,,,,,
44633524,G1204,,,,
,,,,,
44633524,G1204,,,,
44633524,G1204,,,,
,,,,,
,,,,,
,,,,,
,M1802,,,,
,C1205,C1501,C1502,,
,,,,,
,,,,,
,K1401,K1801,,,
20512007,E1105,E1106,K1404,K1601,K1802
20512604,K1401,K1601,K1602,K2111,K2401
,D1201,G1102,K1207,K1601,K1602
20512101,A1204,A1303,G1102,K1802,M1808
20512301,K1206,K1403,K1801,K1802,M1401
20533301,G1203,K1206,K2104,K2106,M1502
,E1305,K1206,K2111,,
20512304,K1201,K1601,K1802,M1401,M1502
,K1201,K1206,K1207,K1802,M1502
,E1103,G1202,K1602,L1301,L1302
,B1101,E1104,E1205,,
20513302,G1202,L1203,L1301,L1302,L1304
20513301,G1202,K1202,K2105,,
20513130,E1105,E1106,E1305,K1601,K2104
20513636,E1108,E1305,G1201,K1206,K2111
20513635,D1401,E1103,E1108,G1201,M1705
20513117,E1106,E1108,K1206,,
20532618,I1401,M1801,M1802,M1805,M1810
20511438,H1206,M1403,M1801,M1802,M1805
20511437,H1206,M1201,,,
20511803,H1206,H1210,H1503,,
20511701,F1105,F1203,,,
20511301,A1204,F1105,H1210,H1303,
20533101,D1405,H1206,H1210,H1503,J1302
20511001,H1404,H1502,H2502,H2603,
,K1302,K1305,K1403,,
,,,,,
,,,,,
,I1304,,,,
,A1406,,,,
,A1406,,,,
,A1406,I1605,,,
,A1406,,,,
,A1406,,,,
,N3101,N3102,,,
,N3101,N3102,,,
,I1605,N3101,,,
,I1605,,,,
,I1605,N3101,N3102,,
,I1605,N3101,N3102,,
,N3101,N3102,,,
,N3101,N3102,,,
,N3101,N3102,,,
,,,,,
,K1404,,,,
,N3101,N3102,,,
,I1605,N3101,N3102,,
,I1605,N3101,N3102,,
,,,,,
,I1605,N3101,N3102,,
44633524,G1204,,,,
44633524,G1204,,,,
44633524,G1204,,,,
44633512,G1202,G1203,,,
44633524,G1204,,,,
,,,,,
,,,,,
,I1605,N3101,,,
,I1310,,,,
,I1605,,,,
,I1605,,,,
,I1605,,,,
,E1105,K1601,K1602,K2107,K2401
,,,,,
,M1801,M1802,,,
,H2701,,,,
,M1705,,,,
,K1601,K2107,K2108,K2401,
,M1805,,,,
,M1302,,,,
,E1107,,,,
,,,,,
,,,,,
,M1201,,,,
,K2302,,,,
,H1403,,,,
,,,,,
,,,,,
,,,,,
,,,,,
,A1406,,,,
,N3101,N3102,,,
,N3101,N3102,,,
,N3101,N3102,,,
,N3101,N3102,,,
44633524,G1204,,,,
44633524,G1204,,,,
44633524,G1204,,,,
,A1406,,,,
,N3101,N3102,,,
,N3101,N3102,,,
,I1605,,,,
,A1415,I1605,,,
,I1605,,,,
26X31405,M1204,,,,
,D1212,,,,
36T32302,L1507,,,,
,J1102,,,,
,J1101,K1104,,,
,K2402,,,,
,,,,,
,,,,,
,H1301,H1502,M1402,,
,H1502,M1402,,,
,A1501,,,,
,K2105,,,,
36T20103,H1403,,,,
,H1502,M1402,,,
45025516,F1602,F1605,I1309,,
50025437,H2902,,,,
50025438,H2902,,,,
,,,,,
,,,,,
36T23002,F1201,,,,
,A1501,H1210,,,
,A1504,K2402,,,
17025203,H1102,H1206,H1302,H1401,H1402
,F1106,H1102,H1206,H2502,
,H1303,I1304,I1309,I1310,I1503
,H1303,I1304,I1309,I1310,I1503
,H1303,I1304,I1309,I1310,I1503
,H1303,I1304,I1309,I1310,I1503
,H1206,H1401,H1402,H1502,H2502
,H1102,H1206,H2502,,
,M1801,M1802,M1803,M1804,M1806
17020058,H1206,H1402,H2502,I1102,N1301
17025127,H1203,H1206,H1402,H2502,M1402
,H1206,H1208,H1209,H2502,M1805
,H1206,H1402,H2502,M1402,M1802
1702510P,H1206,H1402,H1502,H2502,
,,,,,
,H1102,H1206,H1402,M1805,
17020015,H1401,H1402,H1502,H2502,I1102
,H1102,H1502,J1306,,
1702230B,H1206,H1402,H1502,H2502,
,M1302,,,,
32025414,H1203,H2905,,,
32025218,I1304,I1603,,,
32025413,H1203,H1404,H2911,I1310,
32031311,C1102,C1109,C1401,,
50033412,G1502,G1603,G1801,G1803,
44633524,G1204,,,,
44633524,G1204,,,,
44633524,G1204,,,,
44633523,G1202,G1203,,,
44633510,G1202,G1203,,,
44633523,G1202,G1203,,,
45321007,A1407,A1409,A1410,A1411,A1416
,H1209,,,,
50032227,E1306,,,,
50023445,H2207,H2208,,,
40022705,I1304,,,,
,,,,,
26033205,K1201,,,,
26033202,K1207,,,,
26033203,K1202,,,,
26033204,K1203,,,,
26033206,K1201,,,,
32023411,H1206,H2209,,,
46T23004,F1104,,,,
,H1502,H1506,,,
,H1502,,,,
,H2903,H2906,H2912,,
,K2304,,,,
56T34304,F1302,F1402,I1503,K1705,
,J1502,K1403,M1801,M1803,
,M1502,M1503,,,
,C1203,H1102,M1402,M1704,M1705
,G1101,G1201,G1204,L1301,L1302
,G1101,G1201,G1204,L1301,L1302
,G1101,G1201,G1203,G1204,
,F1106,,,,
,F1106,,,,
45023215,F1603,,,,
,K1201,,,,
,E1104,E1205,L1304,L1510,
16X31013,E1103,K1601,M1402,M1403,M1707
,K1705,K1706,K2503,,
,H1302,H1303,H1502,M1402,
,H1502,M1402,,,
,,,,,
,N2202,N2203,N2204,,
,J1102,,,,
,J1102,,,,
,J1102,,,,
59941001,K2102,,,,
,F1101,,,,
,L1503,,,,
,L1503,,,,
,,,,,
,E1402,,,,
,E1402,,,,
,,,,,
,,,,,
,I1102,,,,
,F1106,,,,
1353261S,,,,,
56T21101,A1402,A1414,D1209,,
44633524,G1204,,,,
50031123,M1603,N4105,,,
35532602,E1101,E1103,E1104,M1801,M1805
33633502,G1204,,,,
56X34406,K2503,,,,
,L1302,L1304,,,
,E1104,L1505,L1510,,
,L1302,L1304,L1509,,
26032301,E1106,L1302,L1304,L1505,
13511510,H1206,H1302,K2108,K2402,
1353261S,M1403,,,,
,A1302,A1501,A1504,,
,M1302,,,,
,M1302,,,,
,J1304,J1507,K1202,K1206,L1202
,H1501,K2402,,,
,K2108,K2401,K2402,,
,E1301,H2408,,,
,C1102,,,,
14633001,K1206,K1403,K1802,M1301,M1302
,N4401,,,,
50022140,A1412,D1106,,,
50031222,D1106,D1107,,,
,I1304,,,,
26031040,D1407,M1204,M1701,M1705,M1707
,D1405,,,,
,,,,,
,,,,,
,,,,,
,,,,,
40025411,H2902,H2913,H2914,I1606,
16531238,D1402,M1302,M1402,M1705,M1707
26031032,G1402,,,,
,G1402,G1601,,,
,G1204,,,,
,K1104,K2110,,,
,K1104,K2110,,,
,M1605,,,,
,M1605,,,,
,K1703,K1704,M1301,M1402,
,K1703,K1704,M1402,,
,M1101,M1501,M1705,M1707,N1301
26031210,C1206,D1401,D1402,D1406,M1703
,M1205,M1301,M1302,M1705,M1707
33633502,G1204,,,,
44633524,G1204,,,,
44633524,G1204,,,,
40025220,I1603,,,,
50025222,I1603,I1607,,,
,F1106,H1206,K2402,N3101,N3202
,F1607,,,,
,F1302,,,,
,,,,,
,F1106,H1206,K2402,N3101,N3202
,H1206,,,,
,,,,,
,N2205,,,,
,M1801,M1802,,,
,M1801,M1802,,,
,H2901,M1804,,,
,H2502,,,,
,K2402,,,,
,M1302,M1707,,,
,K1601,M1805,,,
,M1301,M1302,M1702,M1703,M1705
,,,,,
,H1502,M1402,,,
,,,,,
,,,,,
,,,,,
,C1108,C1401,K1201,K1206,
,M1502,M1503,,,
,,,,,
,F1106,H1206,K2402,N3101,N3202
16033101,J1404,,,,
,I1604,,,,
,,,,,
,A1501,,,,
,H2102,,,,
,E1106,K2107,K2108,K2401,
50032228,B1402,,,,
46T32402,M1607,,,,
,E1108,K1206,K1404,,
56T25103,H3302,,,,
36T25102,H1203,,,,
,G1101,G1201,G1203,G1204,
,G1101,G1201,G1203,G1204,
,K1101,K1901,K2101,M1402,M1503
36T33201,K1801,,,,
46T34402,K1707,K2503,,,
,H1102,K1703,K2502,,
,M1205,M1402,M1503,,
,,,,,
,,,,,
,,,,,
,,,,,
46T33407,G1101,,,,
46T25205,I1604,,,,
46321218,A1408,,,,
,E1104,M1802,M1803,M1804,M1805
,M1801,M1805,,,
,H1101,I1606,,,
,I1606,,,,
,I1606,,,,
,E1106,F1107,L1505,N2204,
,H1101,I1103,I1604,,
,I1604,,,,
,I1604,,,,
,I1604,,,,
,I1604,,,,
,I1103,I1604,M1704,,
,I1103,I1604,M1704,,
,I1103,I1604,M1704,,
,D1204,,,,
,D1204,,,,
,D1204,D1407,,,
,I1103,I1604,,,
,M1803,,,,
1702100C,A1301,A1303,H1206,H2502,M1707
,H1206,H1302,H1402,H1502,H2502
,H1206,H1302,H1402,H1502,H2502
1702200A,H1206,H1402,H1502,,
17022501,H1206,H1402,H2502,,
17022104,H1302,H1402,H1502,H2502,
,L1201,L1202,L1203,L1301,
3552220C,H1210,H1403,H1502,H1503,H2301
,H1206,K2402,,,
1702010L,H1206,H1209,,,
,H1206,H1302,H1402,H1502,H2502
,C1503,F1101,F1103,F1106,F1201
,H1102,H1206,H2502,I1102,M1805
,H1206,H1402,H2502,,
,H1206,H1302,H2502,K2302,K2306
17032635,H1101,H1206,H1209,H2502,M1804
,H1206,H1302,H1402,H1502,H2502
,F1106,F1201,,,
17025018,H1206,H1208,H1209,H1210,H1402
,D1407,H1102,H1206,H1502,H2502
,J1408,,,,
17020010,H1402,,,,
,H1206,H1402,H2502,K2402,
,,,,,
17032624,M1801,M1802,M1803,M1805,M1810
17020039,H1102,H1206,H1401,H1502,H2502
,H1206,H1401,H1402,H1502,H2502
,H1102,H1206,M1805,,
,F1103,F1106,F1201,H1206,
,,,,,
,I1102,,,,
,H1402,,,,
,H1206,H1401,H1402,H1502,M1402
,H1402,,,,
,H1206,H1401,H1402,H1502,M1402
1702000K,H1401,H1402,H1502,H2502,I1102
1702300N,F1106,H1206,M1703,M1802,
,F1106,H1202,H1206,H1207,
17025125,H1203,H1206,H1402,H2502,K2402
,F1105,F1106,F1201,H1501,K2306
,G1204,K1103,,,
17025503,H1206,H1401,H1502,H2502,I1102
1703260U,M1802,M1804,M1805,,
1701150C,H1206,H1302,H1502,H2502,K2306
,H1206,H1302,H1402,H1502,K2402
,A1303,H1206,H1302,H2502,K2306
17011403,C1105,H1206,H1502,M1201,M1403
,F1105,F1106,F1201,F1203,I1101
,H1206,H1208,M1805,,
17020011,H1102,H1206,H1402,H1502,
,E1106,K2105,L1304,,
1703260Z,M1802,M1803,M1805,M1806,
1702300Q,F1103,F1106,F1201,F1204,I1101
17011201,A1303,D1407,H1206,H2502,K2402
,D1211,D1212,,,
,D1505,,,,
,F1101,F1106,F1201,K1802,
17020018,H1102,H1401,H1402,H2502,M1402
17025511,H1101,H1206,H1209,H1402,M1805
,H1206,M1802,M1803,M1805,
,H1102,H1206,H2502,M1402,M1805
1703260P,M1801,M1802,M1803,M1805,M1810
17025007,H1206,H1401,H1402,H2502,
17020055,H1102,H1206,H1302,H1402,H2502
17020056,H1102,H1302,H1402,H2502,I1102
1702010W,H1206,H1208,M1802,M1804,M1805
13511711,H1206,K2402,,,
,K1404,K1802,M1401,M1403,
,,,,,
,,,,,
32025415,H1203,H1506,H2902,,
,H1206,H1402,H2501,H2502,M1802
1702550P,H1206,H1402,H2501,H2502,M1802
17025017,H1101,H1206,H1209,H1402,M1805
32025416,F1202,H1203,,,
32031212,D1401,D1406,D1501,M1703,M1704
32033423,G1401,G1402,G1703,,
32033424,G1401,G1402,G1703,,
32033425,G1401,G1402,G1703,,
32032409,M1604,,,,
32031409,M1203,M1501,M1604,,
,,,,,
,B1401,H2208,,,
,B1806,,,,
,J1102,,,,
,J1102,,,,
,F1604,,,,
,J1102,,,,
,J1102,,,,
,J1102,,,,
,J1102,,,,
,J1102,,,,
,J1102,,,,
,J1102,,,,
,J1102,,,,
,J1102,,,,
,J1102,,,,
,J1102,,,,
,J1102,,,,
,J1102,,,,
,J1102,,,,
,J1102,,,,
,J1102,,,,
,J1102,,,,
,J1102,,,,
,J1102,,,,
,J1102,,,,
,J1201,,,,
,J1201,,,,
,J1201,,,,
,J1201,,,,
,J1201,,,,
,H1503,,,,
44633524,G1204,,,,
44633524,G1204,,,,
44633524,G1204,,,,
,,,,,
50031223,D1209,,,,
44633524,G1204,,,,
50025524,F1602,F1605,,,
44633524,G1204,,,,
,K2503,,,,
16X31053,G1403,K1403,M1301,M1302,
56T32402,M1601,M1602,M1606,,
56T31107,N4103,,,,
,F1101,F1102,F1106,K1401,K1404
,N4402,,,,
50022715,F1603,,,,
45023317,F1613,,,,
45023216,F1701,,,,
50023324,F1603,,,,
45023316,F1608,,,,
,,,,,
,G1202,G1203,K1202,K1204,K2106
20510001,K2401,,,,
26X32618,M1805,,,,
,C1101,C1105,M1201,M1403,
,,,,,
24113301,E1104,E1205,L1304,L1510,
24133501,B1301,F1101,F1102,H1204,
,,,,,
24132001,E1104,E1205,F1102,H1204,
24132601,E1103,E1104,E1205,H1204,
24133201,E1104,E1205,H1204,,
24123001,B1501,B1604,,,
24132201,B1302,B1303,E1205,,
24122001,B1201,B1302,B1601,B1602,B1805
24124201,B1301,B1805,E1104,E1205,M1702
24132602,E1104,E1205,L1510,M1805,
24123002,B1302,E1205,H1203,H1204,H2207
24124001,B1302,B1303,B1602,B1603,H1204
24123003,B1302,H1204,H2207,,
24132301,L1502,L1503,L1504,L1507,L1508
,,,,,
,,,,,
,,,,,
,M1705,,,,
46T22701,I1306,,,,
,,,,,
,,,,,
,,,,,
,H1401,,,,
,M1302,M1702,M1703,M1705,
,,,,,
,,,,,
,K1401,,,,
,M1301,M1302,,,
,M1801,,,,
,M1301,M1302,M1702,M1703,M1705
,M1302,M1702,M1703,M1705,
,,,,,
,,,,,
,M1403,,,,
,D1406,,,,
,,,,,
,I1304,I1310,,,
,,,,,
,M1202,M1204,M1205,,
,,,,,
,,,,,
,,,,,
,,,,,
,B1805,,,,
,H1206,,,,
,M1801,M1802,,,
,M1803,,,,
,,,,,
,M1802,,,,
,K1403,,,,
,M1101,N1301,N1302,,
,H1501,J1201,K2402,,
,M1403,,,,
,H1302,,,,
,H1206,K2105,L1202,L1508,
,K1403,,,,
,E1101,E1104,E1205,M1402,M1703
,M1801,M1802,,,
46T23302,F1606,L1503,,,
,D1406,M1204,M1503,M1704,M1705
,,,,,
,K1404,,,,
,M1802,,,,
,M1803,,,,
,K2401,M1801,M1802,,
,K1802,,,,
,M1801,M1802,M1805,M1806,M1810
,H1210,H1501,H1503,,
,M1402,,,,
16533101,J1506,,,,
16533101,J1506,,,,
16533101,J1506,,,,
,K1204,K1903,K2111,K2401,
50033615,D1208,,,,
,,,,,
,,,,,
56T23008,I1503,,,,
,I1503,,,,
36T23008,I1503,,,,
,,,,,
46T32201,E1205,E1305,E1306,,
40321114,A1405,A1414,,,
,E1205,,,,
,M1205,M1301,M1302,M1402,M1707
44633524,G1204,,,,
44633524,G1204,,,,
,K1601,K1903,K2401,,
,,,,,
25021023,A1301,A1303,A1406,H2502,K1802
25033522,G1203,G1204,,,
25022029,H1206,H1210,H1506,H3403,
25032315,E1104,E1205,L1302,L1304,L1508
2502002A,F1106,H1206,H1302,,
25012806,K1902,K1903,,,
25012817,K1501,K1902,K1903,,
25012814,K1902,,,,
,,,,,
25012812,K1902,,,,
,K1501,K1902,K1903,,
25012811,K1902,K1903,,,
,,,,,
25012813,K1902,K1903,M1501,,
25023044,F1201,F1604,,,
,K2502,,,,
25021024,A1301,A1302,A1303,H1301,
25021021,A1301,A1303,A1416,H2505,K1802
25021419,A1203,A1204,,,
25022022,H1210,H1404,H1503,,
,K1601,,,,
25031395,C1102,C1201,C1203,C1205,C1206
25031396,C1107,C1109,C1110,C1204,C1302
25011202,H1210,H1503,J1302,,
25011818,H1210,H1503,J1302,,
25023405,H2202,H2204,H2205,H2209,H2502
2503263A,F1107,M1808,,,
25022284,H1201,H1210,H1505,H2504,
25011601,H1206,H1210,H1303,H1503,
25022285,H1206,H1210,H2301,,
2503123G,C1102,C1201,D1401,D1406,D1407
25020149,H1206,H1209,H1504,I1302,I1304
25033009,K1201,K1302,K1304,K1403,
25011602,H1206,H1210,H1503,H1506,
25034413,K1704,K1706,K2502,,
25022282,H1210,H1404,H1503,H2301,
2503123A,D1401,D1406,D1503,,
25033005,G1203,G1204,,,
2503123D,C1102,C1201,C1206,D1401,D1406
2502001U,H1302,H1303,H1402,H1502,K2306
25034208,G1102,G1202,K1602,K1802,
25021112,A1301,A1302,,,
25021211,A1404,A1407,A1408,A1416,
2503123H,D1107,D1401,D1502,D1509,
25033450,,,,,
25033127,D1405,J1405,M1701,M1704,
2503123L,D1204,D1403,D1406,,
25033451,G1101,G1102,G1403,,
25033445,G1102,K1802,,,
25033453,D1406,G1102,,,
25032052,E1104,E1205,M1805,,
25012816,K1902,K1903,,,
2503123E,M1403,M1704,M1705,,
25032213,D1201,E1105,,,
25032514,K1601,,,,
25032316,E1104,,,,
25013201,D1401,H1204,H1205,,
2503263K,M1403,,,,
2503123F,D1401,M1707,N1202,,
25023062,F1106,F1201,,,
25023230,F1103,F1106,F1201,,
25023061,F1104,F1106,F1201,F1202,H1302
25023227,F1106,F1201,,,
25023407,A1205,D1407,F1103,M1102,
25021304,A1301,A1303,,,
2503263F,M1801,M1802,M1804,M1806,M1810
25033452,G1402,G1404,G1601,G1802,
25012815,K1902,,,,
2502001M,H1208,H1301,H1503,H1504,H1506
2503263H,M1805,,,,
2503261X,M1805,,,,
2503263G,M1805,,,,
2503263J,M1801,M1805,M1806,,
2503263D,M1805,,,,
25032515,E1103,E1106,K1601,,
25032104,E1106,,,,
25032513,K1601,,,,
25022028,H1206,H1402,H1502,H1503,H2502
25020153,H1206,H2502,I1102,I1302,
25025121,H1203,H1506,H2912,I1304,I1604
25031139,H1303,H1401,H1402,H1403,H1502
2502002W,H1201,H1203,H1206,H1404,I1102
25025313,H1206,H1404,H1502,H2502,I1102
2502001X,H1402,H1404,H2502,,
25022023,H1206,H1402,H1502,H1503,H2502
25020150,H1206,H1401,H1402,H1502,H2502
25022025,H1202,H1203,H1402,H2502,
25031394,C1501,C1503,C1504,,
25031390,C1501,C1503,C1504,,
25031393,C1501,C1502,C1503,C1504,
2503101A,K1201,K1204,M1302,M1604,M1605
,,,,,
25022767,F1103,F1106,F1201,H1102,H1206
2502001W,H1206,H1402,H1404,H1502,H2502
25025564,H1209,H1504,H2501,I1305,
25025562,H1206,H1209,H1402,H2604,
25025563,H1206,H1209,H1504,I1305,M1805
25025024,F1605,H1504,I1309,,
25033213,G1202,K1201,K1204,K1206,K1802
25034113,F1106,K1802,M1808,,
25033129,D1405,H1101,H1210,J1405,
25022160,H1502,J1402,M1401,,
25034347,H1302,K2306,,,
2502001Z,H1206,H1401,H1402,H1502,H2502
25034011,A1204,A1303,,,
25033130,D1405,D1406,,,
25024201,B1805,D1401,H1205,H2415,
,,,,,
25032050,E1103,,,,
25013402,K1206,,,,
25031549,K1801,K2101,K2111,M1501,M1503
25031548,M1501,M1502,M1503,,
25031438,M1202,M1203,M1205,,
25031436,M1202,M1203,M1205,,
25031440,M1202,M1203,M1204,M1205,M1207
25031437,M1202,M1203,M1205,,
25031439,M1202,M1204,M1205,M1207,
25031435,M1203,M1501,M1605,,
25031441,M1202,M1203,M1207,,
25031407,K1403,K1802,M1205,,
,,,,,
25033521,G1203,G1204,,,
25032103,D1402,E1106,E1402,,
25032054,E1103,E1107,,,
25032051,E1103,E1401,E1402,M1703,
25032053,E1103,E1401,E1402,,
25022026,H1203,H1206,H1402,H1404,H2502
25022001,H1206,H1210,H1506,H2907,H3403
25031099,D1407,M1205,M1605,,
25031144,H1401,H1403,M1101,N1301,N1303
25031140,H1401,H1403,M1101,N1301,N1303
2503123B,D1406,M1704,M1705,M1707,
25022763,F1106,H1102,H1206,I1102,
25033128,H1101,I1102,I1305,I1503,J1306
2502001Y,H1101,I1102,I1103,,
2502002V,H1402,H2502,I1102,I1304,
25020152,H1504,I1102,I1304,I1305,
2502002U,I1102,I1302,I1304,,
2502002T,H2503,I1102,I1304,I1309,I1310
25031143,,,,,
25031142,H1401,H1403,M1101,N1301,N1303
25031141,H1401,H1403,M1101,N1301,N1303
,K2104,,,,
56T31102,N4101,N4105,,,
33633502,G1204,,,,
23633502,G1204,K1802,,,
,H2912,,,,
25033215,K1201,K1207,K1801,K2111,
25033520,G1203,G1204,K1207,,
25033216,K1201,K1205,K1207,K1802,
25033214,K1201,K1204,K1205,K1207,K1802
25022769,D1407,F1106,I1306,,
25022281,D1405,H1210,H1503,H2301,
25022159,H1210,H2102,H2502,,
25033519,G1102,G1201,,,
25022770,H2701,I1102,I1304,I1306,I1308
25031550,K2102,K2111,,,
2503100C,J1502,K1403,,,
2502002S,H1301,H1302,H1303,I1503,
25033008,K1207,K1403,K1802,,
25021022,A1301,D1502,H1502,H2502,M1204
2503123J,M1101,N1301,N1303,,
25033514,K1206,K1602,K1802,,
25034349,H1303,K2301,,,
25022226,H1302,H1401,H1402,H1502,H2502
25011704,F1105,F1203,,,
25022768,H1206,H2502,H2701,,
2503123C,E1101,E1103,E1402,M1705,
25020151,H1202,H1208,I1102,I1302,I1307
25034010,K1401,K1802,,,
,,,,,
25031098,D1402,M1101,M1703,M1704,
25022027,H1206,H1210,H1503,H2504,H2701
25032055,E1103,E1107,K1602,L1302,L1509
,B1806,,,,
,B1806,,,,
56T31101,N4101,N4105,,,
,M1402,,,,
,M1402,,,,
13533137,H1206,J1306,K2402,M1805,
,A1303,,,,
,K1601,K1602,K2401,,
,G1203,G1204,,,
,,,,,
,H1203,H2911,,,
,J1502,K1403,M1801,M1802,
,F1103,F1106,I1102,,
,G1204,,,,
,H2904,H2905,,,
,I1309,,,,
35533509,,,,,
46321406,A1201,,,,
56333502,A1101,A1407,,,
,,,,,
,M1801,M1802,M1803,M1805,M1806
,H1206,H2502,M1302,M1402,
,F1106,H1206,M1302,M1402,M1803
1703260F,M1803,M1804,M1805,,
1702010G,H1402,H1502,H2502,I1102,
1702300S,H1206,H1402,H1502,,
17022502,H1206,H1402,H1502,H2502,H3203
17025515,H1102,H1206,M1301,M1302,M1402
,,,,,
,,,,,
17022101,H1206,H1302,H1402,H1502,H2502
17025013,H1206,H1209,M1802,M1805,M1806
,N4102,,,,
1702010S,H1206,H1402,K2402,M1805,
17025505,H1203,H1402,H1502,H2502,I1102
,,,,,
,M1207,,,,
,H1206,M1102,,,
,,,,,
,I1310,,,,
,H1206,H1401,H1402,M1402,M1802
,K1303,,,,
36T31203,D1402,D1407,,,
16X32018,E1103,M1705,,,
,H1206,,,,
,H1302,H1303,H1502,M1402,
36T25101,H1404,,,,
46T25103,H2503,H2504,,,
46T33101,J1405,,,,
46T25403,H1203,,,,
56T25302,H2902,,,,
16X32009,E1103,E1402,,,
40031212,D1408,M1601,N2201,,
40031213,D1403,D1408,,,
40031214,D1403,D1408,,,
36T31205,D1408,M1401,M1704,,
,K2105,,,,
,,,,,
16X31023,M1101,M1102,N1301,N1302,
16X32027,E1104,,,,
,,,,,
,H1302,,,,
,M1102,,,,
56T23408,H2207,H3203,I1601,,
56T25106,H2901,H2909,,,
46T25001,I1402,,,,
36T22201,H1210,H1303,H1503,H1506,
56T22705,I1306,,,,
36T23201,F1202,,,,
,G1204,G1403,M1503,,
56T32601,I1401,,,,
36T32001,G1202,K2111,,,
1703260G,M1302,M1802,M1804,M1805,M1806
,,,,,
,,,,,
,,,,,
,,,,,
17022004,H1206,H1302,H1502,,
,,,,,
,,,,,
1702300H,F1103,F1106,F1201,,
1702300H,F1103,F1106,F1201,,
13512010,K1403,M1205,M1402,,
13531260,C1202,M1204,M1207,M1302,M1403
,H1401,H1402,H1502,H2502,
13511304,A1202,A1301,K1802,K2402,
13512607,K1602,K1802,K2401,,
,,,,,
13532503,K1601,K1602,,,
13513202,B1101,E1205,K2105,K2401,L1302
13513302,K2105,L1203,L1204,L1301,L1302
,B1101,E1104,G1202,K2105,
13513005,G1202,K1602,K2105,L1302,
,,,,,
13511822,A1303,H1206,K1404,K2402,M1808
,K1601,K1602,K2107,K2402,
,,,,,
,J1201,K2402,,,
13511819,H1206,K1404,K2402,,
13521004,A1303,H1206,H1505,H2502,H2504
13533116,H1206,K2402,,,
,H1206,H1402,K2402,,
13511419,H1206,M1805,,,
13532303,L1302,L1304,L1505,L1507,
13512012,K1404,K1602,K1802,K2401,
13532048,E1103,E1106,K1404,K1802,M1403
,,,,,
,B1201,B1302,B1402,B1602,K1602
,E1103,E1105,E1106,L1302,L1303
,E1103,E1105,E1106,E1305,G1202
13513201,B1101,E1104,E1205,L1510,M1803
,K2105,L1201,L1301,L1302,L1303
13512305,K2401,M1401,M1403,,
13513402,B1101,B1805,E1104,H1204,
13533318,K2101,K2106,K2401,,
13533524,K1206,K1404,K1802,L1302,L1303
13512828,,,,,
,K1903,,,,
,K1401,K1903,M1403,,
,M1801,,,,
,E1106,K1401,K1602,K2111,
13511009,H1204,H1206,H1302,M1402,
,K2401,,,,
,M1402,M1502,,,
,K2401,,,,
,A1204,A1303,K2109,K2111,K2402
13531278,E1105,E1106,K1206,K1207,L1302
,A1204,A1303,K1404,K1802,M1808
13512007,E1103,K1404,K1903,K2401,M1403
13512009,K1201,K1404,K1802,K2111,K2401
13512861,K1404,K1501,K1504,,
13533316,E1108,G1202,K2103,K2111,
13512109,A1303,G1102,K1602,K1802,M1808
13512110,K1404,K1802,M1808,,
13512105,K1404,M1403,M1808,,
13534006,K2401,M1403,M1404,,
13511301,F1105,F1106,F1201,F1202,F1203
13534336,A1204,A1303,H1302,,
13534123,G1102,K1401,K1404,K1802,M1403
13512606,E1103,K1601,K1602,K2401,
,E1103,E1106,K2401,,
13513404,D1201,G1102,K1602,K1802,
13512605,E1103,E1106,K1602,K1802,K2401
,E1103,K1601,K1602,K2107,K2401
13532046,E1103,E1105,E1106,K1206,
,H1206,H1210,H1502,K2402,
13513403,E1103,E1402,K1206,K1602,L1302
1353261J,M1801,M1802,M1803,M1805,M1806
13533125,H1206,H1401,H1501,H1502,H2502
,L1504,L1505,L1507,L1508,
1353103T,H1206,K1802,M1402,M1403,M1703
13513623,E1103,E1108,M1403,M1705,M1707
13513619,E1103,E1106,E1108,K2111,
13513007,E1106,K1206,,,
13513006,E1106,K1601,K1602,K2107,
,K1206,K1601,K1602,,
,,,,,
13511420,H1206,M1201,,,
13511417,C1105,H1210,M1201,M1403,
13511416,H1206,K2402,M1201,M1403,M1805
1353261P,G1201,M1206,M1403,M1805,M1806
1353261M,M1801,M1802,M1805,M1806,M1810
13532204,E1104,E1105,E1305,K1601,K1602
13524001,B1805,D1406,E1103,M1705,M1706
,E1106,K1602,K1802,K2401,
,K2401,,,,
13512608,G1102,K1601,K1602,K2401,
,,,,,
13534205,K1206,K1602,K1802,L1302,
13513301,K1601,K2105,K2401,L1202,L1303
13522109,H1206,H1502,H2502,K2502,M1703
1353261T,H1206,M1802,M1803,M1805,
13534207,K1601,K1602,,,
13533136,H1206,H1210,K1402,M1401,M1404
13512701,J1102,J1502,J1506,K1104,K2108
13511510,K2402,,,,
,,,,,
,K1103,K1104,K2401,,
13534335,H1302,H1303,H1403,H1502,M1402
13533121,J1502,K1301,K1302,K1403,
13533127,J1502,K1205,K1402,K1403,K2402
13512406,E1103,H1206,,,
13511008,A1204,A1303,A1404,K2402,M1808
13511710,F1105,F1203,H1302,K2306,K2402
13511306,A1204,A1303,H1302,K2301,
13533310,K1401,K1403,K2101,K2111,
13511302,H1206,H1302,H1501,K2402,M1809
,K1601,K2107,K2108,K2401,
13533520,G1204,K2102,,,
13511305,A1303,H2502,K1404,K2402,M1402
13512314,K1201,K1206,K1802,K2401,M1403
13513303,G1202,K2105,L1301,L1303,
,E1103,K1206,K2106,K2107,K2401
,E1103,K1206,K2106,K2107,K2401
13533414,G1102,G1301,G1402,K1802,
13533129,H1206,H1302,H1502,K2402,
13513621,E1104,E1108,H1207,K1601,
,H1206,K1601,M1802,M1803,M1805
13525003,K1802,N1301,N4201,N4202,N4401
13534122,C1503,K1401,K1404,K1802,M1403
13512008,H1302,K1404,K1802,K2302,M1403
56T22706,I1306,I1308,,,
46T22709,I1306,I1308,,,
46T23301,F1604,F1606,F1611,,
36T23301,F1201,,,,
36T23003,F1201,,,,
36T23203,F1103,F1106,F1108,F1201,
46T23201,F1701,F1703,,,
46T23202,F1202,,,,
,,,,,
,,,,,
,,,,,
,,,,,
,G1601,,,,
56T33403,G1501,G1502,,,
46T33406,G1202,,,,
46T33405,G1201,,,,
50033617,B1701,,,,
,M1801,M1802,,,
,M1801,M1802,,,
,J1102,K1403,K1701,,
,J1102,K1403,K1701,,
,F1203,F1402,F1704,,
,F1203,F1402,F1704,,
,M1804,,,,
,K1403,,,,
,H2701,,,,
,C1205,,,,
,M1803,M1804,M1807,,
17020105,H1102,H1206,H1402,I1102,
,C1503,K1404,K1405,K1802,K2302
17020106,H1206,I1102,M1805,,
1702010Z,H1206,H1402,H1502,H2502,I1102
1702010R,H1206,H1401,H1402,H2502,
,H1206,M1801,M1802,M1804,M1805
,H1206,H2502,H2701,K2304,
,H1206,,,,
46T31102,N1201,N4203,,,
50022141,D1104,,,,
,A1410,,,,
56T3110C,N4104,N4105,,,
46321219,K2306,,,,
46321006,A1101,,,,
32023109,F1105,F1203,,,
32033426,G1301,G1303,,,
,,,,,
,,,,,
,,,,,
,,,,,
,,,,,
,,,,,
,,,,,
,,,,,
,,,,,
,,,,,
56J33502,G1202,G1203,,,
,,,,,
46T33404,G1703,,,,
56T22101,G1602,,,,
,M1801,,,,
,,,,,
,,,,,
45321205,A1408,,,,
40132208,B1402,,,,
46T25105,B1604,,,,
40123304,E1205,E1306,I1201,,
40123305,E1205,E1306,I1201,,
56T24201,H2402,,,,
32032613,M1801,M1805,M1810,,
32032614,M1801,M1805,M1810,,
17020050,H1206,H1502,H2502,I1102,
,H1302,H1303,H1502,M1402,
,A1504,K2402,,,
,,,,,
,,,,,
,A1504,H1501,J1201,K2108,K2402
,A1504,,,,
,A1504,,,,
,A1504,,,,
,A1504,,,,
,A1504,H1206,H1501,J1201,K2402
,A1504,,,,
,A1504,,,,
,A1504,,,,
,A1504,,,,
,A1504,,,,
,A1504,,,,
,A1504,,,,
,A1504,,,,
,A1504,,,,
,A1504,,,,
,A1504,,,,
,A1504,,,,
,A1504,H1206,H1501,J1201,K2402
,A1504,,,,
,A1504,,,,
,A1504,,,,
,A1504,,,,
,A1504,H1206,H1501,J1201,K2402
,A1504,,,,
,,,,,
,,,,,
,,,,,
56T31203,B1604,D1214,,,
56T25407,H3404,I1606,,,
26031403,M1203,M1204,,,
16031401,M1202,M1205,M1206,M1207,M1404
45033609,D1208,,,,
50033616,D1202,,,,
,M1201,M1202,M1204,M1205,M1206
,H1206,I1102,,,
,,,,,
,,,,,
,,,,,
,,,,,
,,,,,
,,,,,
,,,,,
,,,,,
,,,,,
,,,,,
,,,,,
,,,,,
,,,,,
,,,,,
,,,,,
,,,,,
,,,,,
,,,,,
,,,,,
,,,,,
,,,,,
,,,,,
,,,,,
,,,,,
,,,,,
,,,,,
,,,,,
,,,,,
,,,,,
,,,,,
,,,,,
,,,,,
,,,,,
,K1903,,,,
46X33102,D1408,,,,
43013303,L1201,,,,
40033604,D1202,,,,
36T23001,F1106,F1108,,,
36T23005,F1106,F1108,,,
26T23001,F1104,F1106,,,
46T23002,F1108,,,,
36T23006,F1104,,,,
56T23001,F1108,,,,
46T34401,K2503,,,,
46T33202,K1203,,,,
36T32403,C1502,C1504,,,
46T33408,G1503,,,,
56T33402,G1803,,,,
40321407,D1209,,,,
50023326,F1604,F1703,,,
50023119,F1704,F1705,,,
50023325,F1608,,,,
46321220,A1407,,,,
46321221,A1410,,,,
36T3110C,N4202,N4204,,,
16533101,J1506,,,,
46321222,A1407,,,,
46321224,A1411,,,,
46321223,A1410,,,,
44633524,G1204,,,,
40025011,A1415,I1605,N3102,,
45321403,A1203,,,,
40021304,N3202,,,,
40025010,I1605,,,,
50021308,I1605,N3102,,,
40031112,N3202,,,,
17032625,M1801,M1802,M1803,M1805,M1806
40033006,G1202,G1203,K1204,K1206,K1207
,C1303,D1402,M1202,M1205,M1302
,G1402,M1402,,,
16531222,M1204,M1302,M1503,M1704,M1707
26531202,D1401,D1403,M1404,M1701,M1705
17022103,G1601,H1206,H1302,K1205,M1703
1701170E,F1105,F1106,F1203,F1302,M1808
17034304,H1206,H1302,H1401,H1501,H1502
25011503,F1106,H1206,H1302,,
,L1304,,,,
,L1203,,,,
16531006,M1201,M1205,M1302,M1402,M1703
13511010,E1104,K2101,K2102,K2402,M1805
,E1106,K1404,K1602,K2108,K2401
,,,,,
,K2401,,,,
50023222,F1701,,,,
50023327,F1606,F1609,,,
17025202,H1206,H1402,H2502,,
17011501,H1206,H1402,H2502,,
,,,,,
,,,,,
,,,,,
,,,,,
,D1211,,,,
,,,,,
,E1106,K1601,K1602,K2401,
,,,,,
,,,,,
,,,,,
,I1604,,,,
,,,,,
,,,,,
,,,,,
,,,,,
,,,,,
,K1401,K1601,K1602,K2401,
,,,,,
,,,,,
,,,,,
1353261U,M1801,M1803,M1804,M1805,
,K1404,K1802,K2108,K2401,M1403
,,,,,
,,,,,
,,,,,
,,,,,
,,,,,
,,,,,
,J1408,,,,
43321005,H1302,,,,
43020003,F1101,H1302,,,
1702270F,F1103,F1603,H2701,I1306,I1308
17022710,H1102,H1206,H1302,H2502,I1102
17025116,H1401,H1402,H1502,H2502,I1102
1702550X,H1206,H2502,I1102,M1805,
,H1206,H2502,,,
,H1206,H1402,H2502,,
17032617,M1801,M1802,M1803,M1805,M1806
17020042,H1206,H1402,H2502,,
,,,,,
,,,,,
13511011,A1303,H1302,K1401,K1404,M1402
,F1106,,,,
50031224,D1106,D1107,D1214,,
46321220,A1407,,,,
46321222,A1407,,,,
46321221,A1410,,,,
46321224,A1411,,,,
46321223,A1410,,,,
,I1309,I1604,,,
,G1204,,,,
,G1204,,,,
17020103,H1206,H2502,M1805,,
,E1103,E1106,K2108,K2401,
,K1401,K1402,K1404,M1402,
,N1301,,,,
,K1104,,,,
,K1104,K2112,,,
36X25202,D1404,,,,
,,,,,
,,,,,
,,,,,
,,,,,
,,,,,
,,,,,
,,,,,
,K1403,M1402,,,
,,,,,
,,,,,
,,,,,
,,,,,
,,,,,
,,,,,
17020102,H1206,M1802,M1805,,
17011402,C1105,H1206,K2402,M1201,M1403
17032619,H1206,M1803,M1804,M1805,M1806
,,,,,
,,,,,
,K1802,,,,
,,,,,
,,,,,
,F1101,I1101,,,
,H1302,,,,
,E1103,,,,
,H1102,,,,
,H1206,,,,
,H1302,I1503,,,
,K2306,,,,
,M1403,,,,
,,,,,
,K1404,,,,
,H2502,M1805,,,
,M1804,,,,
,I1304,,,,
,H2502,M1805,,,
,F1101,I1101,,,
40122318,B1603,,,,
40122317,B1603,,,,
40124107,B1804,,,,
,K1802,,,,
,H1102,,,,
,H1206,,,,
,H1206,,,,
,J1101,,,,
,H1206,,,,
,H1206,,,,
40123410,B1501,,,,
40125401,B1501,,,,
40123411,B1501,,,,
,A1203,,,,
16020002,E1104,F1102,H1204,M1402,M1705
,K1207,,,,
,M1802,,,,
,M1705,M1707,,,
,,,,,
,,,,,
,,,,,
,,,,,
,M1805,,,,
,M1301,,,,
,,,,,
,M1805,,,,
,K1404,,,,
,M1301,M1402,M1707,,
,,,,,
,H1204,,,,
,M1803,M1804,,,
,M1202,M1204,,,
,M1301,,,,
40031113,N3202,,,,
,H2102,,,,
,D1404,D1406,I1604,M1703,M1707
,M1707,M1803,,,
,D1406,M1703,M1707,,
,M1803,M1804,M1807,,
,C1207,C1401,M1701,M1704,M1707
,D1406,H1102,H1402,M1302,
46T25104,H1203,,,,
56T24304,B1802,,,,
56T25408,H2913,,,,
,,,,,
,,,,,
46T34301,H1303,I1503,K2306,,
40030004,D1401,M1203,M1501,M1607,
56T25301,H2901,,,,
56T25409,H2913,,,,
56T25402,H2914,,,,
,D1406,M1703,M1707,,
56X33501,G1203,G1204,,,
46321107,A1414,,,,
46321107,A1414,,,,
46321107,A1414,,,,
,F1202,,,,
,F1702,,,,
,F1702,,,,
,F1202,F1701,,,
,I1302,I1309,,,
32025520,H1101,H1209,H1504,I1307,I1309
32034401,K2503,,,,
32022106,H1503,,,,
,,,,,
,,,,,
,A1303,H1302,H2701,K1802,
,K1802,K2306,,,
,M1802,,,,
,M1607,,,,
,D1105,D1106,M1101,,
,M1203,,,,
,M1805,,,,
,M1705,,,,
40031114,N1201,N3201,N3202,,
,B1802,,,,
,,,,,
56T25104,H2903,,,,
46T25402,H2902,,,,
43033104,M1609,,,,
,,,,,
43020009,H1503,,,,
,,,,,
,H1204,,,,
47010019,,,,,
,G1602,G1703,G1802,,
16X31227,E1104,M1703,M1704,M1705,M1707
,F1101,F1102,F1104,F1106,F1108
,,,,,
,,,,,
,,,,,
,,,,,
,,,,,
,,,,,
,,,,,
1702010M,H1401,H1402,H1502,H2502,M1802
,,,,,
,,,,,
40033104,J1410,,,,
17023203,C1503,F1103,F1106,F1201,
,H1102,H1206,H2501,H2502,M1805
,H1102,H1206,H1402,H2502,M1805
,H1206,H1302,M1701,M1705,M1707
,A1303,F1105,H1206,K2301,M1808
17032616,M1801,M1802,M1805,M1806,
,F1103,H1102,H1301,I1101,I1203
,H1206,H1502,K1403,M1803,N1301
,H1208,M1801,M1803,M1805,M1806
26X31534,M1203,M1501,,,
17020049,H1102,H1206,H1502,M1402,M1802
,H1404,,,,
26X32070,E1103,E1401,E1402,,
,,,,,
,,,,,
,,,,,
50022142,G1603,G1803,H2102,,
17023002,F1105,F1106,F1201,,
1702550L,H1206,H2502,M1805,,
17022010,H1206,H1502,H2502,I1102,M1102
17033105,M1802,M1805,M1806,,
,,,,,
1703260X,M1802,M1803,M1804,M1805,M1806
1702510M,M1802,M1803,M1805,M1806,M1808
17023201,F1103,F1106,F1201,,
1703260W,H1206,H2502,M1805,,
1702000H,,,,,
,E1205,H1206,I1401,M1803,
15531502,M1402,M1502,M1503,,
15531008,E1103,E1401,M1703,M1705,M1707
15512201,M1201,M1205,M1403,,
50023446,F1501,F1503,,,
15531304,C1205,C1303,,,
15532102,E1101,E1102,E1104,E1105,E1106
15531203,E1103,E1401,M1703,M1705,M1707
15512202,K1401,M1401,M1402,M1403,N1301
17020045,H1206,H1401,H2502,M1806,N1301
15531401,M1201,M1202,M1204,M1205,M1402
15532601,E1101,E1103,E1401,M1402,M1702
,H1102,K2401,M1201,M1402,M1403
15531302,C1202,C1205,C1303,M1201,M1205
,H1206,H1302,H1502,H2501,H2502
46T23304,F1202,,,,
,H1102,H1206,K2402,M1402,M1806
,H1102,M1302,M1402,M1703,N1301
1702010V,H1206,M1802,M1805,M1806,
,F1108,F1501,H1206,H2201,M1301
46T32603,F1104,,,,
36T32605,F1106,M1804,,,
46T25506,I1307,,,,
16X32202,E1103,E1104,E1105,E1106,
,J1408,,,,
36X32501,K1601,,,,
,K1801,,,,
16X31408,M1204,,,,
17011401,M1403,M1805,,,
17023101,C1503,F1103,F1105,F1106,F1201
,H1101,H1102,H1206,M1705,
43013304,L1202,,,,
43013305,L1203,,,,
,H1203,H1206,H1402,H1502,I1102
17011502,H1206,H1502,H2502,,
,H1206,H1302,H1401,H1502,H2502
17020004,H1302,H1401,H1502,H2502,I1102
1702300T,F1106,H1206,K2302,M1808,
1702010U,H1206,M1804,M1805,,
26C20005,,,,,
,B1302,,,,
,D1213,H2903,,,
,N1301,N1302,,,
56X34401,K2503,,,,
26X31504,M1502,M1503,,,
16X31003,D1402,M1707,,,
16X32642,E1101,E1104,E1205,M1802,M1805
1702300M,C1503,F1103,F1106,F1202,F1204
,B1802,H2414,,,
46X21202,A1301,A1407,A1416,A1502,
,,,,,
,,,,,
,,,,,
,,,,,
,,,,,
,,,,,
,,,,,
,,,,,
,,,,,
,B1301,D1201,K1601,K1602,M1301
,B1301,D1201,K1601,K1602,M1301
,,,,,
,B1301,D1201,K1601,K1602,M1301
,B1301,D1201,K1601,K1602,M1301
,B1301,D1201,K1601,K1602,M1301
,B1301,D1201,K1601,K1602,M1301
,N3101,N3102,,,
,,,,,
,,,,,
46321222,A1407,,,,
17025302,H1206,H1402,H1404,H2502,N1301
46321223,A1410,,,,
46321224,A1411,,,,
,,,,,
,,,,,
,G1204,,,,
,G1201,G1203,G1205,,
,D1211,I1310,K1701,,
,H1206,H1402,H1502,H2502,K2402
,N2102,,,,
,A1303,F1103,H1206,H2701,
,H1102,H1206,H1501,H2502,
,F1103,F1106,F1204,,
17022702,H1102,H1206,,,
46321108,A1414,,,,
46321108,A1414,,,,
,K1701,N1101,N2201,,
,I1304,I1310,K1701,,
,N2201,N2204,,,
,N2201,N2204,,,
45321104,A1405,A1414,,,
,L1202,,,,
,H1504,K1701,M1801,M1810,
,F1605,I1305,I1307,K1701,
,I1305,I1307,M1801,M1804,
,K1601,M1402,M1403,M1404,M1807
,K1601,M1402,M1403,M1404,M1807
,M1801,M1802,M1804,M1805,M1806
,M1801,M1802,M1804,M1805,M1806
,M1801,M1802,M1804,M1805,M1806
,H1206,M1403,M1805,,
17020012,H1402,H2502,H2503,I1102,I1304
17011602,H1101,H1102,H1206,H1402,H2502
,M1301,M1302,M1402,,
16N32001,E1103,M1402,M1403,,
,K2103,,,,
16X31401,M1201,M1205,M1402,,
,H1206,H1402,H2502,,
,,,,,
,,,,,
15524201,B1805,H1205,M1403,M1702,M1703
16X22704,H1101,H1302,H1402,H1502,H2502
,,,,,
,,,,,
,,,,,
,,,,,
,,,,,
,,,,,
26X31541,M1502,M1503,,,
26X31021,M1101,M1202,M1204,M1205,M1302
26X24203,D1503,D1506,M1101,M1703,M1705
26X31516,M1502,M1503,,,
,B1101,G1202,G1203,,
46X25505,I1307,,,,
,G1802,G1803,,,
,K2503,,,,
,,,,,
13513624,D1406,M1703,M1707,,
,,,,,
,K2402,,,,
,,,,,
,L1203,,,,
35532402,M1604,M1605,M1607,,
,G1204,,,,
,K2108,M1201,M1205,,
13533138,J1502,K1403,M1402,,
36X31103,N1201,N1202,,,
36X31303,C1504,,,,
,K1601,K1602,K2401,,
25012818,K1902,K1903,,,
,M1807,M1808,N2102,N2204,
,M1202,M1204,,,
,A1403,A1501,K2305,,
25012820,K1201,K1207,K1403,,
,A1204,A1501,K2305,,
,M1607,,,,
,F1602,F1605,I1302,I1309,
,K2101,,,,
,K1702,K1703,K1704,K2502,K2503
,K1704,K2502,K2503,,
,F1602,F1605,I1302,I1309,
,K1706,K1707,K2503,,
,K1706,K1707,K2503,,
,I1306,I1308,I1605,,
,A1408,K2502,K2503,,
,H2504,I1102,I1304,I1605,
,H1302,H1303,,,
,H1404,I1102,K1701,,
,N1303,,,,
,N2202,,,,
,N2202,,,,
,N2202,,,,
,N2202,,,,
,N2202,,,,
,H1302,K1702,K1704,K1705,
,H1302,K1702,K1704,K1705,
,E1103,E1108,G1101,G1201,M1807
,K1801,,,,
,G1202,G1203,G1204,,
,G1204,,,,
25033303,K1801,K2101,K2102,K2111,M1502
,F1605,I1307,I1401,M1801,
,H1210,H1303,H1503,,
56T31103,N1103,,,,
56T31105,N1101,,,,
,,,,,
,,,,,
,,,,,
,,,,,
,,,,,
,,,,,
,,,,,
,,,,,
,,,,,
,,,,,
,,,,,
,F1607,,,,
56X33001,K1302,,,,
36X31203,D1401,D1402,D1403,,
26X31507,M1501,M1502,M1503,,
26X23003,F1102,,,,
,J1502,K1201,K1203,K1207,
26X32019,E1103,E1104,E1205,M1805,
16X31228,M1101,M1102,,,
16X31205,M1705,M1707,,,
16X31101,H1401,M1102,N1301,N1302,
16X32643,E1104,M1705,M1805,M1806,
56T33002,J1301,K1302,,,
36T32402,D1401,,,,
26X24207,B1803,H1205,H2505,,
56X23202,F1501,F1611,F1613,F1703,
36T31502,M1501,M1502,,,
46X33003,D1203,D1208,,,
36Q33401,G1101,G1301,G1303,,
,K1301,,,,
26031038,D1402,M1204,M1704,M1705,M1707
26031033,D1402,M1204,M1703,M1704,M1705
13531277,D1301,D1402,D1406,D1501,
,,,,,
,M1205,M1301,M1302,M1402,M1707
,,,,,
13512242,K1401,K2401,M1403,,
16031207,D1402,H1102,M1102,M1703,
1353103U,M1402,M1403,M1704,N1301,
,E1103,K1404,K1802,K2401,
26531020,D1402,M1204,M1704,M1705,M1707
26031043,D1402,M1204,M1704,M1705,M1707
16031005,M1205,M1302,M1402,M1503,M1705
13511421,M1403,M1805,M1810,,
26031035,D1402,M1204,M1704,M1705,M1707
,,,,,
,,,,,
,,,,,
,,,,,
,,,,,
,,,,,
,G1204,,,,
,K2402,,,,
,,,,,
,,,,,
,,,,,
,M1302,,,,
,,,,,
,K2401,K2402,,,
,K2401,K2402,,,
,K2401,K2402,,,
,G1204,,,,
,K2402,,,,
26031036,D1402,M1204,M1704,M1705,M1707
16032001,E1103,E1106,E1401,E1402,
26031224,D1406,E1103,M1705,M1707,N1202
26031215,D1402,D1406,E1101,E1205,M1705
46T3120A,D1301,D1502,D1503,,
16531224,M1102,M1205,M1302,M1503,M1707
3551180B,D1407,H1210,H1404,H1503,H2301
,E1102,E1103,E1108,K2401,
,K1903,,,,
,K1401,K1404,K1802,K2401,M1403
36T3110D,N1201,N1202,N4201,N4203,
13534208,E1106,G1202,K1601,K1602,L1302
,K1401,K1404,K1802,K2401,M1403
,D1407,M1204,M1704,M1705,M1707
,M1302,M1705,M1707,,
13533130,D1407,H1101,H1206,,
,C1202,C1204,C1301,C1303,M1201
36T3110E,N1201,N1202,,,
,E1401,M1402,M1703,M1704,M1705
,,,,,
,K1404,M1402,,,
,M1402,,,,
,,,,,
16531010,H1102,H1206,M1201,M1402,M1803
26031217,D1402,M1204,M1704,M1705,M1707
26031219,D1402,M1204,M1704,M1705,M1707
26031034,D1402,M1204,M1704,M1705,M1707
,M1201,M1402,M1705,M1707,
,,,,,
35523002,F1106,F1201,F1202,,
,,,,,
,,,,,
,,,,,
,G1204,,,,
16X22501,H1206,H1302,H1402,M1703,
26X32016,E1103,E1107,E1402,G1201,G1301
16X20022,H1204,H1206,M1402,,
16X31046,H1102,H1206,M1402,M1703,M1705
26X32046,E1101,,,,
,L1506,,,,
,K1901,,,,
26X32021,E1103,E1104,E1401,E1402,
26X20003,H1206,H1402,H2504,,
,G1206,,,,
,A1403,A1409,,,
,A1409,,,,
,M1801,,,,
46X33604,K1103,,,,
16X31325,C1205,C1501,C1503,,
,,,,,
,,,,,
,,,,,
,,,,,
13512239,C1101,C1105,C1202,M1201,M1403
,,,,,
,G1204,,,,
,,,,,
,,,,,
,E1205,L1304,L1510,,
,K1103,K1104,K1207,K2111,K2401
,K1104,K1207,K1801,K2112,K2401
,,,,,
,A1501,K1103,K1104,K1207,K2111
,,,,,
,,,,,
,K2401,,,,
,E1103,E1105,E1305,K1601,K2104
,K2401,,,,
,K2401,,,,
,K2401,K2402,M1808,,
96499901,N3102,N3103,,,
20532619,,,,,
,,,,,
56T23006,I1502,,,,
,K2402,,,,
46T23401,F1104,F1106,,,
,M1805,,,,
,,,,,
,L1202,L1302,L1304,L1507,L1508
,E1106,K2401,L1103,L1302,L1304
,L1101,L1103,L1202,L1304,
,,,,,
,L1101,L1103,L1202,L1301,L1302
,B1101,E1104,E1205,,
,J1202,,,,
10033101,J1202,,,,
56T34302,K2303,K2304,,,
,H1102,H1206,H1401,H1402,M1805
26X23304,F1102,,,,
26X32331,E1201,E1203,,,
56T2520A,I1604,,,,
,M1205,,,,
,L1509,,,,
16X31326,C1202,C1203,M1201,M1205,
16X20007,H1204,,,,
16X31522,M1402,M1502,M1503,,
46T25101,H2503,H2912,,,
16X31233,D1402,D1406,M1704,M1707,
,,,,,
36C32603,E1104,E1205,E1402,M1801,M1805
56C31201,D1505,D1507,N1103,,
,J1411,,,,
40322108,D1106,,,,
16X31327,M1202,M1204,,,
,,,,,
,,,,,
,,,,,
,,,,,
,,,,,
,,,,,
,,,,,
,,,,,
,,,,,
,J1502,J1506,,,
,B1603,,,,
36Q2300A,F1104,F1106,F1108,F1201,F1202
,B1101,G1202,L1203,L1204,L1503
,K1302,K1305,,,
,L1504,L1506,,,
,L1201,,,,
,K2105,L1201,,,
,K2105,L1201,,,
,,,,,
,N2202,,,,
,N2202,,,,
46T34302,I1503,K1705,,,
36T34301,F1201,F1202,I1503,K1705,
,,,,,
26033107,J1306,,,,
15512804,E1103,K1401,K1405,M1402,M1403
93213609,K2111,,,,
93213610,K2111,,,,
93213605,K2111,,,,
93213606,K2111,,,,
93213607,K2111,,,,
93213604,K2111,,,,
93213601,K2111,,,,
93213602,K2111,,,,
93213603,K2111,,,,
93213604,K2111,,,,
,M1707,M1802,,,
,F1202,F1704,I1101,,
1702270C,H1102,H2701,,,
,M1801,M1802,,,
,M1301,M1302,,,
,H1206,,,,
,,,,,
,H1206,N1301,,,
,I1306,,,,
,K2111,,,,
,I1401,M1807,M1810,,
,F1105,F1107,M1808,M1809,
,I1302,I1304,I1310,,
,I1302,I1304,I1310,,
,M1805,,,,
16X31240,E1103,M1402,M1703,M1705,M1707
,M1503,,,,
,M1702,M1703,M1705,,
,H1102,,,,
,M1805,,,,
,M1705,M1707,,,
,C1204,M1201,,,
,M1201,,,,
,M1705,,,,
,M1707,,,,
16X32604,M1802,M1803,M1805,M1806,
16X31328,C1205,C1207,C1303,C1501,C1504
26X32614,M1801,M1805,M1810,,
,J1502,K1403,K1404,,
,F1202,,,,
46E34301,I1304,K2306,,,
,F1202,,,,
,F1202,,,,
36X32325,L1507,L1510,,,
,F1201,,,,
,E1104,E1205,,,
26X31209,M1707,,,,
56T22504,I1601,,,,
56T25206,I1605,,,,
46T22706,F1603,,,,
36T20105,I1302,I1304,,,
,G1403,,,,
,H1204,H1206,H2502,,
36X31501,M1203,M1501,,,
,K1903,,,,
,,,,,
,H1505,,,,
16X33102,H1102,H1502,K1601,M1402,M1705
,,,,,
,,,,,
,,,,,
,,,,,
,,,,,
,,,,,
,,,,,
,,,,,
46T25505,F1104,H1202,,,
56T22702,F1603,,,,
46T25504,I1307,,,,
,M1102,N1302,,,
,M1805,,,,
,M1102,N1302,,,
,,,,,
,M1805,,,,
,J1408,,,,
36T33404,G1404,,,,
17022705,H1102,H1206,H2502,I1102,
25112801,K1501,K1706,K1902,M1101,
25112802,K1102,K1902,K1903,M1203,M1501
25112803,C1401,C1504,K1902,K1903,M1203
25133501,G1202,K1204,K1206,K1207,K1802
25133201,K1101,K1201,K1205,K1207,K1801
25133202,K1101,K1102,K1203,K1207,K2111
25134001,K1204,K1205,K1802,K2302,
25133001,K1201,K1403,,,
25122201,H1207,H1210,H1301,H1503,
1703260H,M1802,M1804,M1805,M1806,M1810
25122202,H1206,H1210,H1503,H2301,
25122203,H1206,H1210,H1301,H1503,
25122204,H1206,H1207,H1210,H1503,H2301
25121001,A1301,A1302,A1416,D1407,H1210
25133102,D1405,G1404,H1210,H1503,J1402
17022701,H1101,H1102,H1206,H1210,H2502
25122101,H1206,H1303,H1502,H1503,H2502
25134301,H1210,H1303,H1503,K2302,K2306
25133101,H1206,H1210,H1503,H2502,J1302
25122205,H1206,H1207,H1210,H1404,H2301
25122206,H2102,H2301,H2504,H2701,K2306
25122207,H1302,H1303,H1503,H2301,K2306
,K1901,,,,
,K1901,,,,
25123001,F1106,F1108,F1201,F1202,I1101
,,,,,
25122701,F1106,F1108,F1201,F1202,I1101
,M1207,,,,
25123002,F1106,F1108,F1201,F1202,I1101
,,,,,
25123003,F1106,F1108,F1201,F1202,I1101
,M1705,,,,
,,,,,
25120101,H1208,H1209,H1504,I1302,M1805
25125001,H1202,H1209,H1210,H1504,I1304
25132601,H1202,H1209,H1504,I1305,M1805
25120001,H1101,I1102,I1304,I1309,I1310
25120002,H1101,I1102,I1304,I1309,I1310
25125101,D1407,H1203,H1404,H1506,I1310
25125102,H1203,H1302,H1404,H1506,I1310
25125103,H1203,H1206,H1404,H1506,I1310
25125104,H1203,H1404,H1506,H2504,I1310
25125105,H1203,H1206,H1404,H1506,I1310
25131201,D1401,D1502,D1503,M1705,M1707
25131001,G1102,G1403,K1602,K1802,
25131002,D1401,M1501,M1604,M1605,M1607
25131401,M1202,M1204,M1402,M1806,
25131301,C1302,C1401,M1202,M1203,M1207
25131501,K1801,M1402,M1501,M1502,M1503
25131004,C1206,M1302,M1703,M1704,M1705
25134401,F1204,H1302,H1303,K2306,
25132001,E1103,E1104,E1107,M1705,
25132501,E1101,E1103,E1104,E1205,K1601
25132101,E1106,,,,
25132502,D1211,E1103,E1105,K1601,K1602
25132002,E1103,E1104,E1401,E1402,M1705
25132602,M1802,M1805,M1810,,
25132603,M1801,M1805,M1806,M1810,
25132604,M1805,M1806,,,
25132605,M1802,M1805,,,
25111501,H1206,H1210,H1502,H1503,
25111502,H1206,H1210,H1303,H1502,
25111503,H1206,H1207,H1210,H1503,
25132606,E1101,E1103,E1104,E1205,E1402
25132607,E1104,E1205,M1801,M1803,M1805
25132003,E1101,E1103,E1104,E1205,E1402
25120003,H1204,H1403,H1404,H1502,H2504
25120004,H1204,H1403,H1404,H1502,N1301
25132608,M1801,M1802,M1804,M1806,M1810
25132609,M1801,M1802,M1805,M1806,M1810
25132610,I1307,M1801,M1802,M1804,M1810
25132611,M1801,M1802,M1803,M1804,M1806
25132612,M1801,M1802,M1804,M1806,M1810
25122001,H1203,H1210,H1404,H1503,H1506
25122002,H1203,H1210,H1402,H1404,H1502
25122003,H1203,H1210,H1303,H1404,K2306
25131202,D1402,E1103,M1704,M1705,
25131203,D1402,E1103,M1101,M1705,N1202
25131204,E1101,E1103,M1302,M1705,M1706
25131205,D1402,D1406,E1103,M1705,
25131206,D1402,E1103,E1107,M1705,
,M1705,,,,
,H1206,,,,
50033205,K1303,,,,
46T25509,H1504,H2604,I1305,,
46T20101,I1304,I1309,I1310,,
46T31201,D1408,M1401,,,
,M1205,M1301,M1302,,
,M1805,,,,
,M1204,,,,
,G1204,,,,
16X24001,D1406,M1703,M1705,,
,J1408,,,,
,K2303,N4105,,,
,,,,,
26X32322,L1505,,,,
26X22203,H1101,H1201,H1210,H1505,
24622701,D1407,H1102,H1206,I1102,
26X32320,L1507,,,,
26X31224,M1101,,,,
26X31107,N1202,N1301,N1302,,
,,,,,
26X31204,D1402,D1406,D1407,M1707,
,K1705,K2501,K2503,,
,,,,,
,,,,,
32031215,D1402,,,,
,D1406,E1103,M1705,M1707,
,M1205,M1301,M1302,M1402,M1707
,E1104,E1105,E1106,E1402,L1302
,H1206,H1402,N2102,,
16C3120B,D1402,D1406,D1407,H1102,M1707
,K1706,,,,
46T32602,I1307,I1401,,,
46321409,A1203,,,,
46321407,A1203,,,,
46321408,A1203,,,,
46T24201,B1803,D1207,,,
,K2503,,,,
46T25201,I1603,,,,
40025012,I1304,,,,
40025014,H2901,H2903,,,
40025013,H2901,H2903,,,
,J1102,,,,
,J1102,,,,
,J1102,,,,
,J1102,,,,
,J1102,,,,
,J1102,,,,
,J1102,,,,
,J1102,,,,
,J1102,,,,
,J1102,,,,
,J1102,,,,
,J1102,,,,
,J1102,,,,
,J1102,,,,
,J1102,,,,
,J1102,,,,
,J1102,,,,
,J1102,,,,
,J1102,,,,
,J1102,,,,
,J1102,,,,
,J1102,,,,
,J1102,,,,
,J1102,,,,
,J1102,,,,
,J1102,,,,
,J1102,,,,
,J1102,,,,
,J1102,,,,
,J1102,,,,
,J1102,,,,
,J1102,,,,
,J1102,,,,
,J1102,,,,
,J1102,,,,
,J1102,,,,
,J1102,,,,
,J1102,,,,
1702300W,F1103,F1106,F1201,I1101,
,H1102,H1206,H1208,M1803,M1805
,H1206,H1302,H2701,K2301,K2306
17032631,M1801,M1802,M1803,M1804,M1805
,H1302,H1303,H1502,,
,M1802,M1803,M1804,M1805,M1806
,H1206,H2502,,,
16X31054,M1402,M1705,,,
26X32210,E1104,E1205,E1306,,
46X25506,F1605,,,,
46X23101,F1702,,,,
50023447,F1503,H2202,H2206,,
56T33102,J1410,,,,
16X32690,M1403,M1801,M1802,M1805,
56T33101,J1411,,,,
16X31235,,,,,
40024005,D1205,K2201,,,
40024006,D1205,K2201,,,
16C34001,H1301,H1302,H1303,H1502,
40022308,B1501,,,,
40022309,B1501,,,,
50023449,F1607,H2201,H2202,H2206,
50024007,D1205,K2201,,,
50024008,D1205,K2201,,,
,K1203,K1801,,,
26X31016,K1802,M1705,,,
26X31025,M1302,,,,
26X31245,D1402,M1705,M1707,,
,,,,,
26X31511,M1503,,,,
,,,,,
,,,,,
,,,,,
,,,,,
,,,,,
,,,,,
,,,,,
,,,,,
,,,,,
,,,,,
,,,,,
,,,,,
,,,,,
36T31101,K2110,,,,
56T22502,H3203,,,,
32023306,F1201,F1202,,,
32023013,F1106,F1108,,,
,A1504,,,,
,A1504,,,,
,,,,,
,J1102,,,,
,J1101,J1102,,,
,A1504,,,,
1702550S,H1102,H1206,H1209,H2502,M1804
1702550R,H1102,H1206,H1208,H1209,H2502
17022001,H1102,H1206,H1402,H2502,M1402
1703260C,M1402,M1802,M1805,M1806,M1810
56T23202,F1703,,,,
56T23204,F1701,,,,
56T25413,F1502,,,,
36T25502,H1202,H1209,H1504,,
56T25507,H2602,H2604,H2605,,
,H2301,H2701,,,
46T22202,H1210,H1503,,,
56T2220A,H2301,,,,
16A22101,H1206,,,,
16X32656,M1805,,,,
,M1502,M1503,,,
26X32647,M1403,M1803,M1805,M1806,M1810
26X32642,M1805,,,,
26X31243,D1208,D1301,D1406,D1503,
16X23306,F1102,,,,
16X32677,M1802,M1803,M1805,,
26X31244,D1301,D1406,M1704,,
16N32603,M1801,M1802,M1803,M1806,M1810
,,,,,
,,,,,
,,,,,
,,,,,
16X31049,M1101,M1102,N1301,,
16X31050,M1205,M1302,M1402,M1503,
,,,,,
36X32004,E1107,,,,
,J1408,,,,
,,,,,
56T25410,B1601,,,,
56T23203,F1703,,,,
46T23101,F1202,,,,
17020048,H1401,H1502,,,
17020104,H1206,H1208,H2502,M1802,M1805
17022708,H1206,H1402,H1502,H2701,
,,,,,
,M1802,M1803,M1804,M1805,M1806
,C1108,M1302,,,
,J1102,,,,
32031216,D1402,D1407,,,
32020115,H1207,H1210,H1503,H1504,H1506
,,,,,
,K1705,,,,
,K1705,,,,
,K1705,,,,
,K1705,,,,
,K1705,,,,
,K1705,,,,
,J1102,J1104,,,
,J1202,,,,
,J1202,,,,
17020027,H1301,H1302,,,
17025009,H1102,H1206,M1803,M1804,M1805
,J1202,,,,
,J1202,,,,
,J1202,,,,
,J1103,,,,
,J1103,,,,
,F1201,,,,
,F1613,,,,
,F1613,,,,
46T22703,I1306,,,,
56T23402,F1503,,,,
56T23403,F1503,,,,
36T23202,F1106,F1108,F1201,,
56T23305,F1608,,,,
46T23303,F1606,F1609,,,
32331201,D1407,D1502,N1303,,
32331203,D1407,D1502,N1303,,
32331202,D1407,D1502,N1303,,
32331204,D1407,D1502,N1303,,
32331205,D1407,D1502,N1303,,
,,,,,
,,,,,
,,,,,
,,,,,
,,,,,
,,,,,
,,,,,
32321112,A1301,A1405,A1413,,
,M1801,M1805,M1810,,
,K1502,K1504,,,
16X31341,C1205,,,,
16N32604,M1802,M1803,M1805,,
,M1705,M1707,,,
,N1202,,,,
16X32001,E1103,E1402,,,
16C31001,H1302,H1502,M1402,,
56T23002,I1203,,,,
26X20004,H1302,H1502,M1402,,
16X31237,M1101,M1102,,,
16X34002,E1103,K1401,M1402,M1403,M1503
26C21401,A1203,A1301,F1101,F1107,F1201
16C24201,H1401,H1502,M1102,M1703,
16X31302,C1205,C1501,C1502,C1503,C1504
,J1408,,,,
16C32601,M1802,M1805,,,
,,,,,
,,,,,
,,,,,
,,,,,
32033103,J1402,,,,
,,,,,
,,,,,
,,,,,
,,,,,
,,,,,
,,,,,
,,,,,
,,,,,
,,,,,
,,,,,
,,,,,
,,,,,
,L1302,L1303,,,
,L1502,L1503,,,
,L1504,,,,
,L1508,,,,
,L1509,,,,
,E1102,,,,
,L1301,,,,
,L1502,L1503,,,
,L1503,,,,
,J1102,,,,
36T33402,G1401,G1402,G1403,,
,,,,,
,,,,,
17025016,H1203,H1206,H1402,H1502,I1102
17020107,H1202,H1206,H1209,H2502,
,,,,,
,,,,,
,,,,,
,,,,,
,,,,,
,,,,,
,,,,,
,,,,,
,,,,,
,H1206,K1404,K1802,M1402,M1403
,,,,,
,,,,,
,,,,,
,,,,,
17022110,H1206,H1302,H1402,H1502,H2502
,H1203,H1206,H1208,H1209,M1805
,,,,,
40025517,I1306,,,,
1702300Z,F1106,F1201,H2502,I1101,K2306
17020033,F1106,H1206,H1402,K2108,K2402
1702300X,F1103,F1106,F1201,I1101,
,F1106,H1102,H1206,H1208,I1102
1702550G,H1102,H1206,H2502,,
17032622,H1206,H2502,I1102,M1805,
,J1408,,,,
36X32615,E1101,E1104,E1205,M1805,
,K1205,,,,
,,,,,
56X34304,K2204,,,,
56X34302,K2204,,,,
,,,,,
,K2102,M1503,,,
,G1602,,,,
,K1207,,,,
,K1207,,,,
26R22001,H1203,,,,
26X32616,E1104,E1205,M1705,M1805,
26X31314,C1102,C1205,C1206,C1207,
26X31317,M1201,M1202,M1204,M1205,
,M1801,M1802,M1803,,
17020030,F1106,H1206,H1401,H1402,H2502
17021004,A1303,H1206,H1302,H2502,M1703
1702140B,A1303,F1201,H2502,,
17011202,H1206,H1402,H1502,H2502,
,I1304,I1308,I1309,I1310,
,H2901,,,,
,,,,,
,,,,,
,,,,,
,,,,,
,,,,,
,,,,,
,,,,,
,,,,,
,,,,,
,,,,,
,,,,,
,,,,,
,,,,,
,,,,,
,,,,,
,,,,,
,,,,,
,,,,,
,,,,,
,,,,,
,,,,,
,,,,,
,,,,,
,,,,,
,,,,,
,,,,,
,,,,,
,,,,,
,,,,,
,,,,,
,,,,,
,H1402,H1404,,,
,H1206,H1502,M1201,M1403,
,H1101,H1102,H1206,M1804,
,H1206,H1402,H1501,H1502,H2502
,H2903,,,,
26T32001,E1104,E1205,,,
,I1307,,,,
,I1605,N1105,N3203,,
,M1805,,,,
50023223,F1610,,,,
50023120,F1702,,,,
50023006,I1203,,,,
50023224,F1701,,,,
50025439,F1607,,,,
26X24209,M1101,M1703,M1705,,
16X31319,C1501,C1503,C1504,K1802,
,E1103,E1107,E1402,,
,,,,,
36X32622,I1401,M1801,,,
26X31404,M1205,M1402,M1802,M1803,M1806
16X31343,C1501,C1502,C1504,,
26N32601,M1801,M1810,,,
16X32601,M1801,M1802,M1803,M1805,M1806
26X32625,M1802,,,,
16N31501,M1502,M1503,,,
,,,,,
,,,,,
,,,,,
,,,,,
,,,,,
,,,,,
,,,,,
,,,,,
,,,,,
16X32004,E1103,E1104,E1401,E1402,
17025514,H1206,H2600,H2700,H2701,
50023450,B1501,,,,
36T33403,G1102,,,,
,,,,,
,E1103,M1101,M1701,M1703,N1202
,F1103,F1106,F1201,I1101,
,D1407,H1101,H1102,H1206,H2502
26532001,E1101,E1103,E1205,M1801,M1805
17032642,M1402,M1403,M1802,,
56T25411,F1613,,,,
40022706,I1306,I1308,,,
46033104,J1501,,,,
16X31332,C1202,C1205,C1303,M1201,
16C32602,D1402,D1407,H1102,,
36X32617,M1805,,,,
,K1802,,,,
16X31521,M1402,M1502,M1503,,
,N1301,,,,
,K2502,K2503,,,
36X31104,N4201,N4202,,,
,,,,,
14632501,K1601,M1402,M1806,,
,J1408,,,,
,,,,,
26521001,A1303,D1407,D1504,H1206,H2102
,M1205,M1301,M1302,M1402,M1707
,,,,,
,,,,,
,,,,,
,,,,,
,,,,,
13522705,F1106,H1206,K1404,M1403,
,,,,,
46033105,J1304,,,,
56T23407,H2206,,,,
56T25503,F1605,,,,
46T25507,F1605,,,,
56T23003,F1302,,,,
,M1801,M1802,M1803,M1805,M1806
,H1206,H1501,H2502,I1102,
,,,,,
,C1503,F1103,F1106,F1201,
,H1206,H1302,H1502,,
17020034,H1206,H1502,H2502,H2504,I1102
,,,,,
,,,,,
,,,,,
,,,,,
,,,,,
,,,,,
,,,,,
,,,,,
,,,,,
,,,,,
,,,,,
,,,,,
,,,,,
35533103,J1307,,,,
,,,,,
,,,,,
,,,,,
,,,,,
,,,,,
,,,,,
,,,,,
,,,,,
,,,,,
,K1601,K1602,K2401,,
,,,,,
,,,,,
,,,,,
,,,,,
,,,,,
,,,,,
,,,,,
,,,,,
,,,,,
,,,,,
,,,,,
,K1502,K1504,,,
,E1106,K1602,K1802,K2401,
16X32606,M1802,M1805,M1806,M1810,
26X31502,K1801,M1502,M1503,,
,,,,,
,,,,,
16X33106,M1403,M1703,M1705,M1707,
16C31101,M1707,N1202,N1301,N1302,N3201
,,,,,
,,,,,
,,,,,
26X32034,E1104,E1205,L1304,,
45031207,D1209,,,,
46M24301,B1802,D1206,,,
46X31402,M1203,M1602,,,
,,,,,
,,,,,
36X31504,M1203,M1501,,,
36X31210,D1401,N1202,,,
,,,,,
,,,,,
16031004,H1102,M1402,M1705,M1806,
26033401,D1407,G1401,G1402,G1403,M1302
,C1205,M1302,M1402,M1705,M1707
26031218,E1103,M1703,M1705,M1706,M1803
26031220,D1202,D1301,D1509,G1402,M1302
26031221,E1103,M1204,M1402,M1705,M1707
26031222,E1103,M1302,M1402,M1705,M1707
,L1203,,,,
,H1102,M1301,M1302,M1402,
,H1204,M1201,M1202,M1203,M1205
16024201,B1805,,,,
17020041,H1206,H1302,H1401,H2502,M1402
26031223,M1202,M1204,M1703,M1705,M1707
26031031,E1103,H1302,M1204,M1402,M1707
13523014,H1206,H2204,H2504,K1802,
,,,,,
,A1204,F1105,F1203,K2107,K2306
,E1103,K1404,M1401,M1403,
26531201,E1103,M1101,M1701,M1703,N1202
,H1206,H1302,H1502,H2502,
,H1102,H1206,H1401,H1402,H1502
1351282D,K1404,K1802,K1902,K1903,M1402
26033402,E1107,G1102,G1301,G1403,G1703
,,,,,
13511307,H1206,K1402,K1404,K2402,M1403
,K1405,K2108,K2401,,
56T23007,F1302,,,,
13533317,K1201,K1403,K1404,K2101,K2102
20533402,G1201,G1402,G1403,K1802,
56T23005,F1301,,,,
13533135,K1402,K1403,K1404,,
,C1204,C1303,M1201,M1202,M1205
,M1301,M1302,M1402,M1705,M1707
17020034,H1203,H1206,H2502,I1102,
1702010P,M1802,M1803,M1805,M1806,
,,,,,
,,,,,
,,,,,
,,,,,
40022707,F1603,,,,
,K1701,K1704,K2502,K2503,
,M1202,M1203,,,
,K2502,K2503,,,
,,,,,
,M1401,M1402,M1403,M1404,
,M1403,M1404,,,
,,,,,
,,,,,
,,,,,
,,,,,
,,,,,
,,,,,
,,,,,
,,,,,
,,,,,
,,,,,
,,,,,
44633509,G1204,,,,
33633502,G1204,,,,
44633522,G1204,,,,
33633502,G1204,,,,
23633502,G1204,,,,
23633502,G1204,,,,
,,,,,
,I1103,,,,
44633509,G1204,,,,
44633509,G1204,,,,
,,,,,
,,,,,
,,,,,
56T21301,A1202,,,,
56T25405,H2902,H2911,H2914,,
,,,,,
,,,,,
,,,,,
13512701,E1105,K2107,M1503,,
,,,,,
,,,,,
,,,,,
,,,,,
17020019,H1102,H1206,H1401,H1402,H1502
16021101,A1405,A1413,D1407,H1501,
,,,,,
,,,,,
,,,,,
,,,,,
56033207,J1501,K1301,K1302,K1303,
16X32033,B1101,E1104,E1205,H1204,
16C32001,E1104,E1205,M1703,M1806,
36X21001,A1301,F1201,I1103,,
26X31501,M1502,M1503,,,
26C20004,H1302,H1502,,,
36X20002,H1403,H1404,N1303,,
,M1101,M1102,,,
26U31101,N1301,N1302,N1303,,
46X33510,A1408,N4103,,,
46433402,D1106,D1301,D1502,G1801,G1804
,,,,,
,,,,,
,,,,,
56T25205,I1607,,,,
26X32202,E1104,E1205,,,
,B1101,B1302,F1606,,
56M21203,A1503,,,,
,,,,,
,,,,,
36T33001,K1201,K1403,,,
56T31204,D1211,,,,
44633518,G1204,,,,
,K2105,L1202,,,
,M1801,M1802,M1803,M1804,M1805
1702270G,H1102,H1208,I1102,M1804,M1806
46012801,K1902,M1604,M1605,M1607,
17022109,A1303,H1206,H1302,H1502,H2502
23633502,G1204,,,,
46C31101,N1202,N3201,,,
26X32606,M1801,M1802,M1803,M1805,M1806
,,,,,
16X31217,M1703,,,,
,,,,,
16X31221,M1705,M1707,,,
16X31320,C1202,C1204,M1201,M1205,
36X32001,E1103,E1104,E1205,,
36M22101,D1104,M1302,,,
,,,,,
35533514,D1211,G1202,G1204,,
35533513,G1202,G1204,,,
,,,,,
44633524,G1204,,,,
,G1202,G1204,,,
35533512,G1202,G1204,,,
44633524,G1204,,,,
44633524,G1204,,,,
,,,,,
,,,,,
,,,,,
,,,,,
,,,,,
,,,,,
,,,,,
,,,,,
26T32604,M1801,M1802,,,
,,,,,
,G1202,G1204,,,
,M1201,M1205,,,
,E1103,E1402,M1705,M1707,
,H3202,,,,
,H3202,,,,
,,,,,
,H3202,,,,
20531024,C1401,E1106,M1203,M1501,M1604
20531023,M1203,M1401,M1604,M1605,
,H3201,,,,
,H3303,,,,
,F1607,H3201,,,
,H2902,,,,
,,,,,
13531276,E1103,E1401,M1703,M1705,M1707
1353261K,M1402,M1801,M1803,M1805,M1806
1353103R,H1102,H1206,M1302,M1402,
1353103S,H1206,M1402,M1403,M1702,M1703
1353103F,G1204,G1403,J1502,K1403,M1302
13531550,K2111,M1402,M1502,M1503,
13531391,C1202,C1302,M1201,M1202,M1205
25033518,G1202,G1204,,,
25033517,G1403,K1802,,,
20533509,G1204,K1103,K1207,K2102,
20533510,G1202,G1204,K1207,,
20533511,G1204,L1401,,,
20533512,H1206,K2401,K2402,,
20533513,G1203,G1204,,,
13531444,M1202,M1204,M1205,M1206,M1207
1353101B,K1401,K1404,K1802,K2103,M1602
13531275,D1406,H1102,M1402,M1703,M1707
1353103L,H1102,M1205,M1301,M1302,
1353103H,D1406,M1204,M1503,M1704,M1705
13531445,M1201,M1202,M1204,M1205,M1402
13531392,C1205,C1207,C1303,C1501,C1504
1353103M,M1207,M1302,M1707,,
13531113,H1401,M1101,M1102,M1301,M1302
1353103P,H1102,M1302,M1402,M1801,
,F1103,F1106,F1613,I1101,
16X31301,C1104,C1106,C1107,C1108,
,,,,,
,,,,,
36C33201,K1205,K1801,K2112,,
16X31218,M1702,M1703,M1705,,
16X33108,K1402,K1403,K1404,M1402,
,,,,,
,,,,,
,,,,,
,,,,,
,,,,,
,,,,,
,,,,,
,,,,,
,,,,,
,,,,,
,,,,,
,,,,,
,,,,,
,,,,,
,,,,,
,,,,,
,,,,,
,,,,,
,,,,,
,,,,,
,,,,,
,,,,,
,,,,,
,,,,,
,,,,,
,,,,,
,,,,,
,,,,,
,,,,,
13525306,H1101,H1206,I1102,I1602,
,,,,,
,,,,,
,,,,,
,,,,,
,,,,,
,,,,,
,,,,,
56T2320A,F1610,,,,
,,,,,
,,,,,
,,,,,
,,,,,
33633502,G1204,,,,
,,,,,
,,,,,
,,,,,
,,,,,
23633502,G1204,,,,
23633502,G1204,,,,
25122702,H2502,H2504,H2701,I1102,
25122703,H2504,H2701,I1306,I1308,
25122705,F1104,F1106,,,
25122704,F1103,F1106,,,
25131101,H1401,M1806,N1301,,
25131102,H1401,N1301,N1302,,
33633502,G1204,,,,
,,,,,
,,,,,
,,,,,
,,,,,
,,,,,
,,,,,
,,,,,
,,,,,
,,,,,
,,,,,
,,,,,
,,,,,
,,,,,
,,,,,
,,,,,
,,,,,
,,,,,
,,,,,
,,,,,
,,,,,
,,,,,
,,,,,
,,,,,
16X31310,C1205,,,,
,J1301,J1305,K1705,,
46X32407,D1401,M1609,,,
26X31321,C1501,C1502,C1503,C1504,
,,,,,
,,,,,
,,,,,
,,,,,
,,,,,
,,,,,
,,,,,
,,,,,
26X32605,M1801,M1802,M1805,M1806,M1810
,,,,,
,,,,,
,,,,,
,,,,,
,,,,,
,,,,,
,,,,,
,,,,,
,,,,,
,,,,,
,,,,,
,,,,,
,,,,,
,,,,,
,,,,,
,,,,,
,,,,,
,,,,,
,,,,,
,,,,,
,,,,,
,,,,,
,,,,,
,,,,,
,,,,,
,,,,,
,,,,,
,,,,,
17025513,H1102,H1202,H1206,M1804,M1805
,,,,,
,,,,,
,,,,,
,,,,,
,,,,,
,,,,,
,,,,,
,,,,,
,,,,,
,,,,,
,,,,,
,,,,,
13521005,A1303,A1405,A1413,M1703,
,,,,,
25025203,I1103,,,,
,,,,,
,,,,,
,,,,,
,,,,,
,,,,,
,,,,,
,,,,,
,,,,,
,,,,,
,,,,,
,,,,,
,,,,,
,,,,,
,,,,,
,,,,,
,,,,,
,,,,,
,,,,,
,,,,,
,,,,,
,,,,,
,,,,,
,,,,,
,,,,,
,,,,,
17020110,H1402,M1801,M1802,,
17032636,H1206,M1804,M1805,,
,,,,,
,,,,,
,,,,,
,,,,,
,,,,,
,,,,,
,,,,,
,,,,,
,,,,,
26T32605,M1801,M1810,,,
,H1206,,,,
,M1207,,,,
,H2502,M1805,,,
,M1801,M1802,,,
,H1206,,,,
,H1206,,,,
,H1102,,,,
,M1801,M1802,M1803,,
17025120,H1206,H1401,H1502,H2502,I1102
,E1104,E1205,H1204,H1206,H1505
,,,,,
,H2602,H2605,,,
46T25405,H2906,H2913,,,
56T25508,I1402,K2304,,,
36T20104,H1101,H1203,H1404,H2906,H2912
,M1805,,,,
32025013,I1305,,,,
32034502,K1902,,,,
40321303,A1201,A1205,,,
40321213,A1404,,,,
,M1801,M1802,,,
,H1206,,,,
,,,,,
,,,,,
,F1108,H1302,,,
,H1206,I1305,,,
,,,,,
,,,,,
,,,,,
,,,,,
,,,,,
,M1803,M1804,,,
,M1805,,,,
,,,,,
40321302,A1202,A1204,,,
,,,,,
,M1805,,,,
,M1707,,,,
,H1206,,,,
,M1207,,,,
,M1707,,,,
,,,,,
,,,,,
1351280W,K1401,K1404,K1405,K1903,M1402
,,,,,
,M1102,N1302,,,
,M1802,,,,
,L1304,L1510,,,
,H2102,,,,
,M1804,,,,
26X32623,M1802,M1805,,,
,K2503,,,,
26C31501,M1502,M1503,,,
36C3120V,D1301,D1401,D1502,D1503,
,J1300,,,,
36X32315,L1507,L1508,,,
16X32036,E1103,M1402,M1704,M1705,M1707
16X32627,M1802,M1803,M1805,M1806,
26X32644,M1805,,,,
,I1401,M1801,M1805,,
,H2502,I1102,I1304,I1305,
,I1401,M1801,M1810,,
,K2101,K2102,K2111,,
,M1808,,,,
,K2112,M1502,,,
,K2101,K2111,M1404,M1502,
,K2101,,,,
,F1106,H1206,M1807,,
,N2102,,,,
,F1106,F1201,I1101,,
,H1502,,,,
,H2502,H2701,I1102,,
,I1102,I1310,I1605,,
,I1503,K1705,,,
33633506,G1204,,,,
23633502,G1204,,,,
33633502,G1204,,,,
,,,,,
,,,,,
26X32501,K1601,M1402,M1806,,
,,,,,
,,,,,
,,,,,
,,,,,
,,,,,
,,,,,
,,,,,
,,,,,
,,,,,
,,,,,
46T23402,F1104,H2209,,,
,,,,,
46T31101,N1301,N1303,,,
46T23404,B1302,H2207,,,
56T23409,H2206,,,,
56T24203,B1806,,,,
56T24202,B1806,,,,
46T22710,I1306,,,,
56T23302,F1609,,,,
56T23303,F1606,,,,
40020009,H1203,,,,
46T33201,K1204,,,,
,,,,,
,,,,,
32025014,I1302,I1304,I1309,I1310,
32025015,I1302,I1304,I1309,I1310,
32025016,I1302,I1304,I1309,I1310,
32025017,I1302,I1304,I1309,I1310,
32025219,I1310,I1602,I1603,I1605,
17032632,M1801,M1802,M1805,M1806,M1810
36T20101,I1302,I1304,,,
56T25102,H2903,H2912,,,
56T25101,H2903,H2912,,,
17025304,H1206,H1402,H1404,H2502,N1301
32033002,K1201,K1403,,,
,,,,,
,,,,,
,,,,,
,,,,,
32033206,K1201,,,,
,M1302,,,,
16X31322,C1205,C1303,C1501,C1503,
24633301,K2101,K2102,K2103,K2111,M1502
16X32632,M1805,,,,
,K1902,M1607,,,
16X31031,H1102,H2502,H2504,,
16X11001,H1206,H1502,K2402,,
16X31032,E1103,F1204,H1302,H1402,
,,,,,
,,,,,
,,,,,
,,,,,
,,,,,
,,,,,
40033007,J1501,K1301,K1302,,
,,,,,
,K1801,K2111,K2112,,
,,,,,
,,,,,
,,,,,
,,,,,
,,,,,
,M1803,,,,
16X31106,N1301,N1302,,,
46X25202,I1606,,,,
,,,,,
,,,,,
,,,,,
,,,,,
,,,,,
,,,,,
,,,,,
36X32408,D1401,,,,
,J1102,,,,
,J1102,,,,
,J1102,,,,
,J1102,,,,
,H1206,M1802,M1803,M1804,M1806
,,,,,
26534001,A1303,H1302,K1404,,
26525301,H1102,H1206,H1210,H1402,I1102
,,,,,
26532609,M1801,M1802,M1806,M1807,M1810
26532605,M1801,M1802,M1804,M1805,
26532602,M1403,M1805,M1806,,
26532608,M1801,M1802,M1804,M1805,
26531026,C1401,M1101,M1701,M1703,N1301
,,,,,
,,,,,
26531016,D1401,M1203,M1503,M1704,M1705
26531019,C1203,D1407,H1403,M1204,M1705
26531203,M1203,M1302,M1401,M1605,
26520001,D1406,H1401,H1402,M1302,M1707
26531207,E1107,M1704,M1705,M1707,
,D1406,M1402,M1703,M1705,
,,,,,
26531011,D1402,D1406,M1704,M1705,M1707
26531208,D1406,M1701,M1703,M1705,
,C1206,D1401,D1402,M1101,M1703
26531007,M1204,M1402,M1705,M1707,N1301
,K1703,N2102,N2202,,
26531009,M1202,M1402,M1705,M1707,
26531012,M1202,M1204,M1402,M1705,M1707
26531013,M1204,M1402,M1705,M1707,
26031021,M1101,M1707,N1301,,
,M1402,M1701,M1703,M1707,
26531027,C1206,D1402,D1506,M1703,M1704
26031213,M1703,M1707,N1202,,
26531002,D1406,M1703,M1704,M1705,M1707
,M1402,,,,
26531501,H1102,M1803,M1805,M1806,
,B1805,,,,
36T25401,H1506,,,,
,F1613,,,,
,F1106,F1201,F1202,,
,F1603,,,,
,F1605,,,,
,,,,,
,F1605,,,,
,F1610,,,,
,F1610,,,,
,,,,,
,,,,,
,F1702,I1202,,,
,F1702,I1202,,,
,F1702,I1202,,,
,F1702,I1202,,,
,F1702,I1202,,,
,F1704,,,,
,F1702,I1202,,,
,,,,,
40033606,D1208,,,,
,,,,,
,,,,,
,A1504,,,,
17032634,H1206,M1802,M1805,M1806,
,,,,,
,,,,,
,,,,,
,,,,,
,,,,,
,,,,,
,,,,,
,,,,,
,,,,,
16X32660,M1802,M1803,M1805,,
16X32659,M1803,M1805,M1806,,
,,,,,
16X32626,E1104,M1802,,,
,,,,,
,,,,,
,,,,,
,,,,,
,,,,,
,,,,,
,,,,,
,,,,,
,,,,,
,,,,,
,H2802,,,,
46C2500A,I1301,,,,
,,,,,
,,,,,
,H2504,,,,
36033112,J1401,,,,
40333003,G1202,K1302,K1303,K1305,M1601
,,,,,
16020003,H1102,,,,
,F1606,,,,
,,,,,
26532610,M1801,M1802,M1805,,
,L1302,L1304,,,
,A1504,,,,
,A1504,,,,
,A1504,,,,
,A1504,,,,
,J1102,J1103,,,
,J1102,,,,
,J1102,,,,
,J1102,,,,
,J1102,,,,
56033105,J1305,,,,
,J1305,,,,
,M1608,,,,
,F1604,,,,
,F1602,H1504,H2602,I1304,
,I1306,,,,
,J1301,K2204,,,
,I1401,,,,
,F1602,,,,
,A1203,,,,
,,,,,
36X32409,K1902,M1607,,,
16X32633,M1802,M1803,M1806,,
46M21101,D1209,,,,
,K2111,,,,
36X23001,F1201,F1202,,,
26X20012,H1204,H1206,,,
36X31102,N1302,N4201,,,
,M1301,M1302,M1402,,
16X31040,M1302,M1402,M1703,M1707,
36C3240B,D1401,M1501,M1602,M1604,M1607
,N1303,,,,
,K1201,K1301,K2503,,
16C31203,D1406,M1102,M1301,M1705,M1707
16X31238,D1406,M1701,M1705,M1707,
,,,,,
,E1103,,,,
,,,,,
,,,,,
,,,,,
26033106,J1504,,,,
,,,,,
16X24204,E1103,M1102,M1403,M1705,M1707
16X24202,M1403,M1705,M1707,,
,,,,,
17033103,H1206,K2402,M1801,M1802,M1805
,,,,,
,,,,,
,K2401,,,,
,M1501,M1502,M1503,,
,H1401,H1402,M1402,,
,H1203,,,,
32322117,H1210,H1303,H1502,H1503,H2102
32322116,H1210,H1303,H1502,H1503,H2102
32321114,A1301,A1405,A1414,,
32322115,H1210,H1503,J1302,,
46T25102,H2903,H2912,,,
17032626,M1802,M1803,M1805,M1806,
17032607,M1801,M1802,M1805,M1806,M1810
,H2901,,,,
,H2601,,,,
,K2603,,,,
,H2502,,,,
,H2903,H2912,,,
46321303,A1101,A1202,A1203,,
,,,,,
,I1310,,,,
,F1604,H2901,,,
,M1808,,,,
,I1602,,,,
,I1602,,,,
,I1602,,,,
,I1602,,,,
,H2902,,,,
,I1602,,,,
,I1602,,,,
,I1602,,,,
,I1602,,,,
26031014,D1509,M1402,M1707,,
16531201,M1202,M1205,M1302,M1402,M1707
16531227,D1406,M1204,M1703,M1705,M1707
26511001,H1206,H1210,K1404,K1802,M1402
,H1506,,,,
,H2601,,,,
,H1404,,,,
,H1206,,,,
,,,,,
56X34411,K2501,,,,
26X31544,M1502,,,,
26X31515,M1502,M1503,,,
,G1102,G1202,K1802,,
,G1503,,,,
,H1206,,,,
,M1301,M1302,M1402,,
26C31209,D1301,D1502,D1503,D1504,D1509
,B1805,,,,
26X32010,E1101,E1103,,,
16X31338,C1205,,,,
,,,,,
,A1303,K1401,K1404,M1402,
36X32404,M1604,,,,
26X31527,K1801,K2101,M1502,,
36X34406,H1303,H1503,,,
16X34101,K1401,K1404,K1802,K2401,M1403
26X32012,E1103,E1104,M1702,M1705,M1706
36X20001,F1204,H1302,H1303,H1502,
,L1203,L1204,,,
,G1202,K1601,,,
26C31212,M1101,M1102,,,
36X31406,M1605,,,,
26X31227,E1101,M1703,M1704,M1705,M1707
,K1403,M1301,,,
16X31247,D1406,M1703,,,
26C32604,M1802,M1805,,,
16X31248,M1402,M1703,M1705,,
,M1609,,,,
46X32402,M1609,,,,
16C32605,E1104,M1805,,,
16X32303,E1104,E1205,L1510,,
,G1202,G1203,,,
,N2204,,,,
16X32664,M1802,M1803,M1805,M1810,
,B1101,B1302,F1102,F1611,
,H2904,,,,
36X32304,L1504,L1508,,,
,H1102,M1707,,,
16X31105,H1401,H1502,H2502,N1301,N1302
16X32673,K1903,M1802,,,
,H2409,,,,
16X31057,M1301,M1302,M1402,,
,K2304,,,,
16X31241,D1406,M1703,M1707,,
16X34301,F1103,H1302,H1502,K2302,M1402
,F1502,L1504,L1508,,
16X31335,C1202,C1303,M1201,M1202,
16X31071,M1402,M1403,M1704,M1705,M1805
16X31056,H1401,M1101,M1102,N1301,N1302
16X31225,E1101,M1705,M1707,,
16X31312,C1108,C1110,,,
36X32602,I1307,I1401,M1801,M1810,
46X22401,H2803,H2804,,,
36X32604,H1101,M1801,M1810,,
,B1302,B1602,,,
,,,,,
,,,,,
,,,,,
,,,,,
,,,,,
,,,,,
,,,,,
,,,,,
,,,,,
,,,,,
,,,,,
,,,,,
,,,,,
,C1502,,,,
,,,,,
,C1501,,,,
,,,,,
,,,,,
,,,,,
,,,,,
,,,,,
,,,,,
,,,,,
16531014,M1201,M1204,M1503,M1704,M1705
,,,,,
26031404,C1501,D1406,M1701,,
,M1202,M1302,M1402,M1705,M1707
13511012,F1105,F1203,H1206,H2502,H2701
,,,,,
46M24202,B1806,,,,
46M22701,F1603,I1306,I1308,,
,,,,,
46M22701,F1603,I1306,I1308,,
36X31505,M1203,M1501,,,
26X12502,M1805,,,,
,K2304,,,,
36M23403,F1201,F1202,F1606,F1609,M1302
,,,,,
,M1205,M1301,M1302,M1402,M1707
16X32672,M1802,M1803,M1805,M1806,
,,,,,
,,,,,
,,,,,
36C3150B,M1203,M1501,M1604,,
36X21104,A1413,D1401,,,
26C31302,C1102,C1206,,,
34633001,K1201,K1205,K1206,K1801,
36X34407,K2502,K2503,M1302,,
26X33505,G1202,K1206,K1802,,
56X25501,F1605,I1307,,,
16X33110,H1206,K2402,,,
16X31404,M1202,M1204,M1205,,
36X31307,C1501,,,,
56M22112,D1101,D1103,D1106,D1507,
26X32001,M1805,,,,
,L1505,,,,
16X32666,M1801,M1802,M1805,M1806,M1810
,,,,,
,,,,,
,,,,,
,,,,,
,L1508,,,,
,F1102,,,,
,,,,,
26X32209,E1104,E1205,,,
26X32310,E1104,E1205,L1304,L1507,
26U31102,H1401,N1301,N1302,N4201,
26X21401,F1201,,,,
26X32318,L1505,L1507,,,
,E1107,L1508,L1509,,
26X31306,M1204,M1206,,,
26X31302,C1501,C1502,C1503,C1504,
26X32050,E1103,,,,
,C1205,C1206,K1901,K1903,M1201
16X12801,K1903,,,,
33633502,G1204,,,,
33633502,G1204,,,,
33633502,G1204,,,,
26X31235,M1707,,,,
33633502,G1204,,,,
16X12805,K1902,K1903,K1904,,
33633502,G1204,,,,
16X32029,E1103,,,,
16X32648,M1802,,,,
26X33301,K2101,K2102,K2111,,
,I1604,I1607,,,
26X31250,D1406,D1407,M1707,,
26X31249,E1103,M1703,M1705,M1707,
26X32315,L1302,L1304,L1505,,
16X31203,M1101,M1102,,,
16Q31101,N1301,N1302,N1303,,
32321115,A1301,A1302,A1416,H3303,
16X31249,D1402,D1406,M1704,M1707,
16X31204,M1705,M1707,,,
16X31250,E1103,M1705,,,
16X31232,E1103,E1401,E1402,M1705,
16X31323,C1106,C1202,H1302,M1201,
16X31337,M1201,M1202,M1203,M1204,M1205
16X20010,H1502,,,,
16531101,H1401,M1101,N1301,,
16531301,C1303,M1201,M1205,M1207,
36T31202,D1401,M1101,M1701,,
16531239,E1103,E1401,M1703,M1704,M1705
,K1702,K1705,,,
,K1702,K1705,,,
16032101,E1104,E1106,,,
16531237,M1202,M1205,M1503,M1705,M1707
,,,,,
,K1706,M1403,,,
36X32619,H1101,I1401,M1801,M1810,
,K1706,K2501,K2503,,
,M1801,M1805,M1810,,
36X32305,L1101,L1202,L1302,,
,,,,,
26X31212,E1101,E1103,E1104,M1706,M1707
,K2204,,,,
,K1404,K1802,,,
,,,,,
46X32404,M1609,,,,
,,,,,
26X31238,M1704,M1705,,,
,,,,,
,,,,,
,,,,,
,M1301,M1302,,,
,A1414,A1416,,,
,K1203,,,,
26X31231,M1101,M1701,M1703,M1705,
16X33107,J1502,K1403,M1302,M1503,
,C1107,K1704,K1706,K2502,
,E1104,E1205,,,
16X31406,M1202,M1204,M1205,M1402,
16X31062,M1202,M1204,M1205,M1206,
16X22708,F1103,F1106,I1101,,
,F1106,H1102,I1102,,
,,,,,
,,,,,
26X31309,C1501,C1502,,,
36M23402,F1102,F1604,F1607,H2206,H2209
,F1611,F1703,,,
,H2206,H2207,H2208,,
16X32501,K1601,M1402,M1806,,
46X23302,B1101,F1601,F1611,,
,F1608,F1703,,,
16X33202,K1403,M1205,M1301,M1302,
16X31244,E1103,E1402,M1703,M1705,M1707
16X30001,M1705,,,,
,,,,,
,E1103,E1104,E1205,E1401,
16X32034,E1104,,,,
,,,,,
,,,,,
,,,,,
,B1805,H1204,,,
16X32667,M1806,,,,
,K1206,K1403,K1802,M1302,
46X32403,M1609,,,,
36X22203,H1206,H1404,H1502,H2301,
,H2602,,,,
35533401,G1101,G1102,G1301,G1303,G1703
35532603,M1805,M1810,,,
16531019,M1201,M1204,M1402,M1705,M1707
16533101,J1506,,,,
32321304,A1204,A1205,A1301,K1802,
33633507,G1204,,,,
44633524,G1204,,,,
33633502,G1204,,,,
23633502,G1204,,,,
44633524,G1204,,,,
23633503,G1204,,,,
1351280Y,C1109,K1404,K1903,N1201,
45321008,A1101,,,,
44633526,G1204,,,,
33633505,G1204,,,,
44633529,G1204,,,,
1351280Z,K1902,K1903,M1302,M1703,M1707
,,,,,
33633502,G1204,,,,
44633521,G1204,,,,
33633504,G1204,,,,
23633502,G1204,,,,
33633502,G1204,,,,
23633502,G1204,,,,
33633502,G1204,,,,
33633502,G1204,,,,
33633502,G1204,,,,
,K1702,K1703,K1704,K2502,K2503
,K1702,K1703,K1704,K2502,K2503
,K1702,K1703,K1704,K2502,K2503
,M1801,M1802,M1805,M1807,M1810
,H1101,H2502,K1703,K2502,
,K2503,,,,
,N2202,,,,
,H1206,H1501,H1502,H2502,K2402
16531022,H1102,M1402,M1702,M1703,M1707
16531302,C1202,C1303,M1201,M1202,M1205
26531014,D1406,M1302,M1701,M1704,M1707
26531008,C1203,D1406,E1402,M1302,M1705
16531011,K1802,M1204,M1301,M1402,M1503
16531211,M1202,M1503,M1703,M1705,M1707
26033207,K1403,,,,
26531205,M1201,M1302,M1402,M1703,M1705
26031202,M1201,M1302,M1703,M1705,M1707
,D1406,M1703,M1707,N1202,
,H1206,K2402,M1403,M1805,M1810
1353260B,H1206,M1802,M1805,M1806,M1810
,,,,,
20521001,A1301,A1302,A1413,H1210,H1505
16033202,K1403,,,,
,,,,,
,,,,,
,,,,,
,K2401,K2402,M1808,,
,G1202,G1203,K1206,K2111,
,H1206,H1210,K1404,K1802,M1402
,H1209,I1305,I1402,M1806,M1810
,F1201,F1604,,,
,,,,,
,M1202,M1205,M1302,M1503,M1705
,,,,,
,,,,,
,K1601,,,,
,B1101,G1202,K1602,L1302,
44633527,G1204,,,,
44633527,G1204,,,,
,,,,,
,,,,,
,,,,,
,,,,,
,,,,,
,,,,,
,,,,,
,,,,,
,,,,,
,,,,,
,,,,,
,G1501,G1502,,,
,I1601,,,,
,I1606,,,,
,G1602,,,,
,D1106,D1507,,,
,B1803,,,,
,I1604,,,,
,I1603,,,,
,I1605,,,,
,H2206,,,,
,H2911,,,,
,A1402,A1414,D1209,,
,H3404,I1606,,,
,G1803,,,,
,G1202,,,,
,,,,,
,D1209,D1210,D1211,D1212,D1214
,K2602,,,,
,K2401,,,,
44633533,G1204,,,,
44633524,G1204,,,,
44633524,G1204,,,,
,K1201,K1206,K1401,K1403,K2401
,K1204,K1205,K1206,,
,,,,,
,K1201,K1204,K1404,K1802,K2401
26X31322,C1203,C1206,,,
16X32674,M1802,M1803,M1805,M1806,
26X32646,M1801,M1802,M1804,M1805,M1810
16X32647,M1802,M1805,M1806,,
46X23001,F1201,,,,
16X32683,M1802,M1805,,,
,L1201,L1202,L1203,,
26X32102,E1101,E1104,E1106,E1201,E1305
16X32682,M1801,M1802,M1804,M1806,M1810
16X32675,M1802,M1805,,,
26X32063,E1104,E1205,,,
13522229,H1101,H1206,H1501,H1505,K2402
,D1406,M1302,,,
16X22705,H1206,H2701,,,
16X31224,M1101,M1102,,,
,M1402,M1803,,,
16X31063,M1402,M1704,M1705,M1707,M1806
16X31043,H1102,M1402,M1703,,
16C32002,E1103,E1402,M1705,,
16X20005,H1302,H1303,H1502,,
,J1502,K1403,M1205,M1302,M1503
26U13301,K2102,K2103,K2105,L1202,
,L1510,,,,
46C3120C,D1212,D1214,D1401,D1403,D1408
16X31309,C1205,,,,
,A1101,A1416,,,
16X32629,E1103,M1402,M1705,M1805,
26S33201,K1201,K1403,K2102,M1302,
,M1202,M1203,M1204,M1205,M1206
16X32640,M1402,M1802,M1803,M1806,
,D1406,M1302,M1402,,
36C22201,H1210,H1503,H1505,,
,F1201,F1202,I1101,,
36X23002,F1102,F1104,F1106,,
36421301,A1204,A1301,,,
,,,,,
,,,,,
36X25201,I1604,,,,
56X25203,I1604,,,,
,I1503,,,,
26X32068,E1104,E1106,E1205,,
,D1406,H1102,M1302,M1705,M1707
,,,,,
26X32328,E1106,L1302,L1304,L1505,L1507
26C20001,F1204,H1302,H1502,,
,,,,,
,M1402,M1502,M1503,,
,,,,,
,,,,,
,,,,,
26X31505,M1502,M1503,,,
56X34410,K2501,K2502,K2503,,
26X32316,L1507,L1508,,,
,K2503,,,,
,K2503,,,,
,,,,,
46X32413,K1902,M1607,,,
56X25502,F1605,I1307,,,
,I1604,,,,
,A1416,,,,
46X22703,F1603,I1308,,,
46X32401,M1609,,,,
56X25204,I1604,,,,
,,,,,
,E1102,,,,
44633524,G1204,,,,
,,,,,
,C1205,K1901,K1902,K1903,
,,,,,
,,,,,
,,,,,
,,,,,
,,,,,
,,,,,
,,,,,
,,,,,
,,,,,
,,,,,
56T31201,D1106,D1505,D1507,N1103,N1105
46T32403,M1608,,,,
46T31401,M1203,,,,
,K1401,K1703,K1704,K1706,K2502
3552000A,H1209,H1504,H2501,I1305,M1805
32321308,A1202,A1204,G1202,K1206,
36T23105,F1105,F1107,M1804,M1808,
46T23102,F1105,F1107,M1804,M1808,
36T23102,K1802,M1403,M1806,M1808,M1810
36T23103,F1107,,,,
36T23104,F1107,,,,
56T23406,F1604,F1607,,,
56T23304,F1604,,,,
,K1702,K1705,,,
,K1702,K1705,,,
,K1702,K1705,,,
,,,,,
,,,,,
,,,,,
,K1703,,,,
,N1103,,,,
,K1601,,,,
26X31514,M1502,M1503,,,
,D1101,H2101,,,
26X31028,E1107,,,,
,D1101,H2101,,,
,D1101,H2101,,,
,D1101,H2101,,,
,G1204,,,,
,G1204,,,,
,G1204,,,,
,F1106,H1102,,,
26X31539,M1503,,,,
26X31301,C1102,C1104,C1205,C1206,C1207
26X32011,E1103,E1402,M1705,,
,H2102,H3301,,,
,L1204,,,,
36X32307,L1302,,,,
36X34402,H1302,H1303,K1705,K2502,
46N3430A,H1303,,,,
,G1601,G1602,G1603,G1604,
16X31014,M1402,M1802,M1805,,
,,,,,
16X32041,E1103,E1205,E1402,,
16X31107,M1101,M1102,M1302,N1302,
16X32031,E1103,M1705,,,
16X32030,E1104,E1205,,,
16X32003,E1103,M1705,,,
16X31058,H1302,K1802,M1402,,
16X31066,H1102,H1206,H2502,M1402,M1707
,,,,,
,,,,,
,,,,,
,,,,,
16513601,E1103,E1108,K1903,M1502,M1705
,,,,,
,,,,,
,,,,,
,,,,,
,,,,,
,,,,,
16X32681,M1802,M1805,M1806,,
16X31018,M1302,M1402,M1705,M1707,
26X32660,M1805,,,,
16X31305,C1503,C1504,,,
,C1303,M1201,M1205,M1207,
16C22101,D1402,H1102,M1402,M1707,
16X31064,M1703,M1705,M1707,,
16X20003,H1302,H1502,M1402,,
16X31068,M1205,M1302,M1402,M1707,
,M1205,M1301,M1302,M1402,M1707
46R2300A,D1212,D1403,F1102,,
16X22202,H1206,H1402,H1502,H2502,M1703
36X31209,D1402,D1407,,,
,B1201,,,,
,C1203,C1206,,,
36X31306,C1502,,,,
,I1103,,,,
,N1103,,,,
26X31217,D1402,D1406,M1707,,
,K2503,,,,
,F1102,,,,
56R23401,F1603,F1604,,,
,F1603,,,,
,,,,,
,D1301,I1103,,,
,,,,,
36X32620,I1401,M1801,,,
,K1404,M1605,M1607,M1608,
36X31308,C1501,I1101,,,
50023328,F1613,,,,
36C3120W,B1301,B1805,D1506,,
50023329,H2801,,,,
26X31017,M1302,M1402,M1604,,
,,,,,
,,,,,
,,,,,
50023121,H2802,,,,
,H1303,K2301,K2306,,
,,,,,
,,,,,
,,,,,
,,,,,
,,,,,
36X33102,D1402,D1405,,,
44633524,G1204,,,,
44633524,G1204,,,,
44633524,G1204,,,,
44633524,G1204,,,,
46T31203,D1209,D1210,D1211,D1212,D1214
,,,,,
,H2903,,,,
,H1205,H2411,,,
,H1101,I1401,M1810,,
,M1403,,,,
16X32671,M1803,M1806,,,
16X32686,M1802,M1803,M1805,,
,K2304,,,,
16X32693,M1403,M1802,M1805,,
16X33103,J1502,K1403,M1503,,
16X32676,M1802,M1805,,,
36C32401,K1902,M1607,,,
26X31503,M1501,M1502,M1503,,
36T33301,K2111,,,,
44633528,G1204,,,,
44633528,G1204,,,,
44633506,G1204,,,,
36T3110A,N1302,N1303,,,
16X31109,H1401,N1301,N1302,,
26C31204,M1101,,,,
16X31269,D1506,M1403,M1703,M1705,
,G1204,,,,
46X31105,N4401,,,,
,,,,,
,I1604,,,,
,D1101,H2101,,,
,D1103,,,,
,,,,,
46X31202,D1211,I1607,,,
,,,,,
,I1607,K2304,,,
,,,,,
,,,,,
,,,,,
,,,,,
,,,,,
,,,,,
,,,,,
32032003,E1103,,,,
32022406,H2502,,,,
17022005,H1203,H1206,H1402,H1502,H2502
17020101,H1206,H1208,H1402,H1504,H2502
46T22707,F1602,F1603,I1309,,
36T25403,F1104,H1203,,,
36T25402,F1106,H1203,,,
36T22701,F1104,F1106,,,
32033609,D1208,M1302,M1704,,
,H3401,,,,
,I1304,,,,
32033610,D1208,M1302,M1704,,
32033611,D1208,M1302,M1704,,
,K2101,K2102,K2103,K2111,K2401
,H3201,H3202,,,
,N1101,N1103,,,
17032643,M1802,M1805,M1806,,
,N3203,,,,
,N3203,,,,
,H1210,H1404,,,
,H1210,H1404,,,
,H2402,,,,
,,,,,
,,,,,
,D1209,,,,
,D1213,D1404,,,
,D1106,,,,
,D1106,,,,
,H3301,K2304,,,
,,,,,
,,,,,
,,,,,
,,,,,
,,,,,
,,,,,
,,,,,
,,,,,
,,,,,
,,,,,
,,,,,
,,,,,
,,,,,
,F1609,,,,
,M1803,,,,
,M1803,,,,
,,,,,
,,,,,
,,,,,
,A1501,,,,
33633502,G1204,,,,
,,,,,
,,,,,
,,,,,
,K1902,,,,
,K1902,,,,
,,,,,
,,,,,
,,,,,
,,,,,
,,,,,
,,,,,
40025109,N4402,,,,
50025138,N4402,,,,
44633507,G1204,,,,
45321203,A1408,,,,
44633503,G1204,,,,
,B1806,,,,
33633502,G1204,,,,
46T33402,G1301,G1303,,,
45321305,A1101,A1201,,,
45321304,A1101,A1201,A1205,,
,D1211,,,,
,I1306,,,,
,G1703,,,,
,F1604,F1606,F1611,,
,F1701,F1703,,,
,F1201,,,,
46T25502,I1307,,,,
,H1206,H1402,H1502,H2502,K2402
,,,,,
,,,,,
,,,,,
,L1202,,,,
,L1202,,,,
,L1202,,,,
,L1202,,,,
,L1202,,,,
,L1202,,,,
,L1202,,,,
26013402,E1103,E1104,E1205,E1402,
,H1506,,,,
,D1406,M1205,M1302,M1705,M1707
,D1406,N1303,,,
,H1401,K1802,M1805,,
36X32606,M1805,,,,
46X25502,I1305,I1401,I1402,,
46X2550A,I1402,,,,
,H1206,,,,
16X12806,H1102,K1903,M1402,,
16X31260,M1705,,,,
16X31048,K1802,M1503,,,
26E31103,M1301,M1302,M1806,N1301,N4202
,H3404,I1606,,,
,D1404,,,,
,,,,,
,,,,,
,,,,,
,,,,,
,,,,,
,,,,,
,,,,,
,K2501,K2503,,,
,I1604,,,,
,D1505,K2503,,,
,I1607,,,,
,D1301,I1103,,,
,D1301,,,,
,D1404,,,,
,I1607,,,,
,H3301,K2304,,,
,,,,,
26X31323,C1102,C1201,C1206,,
,D1301,,,,
16X31329,C1501,C1502,C1503,C1504,M1302
46033204,K1205,K1206,,,
,I1103,I1604,,,
,I1604,,,,
,A1501,,,,
,K2501,K2503,,,
,H1206,H1402,H2502,I1102,
,I1604,,,,
,D1505,,,,
,D1505,,,,
,B1302,H1204,H2208,H2408,H3101
,D1301,,,,
46033501,G1101,G1202,G1205,M1601,
,I1103,I1604,,,
26X31528,M1502,M1503,,,
,I1103,I1604,,,
,I1604,I1607,,,
,I1606,,,,
46032001,E1101,E1103,E1104,,
,I1606,,,,
46032301,E1103,E1104,E1205,E1306,
,D1404,,,,
,D1404,,,,
46032603,E1104,E1205,,,
,,,,,
46033401,G1101,G1102,,,
46023001,F1101,F1102,F1106,F1108,
,M1805,,,,
46032601,E1205,M1805,,,
46032602,I1401,M1810,,,
46034401,K2502,K2503,,,
46031401,D1401,M1607,M1608,,
46031201,D1106,D1301,D1401,D1501,
46020103,H1504,H2603,I1304,,
,D1301,M1302,M1604,,
,H1503,H2101,H2102,H3301,H3303
46020102,H1403,H1404,I1302,I1304,I1310
46020101,H1203,H2906,,,
46011201,H1201,H2301,H3303,,
,F1604,H3302,K1602,K2304,N1103
46022701,F1602,F1610,,,
,K2502,K2503,,,
,H1504,I1304,I1305,M1810,
,H1504,I1304,I1305,M1810,
45033408,G1804,,,,
,J1408,,,,
40025412,H3404,I1606,,,
,K2401,K2402,,,
,,,,,
,,,,,
,,,,,
,,,,,
,,,,,
,,,,,
,,,,,
,,,,,
,,,,,
,,,,,
,,,,,
,,,,,
,,,,,
,,,,,
,,,,,
,,,,,
,,,,,
,D1208,,,,
,H2102,I1304,I1310,,
,D1407,,,,
,D1401,,,,
,F1202,,,,
,N1103,,,,
,J1301,K1302,,,
,I1401,M1801,M1810,,
,H2102,,,,
,C1207,C1401,M1302,M1707,
,,,,,
,E1103,E1205,,,
,,,,,
,H1206,,,,
,,,,,
,,,,,
,,,,,
,,,,,
,,,,,
,,,,,
,,,,,
,E1104,E1205,M1805,,
,M1802,,,,
,M1705,,,,
,M1705,,,,
,,,,,
,,,,,
,,,,,
,M1705,,,,
,,,,,
,,,,,
,,,,,
,,,,,
50025441,H3404,,,,
50025440,I1606,,,,
40023210,F1202,,,,
32033111,J1410,,,,
,,,,,
,G1501,G1502,,,
,G1201,,,,
36X31212,D1301,D1502,D1503,D1509,
26523001,F1106,F1201,F1202,,
33633502,G1204,,,,
33633502,G1204,,,,
23633502,G1204,,,,
33633502,G1204,,,,
23633502,G1204,,,,
33633502,G1204,,,,
,E1104,H1204,H1206,,
,D1301,D1506,E1103,M1704,M1707
,E1103,E1107,M1101,,
,H2602,H2604,H2605,,
36T20002,H1506,,,,
32321401,A1203,F1104,,,
,I1103,,,,
,I1604,,,,
,I1606,,,,
,N1103,,,,
,D1212,,,,
,I1402,,,,
,N1301,N1302,,,
,K2503,,,,
16X32670,E1101,E1402,M1704,M1706,M1707
16X32007,E1104,E1205,E1401,,
36X23008,B1302,B1601,F1612,,
,M1102,N1301,N1302,,
16X31303,C1103,C1106,C1107,C1108,C1109
32321206,A1301,A1404,,,
33633502,G1204,,,,
33633502,G1204,,,,
26X32339,E1201,E1203,,,
26X32651,M1801,M1802,M1806,,
,J1502,K1403,,,
,M1101,N1301,N1302,,
,,,,,
44633524,G1204,,,,
,,,,,
,,,,,
,,,,,
36X32402,D1401,E1103,K1902,M1501,M1604
33633502,G1204,,,,
33633502,G1204,,,,
23633502,G1204,,,,
26523002,F1106,I1101,N4202,,
36X32317,L1507,L1508,L1509,,
26520103,I1102,I1302,M1801,M1802,M1805
33633502,G1204,,,,
,,,,,
26522702,H2603,I1203,I1304,M1805,
26532611,H1209,M1801,M1805,M1810,
,F1103,F1106,F1108,F1201,F1202
,F1607,,,,
26511201,H1206,H1210,H1503,K2402,M1605
,,,,,
,,,,,
26532606,M1801,M1805,M1806,M1810,
26520102,H1101,H1206,I1304,M1802,M1804
,,,,,
,,,,,
,N4301,,,,
,,,,,
,,,,,
,,,,,
,F1103,F1106,,,
36X32316,L1507,,,,
,,,,,
,,,,,
,,,,,
,,,,,
,,,,,
,,,,,
,,,,,
,,,,,
32020116,H1101,H1209,H1504,I1305,
26520104,H1208,I1102,I1304,,
,,,,,
,,,,,
,,,,,
,,,,,
,,,,,
32025521,H1101,H1209,H1504,I1305,
,D1407,F1200,F1501,H1200,H1400
26520105,H1206,H1402,H2502,I1102,
,,,,,
,,,,,
,,,,,
,C1203,E1103,M1501,M1705,M1706
26531204,C1203,D1402,D1406,M1402,M1705
26531003,D1402,D1406,M1101,M1204,M1705
,M1403,M1703,M1705,M1802,M1805
,H2909,I1302,,,
,G1204,,,,
23633502,G1204,,,,
,G1204,,,,
,G1204,,,,
,G1204,,,,
25111401,M1401,M1403,M1801,M1805,M1806
25111402,M1401,M1403,M1801,M1805,M1806
25131003,K1802,M1302,M1402,M1604,M1605
,H1206,H1402,H2502,M1804,
25120006,H1401,H1502,H2502,H2504,M1402
25120005,H1401,H1502,H2502,M1802,M1805
25120007,H1301,H1302,H1401,H1502,H2502
25131103,H1401,H1502,H2502,N1301,N1302
,A1301,A1303,H1206,H1210,K1802
17021008,H1206,H1302,H1502,H2502,M1703
1702110B,A1301,A1303,A1405,A1414,M1703
1702140C,A1203,A1303,F1101,F1201,K1404
,,,,,
17021011,A1303,H2502,K1404,K2402,M1402
,A1303,H1206,K1802,K2402,M1402
17021014,A1301,A1303,H1502,K1802,M1703
17021013,H1206,H1302,H1502,H2502,M1703
46T25503,F1602,H1504,H2602,I1304,
56T25105,H2906,H3301,,,
,N3101,,,,
,N3101,,,,
56T25506,F1602,,,,
56T25501,F1605,,,,
56T25403,F1607,,,,
46T25501,I1307,,,,
,M1802,M1803,M1804,M1805,M1806
,D1407,H1206,H2502,,
1703260V,M1802,M1804,M1805,M1806,
17025519,D1407,H1206,H2502,,
,H1206,L1505,M1802,M1803,M1805
17022006,H1206,H1402,H1502,H2502,
,K2503,,,,
40025519,H2605,I1305,I1307,I1402,
50033002,K1302,K1305,,,
17033102,D1407,H1206,H1502,K2402,M1703
17032640,E1104,H1206,M1802,M1805,M1806
17032612,M1802,M1805,,,
,G1205,,,,
,G1602,G1603,,,
,G1603,,,,
,D1211,D1212,D1214,,
17025521,H1206,H2603,K2402,,
,,,,,
,,,,,
,,,,,
,,,,,
,,,,,
,G1204,,,,
50022143,D1101,,,,
40025518,H1209,I1305,,,
,,,,,
40321001,A1101,,,,
,G1202,G1203,,,
50033107,J1411,,,,
,,,,,
,N4301,N4403,,,
,N1103,,,,
,N1102,N4101,,,
,K2204,,,,
,N3201,N3203,,,
,,,,,
,F1102,,,,
16X32684,M1801,M1802,M1805,M1806,M1810
,,,,,
26X32655,M1805,,,,
,,,,,
56X33201,K1301,K1302,K1303,K1305,
16X31321,M1201,M1205,M1207,,
16C3340B,G1402,M1707,,,
36X23010,F1103,F1106,F1108,F1201,
,,,,,
46X33511,G1202,G1203,K1206,,
26R33001,K1403,,,,
16X31340,C1202,C1204,C1301,C1303,M1201
50033106,J1411,,,,
,F1103,F1106,,,
,L1203,L1204,,,
36X22101,D1102,D1104,H2102,H2504,
50031124,N4103,,,,
46034402,K1705,K2502,K2503,,
,,,,,
,,,,,
,,,,,
,,,,,
,,,,,
,,,,,
46X25503,I1401,I1402,,,
26X32402,K1902,K1903,,,
,A1413,H2102,,,
36X32406,M1607,,,,
,,,,,
,,,,,
,,,,,
,,,,,
,,,,,
,,,,,
,,,,,
44633524,G1204,,,,
44633524,G1204,,,,
,,,,,
,K2106,K2107,K2109,,
,,,,,
,L1302,L1304,,,
,E1104,L1505,L1510,,
,,,,,
17022712,H1206,H1302,H1401,H1402,H2502
17032641,H1102,H1206,H1402,M1801,M1805
17025520,H1102,H1206,H1402,M1802,
,H1206,H1302,K2304,,
17022504,H1102,H1206,H1302,H2502,K2306
,K1902,,,,
,I1604,,,,
,J1405,,,,
,I1503,,,,
,I1304,I1503,,,
,H2904,,,,
,I1502,,,,
,G1201,,,,
,F1603,,,,
,,,,,
,,,,,
,,,,,
56X23203,F1501,F1610,F1611,F1612,F1703
,,,,,
56X22701,F1603,,,,
,G1204,,,,
,,,,,
,E1104,E1205,M1805,,
56M22107,D1101,D1103,,,
56423001,F1302,F1702,,,
16X33203,K1403,M1301,,,
36X22001,F1103,,,,
36X23009,F1103,F1106,F1201,F1202,
26X33201,K1201,K1403,K1802,,
,K2106,,,,
36X23005,C1504,F1103,F1106,F1204,H1301
,,,,,
36M33601,D1202,M1302,,,
,,,,,
36M25501,F1201,F1202,F1602,,
,,,,,
,,,,,
,F1103,F1106,F1108,F1204,H2802
46A33201,G1202,K1206,,,
,M1805,,,,
36S33201,K1201,K1207,K1301,K1801,
,,,,,
46E22702,I1304,,,,
,,,,,
26X33409,E1107,G1301,G1302,M1704,
16X31402,M1202,M1204,M1206,,
,H1101,,,,
,,,,,
,,,,,
26T32603,M1801,M1802,M1810,,
46T32601,I1401,,,,
36T32603,I1401,M1810,,,
,I1501,,,,
,F1611,,,,
26T32601,M1805,,,,
36T32604,M1805,,,,
50025224,I1310,I1604,I1605,I1607,
56T23307,F1613,,,,
56T23308,F1601,,,,
40025223,I1605,,,,
,F1702,,,,
,F1703,,,,
,K2502,M1403,,,
56T33001,K1302,K1303,K1304,K1305,
,C1503,F1106,K1802,K2302,
33633503,G1204,,,,
23633502,G1204,,,,
33633511,G1204,,,,
,A1204,F1105,H1503,K2301,
40022005,H2102,H2301,H2701,,
33633502,G1204,,,,
23633502,G1204,,,,
50023451,H2206,,,,
,A1203,,,,
,,,,,
,,,,,
,,,,,
,,,,,
,,,,,
,,,,,
,,,,,
,,,,,
,H2401,,,,
,,,,,
,H2409,,,,
,B1805,H1205,,,
,H2402,,,,
,H2411,,,,
,,,,,
26X31313,C1501,C1502,C1503,C1504,
16X23307,F1102,,,,
,M1302,,,,
26C31401,M1204,,,,
56M22706,F1603,,,,
26X32205,E1103,E1104,E1205,,
56M22706,F1603,,,,
,G1603,,,,
,,,,,
,M1803,M1806,,,
16X3261A,M1803,M1805,M1806,,
26X33601,D1202,D1301,D1402,D1403,M1302
,M1402,M1705,M1707,,
26X32111,E1104,E1106,L1304,,
16X33003,K1403,M1301,M1302,,
,D1102,H2102,,,
16X32687,M1802,M1803,M1805,M1806,
26M33101,J1410,,,,
,,,,,
26X32309,E1107,L1504,L1508,L1509,
,,,,,
46421004,A1101,A1302,A1405,A1414,A1416
,,,,,
,,,,,
16X3260D,M1801,M1802,M1803,M1805,M1806
16X20102,H1206,H1401,H1402,H2502,I1102
26X31011,M1705,M1707,,,
,H1102,M1705,M1707,,
16X31001,M1302,M1402,M1705,M1706,
26X20008,H1302,H1502,M1402,,
16X20011,H1401,H1402,H1502,M1402,
,M1402,,,,
26X24201,B1805,H1205,M1702,,
16X31035,E1103,E1107,M1706,,
,M1805,,,,
16X31021,H1102,M1402,,,
16X32039,E1104,E1205,,,
16X32035,E1103,E1401,E1402,M1705,
36X25501,H2701,I1304,I1503,,
,E1102,,,,
,E1105,,,,
36X22704,F1106,H1206,,,
46X34404,K2501,K2502,K2503,,
36C31101,N1202,,,,
36M21201,A1408,,,,
46X34403,K2501,K2502,K2503,,
36X31405,M1501,,,,
,K2503,,,,
,H2502,H2503,H2504,,
,K2503,,,,
36X32309,L1504,L1508,L1509,,
,K1705,K1706,K2503,,
56X34413,K2503,,,,
56T34301,J1301,K2202,K2204,,
,M1302,,,,
,G1502,,,,
,E1102,E1103,E1106,K2107,K2401
,H1101,H1206,H1502,H2502,I1602
,E1104,M1802,M1803,M1804,M1805
32020114,H1303,K2306,,,
,G1403,H1302,H1402,I1102,
,H2910,,,,
,H1402,H1403,,,
46T31202,C1102,D1402,D1403,D1404,D1407
,,,,,
56T24305,H2401,H2414,,,
56T22704,I1306,,,,
,H3201,,,,
50024127,B1804,,,,
,I1603,,,,
,G1204,,,,
56T21401,A1203,,,,
35531101,N1201,N1202,N1303,N3202,
44633530,G1204,,,,
36T31501,M1203,M1501,,,
36T31401,M1203,,,,
,K2105,L1101,L1202,,
,,,,,
,,,,,
,,,,,
,,,,,
16X23309,F1102,,,,
,L1304,L1510,,,
,L1304,,,,
56X33005,K1302,,,,
16X3260S,M1802,M1803,M1805,M1806,
16X11202,H1210,H1501,H1502,H1505,
26X23101,F1106,F1201,,,
16N32602,K1601,M1801,M1803,M1805,M1806
16X33002,J1502,K1403,,,
,M1301,M1302,,,
26X31255,E1101,E1103,M1703,M1705,
16X32612,M1802,M1803,M1805,M1806,
16X32692,M1805,,,,
,L1201,L1301,L1302,L1303,
,K1103,M1402,M1502,,
16X32688,M1801,M1802,M1803,M1806,M1810
16X31017,M1202,M1204,M1205,M1207,
,,,,,
,K1203,K1801,,,
16X32691,M1805,M1806,,,
,,,,,
16X32689,M1802,M1810,,,
16X31318,M1202,M1204,M1205,M1206,
16X31028,E1103,E1107,,,
,B1805,H1205,,,
16X32037,E1103,E1401,E1402,M1702,
16X22709,H1302,M1402,,,
16X31103,N1301,N1302,,,
16X31036,H1302,H1502,K1802,M1402,
,,,,,
,,,,,
,,,,,
,,,,,
,,,,,
16X32695,M1803,M1805,,,
26X32059,E1104,E1205,,,
16X31222,D1406,H1102,M1704,M1707,
26X32648,M1805,,,,
16X32014,E1103,M1705,,,
16X31512,M1502,M1503,,,
16X3260R,M1801,M1802,M1803,M1805,M1806
26X32502,K1601,,,,
,H1102,,,,
16X22201,H1206,H1501,H1502,M1703,
26X32115,E1104,E1106,,,
16X31507,M1502,M1503,,,
16X34302,H1302,,,,
,,,,,
16X32038,E1103,E1104,,,
,,,,,
,,,,,
,,,,,
,,,,,
,,,,,
16X31526,M1502,M1503,,,
16X33109,H1206,M1403,M1703,M1707,
,K1104,K1801,M1402,,
,M1801,,,,
16X13601,E1108,,,,
,,,,,
,,,,,
,,,,,
,D1208,,,,
,,,,,
,F1201,H1206,,,
26X24211,B1803,H1205,H2412,H2505,L1502
36X23006,F1201,,,,
26X31256,D1301,D1406,D1502,D1503,D1509
36X32621,M1805,,,,
36X23202,F1103,,,,
36X33505,G1204,,,,
36M21101,D1209,D1503,M1302,,
,,,,,
,,,,,
,,,,,
,B1803,H1205,H2412,,
,,,,,
26X32640,M1403,M1805,,,
26X32630,M1805,,,,
26X31234,D1405,J1405,M1302,M1701,M1704
,L1505,,,,
,L1507,L1508,,,
26X31536,M1502,M1503,,,
26X31543,K2102,M1502,,,
26X31015,M1707,,,,
36X25504,H2604,I1305,,,
26X31001,D1504,G1402,M1204,M1205,M1302
26C31211,D1506,,,,
,K2503,,,,
46Q31103,N4401,,,,
,G1204,,,,
56X33004,K1303,,,,
56X22103,G1602,,,,
,E1104,E1205,L1304,,
,G1604,,,,
16X21001,A1301,C1203,K1903,M1202,M1402
,K2502,K2503,,,
46X22101,G1602,,,,
,,,,,
,,,,,
,L1504,,,,
,B1604,,,,
,G1703,,,,
,H2102,,,,
,,,,,
,B1603,,,,
,,,,,
,,,,,
46X33606,L1501,,,,
,,,,,
46X34409,K1706,K1707,K2501,K2502,K2503
,,,,,
,K2503,,,,
,,,,,
,,,,,
,K2503,,,,
,,,,,
,H2603,H2604,H2605,,
,K2503,,,,
,,,,,
,K1707,K2503,,,
,,,,,
,,,,,
,,,,,
,B1806,F1102,,,
26X22501,H1302,H1402,H1404,H2502,
26X20011,F1204,H1302,H1303,H1502,M1402
26X32025,E1103,E1107,,,
26X32013,E1103,E1104,E1205,M1705,
,H1302,K2502,M1402,,
26X24001,B1805,H1204,H1205,,
,K1705,K2503,,,
,A1408,A1501,,,
,B1806,,,,
,B1201,B1302,,,
,G1501,,,,
,K2304,,,,
,H2803,,,,
,B1603,,,,
,G1604,,,,
,D1105,D1106,D1107,D1507,
,B1604,,,,
,K1302,K1303,K1304,,
,G1202,G1203,,,
,K2503,,,,
56X33401,G1803,,,,
,A1503,,,,
,G1402,G1404,G1601,M1302,M1707
,C1202,C1301,M1201,,
32334101,E1107,K1404,K1802,K2111,
46321007,A1101,,,,
,,,,,
,,,,,
,,,,,
,,,,,
,,,,,
,,,,,
16520001,B1805,E1205,F1102,H1204,M1402
26031302,M1205,M1503,,,
,M1205,M1301,M1302,M1402,M1707
1702200B,H1206,H1402,,,
,M1302,M1402,M1705,M1707,N1301
26531017,E1103,K1404,M1402,M1707,N1202
,H1102,H1206,H1401,H2502,I1102
16531020,M1101,M1402,M1403,M1704,M1707
26531018,M1703,M1705,M1707,N1202,
,M1402,M1502,M1503,,
,M1202,M1205,M1302,M1402,M1705
,,,,,
,,,,,
17011404,H1206,K2402,M1201,M1802,M1805
17011601,A1303,H1206,K2301,,
1702550M,H1102,H1206,H2501,H2502,M1805
16531001,M1201,M1204,M1402,M1403,M1705
,E1103,E1106,K1601,K1802,
16031010,M1302,M1402,M1703,M1705,M1707
,H1401,H1402,H1502,H2502,N1301
16031009,M1202,M1205,M1302,M1402,
17025123,H1101,H1102,H1203,H1206,
16531214,M1101,M1204,M1301,M1503,M1703
16031008,M1205,M1302,M1402,M1705,M1707
16531017,M1201,M1302,M1402,M1705,M1707
,M1205,M1301,M1302,M1402,M1703
,H1202,H1206,H2502,H2701,I1102
,K2103,L1201,L1202,L1203,
,,,,,
,H2503,,,,
,,,,,
,,,,,
,,,,,
,,,,,
,,,,,
,,,,,
,,,,,
,,,,,
,,,,,
,,,,,
,,,,,
,,,,,
,,,,,
,,,,,
,,,,,
,,,,,
,,,,,
,,,,,
,,,,,
,,,,,
,,,,,
,,,,,
,,,,,
,,,,,
,,,,,
,,,,,
,A1415,,,,
,F1603,,,,
,,,,,
,N4402,,,,
,N4402,,,,
,N4402,,,,
,N4402,,,,
,N4402,,,,
,J1102,,,,
,G1204,,,,
,G1204,,,,
,D1208,,,,
,D1203,D1208,,,
,G1204,,,,
,,,,,
,H2504,,,,
,H3201,H3202,,,
,D1203,,,,
,G1503,,,,
,G1503,,,,
,G1602,,,,
,D1503,,,,
50031125,N3103,,,,
40031115,N3103,,,,
,G1204,,,,
,G1201,,,,
,G1204,,,,
,G1201,,,,
,G1202,,,,
,G1201,,,,
,G1201,,,,
,G1403,,,,
,F1302,,,,
,F1302,,,,
,F1302,,,,
,J1305,,,,
,J1501,,,,
,J1304,,,,
,J1303,,,,
,K1301,K1302,K1305,,
,K2503,,,,
,I1303,,,,
,K1302,K1305,,,
,K2503,,,,
,M1705,,,,
,K2503,,,,
,K2111,,,,
,K2110,,,,
,K1207,K2104,,,
,K2503,,,,
,M1302,,,,
,M1302,,,,
,N4103,,,,
,N4101,,,,
,N3101,,,,
,F1602,F1610,,,
,M1607,M1609,,,
,E1101,G1202,,,
16X31052,M1302,M1402,M1707,,
16X32645,M1801,M1805,M1806,M1810,
16X31333,C1204,C1205,C1303,C1504,M1707
16X31261,M1705,M1707,,,
26X31228,E1101,M1705,M1707,,
26X32611,E1103,E1104,E1205,M1705,M1805
26X32069,E1107,,,,
26X32065,E1205,,,,
,C1203,C1206,,,
26X23301,B1301,F1102,F1104,H1204,L1503
26X32615,M1805,,,,
,G1201,,,,
,M1803,M1805,M1806,,
26C31207,E1103,E1401,E1402,M1705,M1806
26X22701,H1301,,,,
,C1206,,,,
36M22702,F1603,,,,
,K2101,K2102,K2111,,
,M1402,M1502,,,
46M21203,A1503,,,,
26X32649,M1802,,,,
26X22101,H1302,H1502,,,
36X31507,M1501,M1502,,,
36C33401,G1401,G1403,G1703,G1801,
,J1408,,,,
36X33401,G1102,G1301,K1802,M1703,
36X21106,A1414,A1416,D1403,H2102,M1302
,K2503,,,,
,F1102,,,,
,H1102,H1206,,,
16X22707,F1106,K1401,,,
16X23201,F1106,H1206,H2502,I1402,M1402
,K1104,,,,
26X33406,G1102,G1301,G1302,,
,K1203,,,,
26X23303,F1102,,,,
,D1405,,,,
,N3101,,,,
56T23102,F1705,K2301,,,
46T22705,I1306,I1308,,,
,,,,,
46X33203,M1601,,,,
36X31403,M1203,,,,
,,,,,
46X31403,M1203,M1608,,,
46X32406,D1401,M1607,,,
,,,,,
,F1103,M1302,,,
,,,,,
,,,,,
,,,,,
,,,,,
,,,,,
46X25507,H2602,I1304,I1309,,
,I1604,I1607,,,
,N3102,,,,
,E1104,E1205,L1510,,
,,,,,
36X31509,M1203,M1501,M1503,M1605,
,,,,,
36X34403,F1204,H1302,H1303,H1502,
,,,,,
36C3360A,D1208,D1407,K2111,,
,,,,,
46X34406,K2503,,,,
,,,,,
,K2109,K2111,K2503,,
,,,,,
,,,,,
,K2109,K2111,K2503,,
46X23002,D1212,F1704,K2303,K2304,
,A1407,L1401,,,
40321113,A1405,A1413,,,
56T22703,F1603,I1308,,,
40321211,A1407,,,,
,G1204,,,,
,,,,,
,,,,,
,,,,,
40321405,A1203,,,,
,,,,,
,,,,,
,,,,,
,,,,,
,A1405,A1414,,,
,,,,,
,,,,,
40321210,A1408,,,,
40321004,A1407,A1409,A1410,A1411,A1416
,H1503,,,,
,D1106,,,,
40321203,D1210,,,,
33633502,G1204,,,,
,M1802,M1803,M1804,M1805,M1806
56T23101,F1702,I1202,,,
56T25207,I1604,,,,
56T25203,I1604,,,,
,D1209,,,,
,F1106,F1202,,,
46T25204,I1604,,,,
40321212,A1501,,,,
33633502,G1204,,,,
44633524,G1204,,,,
44633524,G1204,,,,
,D1105,D1106,D1502,,
,G1401,,,,
,G1603,,,,
,G1402,M1302,,,
,G1603,,,,
,G1602,,,,
,G1404,G1601,,,
,D1105,G1602,,,
,G1404,G1601,,,
,G1801,G1803,,,
,G1402,,,,
,G1605,,,,
,G1206,,,,
,,,,,
,H2101,H2407,,,
1702270B,F1106,F1201,H1102,H1206,I1101
,,,,,
,H2102,H3301,,,
,H2102,H3301,,,
,K2204,,,,
,H2102,H3301,H3303,,
,,,,,
,D1501,,,,
,M1707,,,,
,N1303,,,,
,H2502,,,,
,,,,,
17023102,F1103,F1106,F1201,I1101,
,M1501,,,,
,M1501,M1604,,,
,M1801,,,,
,K2111,,,,
,M1802,,,,
,,,,,
,N1201,N1303,N4203,,
,K2503,N1101,N2203,N2204,
,N3102,,,,
,N3102,,,,
,I1102,I1306,I1310,I1605,M1402
,H2701,I1102,,,
,G1803,,,,
,G1602,,,,
,M1805,,,,
16X3260P,M1802,,,,
,G1204,,,,
,G1204,,,,
,N2102,,,,
,N2102,,,,
26X32620,M1802,M1804,M1805,M1806,M1810
26C25501,F1201,H1102,M1804,,
56X22102,H2102,H3301,H3302,H3303,
26X32074,E1101,E1103,E1104,,
,I1402,,,,
26U33301,K1801,K2101,K2102,K2111,
46X22202,H1210,H2301,H3303,,
13534012,K1401,K1404,K1501,K1802,K1903
26X32211,E1104,E1205,L1510,,
46X33101,J1303,,,,
,A1501,A1504,,,
26X31257,D1406,M1704,M1706,M1707,
,,,,,
,A1301,A1404,A1414,A1416,
26X31258,M1704,M1705,M1706,M1707,
26X32002,E1103,E1104,E1107,E1401,E1402
26Q3110B,N1201,N1202,N4201,,
16X32694,M1802,M1803,,,
,M1801,M1802,M1803,M1804,M1806
20512008,K1401,K1404,K1503,K1802,
20512806,K1404,K1503,K1706,K1901,K1902
,M1402,M1707,,,
20532002,E1103,E1104,E1106,K1601,
20512807,E1103,E1106,K1404,M1401,
16X31025,M1205,M1302,,,
16X31108,H1401,N1301,,,
16X32630,M1802,M1804,,,
16X31268,D1402,,,,
16C31501,M1502,M1503,M1806,,
1351281N,K1901,K1902,K1903,,
16X21101,A1405,A1413,M1205,M1302,M1402
1351281S,K1901,K1902,K1903,,
,,,,,
,,,,,
,,,,,
,H1206,H1402,,,
,,,,,
,,,,,
16X34103,K1802,,,,
16X31039,E1103,M1703,M1704,M1705,
,,,,,
,,,,,
36X31508,M1501,,,,
36X32607,M1805,,,,
,,,,,
36X33402,G1804,,,,
,F1106,F1108,F1201,,
,L1203,,,,
36X33506,G1204,,,,
36X24205,B1805,M1604,,,
46X33610,D1203,D1208,,,
13533319,K2101,K2111,,,
1351282C,K1501,K1901,K1902,K1903,M1202
13532044,E1101,E1104,E1205,L1302,M1805
13532042,E1103,E1104,E1106,E1107,E1205
13532040,E1103,E1104,K1602,K2401,L1302
1351282E,K1404,K1901,K1902,K1903,
,G1701,,,,
,D1406,M1703,M1704,M1706,M1707
,K2503,M1302,,,
36X34405,K2502,K2503,M1302,,
1351281M,K1902,K1903,K1904,M1205,
40024204,H2402,,,,
13532043,E1101,E1104,K1204,K1601,M1805
13532045,E1103,E1104,E1106,K2401,
13532110,E1103,E1106,K1401,K1601,
1351280R,K1704,K1902,K1903,K2401,K2502
13532505,E1101,E1105,E1106,K1601,
1351280N,K1704,K1901,K1902,K1903,K1904
26X23001,F1103,F1106,F1108,F1201,
,,,,,
1351281W,C1205,K1503,K1902,K1903,M1205
,,,,,
1351281U,K1901,K1902,K1903,,
,,,,,
,,,,,
,,,,,
,,,,,
1351281T,C1501,C1503,C1504,K1903,
1351281Y,J1502,K1403,K1903,,
1351281X,K1401,K1404,K1802,K1902,K1903
1351280T,K1902,K1903,,,
13512235,M1301,M1302,M1402,M1403,M1806
,,,,,
13532504,E1104,E1105,K1601,,
13522006,H1206,H1302,H1402,H1502,H2301
,G1204,,,,
,G1204,,,,
,,,,,
,G1204,,,,
,G1204,,,,
,,,,,
1351282B,K1401,K1903,M1402,M1403,
,,,,,
1351280M,K1401,K1404,K1802,K1903,
13520026,H1302,H1502,M1402,,
20533302,G1203,K1206,K2106,M1502,
,K1901,K1902,K1903,,
1351280S,K1901,K1902,K1903,,
1351281L,H1102,K1902,K1903,M1205,M1402
1351281P,K1902,K1903,M1402,M1502,
1351281J,K1505,K1902,K1903,,
1351281R,C1102,C1107,C1109,C1110,K1903
1351281Z,K1404,K1802,K1902,K1903,M1402
13534013,K1401,K1405,K1802,K2401,
13512011,E1103,K1401,K1405,K1703,
1351282A,E1106,K1401,K1405,K1802,K2401
13532109,E1102,E1104,E1106,,
1702010D,H1206,H1502,H2502,I1102,M1805
1351281K,K1401,K1403,K1404,K1802,K1902
1351281C,K1902,K1903,M1802,,
13512013,K1902,K1903,K2108,,
1351280U,K1405,K1901,K1902,K1903,
45022111,G1601,G1602,,,
45033409,G1802,G1803,,,
50022146,G1602,,,,
13512807,K1401,K1404,K1405,K1902,K1903
50033413,G1502,G1603,G1801,G1803,
13533311,K2101,K2106,K2401,,
,C1102,,,,
,C1102,,,,
13533314,K1206,K2101,K2102,K2111,
,M1802,M1806,,,
,K2105,,,,
46M31001,D1401,M1501,M1604,M1605,M1608
,N1103,,,,
26X22201,H1206,H1210,H1503,J1302,M1605
46R2210A,D1107,D1301,D1502,G1804,
,D1105,,,,
26X32311,E1104,E1205,,,
46C23201,F1501,F1604,F1607,F1613,F1703
26X32071,E1205,,,,
,M1202,M1204,M1205,,
,G1204,,,,
26X32337,E1103,E1104,E1205,L1510,
26C22001,H1401,H1402,H1502,H2502,I1102
46X23201,B1101,F1612,,,
26X33411,G1401,G1402,G1403,,
26X31242,B1301,D1506,,,
,F1103,F1106,F1201,F1202,
,F1103,F1106,F1201,F1202,I1101
16C33401,G1402,G1403,G1404,,
36X23004,F1106,F1108,F1201,,
,D1106,D1505,D1507,,
,D1405,D1407,,,
,N1103,,,,
,F1103,F1106,F1108,F1204,H2802
16X32040,E1103,E1104,E1205,,
36U33501,G1205,G1403,M1402,M1707,
16X31314,C1503,C1504,,,
36X24201,B1803,H1205,H2412,H2505,
13512216,A1303,K1404,M1402,N1301,N4201
16X31212,M1705,M1707,,,
16X31069,H1206,H1302,M1402,,
16X20012,H1401,H1402,H1502,H2502,N1301
16X20018,H1302,H1402,I1102,,
13513310,G1202,K1207,K2104,K2111,
13512238,M1302,M1402,M1403,M1802,
56T22102,H2102,H3301,H3303,,
13531551,K1801,M1402,M1403,M1502,M1503
13533007,K1404,K1802,M1205,M1302,M1403
,D1211,D1212,D1214,,
,D1103,D1106,,,
,,,,,
,D1101,,,,
,,,,,
,,,,,
,,,,,
,D1102,,,,
,,,,,
,N4301,,,,
,,,,,
,,,,,
,,,,,
,,,,,
,,,,,
,,,,,
56X33101,D1203,,,,
,C1504,,,,
,K2503,,,,
,D1502,D1503,D1508,D1509,
,N1303,,,,
1702220P,H1206,H1302,H1402,H1502,H2502
,N1303,,,,
,K2502,K2503,,,
,D1502,D1503,D1508,,
,D1301,D1504,D1509,,
46131101,M1601,N2201,,,
46133413,G1703,,,,
46125122,H3203,,,,
46125406,H2913,,,,
46125407,H2902,H2914,,,
46125312,I1602,,,,
46125309,I1602,,,,
46125308,I1602,,,,
46125311,I1602,,,,
46125310,I1602,,,,
46122001,H1506,,,,
46133501,G1204,M1605,,,
46122306,B1302,,,,
46131201,D1408,,,,
46125123,I1310,I1603,,,
46125003,I1305,,,,
46125004,I1502,,,,
32321007,A1301,D1407,I1103,,
46123306,D1212,D1403,,,
46125508,F1605,,,,
46125408,H2902,,,,
46125002,I1301,,,,
46125409,H3404,,,,
46122704,F1602,F1603,,,
46122705,F1602,F1603,,,
46122703,H2701,,,,
46133414,G1803,G1804,,,
46132601,E1101,E1104,I1401,M1805,
46125510,H2604,I1305,,,
46123304,F1606,,,,
46133412,E1107,G1401,,,
46125509,M1801,M1802,M1810,,
46133503,G1204,,,,
46133504,G1204,,,,
46133505,G1204,,,,
46133502,G1204,,,,
56133002,K1302,,,,
56122109,G1602,,,,
56122307,B1603,,,,
56122107,D1102,,,,
56133605,D1202,,,,
56122405,H2805,,,,
56122105,G1602,,,,
56133411,G1801,,,,
,K2105,L1204,,,
,K2105,,,,
56122103,D1103,D1106,,,
56134201,B1806,,,,
56124201,D1207,,,,
56122304,B1603,,,,
56123307,F1613,,,,
56125118,I1302,,,,
56122111,D1106,,,,
56123204,F1610,,,,
13533312,K2101,K2106,K2401,,
13534402,K1601,M1403,M1805,M1806,
1702510U,H1206,H1402,H1502,H2502,H3203
,H1206,H1208,H1402,M1803,M1805
17020029,H1206,H1302,H1402,H1502,H2502
17022714,H1302,H1402,H1502,H2502,
17022713,H1302,H1402,H1502,H2502,
,H2902,H2911,H2914,,
56122706,F1603,,,,
,H2913,,,,
,,,,,
,,,,,
,,,,,
,F1703,,,,
,I1203,,,,
,K2110,,,,
,K1903,,,,
,G1503,,,,
,H2913,,,,
,N4104,N4105,,,
,N4103,,,,
26013302,L1203,,,,
,L1203,,,,
32031313,C1206,,,,
32031312,C1501,C1502,C1503,C1504,
,,,,,
,I1401,M1801,M1810,,
,G1603,G1703,,,
,,,,,
,A1301,A1303,K1802,,
,M1802,M1804,,,
46025001,H1504,H2603,H2901,I1304,
36T23009,F1106,F1108,,,
,H2206,H2207,,,
,H2206,H2207,,,
,H2206,H2207,,,
,H2206,,,,
,H2207,,,,
,B1806,,,,
,H2206,,,,
,H2206,,,,
,B1201,F1608,F1612,,
,F1612,,,,
,F1612,,,,
,B1601,,,,
,F1501,H2206,,,
,H2206,,,,
,H2206,,,,
,F1610,,,,
,F1603,,,,
,F1608,,,,
,F1603,F1703,,,
,G1601,G1602,,,
,G1802,,,,
,F1603,I1306,,,
,G1804,,,,
,G1603,G1801,,,
,F1601,,,,
,F1601,,,,
,G1503,,,,
,G1703,,,,
,,,,,
,B1801,,,,
,F1703,,,,
,B1803,H2402,,,
,F1601,,,,
,F1703,,,,
,F1703,,,,
,D1214,,,,
,F1501,H2206,,,
,B1101,B1302,F1606,,
,B1101,B1302,F1606,,
,F1608,F1612,,,
,F1609,,,,
,B1303,,,,
,F1603,,,,
,F1603,,,,
,B1303,,,,
,F1603,,,,
,B1303,,,,
,B1303,,,,
,B1806,,,,
,B1806,,,,
,D1205,H2414,,,
,D1202,D1406,D1501,L1501,M1302
,D1208,D1501,K1103,L1501,
,J1410,,,,
,E1104,E1205,M1801,M1803,M1805
,E1104,E1205,M1801,M1803,M1805
,E1201,E1203,L1304,L1507,
,B1302,B1402,,,
,L1505,,,,
,E1301,E1303,E1306,E1308,
,D1104,,,,
,D1101,,,,
,D1103,,,,
,D1102,,,,
,D1104,,,,
,D1104,,,,
,A1413,,,,
,D1105,,,,
,D1502,,,,
,,,,,
,A1203,,,,
,A1502,,,,
,G1601,H2502,,,
,A1503,,,,
,B1201,,,,
,B1201,B1302,,,
,B1201,,,,
,B1602,,,,
,B1602,,,,
,B1602,,,,
,B1602,,,,
,B1602,,,,
,B1602,,,,
,B1602,,,,
,B1602,,,,
,B1602,,,,
,B1201,,,,
,B1602,,,,
,B1602,,,,
,B1602,,,,
,B1602,,,,
,B1602,,,,
,I1606,,,,
,H2501,,,,
,I1306,I1308,,,
,I1606,,,,
,F1603,I1306,,,
32025522,H1209,H1210,I1302,I1304,
16X32698,M1801,M1802,M1803,,
16X23308,F1102,,,,
16X32699,M1802,M1805,M1806,,
,H1206,K2402,,,
56T23205,F1612,,,,
,H1204,M1402,,,
,M1301,M1302,,,
16X32697,M1802,M1806,,,
16X32696,M1805,,,,
16X3261E,M1801,M1802,M1805,M1810,
16X11402,C1202,C1204,C1301,C1303,M1201
16X20101,H1206,H1208,H1402,M1802,M1805
16X20017,H1302,H1502,H2701,,
,N1301,,,,
36T31001,M1302,,,,
,,,,,
,M1703,M1705,M1707,,
16X31234,M1101,M1102,N1301,,
16X32011,E1103,,,,
16X31317,H1401,M1102,N1301,N1302,
16X11801,H1206,M1703,,,
16X33407,D1406,G1301,G1302,M1705,M1707
,F1103,,,,
,A1501,,,,
16X31504,M1502,M1503,,,
,C1503,F1103,F1106,F1201,F1613
16X31505,M1502,M1503,,,
16X20013,H1401,H1402,H2502,H2504,N1301
16X31511,M1402,M1502,M1503,,
,M1801,M1802,M1805,M1806,M1810
1463430A,H1302,H1303,,,
26X31402,M1202,M1203,M1204,M1205,
24632601,M1801,M1805,,,
,,,,,
26X31325,C1102,C1201,C1203,C1206,
,,,,,
26R32601,M1801,M1802,M1803,M1805,M1806
26X32007,E1104,E1205,L1510,,
,,,,,
,,,,,
26X31022,D1402,M1302,,,
26X31532,M1203,M1501,M1503,,
26R3120B,D1402,D1406,M1707,,
,M1205,M1302,M1402,M1707,
24631501,M1501,M1502,M1503,,
,E1106,,,,
,A1301,H1203,H2911,I1603,K2111
,H1302,H1303,,,
46X33201,K1201,K1202,K1303,,
36X31202,E1101,E1205,M1705,,
,F1502,H2911,,,
,K1706,K2503,,,
16X31226,D1406,D1407,H1102,M1707,
,K1104,,,,
46E31401,M1203,M1602,M1608,,
26X31545,M1502,M1503,,,
,H1303,,,,
46X31201,D1401,D1403,D1507,,
,G1204,,,,
46X33609,D1208,L1501,,,
36M22103,D1101,D1103,G1601,M1302,
,K1204,K1205,K1206,K1207,K1301
,C1102,D1408,,,
36M22103,D1101,D1103,G1601,M1302,
36X23204,F1103,F1106,F1108,F1201,I1101
,K2503,,,,
,H2502,,,,
36X32612,M1801,M1803,M1805,,
36C33404,G1202,G1403,,,
46X33608,D1208,,,,
46X33611,D1208,D1301,,,
46X33004,D1202,,,,
46X25001,I1301,,,,
46C25502,I1307,,,,
,D1406,D1502,D1503,,
,D1407,,,,
,N1301,,,,
,N1303,,,,
,D1401,D1408,,,
,D1107,D1213,,,
56X31201,D1505,K2503,M1601,,
46C3120A,D1211,,,,
56X21201,A1408,A1501,,,
46X32309,L1508,,,,
46T24301,D1206,,,,
,L1504,L1508,,,
,K2109,K2111,,,
46X32308,L1504,,,,
56T33403,G1501,G1502,,,
,D1407,,,,
,I1305,J1303,N4105,,
32025303,H1301,I1302,I1304,I1305,I1602
50022144,D1103,,,,
50022145,D1104,,,,
50024323,B1802,H2401,,,
,,,,,
,,,,,
,,,,,
,,,,,
,,,,,
,,,,,
,,,,,
,,,,,
26032002,E1101,E1103,E1104,E1205,E1402
,,,,,
,,,,,
,,,,,
,,,,,
,,,,,
,,,,,
,,,,,
,,,,,
,,,,,
,,,,,
13511009,H1204,H1206,H1302,M1402,
13531393,C1204,C1401,M1207,M1403,
32321015,A1301,A1302,A1303,A1416,K1802
32321016,A1301,A1302,A1303,A1416,K1802
,,,,,
,,,,,
,,,,,
,,,,,
,,,,,
,,,,,
,,,,,
,,,,,
,,,,,
,,,,,
32321207,A1301,A1407,A1409,A1410,A1411
,,,,,
,,,,,
,M1803,M1805,M1806,,
,,,,,
,,,,,
,,,,,
,,,,,
,,,,,
,,,,,
,,,,,
,,,,,
,,,,,
,,,,,
,,,,,
,,,,,
,,,,,
,,,,,
,,,,,
,,,,,
25012819,K1102,,,,
,N2102,,,,
,N2102,,,,
,N2102,,,,
,N2102,,,,
,K2111,,,,
,M1605,M1607,,,
,D1402,,,,
,K1704,K2502,M1402,,
,D1402,M1204,M1704,M1705,M1707
56T31104,N1103,,,,
56T25001,I1302,I1304,I1309,,
36T23003,F1201,,,,
16531220,M1202,M1205,M1402,M1705,M1707
,,,,,
,,,,,
,I1101,,,,
,F1202,,,,
,F1202,,,,
,,,,,
,,,,,
,,,,,
,F1603,F1703,,,
,,,,,
,G1201,G1204,,,
,G1201,G1204,,,
,G1201,G1204,,,
,M1205,M1301,M1302,M1402,
,H1203,,,,
46T33406,G1202,,,,
56T22101,G1602,,,,
56T3340A,G1603,,,,
,,,,,
,,,,,
,,,,,
,,,,,
,M1806,,,,
,K1401,,,,
,,,,,
,,,,,
,D1212,D1406,F1102,,
,,,,,
,M1803,,,,
,,,,,
,D1212,F1102,,,
,F1604,H2201,,,
,G1204,,,,
,G1204,,,,
,G1204,,,,
,,,,,
,,,,,
,,,,,
,,,,,
,B1301,D1506,,,
,H2102,,,,
,A1302,,,,
,H2102,,,,
,D1106,D1209,D1210,,
,A1301,,,,
,D1301,,,,
,H2102,,,,
,H2102,,,,
,H2102,,,,
,H2102,,,,
,M1802,M1805,,,
,A1404,,,,
36T32401,M1604,,,,
46T25106,H2903,,,,
,A1401,A1405,,,
,A1414,,,,
,A1402,,,,
,A1101,A1302,A1303,A1416,I1603
,H2102,,,,
,A1401,A1405,,,
,A1411,,,,
,A1203,,,,
,C1107,C1109,C1401,,
,A1413,H2102,,,
,H2102,,,,
26T31201,D1301,D1504,,,
36T31205,D1408,M1401,M1704,,
55321105,A1405,,,,
,H1504,H2603,I1304,I1309,K1701
,H1504,H2603,I1304,I1309,K1701
,H2502,I1102,,,
,H1504,H2603,I1102,I1304,K1701
,,,,,
,,,,,
,A1408,K2502,K2503,,
,M1501,M1502,M1503,,
55321205,A1407,A1410,A1416,,
,K1703,K2502,M1402,M1503,
,K1703,K2502,M1402,M1503,
,N1303,,,,
55321402,A1202,A1203,,,
,N1303,,,,
,A1204,K1704,K1706,,
,F1106,I1101,,,
,N3101,,,,
,N1201,N1202,,,
,N1201,N1202,,,
,H2605,,,,
36T20001,H2501,H2503,,,
46T22502,H2504,H2908,H3203,,
33633502,G1204,,,,
,M1705,,,,
17032645,M1801,M1802,M1803,M1806,M1810
17030001,H1401,N1301,N1302,N4201,N4202
36X32013,L1103,,,,
,M1805,,,,
,I1605,,,,
,,,,,
,N3101,N3102,,,
,,,,,
,,,,,
,,,,,
,,,,,
,,,,,
,,,,,
,,,,,
46321109,A1405,,,,
,,,,,
55321304,A1201,,,,
,,,,,
,,,,,
,C1206,,,,
56T25509,I1402,,,,
26X12501,M1403,M1805,,,
26X32624,M1805,,,,
36T23201,F1202,,,,
26A31301,C1203,K1802,K1903,M1402,
36T23301,F1201,,,,
26X32628,M1805,M1806,M1810,,
16X21301,A1303,,,,
56T25410,B1601,,,,
16X32042,E1104,E1205,L1304,L1505,L1510
16C20003,M1806,,,,
,K1202,K1207,K2106,,
,M1302,,,,
16X12804,K1601,K1903,M1402,M1802,M1806
26X31247,M1706,M1707,,,
16X32101,E1103,E1104,E1205,L1304,
26X31248,E1103,M1705,,,
26R31201,D1402,D1407,H1102,M1704,M1707
16X33406,G1401,G1402,G1403,G1404,G1503
56T25404,H2911,,,,
16X31331,C1204,C1301,C1302,C1303,M1201
16X22702,H1206,H2502,H2701,I1102,
16X32651,M1802,M1803,M1805,M1810,
,K1903,,,,
16X31266,M1705,,,,
16X3261D,M1806,,,,
16X3261C,M1805,,,,
,,,,,
16X3261B,M1803,M1806,,,
16X31030,H1102,,,,
16X31267,D1402,D1406,M1703,M1704,
,A1402,A1403,A1404,A1414,
,D1404,,,,
56E34305,I1503,,,,
16X31265,M1705,,,,
,K1601,,,,
,,,,,
,,,,,
,A1202,A1204,A1301,A1303,
46E32001,D1401,M1605,M1607,,
,H2301,H2503,H3101,H3303,
,,,,,
,G1602,,,,
,H2301,H2503,H3101,H3102,H3303
,,,,,
,G1402,G1601,G1602,,
,,,,,
,,,,,
46433403,G1404,G1601,G1602,,
,H2301,H2503,H3101,H3303,
16X31264,M1704,M1705,,,
,H2301,H2503,H3101,H3102,H3303
,,,,,
,,,,,
,C1205,,,,
,,,,,
,,,,,
,,,,,
,C1202,C1203,C1204,C1205,C1207
,D1407,,,,
,H3101,H3102,,,
,H1204,,,,
,H2701,,,,
17025522,H1102,H1202,H1206,H1209,
,F1103,F1106,F1201,F1204,
56122114,D1101,D1103,D1106,D1507,
56123309,F1609,,,,
56123308,F1607,,,,
56122113,D1102,,,,
56122112,D1104,,,,
23633502,G1204,,,,
23633502,G1204,,,,
1702300H,F1103,F1106,F1201,,
,F1203,,,,
,H2804,,,,
,H2301,,,,
,H2701,,,,
,H3301,,,,
,H2301,H3301,,,
,,,,,
,,,,,
,,,,,
,B1802,H2401,,,
,H1205,,,,
,I1102,I1302,I1304,,
,,,,,
,M1604,M1607,,,
,,,,,
,D1401,,,,
,D1408,,,,
,K2501,,,,
,K2501,,,,
,,,,,
,,,,,
,,,,,
,,,,,
55321106,A1414,,,,
,,,,,
36T32302,L1507,,,,
36T20102,H1208,,,,
,,,,,
,,,,,
,,,,,
,,,,,
,J1410,,,,
,,,,,
,,,,,
,,,,,
,,,,,
,,,,,
56123205,F1502,,,,
,G1204,,,,
45322103,H2102,H3301,H3303,,
46T23202,F1202,,,,
56T22706,I1306,I1308,,,
46T23304,F1202,,,,
46T23301,F1604,F1606,F1608,F1609,F1611
46T23201,F1202,F1701,F1703,,
46T22709,I1306,I1308,,,
13511813,A1303,H1206,J1201,K2402,
,,,,,
,,,,,
46T25202,I1603,,,,
13525007,H1206,H1402,H1502,H2502,
13520019,H1206,H1302,H2701,I1102,
13511108,H1101,H1206,H1501,H1502,
13522013,H1206,H2502,K2402,,
1702100B,A1301,A1303,A1413,H1206,M1705
13520001,H1206,H1402,H1501,H1502,I1102
13511110,H1206,H1402,,,
13522223,H1206,H1402,H1501,,
13511615,H1206,H1402,H1502,,
13522012,H1206,H1402,H1502,H2301,H2504
13522704,F1106,H1102,H1206,H2502,
13511614,H1206,H1402,H1502,H2301,H2504
13520108,H1206,M1805,,,
13520022,H1203,H1206,H1402,H1502,
20511601,H1210,H1303,H1503,K2306,
13512504,E1104,K2101,K2102,K2107,K2111
13525517,H1206,H1402,H2502,I1102,M1804
13522703,F1106,H1102,H1206,H2502,
13520025,H1401,H1502,H2502,M1803,
13513604,E1108,K1601,K1802,K2111,
13511515,H1206,H2502,K2402,,
13533523,G1204,K1207,K1301,K2101,K2102
20512501,E1103,E1106,,,
13512505,E1104,E1108,K2111,K2401,
13533503,G1204,G1403,K2401,K2402,L1401
13533522,G1403,K1802,L1401,M1302,M1705
13533525,H1206,H1302,K1201,K2402,M1402
36T31201,D1301,D1502,D1503,D1509,
45025517,F1602,F1605,I1309,,
40025520,F1602,H1504,I1309,,
16X20007,H1204,,,,
,,,,,
,H1102,H1206,H2502,I1102,
1703260Y,H1206,M1402,M1802,M1804,M1805
26531022,E1101,E1103,E1104,M1705,
,D1406,M1202,M1402,M1703,M1705
26531023,D1402,D1406,E1103,M1705,M1707
,D1401,D1403,M1404,M1701,M1705
,,,,,
26521002,H1208,H1209,I1603,,
26511601,H1206,H1210,H1503,H2502,H2504
26031012,M1201,M1202,M1703,M1705,M1707
26523101,F1105,F1201,F1203,H1303,M1808
26521003,C1102,D1106,D1402,D1502,M1704
26534101,F1104,F1106,,,
26520101,H1101,I1102,I1304,I1310,
26532601,M1403,M1805,M1806,M1810,
,H1210,H1303,H1503,H2301,J1302
26532604,M1802,M1805,,,
26532603,E1101,E1104,E1205,M1802,M1805
26531001,D1407,H1101,H1102,M1402,M1705
26522701,F1103,F1106,H1206,I1102,I1308
,,,,,
,H1203,H1404,H2503,,
,H1101,J1303,M1802,M1805,M1810
,,,,,
26521004,A1301,A1302,H1200,,
,M1403,M1805,,,
,H1102,H1206,H1207,H1403,H1404
,E1103,M1204,M1302,M1402,M1703
,,,,,
,,,,,
,,,,,
,M1302,M1402,,,
,,,,,
26531209,D1406,M1302,M1703,M1705,
,,,,,
,,,,,
26531021,M1203,M1302,M1604,M1605,M1704
,,,,,
13511421,M1403,M1805,M1810,,
,D1202,,,,
,N1103,,,,
,E1302,,,,
,E1302,,,,
,E1301,,,,
,E1301,,,,
,E1301,,,,
,D1407,,,,
,E1302,,,,
,E1302,,,,
,E1205,,,,
,E1306,,,,
,E1301,,,,
,E1308,,,,
,E1302,,,,
,D1106,,,,
,N1103,,,,
,H1301,,,,
50033502,L1401,,,,
,I1304,I1603,,,
,H2301,,,,
,H2301,H3301,,,
,,,,,
,,,,,
56T25208,I1603,,,,
56T25204,I1603,I1607,,,
,E1103,K1206,K2106,K2107,K2401
56T22103,G1602,,,,
46T33404,G1703,,,,
40321214,A1408,,,,
46T22704,I1306,,,,
33633502,G1204,,,,
33633502,G1204,,,,
,B1603,,,,
,B1603,,,,
,B1603,,,,
,B1603,,,,
,B1603,,,,
,B1603,,,,
,H3203,,,,
,H2803,,,,
,B1802,D1206,H2401,,
,D1209,,,,
,H2504,,,,
,J1411,,,,
,H3201,,,,
,J1411,,,,
,B1501,,,,
,B1501,,,,
,B1501,,,,
,B1501,,,,
,B1804,,,,
,B1804,,,,
,B1804,,,,
,B1804,,,,
,B1804,,,,
,B1804,,,,
,B1804,,,,
,B1804,,,,
,,,,,
,B1804,,,,
,B1804,,,,
,B1806,J1411,,,
,B1806,J1411,,,
,B1802,H2401,H2505,M1302,
,,,,,
,,,,,
,,,,,
,,,,,
,,,,,
,D1501,,,,
,,,,,
36421204,A1301,A1409,D1407,,
56X34408,N4302,,,,
,,,,,
46X13301,L1201,L1202,L1203,,
,,,,,
,B1101,B1302,H2207,H2208,L1503
46X25205,I1601,,,,
,,,,,
,,,,,
,,,,,
32022210,H1210,H1503,,,
32022209,H1503,,,,
46X25204,I1605,,,,
,A1408,A1416,,,
,H1503,N1303,,,
,G1204,,,,
,,,,,
,,,,,
,,,,,
,,,,,
16X11403,M1402,M1403,M1802,M1805,
,,,,,
16X3260C,M1805,,,,
,D1203,D1208,,,
16X3260B,M1802,M1806,,,
,F1603,,,,
56X33002,K1302,,,,
16X22701,F1106,H1206,H2502,M1201,M1403
16X32625,M1802,M1803,M1805,M1806,M1810
26X31260,D1402,D1406,M1707,,
,,,,,
,,,,,
26X21001,H1210,K2402,,,
16X23004,F1103,F1106,F1201,,
16X20006,H1206,H1401,M1402,,
26X31513,M1501,M1502,M1503,,
16X31065,M1705,,,,
,L1302,L1304,,,
16X31006,C1104,M1205,M1301,M1402,
,G1602,,,,
26X32052,E1104,E1402,I1401,M1803,M1805
26X25301,H1207,H1209,I1102,I1305,I1602
16N3150B,M1402,M1502,M1503,,
46X33301,K2111,,,,
,K2502,M1402,,,
,D1403,D1501,M1706,,
16X32655,M1802,M1803,M1805,,
16X32654,M1801,M1802,M1803,M1804,M1810
26X31261,E1103,M1703,M1705,,
,,,,,
,,,,,
26X31327,C1102,C1201,C1203,C1206,
50024133,B1801,,,,
40023104,F1107,,,,
50024132,B1804,,,,
,J1408,,,,
,,,,,
26X33302,K2101,K2102,K2103,K2111,
,,,,,
,K1101,,,,
26X33408,G1401,G1402,G1403,G1404,G1802
46X33603,D1214,D1403,D1501,,
,,,,,
,,,,,
26X31538,K1801,M1502,,,
,,,,,
,K2104,,,,
26X24212,B1805,M1703,M1705,,
36X33103,J1411,,,,
16X31509,M1402,M1502,M1503,,
,F1103,F1106,F1204,,
26N3150A,M1502,M1503,,,
26X31259,D1402,D1406,D1509,M1704,M1707
26X31311,C1501,C1502,C1504,,
36X32322,E1205,L1507,L1508,,
26X32317,L1302,L1303,L1304,,
33633502,G1204,,,,
,E1104,E1205,,,
,L1510,,,,
,F1201,,,,
16X23304,F1102,,,,
,L1304,L1505,L1507,L1508,
,E1104,E1205,,,
23633502,G1204,,,,
,A1301,A1405,D1407,H1210,H2502
46T33101,J1405,,,,
56T24201,H2402,,,,
,H1208,H1501,I1302,K2401,M1805
,B1101,E1205,F1102,,
13533128,J1502,K1403,M1402,M1403,
,,,,,
50025442,I1606,,,,
40025413,H1203,I1606,,,
,,,,,
,H1206,H1402,H1502,H2502,I1102
,H1206,H1402,H2502,,
,,,,,
17020061,H1206,H1402,H2502,M1804,M1805
,G1401,,,,
,G1601,,,,
,G1603,,,,
,G1603,,,,
,B1101,E1205,F1102,,
,B1101,E1205,F1102,,
,B1101,E1205,F1102,,
,B1101,E1205,F1102,,
,B1101,E1205,F1102,,
40321405,A1203,,,,
,B1101,E1205,F1102,,
,B1101,E1205,F1102,,
,B1101,E1205,F1102,,
,B1101,E1205,F1102,,
,B1101,E1205,F1102,,
,B1101,E1205,F1102,,
,B1101,E1205,F1102,,
,B1101,E1205,F1102,,
,B1101,E1205,F1102,,
,B1101,E1205,F1102,,
,B1101,E1205,F1102,,
,B1101,E1205,F1102,,
,B1101,E1205,F1102,,
,B1101,E1205,F1102,,
,B1101,,,,
,H3302,I1503,,,
,H1208,I1302,,,
36X13301,L1201,L1203,,,
16X3261F,M1802,M1805,M1806,,
,L1302,L1303,,,
,K1103,K1201,K1205,K1206,K1302
16X3261G,M1802,M1803,M1805,M1806,
,F1103,F1106,,,
56M21202,A1501,A1503,,,
16X32201,E1103,E1104,E1205,M1805,
36C23001,F1103,F1106,F1202,I1101,
36X22702,F1103,F1106,,,
,B1301,F1102,F1604,,
36X23205,F1103,,,,
16X34401,M1801,M1802,M1805,M1806,M1810
,M1802,M1805,M1806,,
36X21401,A1202,A1203,A1204,,
36C3130A,C1501,C1502,C1503,C1504,
16C23201,F1106,H1206,,,
36X32324,L1505,,,,
,B1302,,,,
16X33104,J1405,,,,
26X31526,M1501,M1502,M1503,,
36M23201,F1202,F1612,,,
,G1204,,,,
,F1103,,,,
,F1603,H2701,I1308,,
36R2010A,I1302,I1304,,,
26X32112,E1101,E1104,E1106,E1205,L1505
46X33503,G1204,,,,
16X31230,H1102,M1102,M1707,,
26X32106,E1106,,,,
16X32628,M1803,M1806,,,
,N1101,N1103,N1105,,
26X32103,E1104,E1106,E1205,L1103,
16X33401,G1302,G1402,G1403,M1302,
,H2403,H2407,H2906,H3101,K2304
26X32324,L1509,,,,
16X31067,C1106,H1302,M1201,M1402,
16X13402,D1201,,,,
16X31015,M1704,M1705,M1707,,
26X20103,H1206,H1208,H1402,H2502,I1102
26X31318,C1503,,,,
26C3110A,N1301,N1302,N1303,,
26X31103,N4202,N4204,,,
16X31072,H1102,H1206,M1302,M1402,M1703
16X31012,H1302,H1502,M1402,,
26X31101,N1202,N4201,,,
26X33303,K2101,K2102,K2111,,
,H1404,H2301,,,
,,,,,
,,,,,
,,,,,
,,,,,
,,,,,
,,,,,
,,,,,
,,,,,
,,,,,
,,,,,
,,,,,
,,,,,
,,,,,
,,,,,
,,,,,
,,,,,
,,,,,
,,,,,
,,,,,
,,,,,
,,,,,
,,,,,
46T31102,N1201,N4203,,,
20525502,H1202,H1206,H1209,I1305,
13525008,F1106,H1102,H1206,H1501,K2402
,F1106,H1206,I1102,,
20523101,F1103,F1106,F1201,,
13511517,H1206,H1402,K2109,K2402,
,E1205,H1206,I1401,M1803,
,H1210,H1503,M1801,M1805,
20525101,H1203,H1207,H1210,,
13511821,H1206,K2402,,,
20511102,H1210,H1303,H1404,H1503,
36T32001,G1202,K2111,,,
13511823,H1206,K2402,,,
,H1206,K2402,,,
1353261R,H1101,H1206,H1502,H2502,M1802
,,,,,
13512241,K1401,K2107,K2402,M1403,
,H1206,L1505,M1802,,
1353261N,H1206,H2502,M1801,M1802,M1804
,H1206,H1402,H1502,H2502,M1802
13523013,F1103,F1106,H1206,,
,K1104,K2401,,,
13511820,H1206,K2402,,,
13511206,H1206,H1210,K2402,,
13512233,K1401,K1404,K2401,M1403,
13512407,K1801,K2112,K2401,M1402,M1502
13512225,K1404,M1402,M1403,M1707,N1202
13512232,C1202,K1401,K1802,K2401,M1403
13512234,H1206,M1201,M1207,M1403,
13522206,K2107,K2402,,,
13511205,H1206,H1302,H1502,K2402,
13531394,C1101,C1105,M1201,M1403,
13511824,H1206,H1302,K2402,,
20512212,C1202,C1203,M1403,M1604,M1605
20531020,C1202,C1203,M1403,M1604,M1605
1351280Q,C1205,K1901,K1902,K1903,
13522227,H1206,H1501,H1502,H2502,
13511801,H1206,K2402,M1801,M1802,M1805
,,,,,
16X23001,F1106,F1201,H1102,,
,K2502,K2503,M1301,M1302,
20512403,K1104,K1201,K1207,M1501,M1503
,K1401,K1404,K1505,K1903,M1403
,K1104,K2101,K2108,K2111,K2401
36T31203,D1402,D1406,D1407,,
36T22201,H1210,H1303,H1503,H1506,
,G1204,,,,
13512240,K1401,K1404,K2401,M1403,
13512242,K1401,K1404,M1402,M1403,
13512010,K1404,M1205,M1302,M1402,
13512406,H1206,K2401,,,
,K1104,K1801,K2101,K2111,K2112
13512237,K2108,K2401,M1403,M1805,
13533116,H1206,H1502,K2402,,
20511502,H1210,H1303,H1404,H1503,
13512405,K1104,,,,
13525107,H1206,H1402,H1502,H2502,K2402
20520012,F1106,H1101,H1202,H1203,H1210
13512236,K1404,M1205,M1301,M1403,M1805
13511516,H1206,H1402,H1502,K2109,K2402
13520024,H1206,H2502,I1102,M1403,M1804
56T25106,H2901,H2909,,,
46321304,A1204,,,,
,H2102,H3301,H3303,,
,A1303,K2101,K2111,,
,G1202,K1201,K1204,K1802,
26013301,G1202,L1204,,,
,,,,,
,A1504,,,,
,N1103,N2204,N4101,,
,I1305,I1307,K1701,M1807,
,I1603,I1604,I1605,I1607,
,K2101,K2102,,,
,K1902,,,,
,M1809,,,,
,M1809,,,,
,H1401,H2502,I1304,,
13512315,K1601,K1602,K1802,K2401,
,H1401,H2502,I1304,,
,K2109,K2111,,,
,M1601,M1602,M1606,M1607,
13533206,K1201,K1403,K1404,K1802,M1402
,K1206,K1601,K1602,K1802,K2401
13532047,K1404,K1802,M1402,M1403,M1806
,K1201,K1206,K1401,K1403,K2401
,,,,,
56T25302,H2902,,,,
13512313,K1206,K1403,K2401,M1402,M1403
,H1102,H1206,H1402,,
,,,,,
,,,,,
,,,,,
,M1801,,,,
,,,,,
,,,,,
,C1102,,,,
,C1102,,,,
,I1606,,,,
,,,,,
,,,,,
,,,,,
,,,,,
16X31342,M1201,,,,
16X20015,H1402,M1801,M1802,M1806,M1810
16X32607,E1103,E1104,E1205,E1401,M1702
16X32305,L1302,,,,
56T23203,F1703,,,,
36T23203,F1103,F1106,F1108,F1201,
16C22103,M1302,M1703,M1705,M1707,
46X2220A,H2301,H2701,,,
36X32614,M1805,,,,
,M1805,,,,
,,,,,
,,,,,
,,,,,
,,,,,
,,,,,
16X31061,H1102,H1206,M1302,M1402,
16X20002,H1401,H1402,I1102,,
26X32652,M1805,,,,
26X32049,E1104,E1205,L1302,L1304,
26X32653,M1801,M1803,M1805,,
36X21002,A1405,A1413,,,
46X33202,K1203,K1207,,,
16X33404,E1107,G1301,G1302,M1703,M1707
,,,,,
16X31518,M1503,,,,
,,,,,
26X31326,C1102,C1205,C1206,C1401,
26X32073,E1103,E1104,E1205,,
,,,,,
,,,,,
,,,,,
,F1102,,,,
,,,,,
,,,,,
,,,,,
,,,,,
,,,,,
,,,,,
,,,,,
,,,,,
,,,,,
,,,,,
,,,,,
,,,,,
,,,,,
,,,,,
,,,,,
46T25105,B1604,,,,
,,,,,
,,,,,
26X31106,N1201,N1301,N1302,N1303,
26R3120C,D1407,M1707,,,
,M1805,,,,
26X32401,M1302,M1606,,,
26X24206,B1805,,,,
26X31328,C1102,C1201,C1206,,
36X25204,I1604,I1607,,,
36T25404,H1203,,,,
46T25103,H2503,H2504,,,
56T25202,I1603,,,,
46T25001,I1402,,,,
46T22701,I1306,,,,
26T23001,F1104,F1106,,,
36X24207,B1803,,,,
,,,,,
,D1202,,,,
,,,,,
17025505,H1203,H1402,H1502,H2502,I1102
17020008,H1206,H1402,H1404,H2502,I1102
17034301,H1302,,,,
1703260T,M1803,M1804,M1805,M1806,
1353260A,M1801,M1802,M1805,M1806,M1810
17032614,E1205,M1805,,,
,E1205,L1510,M1802,,
,E1205,M1805,,,
17032629,M1803,M1804,M1805,M1806,
36X25205,I1603,I1604,,,
,M1803,M1804,M1805,M1806,
13511308,H1206,K1404,K1802,M1402,M1403
23633502,G1204,,,,
,H1404,,,,
17020036,H1502,H2502,,,
17022008,H1102,H1206,H1402,H1502,H2502
17020021,H1101,H1206,H2502,,
,I1606,,,,
,I1606,,,,
16024201,B1805,,,,
20513635,D1401,E1103,E1108,G1201,M1705
,I1103,I1604,,,
,I1604,K2304,,,
,I1604,,,,
,I1604,,,,
,I1606,,,,
13533414,G1102,G1301,G1403,M1403,
,A1303,K1401,K2401,M1403,
56T22505,H2207,H3203,I1601,,
13511822,A1303,H1206,K1404,K2402,
,G1204,,,,
13533315,K1401,K1601,K1602,,
1702510F,H1206,H1401,H1402,H2502,I1102
17025006,H1102,H1206,H1208,I1103,I1604
17025006,H1102,H1206,H1208,I1103,I1604
17025506,H1206,H2502,,,
13513301,K1206,K1802,K2401,L1202,L1302
13524001,B1805,E1103,M1403,M1705,M1706
13534336,A1204,A1303,H1302,,
13511301,F1105,F1106,F1201,F1202,F1203
13534006,E1103,K1404,K1703,K2401,M1808
13511305,A1303,H2502,K1404,K2402,M1402
13534123,G1102,K1401,K1404,K1802,M1403
13512110,A1303,K1404,K1802,M1403,M1808
26X32643,E1205,M1803,M1805,,
26C32607,M1802,M1805,,,
16X23006,F1103,F1106,,,
36X22703,F1103,F1106,,,
16X31330,C1204,C1205,C1303,M1201,M1207
36X23101,F1201,F1202,F1704,,
,F1103,,,,
36C25501,F1106,H1202,H1209,,
,F1103,F1106,F1201,F1202,F1613
36X23011,F1201,F1204,I1501,,
56M22111,D1102,D1104,D1106,,
36M33102,J1410,,,,
46C22701,F1602,F1603,I1308,,
46X33402,G1804,,,,
16X31525,M1205,M1206,M1207,M1502,M1503
,K1303,,,,
,F1203,,,,
,A1415,N3102,,,
16X20014,H1206,,,,
16X32646,A1303,K1802,M1808,,
,N3101,,,,
36T23006,F1104,,,,
46T23004,F1104,,,,
26X31013,D1406,K1802,M1402,M1705,M1707
17022707,H1102,H1206,I1101,K2306,
13513623,E1103,E1108,H1102,M1403,M1707
13534335,H1302,H1303,H1403,H1502,M1402
13513303,G1202,K2105,L1301,L1303,
46033203,K1305,,,,
16031011,H1102,M1402,M1705,M1707,N1301
26031044,M1205,M1402,M1701,M1704,M1707
,,,,,
,H1402,H2502,,,
,,,,,
,,,,,
,M1205,M1301,M1302,M1402,M1707
,,,,,
,,,,,
56T23306,F1606,F1611,,,
36X32502,K1601,,,,
,,,,,
46C33602,K1103,,,,
46X22704,I1310,,,,
26X13401,D1201,,,,
,B1302,B1602,,,
26X32064,E1101,M1704,M1705,,
,K2501,K2503,,,
,K1301,K1302,,,
,J1502,J1506,,,
26X32201,E1103,E1104,E1105,E1205,E1306
,,,,,
,,,,,
23633502,G1204,,,,
,K1901,,,,
26X32329,L1304,L1505,,,
16X33403,E1103,G1401,G1402,G1403,G1703
16X32044,E1104,E1205,M1802,,
33633510,G1204,,,,
,E1104,E1205,M1802,,
16X13201,E1103,E1104,E1205,,
26X33410,G1401,G1402,G1503,G1802,M1704
,E1103,G1401,G1402,G1403,G1703
26X32058,E1103,E1104,E1107,E1402,
,,,,,
26X31027,E1101,E1103,E1402,M1705,
,G1204,G1403,M1302,,
,,,,,
,,,,,
,,,,,
14620001,H1401,H2502,M1402,N1301,N1302
16X31214,M1101,M1102,,,
,M1205,M1302,M1402,M1707,
,M1205,M1301,M1302,M1402,M1707
,G1402,M1302,M1402,,
,M1502,M1503,,,
16X32605,E1104,E1105,M1805,,
16X23002,C1503,F1103,F1106,F1202,F1204
16X24201,M1102,M1703,M1705,M1707,
16X33502,G1403,M1402,M1703,M1705,M1707
36X23302,B1301,F1102,F1604,,
46033202,K1207,,,,
17025117,H1102,H1206,H1402,H1502,H2502
1702550B,H1102,H1202,H1206,H1402,M1805
,F1605,H1206,H1502,I1307,M1804
16531002,M1202,M1205,M1302,M1402,M1705
1702270D,F1103,H1206,H1302,H2701,K2306
,E1107,G1403,K1602,M1704,M1705
,H1302,M1302,M1402,M1403,M1705
,M1201,M1403,M1705,M1802,N1301
,H1206,H1302,H1502,H2701,I1102
,H1206,H1302,H1502,H2701,I1102
,M1204,M1301,M1302,M1402,M1707
,,,,,
,,,,,
1702010H,H1102,H1206,M1802,M1805,
,,,,,
1702270E,F1106,H1102,H1206,I1102,
,,,,,
17025509,H1102,H1206,H1502,H2502,I1102
16531230,M1201,M1202,M1402,M1705,M1707
17020023,H1206,H1302,K2306,,
16531220,M1202,M1205,M1402,M1705,M1707
26031405,C1205,M1201,M1202,M1206,M1207
17020001,H1206,H1502,H2502,,
,H1206,H1402,H1502,H2502,I1102
,,,,,
,M1801,M1802,M1803,M1804,M1805
17025008,H1206,H1401,H1402,H2502,
,M1205,M1301,M1302,M1402,M1707
,,,,,
,M1201,M1205,M1302,M1402,M1705
,,,,,
,,,,,
,,,,,
,E1104,K1602,M1703,,
,E1104,K1602,M1302,M1703,
26531024,M1202,M1205,M1302,M1705,M1707
,M1202,M1204,M1205,M1302,M1402
16031012,M1302,M1402,M1703,M1707,
,M1201,M1402,M1705,M1707,
,H1102,M1402,M1703,M1707,
,M1205,M1301,M1302,M1402,
,H1102,M1302,M1402,M1801,
,H2502,M1205,M1302,M1402,M1803
,D1406,M1302,M1703,M1705,
16531021,C1303,M1402,M1503,M1703,M1705
,D1402,M1204,M1704,M1705,M1707
,M1201,M1204,M1402,M1705,M1707
,,,,,
13511306,A1204,A1303,H1302,K1404,K1802
1353261J,M1801,M1802,M1803,M1805,M1806
,,,,,
,,,,,
,,,,,
,,,,,
17025124,H1102,H1206,H1402,H2502,I1102
13511419,H1206,M1805,M1806,,
,,,,,
,,,,,
,,,,,
,,,,,
,,,,,
,,,,,
,,,,,
1702300J,F1106,F1201,F1203,F1204,
17020037,H1102,H1206,H1402,H2502,I1102
17025126,H1203,H1206,H1402,H1502,H2502
,H1200,H1400,K1400,M1300,M1800
13513621,E1103,E1104,E1108,H1207,K1601
33633502,G1204,,,,
23633502,G1204,,,,
17033106,D1407,H1206,H1502,M1402,M1703
17032630,H1206,H1209,M1801,M1802,M1804
,H1206,H1302,H2502,I1102,
,H1206,H1302,H1501,H2502,K2402
1702010N,H1206,M1801,M1803,M1805,M1807
16531206,M1202,M1205,M1302,M1402,M1707
,H1102,H1206,M1302,M1402,
1702510J,H1206,H1402,H1502,H2502,I1102
,B1101,E1104,E1201,E1203,E1205
,F1103,F1106,F1108,F1201,
13533524,K1404,K1602,K1802,L1302,L1303
17025517,H1206,H1402,M1805,,
17020059,H1102,H1206,H1401,H1402,H2502
17020109,H1402,M1801,M1802,,
25031396,C1107,C1109,C1110,C1204,C1302
17025518,H1206,H1208,H1302,H2502,I1102
17020060,I1102,,,,
32034502,K1902,,,,
32032003,E1103,,,,
1702300P,F1103,F1105,F1106,F1201,F1204
,H2701,M1203,N1303,,
1702300P,F1103,F1105,F1106,F1201,F1204
,K2105,L1204,,,
1702300P,F1103,F1105,F1106,F1201,F1204
32031408,M1203,,,,
,M1801,M1802,M1804,M1805,M1806
,E1104,E1106,E1205,L1304,L1505
17025301,H1206,H1402,H2502,I1102,
17011003,H1301,H1302,H1502,M1801,M1802
,E1104,E1106,L1505,L1507,
,E1104,E1106,E1201,,
17011002,M1403,M1802,M1805,,
,,,,,
,G1401,G1403,G1404,,
,K1705,,,,
32031103,H1403,N1303,,,
,I1502,K1701,,,
,I1502,K1701,,,
,I1502,K1701,,,
13533127,K1201,K1403,K1404,K2402,
32022406,H2502,,,,
33633502,G1204,,,,
32032613,M1801,M1805,M1810,,
32032614,M1801,M1805,M1810,,
32031213,D1401,D1501,D1506,M1704,M1705
23633502,G1204,,,,
32023206,F1106,F1108,F1201,F1202,
,I1603,,,,
,K1707,K2503,,,
,H2504,,,,
,H2102,,,,
,H2102,,,,
,L1301,,,,
,H2102,,,,
,H1102,H1206,H1302,H1401,H1501
,H1206,M1403,M1802,M1805,
,H1206,M1403,M1802,M1805,
,H1206,H1302,H1501,H1502,H2502
,H1206,H1501,H1502,H2502,
17020051,H1302,K2306,,,
32025001,M1605,,,,
32025005,H1203,H1209,,,
,J1104,J1502,,,
32033107,J1405,,,,
13513402,B1805,E1205,F1102,H1204,
32022311,H2503,,,,
,H2503,,,,
32020114,H1303,K2306,,,
32034303,I1503,,,,
32023411,H1206,H2209,,,
32031216,D1402,D1407,,,
,B1601,,,,
,B1601,,,,
,E1306,,,,
,E1301,E1302,,,
,E1301,,,,
,J1405,,,,
33633502,G1204,,,,
,E1106,K1404,K1602,K2401,
13532303,K2105,L1302,L1304,L1505,L1507
13512007,E1106,K1401,K1802,K2401,
,B1805,,,,
,I1304,I1310,,,
16024002,M1102,M1402,M1703,M1705,
26X32330,L1302,,,,
13511416,H1206,K2107,M1201,M1403,
26X32035,E1107,G1301,,,
,L1304,,,,
26031005,C1203,M1203,M1502,M1703,M1705
36X32323,L1505,,,,
16032601,M1801,M1802,M1803,M1804,M1805
36X32318,L1504,L1505,L1506,L1508,
,,,,,
,,,,,
,,,,,
,,,,,
,,,,,
,,,,,
,,,,,
56T33402,G1803,,,,
46T33408,G1503,,,,
,,,,,
,,,,,
46T22101,G1602,,,,
,E1104,E1205,L1510,,
,B1101,E1104,E1201,E1205,K2105
13533125,H1206,H1401,H1501,H1502,H2502
,E1106,K1204,K1601,K1602,K2401
13512012,K1206,K1404,K1802,K2401,
26X31239,M1101,M1102,,,
26X32325,L1304,,,,
26X32314,L1507,,,,
,H1204,,,,
16X3260E,M1402,M1802,M1805,M1806,
26X25101,H1203,H1206,H1210,H1402,H1404
16X32015,D1201,K1602,L1302,L1303,
26X31007,M1302,M1707,,,
,C1503,,,,
26X32654,M1402,M1802,M1805,M1806,
36X31401,M1203,,,,
16X31324,C1204,C1301,C1302,C1303,M1201
16X20008,H1206,M1805,,,
36X33202,K1801,K2112,M1502,,
16X32637,M1802,M1803,M1805,M1806,M1810
,M1302,M1402,,,
,M1803,M1805,M1806,,
,,,,,
,,,,,
,,,,,
16X31073,D1402,D1406,M1302,M1703,M1707
36X22401,H1210,H1503,,,
,,,,,
36M33401,D1103,E1107,G1601,G1602,M1302
16X31038,K1201,K1802,M1402,,
,,,,,
16X31074,M1205,M1302,M1705,M1707,
,,,,,
16X31075,M1102,M1705,M1707,,
16X31517,M1502,M1503,,,
,,,,,
,K1302,,,,
46X25501,D1212,D1402,D1403,,
,D1205,K2201,,,
,F1603,,,,
,A1203,I1203,K2303,,
46X33404,G1603,G1801,,,
,,,,,
,,,,,
,,,,,
,,,,,
,,,,,
,K2202,K2204,K2303,,
56X34303,K2204,,,,
,,,,,
26X24213,B1803,B1805,H1205,,
,H1204,,,,
,D1208,L1501,,,
26X33102,J1410,,,,
,M1609,,,,
,,,,,
,E1103,K1207,K1601,K2106,K2401
,E1102,E1103,E1104,E1106,G1202
13513006,E1102,E1103,K1601,K1602,K2401
13533126,H1206,K2402,,,
,,,,,
,,,,,
,,,,,
13532503,K1601,K1602,,,
13511010,J1201,K2102,K2402,M1403,
,,,,,
,,,,,
,,,,,
,,,,,
,,,,,
,E1103,K1206,K1601,K2106,K2107
,,,,,
,,,,,
1353103N,M1301,M1302,M1503,M1703,M1705
,,,,,
1353261P,M1206,M1403,M1802,M1805,M1806
,,,,,
,,,,,
,,,,,
,,,,,
,,,,,
13512605,E1106,K1601,K1602,K2401,
,,,,,
,,,,,
,,,,,
,,,,,
,,,,,
56T25406,I1606,,,,
56T25407,H3404,I1606,,,
56T25205,I1607,,,,
46321225,A1409,,,,
1353261M,M1801,M1802,M1803,M1805,M1806
13511417,H1206,K2107,M1201,M1403,
13513007,E1103,E1105,E1106,K2401,
13511304,A1202,A1301,K1802,K2402,
13532204,E1104,E1105,E1305,K1602,
13533316,K2101,K2102,K2103,K2107,K2111
13521004,A1413,H1206,H1502,H1503,M1402
,H1206,H1502,H2502,,
13511302,H1206,H1302,K2306,M1809,
,H1206,H1502,H2502,K2402,
,H1206,H1402,M1803,M1805,
17033103,H1206,K2402,M1801,M1802,M1805
17033104,H1206,K2402,,,
17022007,H1203,H1206,H1403,H1502,H1506
,D1407,H1206,H1502,H2502,
36T32002,E1103,E1104,E1205,E1305,E1306
,H1102,H1206,H1402,H1502,H2502
,H1203,H1206,H2502,M1805,
,H1206,M1403,M1802,M1805,
,F1105,F1106,F1201,F1203,H1206
1702550E,H1209,M1802,M1805,M1806,M1810
20511803,H1206,H1210,H1303,H1503,
,,,,,
,D1208,D1501,,,
,A1407,A1408,,,
,D1103,D1106,,,
,D1103,D1106,D1301,,
,D1106,D1501,,,
,H2801,H2805,,,
,H2504,,,,
,K2305,,,,
,,,,,
36T33001,K1201,K1403,,,
20511701,F1105,F1203,H1210,,
33633502,G1204,,,,
33633502,G1204,,,,
33633502,G1204,,,,
23633502,G1204,,,,
23633502,G1204,,,,
23633502,G1204,,,,
33633502,G1204,,,,
23633502,G1204,,,,
33633502,G1204,,,,
33633502,G1204,,,,
23633502,G1204,,,,
23633502,G1204,,,,
23633502,G1204,,,,
23633502,G1204,,,,
23633502,G1204,,,,
26523003,F1104,F1106,,,
23633502,G1204,,,,
23633502,G1204,,,,
23633502,G1204,,,,
,,,,,
23633502,G1204,,,,
23633502,G1204,,,,
23633502,G1204,,,,
23633502,G1204,,,,
33633502,G1204,,,,
,M1703,M1705,,,
,H1102,,,,
,M1402,,,,
,,,,,
,,,,,
,,,,,
,,,,,
,,,,,
,,,,,
,,,,,
,,,,,
,,,,,
,,,,,
,,,,,
,,,,,
,,,,,
,,,,,
26033108,J1302,,,,
,,,,,
,,,,,
,,,,,
,,,,,
,H1502,H1504,H1506,,
17034102,,,,,
,J1307,,,,
,E1104,E1205,L1304,L1510,
,G1204,,,,
,G1204,,,,
,K2502,,,,
,H2902,H2911,,,
17034101,F1101,F1106,F1201,K1401,
,H1206,H1402,M1802,M1803,M1806
16X34304,A1303,H1206,K1401,K1404,M1402
16X20016,H1102,M1707,,,
16X12802,K1903,,,,
16X23003,C1503,F1106,F1201,F1204,H1402
16X3260H,M1801,M1802,M1805,M1806,
,J1408,,,,
,M1805,,,,
,A1203,A1204,F1703,,
26X31517,K1801,M1502,,,
26X31208,B1603,,,,
16X3260F,M1801,M1802,M1803,M1806,
56T31101,N4101,N4105,,,
16X3260G,M1805,,,,
36X31510,M1203,M1402,M1503,,
16X31270,M1403,M1705,,,
56T31102,N4105,,,,
36T3110C,N4202,N4204,,,
36X31002,M1203,M1604,M1605,,
,F1706,,,,
,F1103,F1106,I1101,,
16X31272,M1702,M1703,M1705,,
46X23202,H1301,,,,
,G1404,G1601,,,
36X33101,D1405,D1407,,,
46X2550B,F1602,I1302,I1305,I1307,I1309
36X32605,I1302,I1401,M1801,M1810,
,G1601,,,,
,H1301,,,,
16X31271,E1103,M1702,M1705,,
26X25002,H1404,,,,
,H1206,H1402,H2502,,
46T33202,K1203,,,,
,I1603,,,,
26X33602,D1301,D1406,M1704,,
,,,,,
,,,,,
,,,,,
,,,,,
,,,,,
,,,,,
,,,,,
,,,,,
,,,,,
,,,,,
,,,,,
,,,,,
,,,,,
,,,,,
,,,,,
16X23310,F1102,,,,
16X32609,M1802,M1803,M1805,M1806,
36X3130A,C1102,C1103,C1106,C1107,C1110
36X32613,M1805,,,,
,G1206,,,,
16X31060,M1301,M1302,M1402,M1806,
16X32306,E1104,E1205,,,
16X31033,H1302,K1802,M1402,,
16X31515,M1402,M1502,M1503,,
16X34001,A1204,H1302,H1502,I1102,K2306
,,,,,
,,,,,
,,,,,
,,,,,
,,,,,
,,,,,
26X31303,C1102,C1203,C1206,,
,M1805,,,,
26X31537,M1502,M1503,,,
,,,,,
26X31320,C1102,C1103,C1106,C1107,C1109
,M1402,M1502,,,
26X31329,C1203,C1206,,,
26X32656,M1801,M1802,,,
26X31310,C1102,C1206,,,
26X32622,M1805,,,,
26X32657,M1805,M1806,,,
,,,,,
26X32029,E1103,E1104,E1205,E1306,
26X31546,M1502,M1503,,,
,,,,,
,,,,,
,,,,,
,,,,,
26X32307,K1206,K1602,L1302,L1303,
26X32028,E1104,E1205,M1703,M1705,M1805
,,,,,
,,,,,
,,,,,
,,,,,
,,,,,
,,,,,
,,,,,
,,,,,
,C1504,K1902,K1903,,
,,,,,
26X20010,F1204,H1302,H1402,H1502,H2502
26A33201,K1403,K1802,K2102,M1502,
,E1104,E1205,E1306,,
,,,,,
,,,,,
,,,,,
,,,,,
,K2502,K2503,M1302,,
,,,,,
,,,,,
,,,,,
,,,,,
,,,,,
,,,,,
,,,,,
,,,,,
,,,,,
,,,,,
,,,,,
,,,,,
,,,,,
,,,,,
,,,,,
,,,,,
,,,,,
,,,,,
,,,,,
,,,,,
,,,,,
,,,,,
,,,,,
,,,,,
,,,,,
,,,,,
,,,,,
,,,,,
,,,,,
,,,,,
,,,,,
,,,,,
,,,,,
,,,,,
,,,,,
,,,,,
,,,,,
,,,,,
,,,,,
,,,,,
,,,,,
,,,,,
,,,,,
,,,,,
,,,,,
,,,,,
,,,,,
,,,,,
,,,,,
33633508,G1204,,,,
33633508,G1204,,,,
33633508,G1204,,,,
33633508,G1204,,,,
,F1204,H1302,H1303,H1502,
,F1701,,,,
,I1605,,,,
,H2301,H3301,,,
36X32204,E1104,E1205,E1305,,
26X32051,E1101,E1104,E1205,,
33633502,G1204,,,,
33633502,G1204,,,,
33633502,G1204,,,,
33633502,G1204,,,,
,D1214,,,,
36T23002,F1201,,,,
,E1103,E1106,E1305,K1601,K2104
,D1402,E1402,,,
,K1206,K1207,K1802,M1502,
,H1210,H1404,H1503,M1805,
,K1201,K1403,K1801,K1802,M1401
,K1201,K1206,K1801,K1802,M1401
,K1201,K1206,K1801,K1802,M1401
,H1206,H2502,K1404,K2402,
,K1201,K1404,K1802,K2111,K2401
13511710,A1204,F1105,F1203,H1206,H1302
,C1101,C1105,C1202,M1201,M1403
,K1201,K1401,K1802,K2401,M1403
,H2202,,,,
,H2407,,,,
,H1206,H1402,M1402,M1702,M1802
,K2111,,,,
,H2202,H2906,,,
,E1103,E1105,E1108,K2401,
26N22701,F1103,F1106,,,
16X22710,F1103,F1106,F1201,H1206,M1402
16X23007,F1103,F1106,F1201,,
,H1102,H1206,H1401,H2502,
,I1304,,,,
16X20019,F1106,H1206,H1402,M1806,
,F1502,F1503,,,
,B1603,,,,
,B1603,,,,
,B1603,,,,
,B1802,H2401,,,
,K1103,M1402,M1502,,
,E1104,E1205,,,
26X32303,E1104,E1205,,,
,H3203,,,,
,L1304,L1505,,,
,L1302,L1509,,,
,E1104,E1205,,,
,E1205,L1505,L1507,,
26X32113,E1106,,,,
,E1106,E1201,,,
26421002,A1301,D1402,D1406,M1707,
36C3120G,C1102,C1206,D1402,D1403,D1407
34631001,M1302,,,,
,E1103,K1404,K1802,K2401,
,,,,,
,,,,,
,,,,,
,,,,,
,H2804,,,,
,H1503,,,,
,,,,,
,I1310,,,,
,H2301,,,,
,I1304,,,,
,D1407,,,,
,B1806,,,,
,,,,,
,B1806,,,,
,B1806,,,,
,,,,,
,,,,,
,B1806,H1402,,,
,,,,,
46M21202,A1502,,,,
,F1503,,,,
26X32117,E1106,,,,
,K1404,M1205,M1607,,
,H2402,,,,
,E1103,E1104,E1107,E1205,M1702
26X31104,N1202,,,,
,K2110,,,,
,F1102,,,,
,K2501,K2502,K2503,,
16R32001,E1103,,,,
,K2110,,,,
,D1204,,,,
,H1506,,,,
,,,,,
,,,,,
,,,,,
,H2401,,,,
,I1302,,,,
,,,,,
,,,,,
,,,,,
,H2504,,,,
,H2802,,,,
,H2802,,,,
,H2802,,,,
,,,,,
,,,,,
,,,,,
,,,,,
,,,,,
,,,,,
,C1102,,,,
,,,,,
,H2906,H2907,,,
,,,,,
,H2906,H2907,,,
,H2906,H2907,,,
,,,,,
,,,,,
,,,,,
,,,,,
,,,,,
,,,,,
,,,,,
,F1202,,,,
,,,,,
,,,,,
16X25501,H1206,H1402,M1803,M1805,
,M1707,,,,
16C32603,M1805,M1806,,,
16X32658,M1802,M1806,,,
26X32658,M1805,,,,
,M1805,,,,
,M1101,M1102,,,
,K1902,,,,
16X32641,M1403,M1802,M1803,M1805,M1806
16X32043,M1402,M1805,,,
16X32639,M1801,M1802,M1803,M1806,M1810
,M1201,M1204,M1205,M1206,M1207
16X31502,M1502,M1503,,,
26X32067,E1101,E1103,,,
16X31228,M1101,M1102,,,
,,,,,
,H2912,,,,
,,,,,
,,,,,
,,,,,
,K1901,K1902,K1903,,
,,,,,
13533129,A1303,H1206,H1302,H1502,K2402
,K1901,K1902,K1903,,
,,,,,
,,,,,
,,,,,
,H2701,N1303,,,
25031393,C1501,C1502,C1503,C1504,
25031394,C1503,C1504,,,
,,,,,
,H1206,H1302,M1402,,
17034305,H1206,H1302,H1402,K2304,K2306
,D1407,H1102,,,
,H2902,H2911,,,
25031390,C1502,C1503,C1504,,
,,,,,
,,,,,
46012801,K1902,M1607,,,
,F1106,H1102,H1200,H1206,H2500
16X31246,K1401,K1404,M1402,M1403,
,C1503,F1106,,,
26X31330,C1300,M1805,,,
26X20101,H1102,H1206,H1208,,
44633524,G1204,,,,
36X21103,A1413,G1801,,,
16X32657,M1808,,,,
,F1103,F1108,F1200,F1204,H1301
16X20004,H1401,H1402,H2502,,
26X32116,E1103,E1104,E1106,E1205,
,F1106,F1108,F1200,F1201,
,E1106,,,,
26X33412,G1401,G1402,G1703,,
,,,,,
,,,,,
,F1106,,,,
,F1106,,,,
56033501,G1202,G1203,,,
,,,,,
,M1802,,,,
,H1206,H1402,,,
,H1203,H1206,H1210,H1402,H1404
,M1801,M1802,M1803,M1804,M1805
26X32027,E1103,E1107,G1201,G1301,
,F1603,I1308,,,
,I1603,,,,
16X31508,M1502,M1503,,,
,H1206,H1402,H1404,H2502,N1301
13533121,J1502,K1301,K2402,M1403,
,A1203,F1101,F1104,,
,,,,,
,,,,,
,F1105,F1106,F1201,F1203,I1101
,H1206,H1208,M1805,,
,,,,,
44633532,G1202,G1203,,,
,K2101,K2102,K2103,K2108,K2111
16X31110,N1301,N1302,,,
,D1402,D1403,E1201,,
16X31262,D1301,D1406,E1103,M1705,M1707
23633501,K1802,,,,
,,,,,
,,,,,
33633502,G1204,,,,
,,,,,
,,,,,
44633524,G1204,,,,
44633524,G1204,,,,
44633524,G1204,,,,
23633502,G1204,,,,
33633502,G1204,,,,
33633502,G1204,,,,
,,,,,
23633502,G1204,,,,
,,,,,
44633524,G1204,,,,
44633531,G1204,,,,
,,,,,
,,,,,
,J1303,,,,
26X32601,M1801,M1802,M1804,M1806,M1810
26X31317,C1206,M1203,M1204,,
,F1204,H1302,H1502,K2306,M1402
,M1202,M1205,M1206,M1503,
16X31233,H1102,M1707,,,
,F1603,I1304,I1308,I1309,I1310
26X32072,E1205,L1510,,,
26X32340,L1507,L1508,,,
16X32028,E1104,E1205,L1510,,
,E1204,L1504,L1505,L1506,L1508
,K2111,M1402,M1502,,
16X12201,K1404,K1405,K1704,,
,E1103,E1401,M1705,,
,M1101,M1102,,,
36X33503,G1204,,,,
16X30002,K1401,K1404,K1501,M1403,
56T31104,N1103,,,,
16X32301,E1205,L1304,,,
,C1502,C1504,,,
,K1101,,,,
,K1201,K1403,K1802,M1402,
56T25408,H2913,,,,
,H1203,,,,
,K2503,,,,
,H2206,,,,
,D1106,D1505,D1507,N1103,N1105
,I1604,,,,
,,,,,
,,,,,
,D1209,D1210,D1211,D1212,D1214
44633524,G1204,,,,
44633524,G1204,,,,
44633524,G1204,,,,
,,,,,
,,,,,
,,,,,
,,,,,
,,,,,
,,,,,
,,,,,
,,,,,
,,,,,
,,,,,
,,,,,
,,,,,
,,,,,
,,,,,
33633512,K1206,,,,
,,,,,
,H1506,,,,
36T23204,F1104,F1106,,,
56T23001,F1108,,,,
46T23002,F1108,,,,
36T23001,F1106,F1108,,,
36T23005,F1106,F1108,,,
46133404,G1801,,,,
56122110,D1104,G1602,,,
,,,,,
,,,,,
,,,,,
46T24302,B1802,,,,
,B1802,,,,
56T25301,H2901,,,,
,,,,,
,,,,,
,,,,,
,,,,,
,L1201,,,,
,,,,,
32034305,H1302,H1303,K2203,K2302,K2306
56T3110C,N4104,N4105,,,
,,,,,
,,,,,
,,,,,
32033115,J1402,,,,
,,,,,
,,,,,
32033114,J1411,,,,
,,,,,
,,,,,
,,,,,
,,,,,
32025417,H1203,H2901,I1304,I1604,
32033112,J1302,,,,
32033113,J1411,,,,
16X32662,M1801,M1802,M1805,M1806,M1810
,C1205,,,,
,D1106,,,,
,E1103,M1705,,,
,H1401,H2502,H2504,,
,M1301,M1302,M1402,,
,D1402,D1406,H1102,M1707,
,I1304,I1310,,,
16X31516,M1502,M1503,,,
,K1802,M1402,,,
,H1206,M1403,M1703,M1705,M1707
16C3120C,M1704,M1705,M1707,,
,M1801,M1802,M1803,M1805,M1806
44633524,G1204,,,,
,K2100,K2101,,,
26X31403,M1202,M1203,M1204,M1207,
,L1507,,,,
,E1201,,,,
,E1103,E1402,M1705,,
,L1103,L1508,,,
,L1304,,,,
,F1102,,,,
36X32012,E1104,E1205,,,
,L1507,L1508,,,
,F1603,,,,
,A1202,A1203,,,
,L1503,L1504,L1505,L1506,L1508
,M1801,M1802,M1803,M1805,M1806
16X20021,H1206,H1402,H2503,,
16X31027,D1406,M1101,M1707,,
,M1802,M1806,,,
,E1102,,,,
26X32659,M1805,,,,
,G1804,,,,
,H3203,,,,
,G1401,G1402,G1503,G1802,
26X31262,E1400,E1402,M1100,,
,K1206,,,,
,K2500,K2503,,,
,K2105,L1201,,,
,K2105,L1201,,,
,K2105,L1201,,,
25022763,F1106,H1206,H1208,I1102,I1309
13534122,C1503,F1101,K1401,K1404,K1802
,K2401,,,,
25022770,H2701,I1102,I1304,I1306,I1308
25023044,B1301,F1102,F1104,F1201,F1604
25025024,F1106,F1605,H1202,H1504,I1309
25023227,F1103,F1106,F1108,F1201,
25021419,A1203,A1204,,,
25023230,F1101,F1103,F1106,F1201,
25023061,F1104,F1106,F1201,F1202,H1302
25023062,F1106,F1201,,,
25033214,K1201,K1204,K1205,K1207,K1802
25033009,K1201,K1202,K1302,K1303,K1403
25033216,K1201,K1205,K1207,K1801,K1802
25022769,D1407,F1106,H1206,I1306,
25031144,N4202,N4204,N4401,,
25031140,H1401,N1201,N1301,N1303,N4203
25031143,N1201,N1202,N1301,N2201,N2204
25031141,H1401,H1403,M1101,N1301,N1303
,K1201,,,,
25033213,G1202,K1201,K1204,K1206,K1802
25033215,K1201,K1207,K1801,K2111,
,,,,,
,,,,,
,,,,,
,,,,,
,,,,,
,,,,,
,,,,,
,,,,,
,M1802,M1803,M1804,M1805,M1806
,,,,,
,,,,,
25022767,F1106,F1201,I1306,I1308,
,,,,,
25012816,K1902,,,,
,E1104,E1205,,,
1702220F,F1203,H1302,H2502,,
,,,,,
,H1102,H1402,H2502,,
,F1105,,,,
,,,,,
,,,,,
40022310,H2907,,,,
,,,,,
,,,,,
,,,,,
,,,,,
50023225,F1701,,,,
,K1902,K1903,M1802,,
25012811,K1902,,,,
,,,,,
,,,,,
,,,,,
,,,,,
,,,,,
1702220G,H1206,H1302,H1401,H2502,
1702220J,H1206,H1302,H1401,H1501,H2502
1702220K,D1407,H1206,H1401,,
,,,,,
,,,,,
,,,,,
,,,,,
1702220H,H1102,H1401,H1402,H2502,
17025202,H1206,H1402,H2502,,
17011501,H1206,H1402,H2502,,
,,,,,
,,,,,
,,,,,
,,,,,
17025523,H1206,H2502,M1201,M1403,M1806
,M1403,M1805,,,
,C1503,F1103,F1105,F1106,F1201
,H1101,H1102,H1206,M1705,
17025130,H1203,H1206,H1402,H1502,
,H1206,H1502,H2502,,
,,,,,
,,,,,
,,,,,
,,,,,
,,,,,
,,,,,
,,,,,
,,,,,
,,,,,
,,,,,
,,,,,
,,,,,
,,,,,
,,,,,
,,,,,
,,,,,
17022111,H1206,H1302,H1401,H1502,H2502
,,,,,
,,,,,
,,,,,
,,,,,
40034306,J1301,K2203,K2204,,
,H1302,H1401,H1502,H2502,I1102
1702300T,F1106,H1206,K2302,M1808,
,,,,,
,,,,,
44633524,G1204,,,,
44633524,G1204,,,,
33633502,G1204,,,,
33633502,G1204,,,,
23633502,G1204,,,,
23633502,G1204,,,,
23633502,G1204,,,,
23633502,G1204,,,,
23633502,G1204,,,,
50034406,K2204,K2501,,,
,,,,,
,,,,,
,H1102,H1206,M1301,M1302,M1402
,,,,,
,,,,,
,,,,,
,H1206,H1401,H2502,,
,,,,,
,,,,,
,H1206,M1802,M1805,M1806,
,H1401,H1402,H1502,H2502,I1102
,H1206,H2502,I1102,M1805,
,H1206,H2502,,,
,H1206,H1402,H2502,,
,,,,,
,,,,,
,F1106,,,,
,,,,,
,,,,,
91199902,,,,,
40022709,I1304,,,,
50023122,F1702,,,,
50023123,F1302,,,,
44633524,G1204,,,,
,,,,,
44633524,G1204,,,,
44633524,G1204,,,,
,H1206,H1401,H1402,H1502,H2502
,F1103,F1106,F1200,F1202,H1102
,F1103,F1106,F1201,,
,F1103,F1106,F1201,,
,F1103,F1106,F1201,,
,H1102,H1206,H2502,,
,H1102,H1206,H2502,,
,M1802,M1803,M1804,M1805,M1806
,M1802,M1803,M1804,M1805,M1806
,H1206,H2502,M1803,,
,F1100,F1201,F1203,F1204,
,F1101,F1106,F1201,,
,F1100,F1106,H1102,,
,,,,,
13513619,E1103,E1106,E1108,K1802,K2111
25031441,C1203,M1202,M1203,,
25031439,M1202,M1204,M1205,M1207,M1402
25031435,M1203,M1501,M1503,M1605,
25020149,H1209,H1504,I1302,I1304,
2503263D,M1802,M1805,,,
2503263J,M1801,M1802,M1804,M1805,
25031396,C1107,C1109,C1110,C1204,C1302
25032052,E1104,E1205,M1805,,
50023124,F1704,F1705,,,
20513130,E1103,E1106,E1305,G1202,K1601
,H1206,H1210,K2106,M1605,
,,,,,
25033450,G1401,G1402,G1503,G1701,G1703
25033008,K1207,K1403,K1802,,
20513636,D1401,E1103,E1305,G1201,K2111
20511301,A1204,A1301,F1105,H1210,H1303
,H1302,H1303,I1503,K2306,
,D1407,H1208,I1302,I1307,
25031548,M1501,M1502,M1503,,
20532618,I1401,M1801,M1802,M1805,M1810
,K1201,K1204,M1302,,
2503263F,I1307,M1801,M1804,M1810,
45023217,F1612,,,,
23633502,G1204,,,,
33633502,G1204,,,,
,H1206,M1201,M1403,M1802,M1805
40034307,K2301,K2303,K2304,K2305,
50034308,J1301,K2202,K2204,,
46010001,D1507,K1302,K2104,M1602,N1103
50022006,K2303,K2304,,,
46010001,D1507,K1302,K2104,M1602,N1103
33633502,G1204,,,,
23633502,G1204,,,,
,F1106,H1206,M1302,M1402,M1803
,,,,,
,H2502,,,,
,H1206,H1402,H1502,,
,H1206,H1402,H1502,H2502,H3203
,H1206,H1402,H1502,H2701,
,H1206,H1502,H2502,M1101,M1703
,H1102,H1202,H1206,H1209,
23633502,G1204,,,,
23633502,G1204,,,,
23633502,G1204,,,,
,M1801,M1802,M1803,M1806,M1810
,H1401,N1301,N1302,N4201,N4202
,,,,,
,,,,,
,M1203,M1302,M1604,M1605,M1704
25032316,E1104,E1205,M1805,,
25032315,E1205,L1304,L1503,L1507,L1510
56T34304,F1302,F1402,I1503,K1705,
46T34302,I1503,K1705,,,
,F1604,,,,
36T34301,F1201,F1202,I1503,K1705,
,K2101,K2102,K2111,,
,E1106,,,,
,B1301,F1102,H1204,L1503,
,A1504,,,,
,B1301,F1102,,,
16X32202,E1103,E1105,E1106,,
,,,,,
16X34301,A1303,F1106,H1302,H1502,M1402
,H2901,H2909,H3302,,
,K1601,,,,
,M1301,M1503,,,
,N4402,,,,
,K2500,,,,
16X3260N,M1802,M1803,M1805,M1806,
,E1103,E1104,E1205,M1805,
16X3260L,M1802,M1803,M1804,M1805,M1806
,G1202,K1601,,,
16X3260K,M1802,M1803,M1805,M1806,
56M23413,B1302,H2207,,,
,N4101,N4105,,,
16X3260M,M1802,M1803,M1805,M1806,
,D1104,,,,
16X31316,C1203,C1303,M1201,M1204,M1205
,H2502,H2504,,,
,M1801,M1802,M1803,M1806,M1810
,,,,,
40031116,N1103,N1303,,,
,,,,,
,E1104,M1705,M1806,,
,E1104,M1705,M1805,M1806,
25033452,G1401,G1402,G1404,G1601,G1802
,F1105,F1107,F1203,F1402,
,,,,,
,,,,,
26X31221,D1406,M1707,,,
,M1805,,,,
,,,,,
,,,,,
,,,,,
,E1104,E1205,E1306,,
,,,,,
44633524,G1204,,,,
,B1803,B1805,H1205,H2412,L1502
,,,,,
,C1205,C1504,,,
,,,,,
,E1201,L1304,,,
,,,,,
,,,,,
,,,,,
,,,,,
44633524,G1204,,,,
44633524,G1204,,,,
,,,,,
26X24204,B1803,B1805,H2505,M1702,
,,,,,
,,,,,
,,,,,
,,,,,
,,,,,
,,,,,
,,,,,
,F1106,F1202,,,
,,,,,
44633524,G1204,,,,
,,,,,
,G1204,,,,
,,,,,
,,,,,
,,,,,
,,,,,
,,,,,
,,,,,
,,,,,
,,,,,
,,,,,
25031395,C1102,C1201,C1203,C1205,C1206
,F1106,H1206,K2402,N3101,N3201
,,,,,
,,,,,
,,,,,
,K1401,K1704,K2502,,
,H2603,H2604,H2906,H2907,
,H1506,,,,
,I1102,I1304,,,
,H2502,,,,
,C1102,,,,
,M1802,,,,
,K2501,,,,
,A1407,,,,
,A1405,,,,
,G1204,,,,
,,,,,
,,,,,
,,,,,
,,,,,
,,,,,
44633524,G1204,,,,
44633524,G1204,,,,
44633524,G1204,,,,
44633524,G1204,,,,
44633524,G1204,,,,
,,,,,
,,,,,
,,,,,
,,,,,
,,,,,
,,,,,
,,,,,
,,,,,
,H3303,,,,
,G1202,K1204,K1205,,
,I1301,I1302,,,
,H1403,N1303,,,
,K2503,,,,
,H1102,H1206,H1402,H1502,H2502
,H1102,H1206,H1402,M1801,M1805
,H1102,H1206,H1402,M1802,
,H1206,H1208,H2502,M1802,M1805
,,,,,
,K2204,,,,
40025012,I1304,,,,
,C1106,K1601,K1701,K1704,K1706
,H1206,H1207,H1502,H2502,I1102
44633524,G1204,,,,
,F1103,F1106,F1108,,
,F1103,,,,
,E1104,E1205,L1510,,
,G1101,G1102,G1301,G1302,G1303
,I1308,,,,
,F1604,F1613,,,
,H1303,,,,
,E1104,E1105,E1106,E1205,
56X22702,F1602,F1603,F1610,,
,,,,,
,,,,,
,N3203,,,,
,N3203,,,,
,,,,,
25031436,M1202,M1203,M1205,,
,D1407,M1205,M1605,,
,M1403,M1801,M1802,M1805,
,,,,,
,,,,,
,,,,,
,,,,,
,,,,,
,,,,,
,N1202,,,,
,,,,,
,,,,,
,,,,,
,K1403,M1301,M1302,,
,,,,,
,,,,,
,H1303,I1503,K2306,,
,E1105,L1302,L1303,M1302,
26X13203,E1104,E1205,L1510,,
,E1205,,,,
,L1203,L1204,,,
,K1801,,,,
,H1206,K2402,,,
,H1402,H2301,,,
,N4301,,,,
,D1403,F1102,,,
,F1102,,,,
16X20023,H1402,H2502,I1102,,
,A1203,A1414,,,
,L1508,,,,
,G1204,,,,
,A1504,,,,
,H2502,H2505,,,
,K1902,,,,
25012815,K1404,K1802,K1902,,
,,,,,
,,,,,
36X32403,K1902,M1607,,,
16X32610,M1803,M1806,,,
25012812,C1501,C1502,C1503,C1504,
,H2409,,,,
16X32663,M1801,M1802,M1803,M1805,M1806
,F1201,F1610,F1613,M1302,
,K2502,,,,
,M1805,,,,
,M1402,M1502,M1503,,
,F1402,I1501,,,
36X32003,E1103,E1104,E1205,,
,M1401,M1404,,,
2503123A,D1301,D1502,D1503,,
,C1102,C1103,C1201,C1205,C1206
26X31331,A1302,C1102,C1201,C1203,C1206
25022025,H1203,H1210,H1402,H1404,
26X21002,A1301,A1302,M1402,,
26X21003,D1213,D1407,M1707,,
,M1805,,,,
25032515,E1103,E1106,K1601,,
,H1202,H1206,H1209,,
,D1406,H1102,M1302,M1707,
25031438,M1202,M1203,M1205,,
,A1203,E1101,M1703,M1704,M1707
25025562,H1202,H1209,H1404,H2501,
25031549,K1801,K2101,K2111,M1501,M1503
25032213,D1201,D1211,E1105,,
2502001X,H1403,H1404,H1502,H2502,
25032104,E1106,,,,
25032513,G1202,K1601,K1602,,
,M1801,M1802,M1805,,
,E1103,K1206,,,
,,,,,
,,,,,
,,,,,
,,,,,
,,,,,
,,,,,
,,,,,
56X34405,K2503,,,,
56X34412,K2503,,,,
,D1107,D1401,D1502,D1509,
25021021,A1301,A1302,A1303,A1416,H1210
,,,,,
,,,,,
,M1803,M1805,M1810,,
,,,,,
,,,,,
25021024,A1301,A1302,A1303,H1301,K1802
,,,,,
,,,,,
,,,,,
,,,,,
,E1103,E1401,E1402,M1703,
25021023,A1301,A1303,H1210,H2502,
,G1202,K1601,,,
,E1104,H1101,I1401,M1605,M1801
,,,,,
,,,,,
,,,,,
,,,,,
,,,,,
,,,,,
,,,,,
,,,,,
,,,,,
,,,,,
,,,,,
,,,,,
,,,,,
,,,,,
,,,,,
,,,,,
,,,,,
,,,,,
13533130,D1407,H1101,H1206,K2109,
,,,,,
,,,,,
,,,,,
,,,,,
,,,,,
,,,,,
56T25401,H2913,,,,
,H1208,M1805,,,
,A1303,H1302,K1404,,
,D1407,H1101,H1102,M1402,M1705
,,,,,
,C1206,D1401,D1402,M1101,M1703
,,,,,
,,,,,
,,,,,
,,,,,
,M1402,M1701,M1703,M1707,
,B1805,,,,
,N1103,,,,
40025224,,,,,
,H1209,M1801,M1805,M1810,
,C1503,F1101,F1106,F1201,
,F1100,F1106,F1107,,
40025225,,,,,
40025226,,,,,
40031117,,,,,
50025225,,,,,
50025226,,,,,
50025227,,,,,
50031126,,,,,
50031127,,,,,
,,,,,
,H2914,,,,
,K1206,K1602,K1802,,
,N1101,,,,
,L1304,L1510,,,
,L1302,L1304,L1505,L1507,L1508
,,,,,
25022159,H1210,H1502,H1505,H2102,H2502
25025563,H1209,H1504,I1305,I1307,M1804
25022023,H1203,H1404,H1502,H2502,
25020153,H1208,H1210,H1404,I1302,
,G1102,G1201,,,
,M1801,M1802,M1805,,
25032053,E1103,E1401,E1402,,
,H2202,H2204,H2205,H2209,H2502
,F1106,F1107,K1802,M1805,M1808
,H1101,I1305,,,
,J1306,M1403,M1805,M1806,M1810
2502001U,H1302,H1303,H1502,,
,A1301,A1302,H1210,,
,A1204,A1301,F1105,H1303,K2301
,K1902,,,,
,M1607,,,,
,D1404,,,,
,D1301,,,,
,D1404,,,,
,I1103,I1604,,,
,I1103,I1604,,,
33633502,G1204,,,,
,,,,,
,M1801,M1802,M1805,,
25011202,H1210,H1303,H1503,H2301,J1302
,,,,,
44633524,G1201,G1204,,,
,,,,,
44633524,G1201,G1204,,,
,M1801,M1802,M1805,,
,,,,,
,B1101,E1102,E1104,E1205,
,,,,,
,I1102,I1302,M1801,M1802,M1805
,,,,,
,H1210,H1303,H1503,I1503,K2306
44633524,G1204,,,,
44633524,G1204,,,,
,F1702,,,,
,F1702,,,,
,F1704,,,,
,A1303,K1404,M1402,,
,F1702,,,,
,F1202,,,,
,M1102,N1301,N1302,,
,F1613,,,,
,F1103,F1106,,,
16X31344,M1201,M1202,M1204,M1205,M1207
,F1103,F1106,F1201,F1202,
,G1204,,,,
26X32005,E1101,E1103,E1104,M1705,M1707
,E1107,L1300,L1302,L1303,
,E1104,E1205,,,
16X33405,G1301,G1302,M1703,,
,E1108,,,,
16X31035,E1103,E1107,M1706,,
,E1106,,,,
,,,,,
,,,,,
,,,,,
,G1603,,,,
26X32645,M1801,,,,
,F1106,F1200,F1602,,
,K1705,K1706,K2503,,
,L1502,,,,
,J1502,K1201,K1203,K1207,
,K2503,,,,
,B1805,,,,
,E1104,E1205,,,
,N1101,N1103,N1105,,
,K2502,K2503,M1302,,
,G1204,,,,
,E1103,E1104,E1205,,
,D1104,,,,
,B1101,B1302,F1102,F1611,
,B1101,B1302,,,
,H1401,N1301,N1302,N4201,
,H1202,,,,
,J1408,,,,
,E1103,M1705,,,
,K1705,K2503,,,
,H1206,H1210,H1503,K2402,M1605
16X31273,E1103,M1705,,,
36X32619,I1401,M1810,,,
16X31244,E1103,E1402,M1703,M1705,M1707
,A1302,A1408,A1501,D1210,
16X31241,M1707,,,,
,L1509,,,,
,M1801,M1802,M1805,M1806,M1810
,,,,,
,M1802,M1805,,,
,A1500,A1504,D1210,M1601,
,I1305,,,,
16X25502,H1206,,,,
16X30004,H1102,M1402,,,
,,,,,
16X31274,C1205,,,,
,,,,,
,,,,,
,,,,,
16X31016,M1802,M1805,M1806,,
,,,,,
16X3260A,M1802,M1803,M1805,,
,,,,,
,,,,,
,A1303,H1204,H1206,M1402,
,A1415,N3102,N3103,,
,,,,,
,,,,,
,H2502,,,,
,,,,,
,I1601,N1105,N3103,N3201,
16X31057,M1301,M1302,M1402,,
,H1502,,,,
,,,,,
,,,,,
,,,,,
,,,,,
,,,,,
,E1103,M1703,M1705,,
16X31209,D1406,M1706,M1707,,
,K1101,,,,
,G1204,,,,
,G1204,,,,
2503123J,M1101,M1102,,,
25031139,H1401,H1402,H1403,H1502,N1303
2503123F,D1401,M1707,N1201,N1202,
,,,,,
,,,,,
,,,,,
16X32023,H1204,H1206,,,
,,,,,
,,,,,
,,,,,
,,,,,
,,,,,
,K2105,L1203,L1204,L1301,L1302
20513301,G1202,K2105,,,
,E1103,E1107,G1102,G1301,K1802
,H1210,H1502,M1401,M1703,
25021304,A1204,A1205,A1303,F1203,
,G1102,G1202,K1602,K1802,
,D1406,G1102,G1301,G1403,
,C1102,C1201,C1206,D1401,D1406
,,,,,
,E1103,K1602,L1301,L1302,
,B1101,E1104,,,
13513202,B1101,E1205,K2105,K2401,L1302
,,,,,
,,,,,
,E1103,E1105,E1106,L1302,L1303
26031045,D1211,D1301,D1402,D1503,M1705
,L1203,L1301,L1302,,
,E1103,E1107,,,
25034413,H1301,K1702,K2502,,
25022022,H1210,H1404,H1503,H1506,
,G1301,G1402,G1403,M1302,M1402
,H1208,H1301,H1503,H1504,H1506
2502001Y,H1101,H1210,I1102,I1305,I1603
,I1102,,,,
,D1502,H1210,H1502,H1503,
,,,,,
44633524,G1204,,,,
44633524,G1204,,,,
,I1304,I1603,,,
,A1301,I1101,I1102,I1302,
,D1407,,,,
,K2305,,,,
55321305,A1101,,,,
,G1204,,,,
,G1204,,,,
,G1204,,,,
,H2407,,,,
,D1401,D1403,,,
,H1201,H1210,H1503,H1505,H2301
2502002W,H1203,H1206,H1404,I1102,
2503123C,D1401,E1101,M1704,M1705,M1803
,D1401,D1406,D1407,,
,M1403,M1704,M1705,,
,B1805,D1401,H1205,H2415,H2505
,G1101,G1102,G1301,G1403,K1802
,A1301,A1405,A1416,D1407,
2503123B,D1406,M1704,M1705,M1707,
3552220C,H1210,H1403,H1503,H2301,
,H1506,I1302,I1304,,
,H1206,H1502,H2502,M1705,M1807
,C1105,H1206,K2402,M1201,M1403
,H1206,M1803,M1804,M1805,M1806
,,,,,
,,,,,
,H1102,H1206,H1402,H2502,M1402
,M1402,M1802,M1805,M1806,M1810
,H1102,H1206,H1209,H2502,M1804
,H1102,H1206,H1208,H1209,H2502
,H1102,H1206,H2502,M1402,M1802
,,,,,
,H1401,H1402,H1502,H2502,M1802
,H1206,I1102,M1403,,
,H1206,I1102,M1805,,
,H1204,H1206,H1402,H1404,N1301
,M1202,M1203,M1205,M1605,
,K2108,K2401,K2402,,
,H1206,H1402,H1502,H2502,
,F1106,H1206,H1401,H1402,H2502
,H1102,H1206,M1803,M1804,M1805
,A1303,H1206,H1302,H2502,M1703
,A1303,F1201,H2502,,
,H1210,H1303,H1503,,
13512701,E1103,K1601,K2107,K2401,M1402
,D1201,G1102,K1207,K1601,K1602
25022284,H1210,H1404,H1502,H1503,H1505
,A1301,A1303,H1206,H2502,K2402
,H1206,M1802,M1805,M1806,
,H2913,,,,
,H1102,M1302,M1402,M1703,N1301
,H1206,H1302,H1502,H2501,H2502
,H2903,,,,
,H3302,,,,
,F1103,F1106,F1201,I1101,
,H2605,,,,
,D1407,H1101,H1102,H1206,H2502
,H2902,,,,
,I1302,,,,
,H2903,,,,
,H2902,,,,
,H1208,H2906,,,
,H1208,,,,
,H2503,,,,
,H2914,,,,
,H2903,,,,
,H1206,K2108,K2402,M1201,M1402
,C1105,M1201,M1403,,
44633524,G1204,,,,
,H1206,M1402,M1802,M1804,M1805
,M1802,M1803,M1806,,
,M1802,M1804,,,
46T25402,H2902,,,,
,H1206,H1210,H1303,H1503,
16X22711,H1206,M1402,,,
46331101,A1101,A1407,,,
,H2903,H2912,,,
,K1706,K2501,K2503,,
,K1706,,,,
,H1503,,,,
,F1103,F1106,F1201,,
,L1501,,,,
,F1501,F1611,F1613,F1703,
,F1104,F1108,,,
,E1103,E1106,E1305,K1601,
,F1103,F1106,F1202,F1204,H1301
,K1601,K2107,K2401,,
,K2107,K2401,K2402,M1402,
,E1103,E1106,K1601,K2401,K2402
2502002A,F1106,H1210,H1302,H1503,
16X34101,K1401,K1404,K1802,K2401,M1403
26X32318,L1505,L1507,,,
26C3120J,D1407,M1707,,,
,,,,,
,K2203,,,,
,K1601,M1402,M1806,,
,,,,,
,,,,,
,,,,,
,,,,,
,K1801,,,,
,K1302,K1303,K2503,,
36X31203,C1102,D1403,D1408,D1501,D1503
,F1611,F1703,,,
,I1304,,,,
,,,,,
,K1601,,,,
,,,,,
,,,,,
2502001Z,H1301,H1401,H1402,H1502,H2504
,,,,,
,,,,,
,,,,,
25031550,K1206,K2101,K2102,K2111,
,,,,,
,M1802,M1805,M1806,,
,,,,,
,,,,,
,,,,,
,,,,,
,,,,,
,,,,,
,,,,,
,,,,,
26C3260E,D1402,D1407,,,
,,,,,
,,,,,
,H1206,M1802,M1805,M1806,
,G1401,,,,
26X31516,M1502,,,,
16X32653,H1206,M1403,M1802,M1805,
,N1201,N1202,,,
26X31253,D1402,D1406,M1705,M1707,
,G1204,,,,
,K1801,K2111,K2112,M1402,M1502
16X31404,M1202,,,,
,D1502,D1503,D1509,,
,B1101,E1106,E1205,L1510,
,H2102,H2301,,,
26X32661,M1805,M1806,,,
,B1302,H2204,H2207,,
,L1509,,,,
,B1302,H2204,H2207,,
16X13203,E1205,L1510,,,
,K2502,,,,
,K2503,,,,
,H2902,,,,
,K2503,,,,
16X32032,E1104,E1205,,,
,A1501,A1504,,,
,M1609,,,,
,F1204,H1302,H1502,,
16X32634,M1802,M1805,M1806,,
,I1302,I1304,I1401,M1802,M1810
,M1802,M1803,M1805,M1807,
,L1304,,,,
,M1402,M1802,M1803,M1805,M1806
16X32021,E1104,M1402,M1705,,
16X31247,D1406,H1102,M1707,,
,M1703,M1704,M1705,,
,G1204,,,,
,G1204,,,,
16X31203,M1101,,,,
16X31232,D1405,E1103,,,
,E1101,M1402,M1802,M1805,M1806
,L1302,,,,
,,,,,
,,,,,
,B1802,H2401,,,
,F1606,F1609,,,
,D1407,H1206,H2502,M1302,
,F1606,L1503,,,
,,,,,
45321206,G1403,,,,
,K2500,K2502,K2503,M1301,M1302
,,,,,
,,,,,
25033127,D1301,D1407,J1405,M1701,M1704
,,,,,
,,,,,
,,,,,
,,,,,
,,,,,
,,,,,
,,,,,
36T32605,F1106,M1804,,,
25034010,A1301,G1102,K1204,K1401,K1802
,G1204,,,,
,H1203,H1207,,,
,H2901,,,,
,,,,,
,I1304,,,,
,I1304,I1309,I1310,,
,J1303,,,,
,F1704,,,,
,H1101,H1210,H1404,,
,H1101,H1210,H1404,,
,H1101,H1210,H1404,,
,H1210,H1401,H1404,H2502,H2504
,,,,,
,,,,,
,K1801,K2101,K2111,,
,,,,,
,,,,,
,K1401,K1601,K1602,K2401,
,,,,,
,,,,,
,,,,,
,H1302,M1402,,,
,G1202,,,,
,K2105,L1201,,,
,K2105,L1201,,,
,K2105,L1201,,,
,E1108,K1206,K1404,,
,E1106,K1602,K1802,K2401,
,,,,,
,D1301,D1502,D1503,D1504,D1509
16X12803,K1903,,,,
,,,,,
,,,,,
,,,,,
,,,,,
