Etablissement d'accueil,MEF STAT 11,Voeu de recensement O/N,Statut Offre de formation,Capacité carte scolaire,Demandes vœux 1
0010001W,23820022707,N,ST,15,21
0010001W,23820023303,N,ST,15,13
0010001W,23820023404,N,ST,15,14
0010001W,23820025012,N,ST,15,14
0010001W,23820025411,N,ST,15,22
0010001W,23820025520,N,ST,15,22
0010001W,23820030004,N,ST,28,35
0010001W,23820031106,N,ST,16,26
0010001W,23820031114,N,ST,16,19
0010001W,23820031213,N,ST,14,50
0010001W,23820031214,N,ST,14,10
0010001W,23210022715,N,ST,15,11
0010001W,23210023446,N,ST,15,8
0010001W,23210025524,N,ST,12,27
0010001W,23210031122,N,ST,15,20
0010001W,23210031224,N,ST,15,30
0010001W,23810020006,N,ST,15,2
0010001W,23810020008,N,ST,30,46
0010001W,23810020103,N,ST,15,27
0010001W,23810020104,N,ST,15,17
0010001W,23810023404,N,ST,15,1
0010001W,23810030003,N,ST,56,31
0010001W,23810031211,N,ST,24,51
0010826T,23210022137,N,AP,999,15
0010826T,23210022141,N,AP,999,26
0010826T,23210022143,N,AP,999,14
0010826T,23210022144,N,AP,999,7
0010826T,23210022146,N,AP,999,30
0010826T,23210031223,N,AP,999,7
0010826T,23210031224,N,AP,999,31
0010826T,23210033413,N,AP,999,11
0010826T,23210033616,N,AP,999,32
0010826T,23810031213,N,AP,999,11
0011074M,23211021405,N,AP,999,12
0011074M,23811021004,N,AP,999,9
0011074M,23811021004,N,ST,25,7
0011074M,23811021004,N,ST,25,3
0011268Y,23210022137,N,AP,999,17
0011268Y,23210022141,N,AP,999,26
0011268Y,23210022146,N,AP,999,35
0011268Y,23210033413,N,AP,999,12
0011446S,23811021214,N,AP,999,7
0011258M,23810020008,N,ST,15,11
0011258M,23810031211,N,ST,18,12
0011010T,23820025517,N,ST,15,4
0011010T,23820025520,N,ST,15,21
0011010T,23820033007,N,ST,24,29
0011010T,23210022142,N,ST,12,11
0011010T,23210025524,N,ST,15,13
0011010T,23810020008,N,ST,30,11
0011010T,23810033007,N,ST,24,29
0011119L,23820020009,N,ST,15,14
0011119L,23820022503,N,ST,15,16
0011119L,23820025012,N,ST,15,9
0011119L,23820025013,N,ST,15,9
0011119L,23820025519,N,ST,15,27
0011119L,23820032208,N,ST,15,10
0011119L,23820032303,N,ST,15,22
0011119L,23210020101,N,ST,15,7
0011119L,23210032225,N,ST,12,6
0011119L,23810020008,N,ST,15,44
0011119L,23810020009,N,ST,15,14
0011119L,23810020103,N,ST,15,8
0011119L,23810020104,N,ST,15,11
0011119L,23810022503,N,ST,15,8
0011119L,23810032210,N,ST,15,5
0011119L,23810032303,N,ST,15,30
0011444P,23211021130,N,AP,999,11
0011444P,23211021405,N,AP,999,15
0011444P,23211022108,N,AP,999,2
0011444P,23211033003,N,AP,999,1
0011444P,23811021004,N,AP,999,5
0011444P,23810022005,N,AP,999,2
0011256K,23210033615,N,AP,999,11
0011256K,23210033616,N,AP,999,13
0010966V,23210022142,N,ST,8,17
0010966V,23210023224,N,ST,8,9
0010966V,23210023324,N,ST,8,23
0010966V,23210023327,N,ST,8,25
0010966V,23210025439,N,ST,8,11
0010819K,23811021112,N,ST,32,24
0010819K,23811022104,N,ST,32,23
0011118K,23820025214,N,ST,40,48
0011118K,23820025215,N,ST,20,16
0011118K,23820025412,N,ST,20,24
0011118K,23820031106,N,ST,16,16
0011118K,23820031107,N,ST,24,27
0011118K,23820031114,N,ST,16,10
0011118K,23820034304,N,ST,15,9
0011118K,23210022142,N,ST,24,14
0011118K,23210025440,N,ST,10,23
0011118K,23210031122,N,ST,15,14
0011118K,23210033002,N,ST,12,16
0011118K,23810025222,N,ST,60,90
0011118K,23810025412,N,ST,20,9
0011118K,23810030003,N,ST,32,5
0010021T,23820030004,N,ST,32,43
0010021T,23820031212,N,ST,16,15
0010021T,23820031213,N,ST,16,44
0010021T,23820031214,N,ST,16,30
0010021T,23820033007,N,ST,45,58
0010021T,23820033606,N,ST,32,37
0010021T,23210031224,N,ST,12,24
0010021T,23210033205,N,ST,24,50
0010021T,23210033615,N,ST,15,42
0010021T,23810024204,N,ST,15,23
0010021T,23810030003,N,ST,32,36
0010021T,23810031211,N,ST,32,89
0010021T,23810033007,N,ST,30,76
0010021T,23810033605,N,ST,32,52
0010016M,23820020009,N,ST,15,22
0010016M,23820023203,N,ST,15,14
0010016M,23820023405,N,ST,24,21
0010016M,23820025012,N,ST,15,8
0010016M,23820025014,N,ST,15,6
0010016M,23820025519,N,ST,15,26
0010016M,23820025520,N,ST,30,31
0010016M,23820034403,N,ST,24,48
0010016M,23210034405,N,ST,15,19
0010016M,23810020006,N,ST,15,13
0010016M,23810020008,N,ST,45,72
0010016M,23810020009,N,ST,15,19
0010016M,23810020103,N,ST,15,9
0010016M,23810020104,N,ST,15,13
0010016M,23810023409,N,ST,24,19
0010016M,23810034403,N,ST,18,59
0010099C,23210031224,N,ST,24,11
0010099C,23810020008,N,ST,45,20
0010099C,23810030003,N,ST,32,11
0010099C,23810031211,N,ST,50,51
0010099C,23810033007,N,ST,39,35
0010965U,23210022715,N,AP,999,19
0010965U,23210023224,N,AP,999,30
0010965U,23210023324,N,AP,999,18
0010965U,23210023325,N,AP,999,8
0010965U,23210023326,N,AP,999,10
0010965U,23210023327,N,AP,999,21
0010965U,23210023447,N,AP,999,9
0010965U,23210023449,N,AP,999,3
0010965U,23210025439,N,AP,999,3
0010965U,23210025524,N,AP,999,20
0011336X,23210031224,N,ST,15,8
0011336X,23810030003,N,ST,32,13
0011336X,23810031211,N,ST,32,17
0010020S,23820025219,N,ST,30,28
0010020S,23820025220,N,ST,20,14
0010020S,23820025221,N,ST,10,6
0010020S,23210025221,N,ST,10,28
0010020S,23810025222,N,ST,60,35
0010072Y,23820031213,N,ST,16,64
0010072Y,23820031214,N,ST,16,4
0010072Y,23820033007,N,ST,30,36
0010072Y,23210033205,N,ST,15,16
0010072Y,23810031211,N,ST,30,81
0010072Y,23810033007,N,ST,30,38
0011326L,23820025519,N,ST,30,33
0011326L,23820032304,N,ST,15,20
0011326L,23810020008,N,ST,24,36
0011326L,23810032304,N,ST,15,18
0010814E,23210031224,N,ST,15,10
0010814E,23210033205,N,ST,15,5
0010814E,23810031211,N,ST,24,19
0010814E,23810033007,N,ST,24,15
0010059J,23811021213,N,ST,16,7
0010059J,23811021203,N,ST,16,24
0010059J,23811021112,N,ST,27,44
0011170S,23211033003,N,ST,25,19
0011170S,23811021112,N,ST,25,5
0011170S,23811033001,N,ST,25,12
0011057U,23211033003,N,ST,35,10
0011057U,23811022103,N,ST,35,3
0011057U,23811033001,N,ST,35,8
0010032E,23820033006,N,ST,18,24
0010032E,23820033007,N,ST,30,39
0010032E,23210033205,N,ST,15,26
0010032E,23810033006,N,ST,15,22
0010032E,23810033007,N,ST,30,42
0010034G,23820030004,N,ST,24,28
0010034G,23820031213,N,ST,16,24
0010034G,23820031214,N,ST,16,22
0010034G,23210031224,N,ST,24,23
0010034G,23810030003,N,ST,24,37
0010034G,23810031211,N,ST,32,46
0011073L,23811021404,N,ST,50,22
0011073L,23811021405,N,AP,999,25
0011073L,23811022103,N,ST,25,11
0011073L,23811022108,N,AP,999,2
0011073L,23810031212,N,AP,999,0
0011073L,23810031213,N,AP,999,5
0010856A,23210025437,N,AP,999,9
0010856A,23810025012,N,AP,999,4
0010856A,23810025013,N,AP,999,3
0010856A,23810025014,N,AP,999,3
0010856A,23810025411,N,AP,999,12
0010856A,23810025520,N,AP,999,15
0011294B,23210023443,N,AP,999,2
0011324J,23210023446,N,AP,999,18
0011324J,23210023447,N,AP,999,6
0011171T,23210022142,N,AP,999,1
0011171T,23811033001,N,ST,48,37
0011058V,23211033003,N,ST,28,13
0011058V,23811033001,N,ST,45,31
0010006B,23820022106,N,ST,12,10
0010006B,23820022707,N,ST,15,14
0010006B,23820025520,N,ST,30,39
0010006B,23820030004,N,ST,16,21
0010006B,23820031213,N,ST,16,30
0010006B,23820033403,N,ST,12,15
0010006B,23210022141,N,ST,12,24
0010006B,23210022142,N,ST,12,11
0010006B,23210022146,N,ST,12,25
0010006B,23210025439,N,ST,12,7
0010006B,23210025524,N,ST,12,24
0010006B,23210033413,N,ST,12,12
0010006B,23810020008,N,ST,45,36
0010006B,23810030003,N,ST,16,17
0010006B,23810031211,N,ST,16,32
0010006B,23810033404,N,ST,24,18
0011056T,23811021209,N,ST,35,11
0011056T,23811022104,N,ST,35,11
Total établissements sélectionnés - département AIN,,,,69876,14131
0021907M,23211033003,N,ST,30,19
0021907M,23811022108,N,AP,999,2
0021907M,23811033001,N,ST,30,22
0021907M,23811022103,N,ST,30,4
0021796S,23810025411,N,AP,999,2
0021796S,23810025520,N,AP,999,1
0020498F,23210033205,N,ST,999,8
0020498F,23210033615,N,ST,999,16
0020498F,23810033007,N,ST,999,6
0020498F,23810033605,N,ST,999,6
0022187S,23210033205,N,AP,999,2
0022187S,23210033616,N,AP,999,4
0020012C,23820030004,N,ST,18,25
0020012C,23820031212,N,ST,17,21
0020012C,23820031213,N,ST,35,48
0020012C,23820031214,N,ST,18,24
0020012C,23820033007,N,ST,30,42
0020012C,23210022142,N,ST,12,26
0020012C,23210033002,N,ST,15,10
0020012C,23210033205,N,ST,15,32
0020012C,23810030003,N,ST,18,19
0020012C,23810031211,N,ST,70,76
0020012C,23810033007,N,ST,30,38
0021939X,23820020009,N,ST,15,14
0021939X,23820025012,N,ST,15,15
0021939X,23820025519,N,ST,30,31
0021939X,23820025520,N,ST,30,30
0021939X,23210023447,N,ST,15,27
0021939X,23210025439,N,ST,15,16
0021939X,23810020008,N,ST,60,59
0021939X,23810020009,N,ST,15,22
0021939X,23810020104,N,ST,15,10
0021999M,23810033404,N,ST,999,16
0022114M,23210033615,N,AP,999,4
0022114M,23210033616,N,AP,999,9
0022151C,23210022141,N,AP,999,2
0022151C,23210022146,N,AP,999,3
0022151C,23210033413,N,AP,999,1
0021818R,23210025221,N,AP,999,2
0021818R,23210025223,N,AP,999,3
0021818R,23211021130,N,AP,999,1
0021818R,23211021130,N,ST,15,18
0021818R,23211021405,N,ST,15,9
0021818R,23811021112,N,ST,18,9
0021818R,23811021112,N,ST,18,5
0022008X,23820022503,N,ST,15,15
0022008X,23820025012,N,ST,15,11
0022008X,23820025517,N,ST,12,17
0022008X,23820025520,N,ST,18,14
0022008X,23820030004,N,ST,35,23
0022008X,23820031212,N,ST,17,24
0022008X,23820031213,N,ST,35,45
0022008X,23820031214,N,ST,18,27
0022008X,23210022510,N,ST,15,14
0022008X,23210031224,N,ST,15,26
0022008X,23810020008,N,ST,45,36
0022008X,23810020104,N,ST,15,7
0022008X,23810022503,N,ST,15,7
0022008X,23810030003,N,ST,18,12
0022008X,23810031211,N,ST,70,71
0021906L,23210034405,N,ST,999,14
0021906L,23810020008,N,ST,999,9
0021906L,23810025222,N,ST,999,11
0021906L,23810031211,N,ST,999,6
0021906L,23810034403,N,ST,999,32
0021831E,23211021236,N,AP,999,3
0021831E,23211021237,N,AP,999,6
0021831E,23211021237,N,ST,28,4
0021831E,23811021211,N,AP,999,14
0021831E,23811021112,N,ST,28,8
0021523V,23821021203,N,ST,3,3
0021523V,23821033003,N,ST,7,5
0021523V,23211033003,N,ST,24,10
0021523V,23811033001,N,ST,30,14
0021523V,23811022103,N,ST,30,38
0020060E,23821021004,N,ST,8,2
0020060E,23821021113,N,ST,8,0
0020060E,23811021112,N,ST,16,6
0020060E,23811021112,N,ST,25,18
0022046N,23211021130,N,AP,999,17
0022046N,23211022107,N,AP,999,0
0022046N,23211022108,N,AP,999,0
0022046N,23811021001,N,AP,999,2
0021522U,23821021001,N,ST,4,1
0021522U,23821021004,N,ST,7,3
0021522U,23821021302,N,ST,2,3
0021522U,23811021112,N,ST,24,30
0021522U,23811021112,N,ST,19,19
0021522U,23811021404,N,ST,19,15
0021871Y,23210033002,N,AP,999,0
0022002R,23810020008,N,ST,999,3
0022002R,23810033007,N,ST,999,7
0022164S,23210033205,N,AP,999,0
0021479X,23820031212,N,ST,18,11
0021479X,23820031213,N,ST,35,29
0021479X,23820033007,N,ST,30,27
0021479X,23210033002,N,ST,15,10
0021479X,23210033205,N,ST,15,42
0021479X,23810031211,N,ST,53,32
0021479X,23810033007,N,ST,30,29
0020089L,23820025012,N,ST,15,17
0020089L,23820025014,N,ST,15,4
0020089L,23820025520,N,ST,15,10
0020089L,23820030004,N,ST,18,12
0020089L,23820031212,N,ST,17,12
0020089L,23820031213,N,ST,18,22
0020089L,23210020101,N,ST,15,11
0020089L,23810020008,N,ST,15,5
0020089L,23810020103,N,ST,15,10
0020089L,23810020104,N,ST,15,7
0020089L,23810030003,N,ST,18,8
0020089L,23810031211,N,ST,35,37
0021908N,23211033003,N,ST,26,15
0021908N,23811033001,N,ST,30,15
0021908N,23811022103,N,ST,30,6
0022112K,23210022137,N,AP,999,8
0022112K,23210022141,N,AP,999,3
0022112K,23210025440,N,AP,999,4
0022112K,23210025441,N,AP,999,0
0022112K,23210031224,N,AP,999,5
0022112K,23210033616,N,AP,999,11
0020022N,23820022104,N,ST,12,13
0020022N,23820033007,N,ST,30,37
0020022N,23820033604,N,ST,16,22
0020022N,23820033606,N,ST,32,27
0020022N,23210033616,N,ST,15,44
0020022N,23810022107,N,ST,12,16
0020022N,23810033007,N,ST,30,18
0020022N,23810033605,N,ST,47,75
0020025S,23821021405,N,ST,15,9
0020025S,23820025215,N,ST,20,15
0020025S,23820025219,N,ST,20,25
0020025S,23820025220,N,ST,10,6
0020025S,23210031223,N,ST,15,20
0020025S,23211021130,N,ST,15,7
0020025S,23211021405,N,ST,15,22
0020025S,23811021404,N,ST,15,16
0020025S,23810025222,N,ST,50,41
0022130E,25211021402,N,AP,999,0
0022130E,23211021405,N,AP,999,22
0020078Z,23820030004,N,ST,35,28
0020078Z,23820031212,N,ST,17,5
0020078Z,23820031213,N,ST,35,35
0020078Z,23820031214,N,ST,18,24
0020078Z,23820033007,N,ST,30,43
0020078Z,23820034304,N,ST,30,31
0020078Z,23210022142,N,ST,12,36
0020078Z,23210024240,N,ST,15,15
0020078Z,23210033002,N,ST,30,17
0020078Z,23810024204,N,ST,15,17
0020078Z,23810030003,N,ST,35,17
0020078Z,23810031211,N,ST,70,68
0020078Z,23810033007,N,ST,30,81
0020034B,23820020009,N,ST,15,12
0020034B,23820025012,N,ST,15,14
0020034B,23820025014,N,ST,30,26
0020034B,23820025519,N,ST,30,33
0020034B,23820025520,N,ST,30,24
0020034B,23210020101,N,ST,15,14
0020034B,23810020008,N,ST,60,57
0020034B,23810020009,N,ST,15,14
0020034B,23810020103,N,ST,30,20
0020034B,23810020104,N,ST,15,11
0021739E,23210022715,N,AP,999,2
0021739E,23210023223,N,AP,999,2
0021739E,23210023224,N,AP,999,12
0021739E,23210023324,N,AP,999,4
0021739E,23210023325,N,AP,999,3
0021739E,23210023326,N,AP,999,2
0021739E,23210023327,N,AP,999,4
0021739E,23210023447,N,AP,999,8
0021739E,23210023449,N,AP,999,0
0021739E,23210025439,N,AP,999,0
0021739E,23210025524,N,AP,999,5
0021502X,23210022142,N,AP,999,13
0021502X,23210031223,N,AP,999,2
0021502X,23210031224,N,AP,999,15
0022115N,23210031119,N,AP,999,0
0021496R,23210022137,N,AP,999,20
0021496R,23210022141,N,AP,999,19
0021496R,23210022143,N,AP,999,9
0021496R,23210022144,N,AP,999,2
0021496R,23210033616,N,AP,999,16
0021478W,23210022142,N,ST,8,11
0021478W,23210025223,N,ST,8,13
0021478W,23210031224,N,ST,8,27
0020052W,23820022106,N,ST,24,26
0020052W,23820022706,N,ST,15,12
0020052W,23820023203,N,ST,15,18
0020052W,23820023304,N,ST,15,13
0020052W,23820023405,N,ST,15,18
0020052W,23820025520,N,ST,15,10
0020052W,23820033403,N,ST,24,28
0020052W,23210022141,N,ST,12,60
0020052W,23210022146,N,ST,12,38
0020052W,23210023224,N,ST,15,45
0020052W,23210023324,N,ST,15,15
0020052W,23210023326,N,ST,15,15
0020052W,23210023327,N,ST,15,24
0020052W,23210023449,N,ST,15,7
0020052W,23210033413,N,ST,12,9
0020052W,23810020006,N,ST,30,30
0020052W,23810020008,N,ST,30,17
0020052W,23810023409,N,ST,15,4
0020052W,23810033404,N,ST,48,59
0020079A,23820025012,N,ST,15,17
0020079A,23820025014,N,ST,15,8
0020079A,23820025214,N,ST,20,28
0020079A,23820025216,N,ST,10,11
0020079A,23820025411,N,ST,15,16
0020079A,23820025412,N,ST,20,25
0020079A,23820025520,N,ST,45,26
0020079A,23820030004,N,ST,35,43
0020079A,23820031106,N,ST,35,37
0020079A,23820031213,N,ST,53,88
0020079A,23820034403,N,ST,24,39
0020079A,23210025437,N,ST,12,7
0020079A,23210025440,N,ST,18,36
0020079A,23210031122,N,ST,30,31
0020079A,23810020008,N,ST,45,32
0020079A,23810020103,N,ST,30,27
0020079A,23810020104,N,ST,15,12
0020079A,23810025222,N,ST,30,76
0020079A,23810025412,N,ST,20,18
0020079A,23810030003,N,ST,70,44
0020079A,23810031211,N,ST,53,82
0020079A,23810034403,N,ST,24,69
0020051V,23C10023412,N,ST,30,23
0020051V,23820024202,N,ST,15,12
0020051V,23210023445,N,ST,45,29
0020051V,23810024202,N,ST,15,3
0022042J,23820033007,N,ST,45,66
0022042J,23210022142,N,ST,24,22
0022042J,23210024240,N,ST,15,14
0022042J,23210033002,N,ST,30,25
0022042J,23810024204,N,ST,30,16
0022042J,23810033007,N,ST,45,83
0021740F,23810025012,N,AP,999,2
0021740F,23810025014,N,AP,999,1
0021740F,23810025411,N,AP,999,4
0021740F,23810025520,N,AP,999,4
0020088K,23820030004,N,ST,35,36
0020088K,23820031212,N,ST,17,18
0020088K,23820031213,N,ST,35,53
0020088K,23820031214,N,ST,18,32
0020088K,23820033101,N,ST,30,22
0020088K,23210031224,N,ST,30,40
0020088K,23810030003,N,ST,35,23
0020088K,23810031211,N,ST,70,84
0020088K,23810033101,N,ST,30,21
0022044L,23820022106,N,ST,24,27
0022044L,23820022707,N,ST,15,8
0022044L,23820023004,N,ST,15,12
0022044L,23820023203,N,ST,15,7
0022044L,23820023404,N,ST,15,14
0022044L,23820033403,N,ST,24,21
0022044L,23210022715,N,ST,15,15
0022044L,23210023223,N,ST,15,8
0022044L,23210023224,N,ST,15,17
0022044L,23210023327,N,ST,15,14
0022044L,23210023446,N,ST,15,6
0022044L,23210023447,N,ST,15,10
0022044L,23810020006,N,ST,15,13
0022044L,23810020008,N,ST,15,9
0022044L,23810023007,N,ST,15,5
0022044L,23810023404,N,ST,15,3
0022044L,23810033404,N,ST,48,60
0021476U,23820025012,N,ST,15,11
0021476U,23820025014,N,ST,15,9
0021476U,23820025108,N,ST,15,7
0021476U,23820025214,N,ST,30,39
0021476U,23820025411,N,ST,15,16
0021476U,23820025520,N,ST,30,25
0021476U,23210025437,N,ST,15,7
0021476U,23810020008,N,ST,30,25
0021476U,23810020103,N,ST,45,43
0021476U,23810020104,N,ST,15,11
0021476U,23810025222,N,ST,30,45
0020492Z,23210022142,N,ST,999,10
0020492Z,23210031224,N,ST,999,3
0020492Z,23210033002,N,ST,999,5
0020492Z,23210033413,N,AP,999,1
0020492Z,23810030003,N,ST,999,2
0020492Z,23810031211,N,ST,0,0
0020492Z,23810032303,N,ST,999,14
0020492Z,23810033007,N,ST,999,46
0020492Z,23810033404,N,ST,999,6
0022152D,23210022146,N,AP,999,8
0022152D,23210022715,N,AP,999,1
0022152D,23210023223,N,AP,999,1
0022152D,23210023224,N,AP,999,1
0022152D,23210023327,N,AP,999,1
0022152D,23210023446,N,AP,999,1
0022152D,23210023447,N,AP,999,0
0022152D,23210033413,N,AP,999,1
0022152D,23810023404,N,AP,999,0
0022149A,23210033205,N,AP,999,4
0022041H,23211021130,N,AP,999,9
0022041H,23211033003,N,AP,999,1
Total établissements sélectionnés - département AISNE,,,,114429,10124
0030124U,23210022137,N,AP,999,11
0030124U,23210022141,N,AP,999,15
0030124U,23210022143,N,AP,999,2
0030124U,23210022144,N,AP,999,2
0030124U,23210022146,N,AP,999,10
0030124U,23210025440,N,AP,999,7
0030124U,23210025441,N,AP,999,2
0030124U,23210031122,N,AP,999,5
0030124U,23210031224,N,AP,999,23
0030124U,23210033413,N,AP,999,8
0030124U,23210033616,N,AP,999,16
0030124U,23810022106,N,AP,999,3
0030124U,23810025412,N,AP,999,1
0030126W,23210022715,N,AP,999,2
0030126W,23210023223,N,AP,999,9
0030126W,23210023224,N,AP,999,18
0030126W,23210023324,N,AP,999,3
0030126W,23210023325,N,AP,999,4
0030126W,23210023326,N,AP,999,12
0030126W,23210023327,N,AP,999,11
0030126W,23210023329,N,AP,999,2
0030126W,23210023446,N,AP,999,3
0030126W,23210023447,N,AP,999,4
0030126W,23210025524,N,AP,999,3
0030126W,23810023203,N,AP,999,2
0030126W,23810023405,N,AP,999,1
0030126W,23810025520,N,AP,999,4
0031044U,23820022005,N,ST,15,13
0031044U,23820033007,N,ST,45,43
0031044U,23210022142,N,ST,12,16
0031044U,23210033002,N,ST,12,11
0031044U,23810022005,N,ST,15,7
0031044U,23810033007,N,ST,39,66
0030051P,23210023449,N,AP,999,0
0030051P,23210025524,N,AP,999,0
0030051P,23210031224,N,AP,999,1
0030061A,23820023405,N,ST,15,14
0030061A,23820023408,N,ST,12,20
0030061A,23820025012,N,ST,15,13
0030061A,23820025520,N,ST,24,20
0030061A,23820031212,N,ST,30,40
0030061A,23210023449,N,ST,12,16
0030061A,23210025524,N,ST,12,29
0030061A,23210031224,N,ST,12,34
0030061A,23810020008,N,ST,24,30
0030061A,23810020104,N,ST,15,6
0030061A,23810023409,N,ST,27,28
0030061A,23810031211,N,ST,30,57
0031082K,23820022106,N,ST,24,35
0031082K,23820031213,N,ST,36,50
0031082K,23820031214,N,ST,24,13
0031082K,23820033007,N,ST,30,35
0031082K,23820033101,N,ST,24,26
0031082K,23820033403,N,ST,24,10
0031082K,23210022142,N,ST,12,26
0031082K,23210033205,N,ST,15,43
0031082K,23810031211,N,ST,54,73
0031082K,23810033007,N,ST,30,63
0031082K,23810033101,N,ST,24,22
0031082K,23810033404,N,ST,48,63
0031030D,23210025437,N,AP,999,3
0031030D,23210025438,N,AP,999,3
0031030D,23810025012,N,AP,999,1
0031030D,23810025013,N,AP,999,0
0031030D,23810025014,N,AP,999,1
0031030D,23810025520,N,AP,999,0
0031047X,23821021004,N,ST,18,1
0031047X,23821021405,N,ST,18,1
0031047X,23821021407,N,ST,18,0
0031047X,23211021130,N,ST,19,9
0031047X,23211021130,N,ST,19,9
0031047X,23811021004,N,AP,999,1
0031047X,23811021112,N,ST,19,13
0031047X,23811021404,N,ST,19,12
0031047X,23811021405,N,AP,999,0
0031047X,23811021407,N,AP,999,0
0031047X,23811021203,N,ST,19,7
0030925P,23821033003,N,ST,25,2
0030925P,23811033001,N,ST,35,16
0030905T,23820025219,N,ST,25,20
0030905T,23820025220,N,ST,13,10
0030905T,23820025221,N,ST,12,8
0030905T,23820031106,N,ST,15,12
0030905T,23210025223,N,ST,10,21
0030905T,23810025222,N,ST,50,39
0030905T,23810030003,N,ST,15,15
0030888Z,23821021302,N,ST,18,0
0030888Z,23821021303,N,ST,18,1
0030888Z,,N,ST,24,28
0030888Z,23211033003,N,ST,32,5
0030888Z,23811021404,N,ST,32,21
0030908W,23821021001,N,ST,18,11
0030908W,23821021004,N,ST,18,16
0030908W,23811021001,N,AP,999,7
0030908W,23811021004,N,AP,999,8
0030908W,23811021112,N,ST,30,18
0030908W,23811021112,N,ST,30,5
0031043T,23820022707,N,ST,15,8
0031043T,23820025214,N,ST,20,22
0031043T,23820025412,N,ST,10,12
0031043T,23820025519,N,ST,30,29
0031043T,23210025440,N,ST,10,17
0031043T,23810020008,N,ST,45,32
0031043T,23810025222,N,ST,20,36
0031043T,23810025412,N,ST,10,13
0030026M,23820025014,N,ST,15,13
0030026M,23820025411,N,ST,24,29
0030026M,23820025520,N,ST,30,34
0030026M,23820030004,N,ST,15,25
0030026M,23820031114,N,ST,15,6
0030026M,23820031213,N,ST,30,60
0030026M,23820031214,N,ST,30,23
0030026M,23210023006,N,AP,999,1
0030026M,23210023006,N,ST,12,21
0030026M,23210023327,N,ST,12,29
0030026M,23210031224,N,ST,12,23
0030026M,23810020008,N,ST,30,35
0030026M,23810020103,N,ST,39,29
0030026M,23810030003,N,ST,15,26
0030026M,23810031211,N,ST,75,79
0030026M,23810031212,N,AP,999,0
0030105Y,23820022106,N,ST,12,8
0030105Y,23820030004,N,ST,12,12
0030105Y,23820031106,N,ST,12,6
0030105Y,23820033403,N,ST,12,3
0030105Y,23820034403,N,ST,24,23
0030105Y,23210022146,N,AP,999,0
0030105Y,23210022146,N,ST,6,14
0030105Y,23210033413,N,AP,999,0
0030105Y,23210033413,N,ST,6,7
0030105Y,23810030003,N,ST,24,7
0030105Y,23810033404,N,ST,24,9
0030105Y,23810034403,N,ST,24,25
0030094L,23821021004,N,ST,32,5
0030094L,23821021405,N,ST,32,2
0030094L,23821033003,N,ST,32,5
0030094L,23211033003,N,ST,19,16
0030094L,23811021112,N,ST,32,35
0030094L,23811021404,N,ST,19,16
0030094L,23811033001,N,ST,32,18
0030112F,23820031114,N,ST,18,4
0030112F,23820031213,N,ST,9,8
0030112F,23820031214,N,ST,9,1
0030112F,23820033006,N,ST,18,20
0030112F,23820033007,N,ST,30,19
0030112F,23210031224,N,ST,15,14
0030112F,23810030003,N,ST,18,4
0030112F,23810031211,N,ST,24,10
0030112F,23810033006,N,ST,18,17
0030112F,23810033007,N,ST,30,23
0031067U,23211021130,N,AP,999,6
0031067U,23211021405,N,AP,999,14
0031067U,23811021004,N,AP,999,13
0030955X,23211033003,N,AP,999,1
0030955X,23211033003,N,ST,35,13
0030907V,23821021004,N,ST,32,1
0030907V,23211021236,N,AP,999,0
0030907V,23211021236,N,ST,15,2
0030907V,23811021112,N,ST,30,5
0030924N,23820030004,N,ST,18,14
0030924N,23820033007,N,ST,30,26
0030924N,23210022142,N,AP,999,0
0030924N,23210022142,N,ST,24,24
0030924N,23210033002,N,AP,999,2
0030924N,23210033002,N,ST,12,13
0030924N,23810030003,N,ST,18,13
0030924N,23810033007,N,ST,30,13
0030867B,23210033615,N,AP,999,7
0030867B,23210033616,N,AP,999,7
0030867B,23810033604,N,AP,999,0
0030867B,23810033606,N,AP,999,5
0030935A,23820033606,N,ST,18,0
0030935A,23810033605,N,ST,24,22
0030038A,23820022106,N,ST,24,21
0030038A,23820025012,N,ST,15,16
0030038A,23820025520,N,ST,24,20
0030038A,23820031212,N,ST,30,21
0030038A,23820031213,N,ST,15,28
0030038A,23820031214,N,ST,15,23
0030038A,23820033403,N,ST,12,14
0030038A,23210022146,N,ST,12,33
0030038A,23210022427,N,ST,15,6
0030038A,23210022428,N,ST,15,27
0030038A,23210025436,N,ST,10,12
0030038A,23210025439,N,ST,5,11
0030038A,23210033413,N,ST,12,12
0030038A,23810020008,N,ST,24,26
0030038A,23810020104,N,ST,15,5
0030038A,23810031211,N,ST,60,63
0030038A,23810033404,N,ST,40,37
Total établissements sélectionnés - département ALLIER,,,,64122,5787
0040003G,23820031212,N,ST,15,13
0040003G,23810031211,N,ST,15,11
0040378P,23210023224,N,AP,999,1
0040378P,23210023447,N,AP,999,0
0040378P,23210021002,N,ST,8,4
0040378P,23210023224,N,ST,4,2
0040378P,23210023447,N,ST,4,2
0040378P,23210025439,N,ST,4,6
0040577F,23821033003,N,ST,32,0
0040577F,23811033001,N,ST,32,6
0040577F,23811033003,N,AP,999,2
0040007L,23820022707,N,ST,15,17
0040007L,23820023205,N,ST,15,5
0040007L,23820023210,N,ST,15,14
0040007L,23820025219,N,ST,10,10
0040007L,23820025220,N,ST,10,10
0040007L,23820030004,N,ST,15,20
0040007L,23820033007,N,ST,30,35
0040007L,23210023006,N,AP,999,3
0040007L,23210023006,N,ST,15,18
0040007L,23210023124,N,ST,15,3
0040007L,23210023447,N,ST,15,6
0040007L,23210025222,N,ST,10,11
0040007L,23210033205,N,AP,999,1
0040007L,23210033205,N,ST,15,33
0040007L,23210033616,N,AP,999,0
0040007L,23210033616,N,ST,30,31
0040007L,23810020006,N,ST,30,19
0040007L,23810020008,N,ST,15,30
0040007L,23810022707,N,AP,999,2
0040007L,23810025220,N,AP,999,0
0040007L,23810025222,N,ST,20,18
0040007L,23810030003,N,ST,15,30
0040007L,23810030004,N,AP,999,1
0040007L,23810033007,N,ST,30,60
0040161D,23210022137,N,AP,999,2
0040161D,23210022141,N,AP,999,8
0040161D,23210022143,N,AP,999,4
0040161D,23210022146,N,AP,999,7
0040161D,23210023224,N,AP,999,7
0040161D,23210023324,N,AP,999,5
0040161D,23210023327,N,AP,999,1
0040161D,23210025225,N,AP,999,12
0040161D,23210025440,N,AP,999,7
0040161D,23210025524,N,AP,999,1
0040161D,23210031224,N,AP,999,12
0040161D,23210033205,N,AP,999,2
0040161D,23210033413,N,AP,999,0
0040161D,23210033615,N,AP,999,5
0040161D,23210033616,N,AP,999,7
0040161D,23810031213,N,AP,999,3
0040161D,23810031214,N,AP,999,1
0040590V,23211021130,N,AP,999,4
0040590V,23211021405,N,AP,999,10
0040590V,23211022108,N,AP,999,0
0040056P,23821021004,N,ST,16,1
0040056P,23821021302,N,ST,25,4
0040056P,23821021405,N,ST,16,2
0040056P,23811021004,N,ST,16,13
0040056P,23811021404,N,ST,16,13
0040056P,23811021302,N,ST,32,14
0040055N,23210033205,N,AP,999,2
0040011R,23820022106,N,ST,12,15
0040011R,23820025214,N,ST,20,18
0040011R,23820025216,N,ST,10,14
0040011R,23820025520,N,ST,15,17
0040011R,23820030004,N,ST,15,18
0040011R,23820031212,N,ST,15,16
0040011R,23820031213,N,ST,30,43
0040011R,23820031214,N,ST,30,31
0040011R,23820033403,N,ST,12,16
0040011R,23210022142,N,AP,999,0
0040011R,23210022142,N,ST,12,7
0040011R,23210022146,N,AP,999,1
0040011R,23210022146,N,ST,12,11
0040011R,23210023224,N,AP,999,1
0040011R,23210023224,N,ST,15,7
0040011R,23210025439,N,AP,999,0
0040011R,23210025439,N,ST,15,9
0040011R,23210025440,N,AP,999,1
0040011R,23210025440,N,ST,10,14
0040011R,23210025524,N,AP,999,0
0040011R,23210025524,N,ST,15,16
0040011R,23210033002,N,ST,15,9
0040011R,23210033413,N,AP,999,1
0040011R,23210033413,N,ST,12,4
0040011R,23810020008,N,ST,15,8
0040011R,23810022106,N,AP,999,1
0040011R,23810025222,N,ST,30,29
0040011R,23810025224,N,AP,999,12
0040011R,23810030003,N,ST,15,20
0040011R,23810030004,N,AP,999,1
0040011R,23810031211,N,ST,75,79
0040011R,23810033404,N,ST,24,19
0040533H,23820025012,N,ST,30,30
0040533H,23810020104,N,ST,30,20
0040533H,23810025012,N,AP,999,3
0040584N,23210033615,N,AP,999,5
0040584N,23210033616,N,AP,999,2
0040023D,23820022106,N,ST,12,13
0040023D,23820030004,N,ST,15,15
0040023D,23820033403,N,ST,12,10
0040023D,23820034403,N,ST,15,13
0040023D,23210022146,N,AP,999,0
0040023D,23210022146,N,ST,12,18
0040023D,23210033413,N,AP,999,1
0040023D,23210033413,N,ST,12,2
0040023D,23810022106,N,AP,999,0
0040023D,23810030003,N,ST,15,23
0040023D,23810033404,N,ST,24,39
0040023D,23810034403,N,ST,12,27
Total établissements sélectionnés - département ALPES-DE-HTE-PROVENCE,,,,48794,2815
0061920E,23211021130,N,AP,999,7
0061920E,23211021237,N,AP,999,13
0061920E,23211021405,N,AP,999,28
0061920E,23811021405,N,AP,999,14
0060793E,23211021405,N,ST,4,5
0060793E,23211021405,N,ST,20,29
0060793E,23811021112,N,ST,16,5
0060793E,23811021404,N,ST,32,43
0060793E,23811033001,N,ST,32,26
0060002V,23820025010,N,ST,15,11
0060002V,23820025223,N,ST,30,35
0060002V,23820025519,N,ST,36,31
0060002V,23820025520,N,ST,30,34
0060002V,23820030004,N,ST,30,34
0060002V,23820031212,N,ST,15,25
0060002V,23820031213,N,ST,30,31
0060002V,23820031214,N,ST,30,25
0060002V,23210025224,N,ST,7,18
0060002V,23210025224,N,ST,3,6
0060002V,23210031224,N,ST,6,18
0060002V,23210031224,N,ST,6,3
0060002V,23210033616,N,ST,24,32
0060002V,23210033616,N,ST,6,7
0060002V,23810020007,N,ST,15,23
0060002V,23810020008,N,ST,66,53
0060002V,23810025223,N,ST,30,39
0060002V,23810030003,N,ST,30,15
0060002V,23810031211,N,ST,75,67
0061478Z,23820022706,N,ST,12,18
0061478Z,23820023004,N,ST,15,15
0061478Z,23820023005,N,ST,15,18
0061478Z,23820023104,N,ST,15,13
0061478Z,23820023203,N,ST,15,20
0061478Z,23820023210,N,ST,24,11
0061478Z,23C10022408,N,ST,15,8
0061478Z,23210023224,N,ST,12,8
0061478Z,23210023224,N,ST,3,3
0061478Z,23C10022408,N,ST,15,8
0061478Z,23810020006,N,ST,48,27
0061478Z,23810020008,N,ST,12,19
0061478Z,23810023007,N,ST,45,60
0060916N,23210022714,N,AP,999,24
0060916N,23210022715,N,AP,999,4
0060916N,23210023224,N,AP,999,12
0060916N,23210023324,N,AP,999,46
0060916N,23210023325,N,AP,999,0
0060916N,23210023327,N,AP,999,5
0060916N,23210023329,N,AP,999,5
0060916N,23210023445,N,AP,999,1
0060916N,23210023447,N,AP,999,6
0060916N,23210025439,N,AP,999,6
0060916N,23210025524,N,AP,999,40
0060916N,23810025517,N,AP,999,8
0061635V,23820022105,N,ST,36,37
0061635V,23820022106,N,ST,36,22
0061635V,23820031212,N,ST,15,10
0061635V,23820031213,N,ST,33,32
0061635V,23820031214,N,ST,18,30
0061635V,23820033403,N,ST,36,15
0061635V,23820034304,N,ST,12,10
0061635V,23210022146,N,ST,5,3
0061635V,23210022141,N,ST,10,32
0061635V,23210022142,N,ST,7,2
0061635V,23210022145,N,ST,10,5
0061635V,23210022146,N,ST,7,21
0061635V,23210022141,N,ST,2,6
0061635V,23210022145,N,ST,2,0
0061635V,23210022142,N,ST,5,2
0061635V,23210031223,N,ST,4,2
0061635V,23210031223,N,ST,10,8
0061635V,23210031224,N,ST,9,22
0061635V,23210031224,N,ST,6,4
0061635V,23210033413,N,ST,6,7
0061635V,23210033413,N,ST,6,3
0061635V,23810022107,N,ST,36,19
0061635V,23810031211,N,ST,66,84
0061635V,23810033404,N,ST,72,21
0061635V,23810034306,N,ST,12,4
0062345S,23210033615,N,AP,999,4
0062345S,23210033616,N,AP,999,1
0062345S,23810033604,N,AP,999,1
0062345S,23810033606,N,AP,999,4
0061561P,23820025012,N,ST,12,12
0061561P,23820025406,N,ST,12,11
0061561P,23820025517,N,ST,12,16
0061561P,23820025519,N,ST,24,42
0061561P,23820025520,N,ST,24,27
0061561P,23820031106,N,ST,30,27
0061561P,23820034403,N,ST,24,27
0061561P,23210022714,N,ST,8,29
0061561P,23210022714,N,ST,4,9
0061561P,23210025439,N,ST,8,8
0061561P,23210025439,N,ST,4,0
0061561P,23210031122,N,ST,7,7
0061561P,23210031122,N,ST,5,6
0061561P,23810020006,N,ST,12,12
0061561P,23810020008,N,ST,60,97
0061561P,23810020104,N,ST,12,4
0061561P,23810030003,N,ST,30,8
0061561P,23810034403,N,ST,24,60
0060015J,23820024204,N,ST,30,37
0060015J,23820030004,N,ST,30,39
0060015J,23820031212,N,ST,30,23
0060015J,23820031213,N,ST,40,42
0060015J,23820031214,N,ST,20,40
0060015J,23210024240,N,ST,7,18
0060015J,23210024240,N,ST,5,3
0060015J,23210031224,N,ST,10,25
0060015J,23210031224,N,ST,5,5
0060015J,23810024204,N,ST,30,37
0060015J,23810030003,N,ST,30,28
0060015J,23810031211,N,ST,90,125
0061394H,23210031224,N,ST,1,9
0061394H,23210033205,N,ST,5,25
0061394H,23810030003,N,ST,1,24
0061394H,23810031211,N,ST,1,65
0061394H,23810033006,N,ST,1,18
0061394H,23810033007,N,ST,1,42
0060920T,23210022141,N,AP,999,23
0060920T,23210022143,N,AP,999,2
0060920T,23210022146,N,AP,999,15
0060920T,23210031223,N,AP,999,3
0060920T,23210031224,N,AP,999,13
0060920T,23210033413,N,AP,999,14
0060920T,23210033616,N,AP,999,15
0062254T,23210033615,N,AP,999,12
0062254T,23210033616,N,AP,999,3
0062254T,23810033604,N,AP,999,1
0062254T,23810033606,N,AP,999,2
0061909T,23210022137,N,AP,999,19
0061909T,23210022141,N,AP,999,12
0061909T,23210022142,N,AP,999,5
0061909T,23210022143,N,AP,999,7
0061909T,23210022144,N,AP,999,0
0061909T,23210031221,N,AP,999,1
0061909T,23210031224,N,AP,999,9
0061909T,23210033205,N,AP,999,14
0061909T,23210033615,N,AP,999,8
0061909T,23210033616,N,AP,999,15
0062334E,23210033205,N,AP,999,3
0062334E,23211021405,N,AP,999,2
0062334E,23211033003,N,AP,999,3
0060023T,23820022106,N,ST,24,28
0060023T,23820030004,N,ST,30,27
0060023T,23820031212,N,ST,25,23
0060023T,23820031213,N,ST,25,37
0060023T,23820031214,N,ST,25,22
0060023T,23820033007,N,ST,30,33
0060023T,23820033403,N,ST,24,17
0060023T,23820034304,N,ST,15,14
0060023T,23210022146,N,ST,6,9
0060023T,23210022146,N,ST,6,22
0060023T,23210033002,N,ST,6,12
0060023T,23210033413,N,ST,6,8
0060023T,23210033002,N,ST,6,4
0060023T,23210033413,N,ST,6,2
0060023T,23810030003,N,ST,30,29
0060023T,23810031211,N,ST,75,76
0060023T,23810033007,N,ST,30,41
0060023T,23810033404,N,ST,48,54
0060023T,23810034306,N,ST,15,7
0060022S,23820023203,N,ST,15,6
0060022S,23820023304,N,ST,15,15
0060022S,23820023405,N,ST,15,14
0060022S,23820023408,N,ST,15,18
0060022S,23820025012,N,ST,15,14
0060022S,23820025214,N,ST,20,30
0060022S,23820025216,N,ST,20,12
0060022S,23820025520,N,ST,30,33
0060022S,23210023006,N,ST,6,8
0060022S,23210023006,N,ST,6,5
0060022S,23210023327,N,ST,7,7
0060022S,23210023447,N,ST,7,5
0060022S,23210023447,N,ST,5,3
0060022S,23210023327,N,ST,5,2
0060022S,23210025225,N,ST,3,7
0060022S,23210025227,N,ST,2,4
0060022S,23210025227,N,ST,8,12
0060022S,23210025225,N,ST,7,22
0060022S,23810020006,N,ST,30,19
0060022S,23810020008,N,ST,30,40
0060022S,23810020104,N,ST,15,6
0060022S,23810023409,N,ST,30,21
0060022S,23810025222,N,ST,40,40
0060028Y,23820022106,N,ST,30,21
0060028Y,23820030004,N,ST,30,33
0060028Y,23820031212,N,ST,15,14
0060028Y,23820031213,N,ST,15,21
0060028Y,23820031214,N,ST,15,15
0060028Y,23820033403,N,ST,30,28
0060028Y,23210022146,N,ST,2,2
0060028Y,23210022141,N,ST,10,15
0060028Y,23210022146,N,ST,10,8
0060028Y,23210022141,N,ST,2,4
0060028Y,23210031224,N,ST,7,17
0060028Y,23210031224,N,ST,5,10
0060028Y,23210033413,N,ST,8,7
0060028Y,23210033413,N,ST,4,5
0060028Y,23810030003,N,ST,30,36
0060028Y,23810031211,N,ST,45,46
0060028Y,23810033404,N,ST,60,38
0060027X,23820022403,N,ST,15,19
0060027X,23820022706,N,ST,12,11
0060027X,23820022707,N,ST,12,5
0060027X,23820025520,N,ST,45,46
0060027X,23210025521,N,ST,9,10
0060027X,23210025524,N,ST,9,25
0060027X,23210025524,N,ST,3,4
0060027X,23210025521,N,ST,3,1
0060027X,23810020008,N,ST,69,48
0060027X,23810022403,N,ST,15,15
0060907D,23210033615,N,AP,999,3
0060907D,23810033606,N,AP,999,5
0061542U,23210022141,N,AP,999,2
0061542U,23210022142,N,AP,999,0
0061542U,23210022146,N,AP,999,1
0061542U,23210033413,N,AP,999,1
0062369T,23210033615,N,AP,999,10
0062369T,23210033616,N,AP,999,6
0062327X,23810033104,N,AP,999,1
0060042N,23820024204,N,ST,15,25
0060042N,23820030004,N,ST,45,52
0060042N,23820031114,N,ST,30,12
0060042N,23820031212,N,ST,18,20
0060042N,23820031213,N,ST,24,39
0060042N,23820031214,N,ST,18,35
0060042N,23820033006,N,ST,24,30
0060042N,23820033007,N,ST,45,56
0060042N,23820034403,N,ST,30,39
0060042N,23210024240,N,ST,10,13
0060042N,23210024240,N,ST,5,4
0060042N,23210031224,N,ST,18,43
0060042N,23210031224,N,ST,9,1
0060042N,23210033205,N,ST,11,48
0060042N,23210033205,N,ST,3,8
0060042N,23810024204,N,ST,15,18
0060042N,23810030003,N,ST,75,32
0060042N,23810031211,N,ST,75,88
0060042N,23810033006,N,ST,24,26
0060042N,23810033007,N,ST,60,50
0060042N,23810034403,N,ST,30,47
0060040L,23820023003,N,ST,12,15
0060040L,23820024202,N,ST,12,10
0060040L,23820024302,N,ST,12,13
0060040L,23820024303,N,ST,12,9
0060040L,23820032303,N,ST,12,18
0060040L,23C10023412,N,ST,12,0
0060040L,23210022361,N,ST,24,23
0060040L,23210024318,N,ST,10,3
0060040L,23210024318,N,ST,2,0
0060040L,23210025137,N,ST,12,15
0060040L,23210025436,N,ST,10,13
0060040L,23210025436,N,ST,2,1
0060040L,23210032227,N,ST,10,17
0060040L,23210032227,N,ST,2,3
0060040L,23C10023412,N,ST,12,13
0060040L,23810023003,N,ST,12,14
0060040L,23810024202,N,ST,12,9
0060040L,23810024304,N,ST,24,12
0060040L,23810032303,N,ST,12,33
0060038J,23820022707,N,ST,15,22
0060038J,23820023004,N,ST,15,6
0060038J,23820023005,N,ST,15,32
0060038J,23820023205,N,ST,15,21
0060038J,23820023303,N,ST,15,6
0060038J,23820023304,N,ST,15,6
0060038J,23820025517,N,ST,15,21
0060038J,23820025520,N,ST,15,21
0060038J,23210023006,N,ST,8,5
0060038J,23210023006,N,ST,4,0
0060038J,23210023224,N,ST,6,18
0060038J,23210023224,N,ST,6,2
0060038J,23210023324,N,ST,10,36
0060038J,23210023327,N,ST,6,8
0060038J,23210023324,N,ST,5,5
0060038J,23210023327,N,ST,6,0
0060038J,23210025524,N,ST,8,48
0060038J,23210025524,N,ST,4,12
0060038J,23210031224,N,AP,999,8
0060038J,23810020006,N,ST,45,33
0060038J,23810020008,N,ST,45,67
0060038J,23810023007,N,ST,30,25
0060038J,23810031213,N,AP,999,3
0060038J,23810031214,N,AP,999,1
0060082G,23820020009,N,ST,12,17
0060082G,23820025006,N,ST,24,20
0060082G,23820025013,N,ST,12,4
0060082G,23820025014,N,ST,12,2
0060082G,23820025214,N,ST,60,74
0060082G,23820025412,N,ST,20,28
0060082G,23820025519,N,ST,30,52
0060082G,23820025520,N,ST,24,39
0060082G,23210025440,N,ST,3,7
0060082G,23210025440,N,ST,7,53
0060082G,23810020008,N,ST,60,153
0060082G,23810020009,N,ST,12,25
0060082G,23810020103,N,ST,48,43
0060082G,23810025222,N,ST,60,74
0060082G,23810025412,N,ST,20,24
0060043P,23820030004,N,ST,20,27
0060043P,23820031212,N,ST,15,21
0060043P,23820031213,N,ST,30,65
0060043P,23820031214,N,ST,15,32
0060043P,23820033007,N,ST,60,81
0060043P,23820033604,N,ST,16,17
0060043P,23820033606,N,ST,30,34
0060043P,23210022142,N,ST,8,20
0060043P,23210022142,N,ST,4,7
0060043P,23210031224,N,ST,22,32
0060043P,23210031224,N,ST,8,10
0060043P,23210033002,N,ST,6,11
0060043P,23210033205,N,ST,9,56
0060043P,23210033002,N,ST,6,4
0060043P,23210033615,N,ST,9,50
0060043P,23210033205,N,ST,3,6
0060043P,23210033615,N,ST,3,6
0060043P,23810030003,N,ST,20,39
0060043P,23810031211,N,ST,80,119
0060043P,23810033007,N,ST,60,71
0060043P,23810033605,N,ST,46,76
0060034E,23820022106,N,ST,72,73
0060034E,23820033403,N,ST,48,60
0060034E,23210022146,N,ST,4,3
0060034E,23210022146,N,AP,999,18
0060034E,23210022146,N,ST,8,30
0060034E,23210033413,N,AP,999,9
0060034E,23210033413,N,ST,8,9
0060034E,23210033413,N,ST,4,2
0060034E,23810022106,N,AP,999,19
0060034E,23810033403,N,AP,999,7
0060034E,23810033404,N,ST,120,197
0060715V,23210022142,N,AP,999,1
0060715V,23210022142,N,ST,6,1
0060715V,23210033002,N,ST,18,3
0060715V,23810033007,N,ST,1,24
0061462G,23210023329,N,ST,4,4
0061462G,23210025437,N,ST,7,2
0061462G,23210025439,N,ST,3,2
0061462G,23210025440,N,ST,2,11
0061462G,23810020008,N,ST,1,47
0061462G,23810020103,N,ST,1,12
0061462G,23810020104,N,ST,1,3
0061462G,23810023404,N,ST,1,11
0061462G,23810023409,N,ST,1,14
0061462G,23810025222,N,ST,1,21
0061462G,23810032210,N,ST,1,10
0060776L,23210031224,N,AP,999,9
0060776L,23810030003,N,ST,1,12
0060776L,23810031211,N,ST,1,36
0062204N,23210025440,N,AP,999,26
0062204N,23210025227,N,AP,999,10
0062204N,23210025225,N,AP,999,17
0062204N,23210025226,N,AP,999,2
0062204N,23210033205,N,AP,999,10
0062204N,23810025223,N,AP,999,3
0062204N,23810025224,N,AP,999,10
0062204N,23810025225,N,AP,999,1
0062204N,23810025226,N,AP,999,3
0062204N,23810025412,N,AP,999,2
0062093T,23210023006,N,AP,999,3
0060087M,,O,ST,0,260
0060087M,,O,ST,0,9
0060087M,,O,ST,0,546
0060087M,,O,ST,0,15
0060087M,,O,ST,0,12
0060087M,,O,ST,0,8
0060087M,,O,ST,0,2
0060087M,,O,ST,0,27
0060087M,,O,ST,0,7
0060087M,,O,ST,0,17
0060087M,,O,ST,0,25
0060087M,,O,ST,0,0
0060087M,,O,ST,0,8
0060087M,,O,ST,0,4
0060087M,,O,ST,0,1
0060087M,,O,ST,0,17
0060087M,,O,ST,0,6
0060087M,,O,ST,0,3
0060087M,,O,ST,0,1
0060087M,,O,ST,0,5
0060087M,,O,ST,0,1
0060087M,,O,ST,0,4
0060087M,,O,ST,0,9
0060087M,,O,ST,0,8
0060087M,,O,ST,0,4
0060087M,,O,ST,0,3
0060087M,,O,ST,0,2
0060087M,,O,ST,0,1
0060087M,,O,ST,0,0
0060087M,,O,ST,0,0
0060087M,,O,ST,0,0
0060087M,,O,ST,0,5
0060087M,,O,ST,0,38
0060087M,,O,ST,0,210
0060087M,,O,ST,0,5
0060087M,,O,ST,0,94
0060087M,,O,ST,0,207
0061268W,,N,ST,999,0
0062376A,23210022141,N,AP,999,4
0062376A,23210022361,N,AP,999,1
0062376A,23210031224,N,AP,999,10
0062376A,23210033615,N,AP,999,3
0062376A,23210033616,N,AP,999,4
0061987C,23820025520,N,ST,15,16
0061987C,23820031212,N,ST,12,6
0061987C,23820031213,N,ST,12,14
0061987C,23811021404,N,ST,15,13
0061987C,23810020008,N,ST,11,6
0061987C,23810020008,N,ST,3,4
0061987C,23810031211,N,ST,22,18
0061987C,23810031211,N,ST,2,5
Total établissements sélectionnés - département ALPES-MARITIMES,,,,94472,20403
0071231A,23211021405,N,AP,999,4
0071231A,23811021112,N,ST,30,29
0071231A,23811021404,N,ST,15,18
0070002P,23820030004,N,ST,24,18
0070002P,23820031212,N,ST,15,8
0070002P,23820031213,N,ST,15,26
0070002P,23820033007,N,ST,24,27
0070002P,23210022142,N,ST,12,22
0070002P,23210031224,N,ST,12,13
0070002P,23210033002,N,ST,12,7
0070002P,23210033205,N,ST,12,31
0070002P,23810030003,N,ST,24,14
0070002P,23810031211,N,ST,30,19
0070002P,23810033007,N,ST,24,22
0070001N,23820022707,N,ST,15,16
0070001N,23820023203,N,ST,15,7
0070001N,23820023405,N,ST,15,15
0070001N,23820025519,N,ST,15,16
0070001N,23820025520,N,ST,15,17
0070001N,23210022715,N,AP,999,6
0070001N,23210023006,N,ST,12,15
0070001N,23210025437,N,ST,12,26
0070001N,23810020006,N,ST,15,4
0070001N,23810020008,N,ST,45,54
0070001N,23810023409,N,ST,15,7
0070100W,23210031122,N,ST,15,8
0070100W,23210031224,N,ST,12,6
0070100W,23210033205,N,ST,12,16
0070100W,23810020008,N,ST,45,35
0070100W,23810020104,N,ST,15,10
0070100W,23810022005,N,ST,12,5
0070100W,23810030003,N,ST,24,7
0070100W,23810031211,N,ST,30,42
0070100W,23810033007,N,ST,24,21
0070876P,23210022137,N,AP,999,2
0070876P,23210022141,N,AP,999,13
0070876P,23210022142,N,AP,999,6
0070876P,23210022143,N,AP,999,10
0070876P,23210022144,N,AP,999,0
0070876P,23210022146,N,AP,999,13
0070876P,23210025225,N,AP,999,36
0070876P,23210025440,N,AP,999,3
0070876P,23210031224,N,AP,999,13
0070876P,23210033413,N,AP,999,7
0070876P,23210033616,N,AP,999,15
0071125K,23811021112,N,ST,28,17
0071125K,23811033001,N,ST,28,23
0070004S,23820020009,N,ST,15,12
0070004S,23820023303,N,ST,12,9
0070004S,23820025014,N,ST,15,9
0070004S,23820025520,N,ST,15,17
0070004S,23820033007,N,ST,32,36
0070004S,23210023329,N,ST,12,6
0070004S,23210023445,N,ST,15,14
0070004S,23210025439,N,ST,12,18
0070004S,23810020006,N,ST,12,7
0070004S,23810020008,N,ST,15,10
0070004S,23810020009,N,ST,15,11
0070004S,23810020103,N,ST,15,4
0070004S,23810033007,N,ST,32,34
0070003R,23820030004,N,ST,15,15
0070003R,23820031212,N,ST,15,9
0070003R,23820031213,N,ST,12,25
0070003R,23820031214,N,ST,15,19
0070003R,23810030003,N,ST,15,10
0070003R,23810031211,N,ST,42,55
0070064G,23210022142,N,ST,12,3
0070064G,23210031224,N,ST,12,8
0070064G,23810023003,N,ST,15,17
0070064G,23810031211,N,ST,45,39
0070064G,23810033605,N,ST,15,18
0070107D,23210022146,N,AP,999,3
0070107D,23210022146,N,ST,12,11
0070107D,23210031224,N,ST,15,12
0070107D,23210033413,N,AP,999,0
0070107D,23210033413,N,ST,12,5
0070107D,23810031211,N,ST,30,32
0070107D,23810033404,N,ST,24,19
0070009X,23820022707,N,ST,15,11
0070009X,23820023104,N,ST,15,3
0070009X,23820023203,N,ST,12,12
0070009X,23820023304,N,ST,12,8
0070009X,23820023405,N,ST,15,8
0070009X,23210023224,N,ST,12,14
0070009X,23210023326,N,ST,12,16
0070009X,23210025524,N,ST,12,22
0070009X,23810020006,N,ST,15,12
0070009X,23810020008,N,ST,15,11
0070009X,23810023007,N,ST,15,8
0070009X,23810023409,N,ST,15,8
0071199R,23210022137,N,AP,999,3
0071199R,23210022141,N,AP,999,12
0071199R,23210022143,N,AP,999,8
0071199R,23210022146,N,AP,999,7
0071199R,23210025225,N,AP,999,24
0071199R,23210025440,N,AP,999,6
0071199R,23210031224,N,AP,999,8
0071199R,23210033413,N,AP,999,8
0071199R,23210033616,N,AP,999,10
0071199R,23810031213,N,AP,999,0
0070016E,23820022106,N,ST,12,11
0070016E,23820033403,N,ST,12,5
0070016E,23210022146,N,ST,12,12
0070016E,23210033413,N,ST,12,7
0070016E,23810033404,N,ST,24,18
0071397F,23820025520,N,ST,15,6
0071397F,23820031213,N,ST,15,15
0071397F,23810020008,N,ST,15,7
0071397F,23810031211,N,ST,15,19
0071351F,23820030004,N,ST,24,20
0071351F,23820031213,N,ST,30,55
0071351F,23820033007,N,ST,24,27
0071351F,23210033205,N,ST,12,39
0071351F,23810030003,N,ST,24,22
0071351F,23810031211,N,ST,30,57
0071351F,23810033007,N,ST,24,33
0070112J,23210025227,N,ST,10,15
0070112J,23210034405,N,ST,15,22
0070112J,23810020008,N,ST,12,9
0070112J,23810020104,N,ST,12,11
0070112J,23810025222,N,ST,20,26
0071392A,23211021405,N,AP,999,5
0070021K,23820031212,N,ST,15,8
0070021K,23820031213,N,ST,15,19
0070021K,23820031214,N,ST,15,21
0070021K,23210031224,N,ST,12,17
0070021K,23810031211,N,ST,45,33
0070114L,23210033002,N,ST,22,5
0070114L,23810033006,N,ST,24,11
0070114L,23810033007,N,ST,30,15
0071455U,23211021130,N,AP,999,1
0071239J,23211033003,N,ST,25,9
0071239J,23811021112,N,ST,15,5
0071239J,23811022103,N,ST,25,7
0071239J,23811033001,N,ST,35,13
0070031W,23820025012,N,ST,15,8
0070031W,23820025519,N,ST,30,20
0070031W,23820025520,N,ST,15,9
0070031W,23820034403,N,ST,15,20
0070031W,23210023447,N,ST,15,8
0070031W,23210025524,N,ST,12,4
0070031W,23210034405,N,ST,24,24
0070031W,23810020008,N,ST,36,22
0070031W,23810020104,N,ST,12,1
0070031W,23810034403,N,ST,15,39
0070029U,23820031212,N,ST,15,8
0070029U,23820031213,N,ST,15,26
0070029U,23820033006,N,ST,15,25
0070029U,23810031211,N,ST,30,35
0070029U,23810033006,N,ST,15,24
0070071P,23810031211,N,ST,24,21
0071303D,23211033003,N,ST,25,9
0071303D,23811033001,N,ST,30,17
Total établissements sélectionnés - département ARDECHE,,,,33467,6227
0081047V,23820022106,N,ST,36,51
0081047V,23820033403,N,ST,36,27
0081047V,23810033404,N,ST,72,59
0089999A,,O,ST,0,47
0089999A,,O,ST,0,21
0080028M,23820022706,N,ST,15,8
0080028M,23820022707,N,ST,15,26
0080028M,23820023005,N,ST,15,18
0080028M,23820023203,N,ST,15,9
0080028M,23820023303,N,ST,15,4
0080028M,23820023404,N,ST,15,8
0080028M,23820023405,N,ST,15,12
0080028M,23820024204,N,ST,30,30
0080028M,23820033007,N,ST,30,53
0080028M,23820034403,N,ST,15,26
0080028M,23210022142,N,AP,999,3
0080028M,23210022142,N,ST,12,17
0080028M,23210023327,N,ST,15,27
0080028M,23210025439,N,AP,999,0
0080028M,23210025439,N,ST,15,11
0080028M,23210025524,N,AP,999,4
0080028M,23210025524,N,ST,15,18
0080028M,23210033002,N,ST,15,17
0080028M,23210033205,N,ST,15,34
0080028M,23210034405,N,ST,15,23
0080028M,23810020006,N,ST,30,21
0080028M,23810020008,N,ST,30,24
0080028M,23810023007,N,ST,15,16
0080028M,23810023404,N,ST,15,3
0080028M,23810023409,N,ST,15,4
0080028M,23810024204,N,ST,30,23
0080028M,23810033007,N,ST,30,43
0080028M,23810034403,N,ST,15,44
0080008R,23820022303,N,ST,10,5
0080008R,23820022503,N,ST,15,3
0080008R,23820030004,N,ST,18,20
0080008R,23820031212,N,ST,18,16
0080008R,23820031213,N,ST,36,43
0080008R,23820031214,N,ST,18,13
0080008R,23210031223,N,AP,999,1
0080008R,23210031223,N,ST,15,13
0080008R,23210031224,N,ST,15,17
0080008R,23810020103,N,ST,10,5
0080008R,23810022503,N,ST,0,0
0080008R,23810030003,N,ST,18,12
0080008R,23810031211,N,ST,72,58
0080082W,23810031211,N,ST,24,28
0080082W,23810033006,N,ST,18,11
0080082W,23810033007,N,ST,30,19
0080842X,23210022137,N,AP,999,24
0080842X,23210022142,N,AP,999,1
0080842X,23210022143,N,AP,999,6
0080842X,23210022144,N,AP,999,2
0080842X,23210022146,N,AP,999,14
0080842X,23210031224,N,AP,999,21
0080842X,23210033413,N,AP,999,5
0080842X,23210033615,N,AP,999,15
0080842X,23210033616,N,AP,999,23
0081177L,23210033205,N,AP,999,5
0081059H,23210020101,N,AP,999,0
0081059H,23810020102,N,AP,999,0
0081059H,23810022706,N,AP,999,1
0081059H,23810025012,N,AP,999,3
0081059H,23810025014,N,AP,999,0
0081059H,23810025411,N,AP,999,2
0080951R,23211033003,N,AP,999,2
0080951R,23211033003,N,ST,24,21
0080951R,23811033001,N,ST,24,12
0080951R,23811033003,N,AP,999,4
0080943G,23211033003,N,ST,32,6
0080943G,23811033001,N,ST,48,5
0081137T,23210022715,N,AP,999,6
0081137T,23210023122,N,AP,999,16
0081137T,23210023123,N,AP,999,7
0081137T,23210023124,N,AP,999,8
0081137T,23210023223,N,AP,999,8
0081137T,23210023224,N,AP,999,13
0081137T,23210023225,N,AP,999,1
0081137T,23210023324,N,AP,999,4
0081137T,23210023325,N,AP,999,1
0081137T,23210023327,N,AP,999,5
0081137T,23210023446,N,AP,999,2
0081137T,23210023447,N,AP,999,7
0081137T,23210023449,N,AP,999,3
0081137T,23210025439,N,AP,999,0
0081137T,23210025524,N,AP,999,6
0080804F,23811021004,N,ST,19,32
0080039Z,23820025520,N,ST,30,19
0080039Z,23820031213,N,ST,18,23
0080039Z,23820031214,N,ST,18,13
0080039Z,23820033007,N,ST,30,35
0080039Z,23210025223,N,ST,5,14
0080039Z,23210033002,N,ST,12,8
0080039Z,23810020008,N,ST,30,21
0080039Z,23810031211,N,ST,36,38
0080039Z,23810033007,N,ST,30,26
0080972N,23211021130,N,AP,999,12
0080972N,23211021237,N,AP,999,4
0080972N,23811021004,N,AP,999,9
0080972N,23811021211,N,AP,999,8
0081145B,23210025223,N,AP,999,4
0080040A,23820022106,N,ST,12,13
0080040A,23820025520,N,ST,30,20
0080040A,23820030004,N,ST,18,20
0080040A,23820033403,N,ST,12,15
0080040A,23210022146,N,AP,999,0
0080040A,23210022146,N,ST,24,20
0080040A,23210033413,N,AP,999,0
0080040A,23210033413,N,ST,12,3
0080040A,23810020008,N,ST,30,19
0080040A,23810030003,N,ST,18,10
0080040A,23810033404,N,ST,24,11
0080863V,23811021004,N,ST,19,18
0080863V,23811022104,N,ST,19,6
0080863V,23811021302,N,ST,27,32
0081065P,23211021314,N,AP,999,8
0081065P,23211021405,N,AP,999,19
0080048J,23820030004,N,ST,18,10
0080048J,23820031106,N,ST,18,19
0080048J,23820031114,N,ST,18,11
0080048J,23820031213,N,ST,18,24
0080048J,23820031214,N,ST,18,13
0080048J,23820033007,N,ST,30,33
0080048J,23210022142,N,ST,12,18
0080048J,23210031122,N,AP,999,1
0080048J,23210031123,N,ST,10,20
0080048J,23210033002,N,ST,15,10
0080048J,23810030003,N,ST,54,9
0080048J,23810031211,N,ST,36,21
0080048J,23810033007,N,ST,30,39
0080047H,23820025012,N,ST,30,11
0080047H,23820025214,N,ST,40,58
0080047H,23820025411,N,ST,15,22
0080047H,23820025412,N,ST,10,14
0080047H,23820025519,N,ST,45,42
0080047H,23820025520,N,ST,30,38
0080047H,23210020101,N,AP,999,0
0080047H,23210025225,N,AP,999,9
0080047H,23210025225,N,ST,20,44
0080047H,23210025437,N,AP,999,0
0080047H,23210025437,N,ST,12,7
0080047H,23210025438,N,AP,999,3
0080047H,23210025440,N,AP,999,4
0080047H,23210025440,N,ST,10,7
0080047H,23210025441,N,ST,10,5
0080047H,23210025524,N,AP,999,0
0080047H,23210025524,N,ST,15,9
0080047H,23810020008,N,ST,75,43
0080047H,23810020103,N,ST,15,8
0080047H,23810020104,N,ST,30,9
0080047H,23810025222,N,ST,40,44
0080047H,23810025412,N,ST,10,15
0080093H,23210031224,N,ST,15,4
0080093H,23810031211,N,ST,18,8
0080093H,23810033007,N,ST,15,5
0081157P,23210025524,N,AP,999,0
0081161U,23210023122,N,AP,999,5
Total établissements sélectionnés - département ARDENNES,,,,60618,4367
0090003E,23820024204,N,ST,15,17
0090003E,23820030004,N,AP,999,0
0090003E,23820030004,N,ST,18,11
0090003E,23820031212,N,AP,999,0
0090003E,23820031212,N,ST,16,15
0090003E,23820031213,N,AP,999,0
0090003E,23820031213,N,ST,32,25
0090003E,23820031214,N,ST,16,26
0090003E,23210031224,N,AP,999,3
0090003E,23210031224,N,ST,24,41
0090003E,23810024204,N,ST,15,25
0090003E,23810030003,N,ST,18,8
0090003E,23810031211,N,ST,64,78
0090553C,23210022137,O,AP,999,7
0090553C,23210022141,O,AP,999,6
0090553C,23210022143,O,AP,999,0
0090553C,23210022146,O,AP,999,3
0090553C,23210022715,O,AP,999,1
0090553C,23210023006,O,AP,999,1
0090553C,23210023223,O,AP,999,0
0090553C,23210023224,O,AP,999,6
0090553C,23210023324,O,AP,999,3
0090553C,23210023325,O,AP,999,0
0090553C,23210023326,O,AP,999,5
0090553C,23210023327,O,AP,999,5
0090553C,23210023447,O,AP,999,1
0090553C,23210023449,O,AP,999,1
0090553C,23210025225,O,AP,999,12
0090553C,23210025439,O,AP,999,1
0090553C,23210025440,O,AP,999,1
0090553C,23210025441,O,AP,999,0
0090553C,23210025524,O,AP,999,3
0090553C,23210031224,O,AP,999,6
0090553C,23210033413,O,AP,999,5
0090553C,23210033616,O,AP,999,10
0090553C,23210022144,O,AP,999,2
0090553C,23810023405,O,AP,999,0
0090553C,23810025225,O,AP,999,1
0090553C,23810031213,O,AP,999,0
0090006H,23820022004,N,AP,999,0
0090006H,23820022004,N,ST,12,4
0090006H,23820025012,N,AP,999,2
0090006H,23820025012,N,ST,15,8
0090006H,23820025520,N,AP,999,0
0090006H,23820030004,N,AP,999,0
0090006H,23820030004,N,ST,12,7
0090006H,23820031106,N,AP,999,0
0090006H,23820031106,N,ST,13,6
0090006H,23210031122,N,AP,999,0
0090006H,23210031122,N,ST,12,9
0090006H,23810020104,N,ST,27,3
0090006H,23810030003,N,ST,18,14
0090013R,23820025006,N,ST,15,15
0090013R,23820025014,N,AP,999,0
0090013R,23820025014,N,ST,15,5
0090013R,23820025519,N,ST,15,16
0090013R,23810020008,N,ST,15,25
0090013R,23810020103,N,ST,30,24
0090631M,25211021304,N,AP,999,0
0090631M,23211021130,N,AP,999,13
0090631M,23211021405,N,AP,999,5
0090481Z,23210022142,N,ST,8,15
0090481Z,23210023224,N,AP,999,1
0090481Z,23210023224,N,ST,8,8
0090481Z,23210023324,N,AP,999,3
0090481Z,23210023324,N,ST,8,12
0090481Z,23210023327,N,ST,8,14
0090022A,23821021214,N,ST,27,0
0090022A,23821021302,N,ST,27,7
0090022A,23821033003,N,ST,27,2
0090022A,23811021213,N,ST,32,33
0090022A,23811021302,N,ST,32,38
0090022A,23811033001,N,ST,32,43
0090015T,23110033205,N,AP,999,0
0090015T,23820025214,N,ST,20,18
0090015T,23820025214,O,AP,1,0
0090015T,23820025412,N,AP,999,0
0090015T,23820025412,N,ST,10,9
0090015T,23820025520,N,ST,30,20
0090015T,23210025225,N,AP,999,2
0090015T,23210025225,N,ST,10,22
0090015T,23810020008,N,ST,30,29
0090015T,23810025222,N,ST,20,32
0090015T,23810025412,N,ST,10,14
0090045A,23820031214,N,ST,15,3
0090045A,23810030003,N,ST,18,18
0090045A,23810031211,N,ST,18,22
0090019X,23820022707,N,AP,999,0
0090019X,23820022707,N,ST,15,9
0090019X,23820023004,N,ST,15,12
0090019X,23820023004,O,AP,1,0
0090019X,23820023203,N,AP,999,0
0090019X,23820023203,N,ST,12,7
0090019X,23820023304,N,AP,999,1
0090019X,23820023304,N,ST,12,3
0090019X,23210023449,N,ST,12,11
0090019X,23210025524,N,ST,12,13
0090019X,23810020006,N,ST,24,8
0090019X,23810020008,N,ST,15,5
0090019X,23810023007,N,ST,15,11
0090020Y,23820022106,N,AP,999,0
0090020Y,23820022106,N,ST,24,25
0090020Y,23820033006,N,ST,16,18
0090020Y,23820033007,N,ST,32,27
0090020Y,23820033403,N,ST,24,11
0090020Y,23820033403,O,AP,1,0
0090020Y,23210022146,N,AP,999,4
0090020Y,23210022146,N,ST,12,5
0090020Y,23210033002,N,ST,15,7
0090020Y,23210033413,N,AP,999,2
0090020Y,23210033413,N,ST,12,4
0090020Y,23810033006,N,ST,16,38
0090020Y,23810033007,N,ST,32,23
0090020Y,23810033404,N,ST,48,27
0090024C,23820025219,N,AP,999,0
0090024C,23820025219,N,ST,24,14
0090024C,23820025220,N,AP,999,0
0090024C,23820025220,N,ST,14,10
0090024C,23820025221,N,AP,999,2
0090024C,23820025221,N,ST,12,9
0090024C,23820025411,N,AP,999,0
0090024C,23820025411,N,ST,24,17
0090024C,23810020103,N,ST,24,26
0090024C,23810025222,N,ST,50,21
Total établissements sélectionnés - département ARIEGE,,,,59599,2470
0100891P,23211033003,N,ST,20,12
0100891P,23811033001,N,ST,24,16
0100891P,23811022108,N,ST,20,0
0100003Z,23820025520,N,ST,15,15
0100003Z,23820031213,N,ST,36,32
0100003Z,23820031214,N,ST,0,0
0100003Z,23210031224,N,ST,15,10
0100003Z,23810020008,N,ST,15,13
0100003Z,23810031211,N,ST,18,33
0101150W,23211021130,N,AP,999,6
0100004A,23820025215,N,ST,12,7
0100004A,23820025216,N,ST,12,6
0100004A,23820025219,N,ST,24,22
0100004A,23820025220,N,ST,12,5
0100004A,23820025221,N,ST,12,6
0100004A,23820031107,N,ST,24,24
0100004A,23210031123,N,ST,14,15
0100004A,23810025222,N,ST,72,57
0100004A,23810031117,N,ST,24,54
0100687T,23211021314,N,ST,19,12
0100687T,23811021303,N,ST,32,22
0100824S,23210022715,N,AP,999,3
0100824S,23210023122,N,AP,999,3
0100824S,23210023223,N,AP,999,6
0100824S,23210023224,N,AP,999,11
0100824S,23210023324,N,AP,999,4
0100824S,23210023325,N,AP,999,1
0100824S,23210023326,N,AP,999,3
0100824S,23210023327,N,AP,999,4
0100824S,23210023446,N,AP,999,6
0100824S,23210023447,N,AP,999,1
0100824S,23210023449,N,AP,999,4
0100824S,23210025439,N,AP,999,4
0100824S,23210025524,N,AP,999,8
0100715Y,23210022137,N,AP,999,15
0100715Y,23210022141,N,AP,999,15
0100715Y,23210022142,N,AP,999,1
0100715Y,23210022143,N,AP,999,10
0100715Y,23210022146,N,AP,999,10
0100715Y,23210025225,N,AP,999,23
0100715Y,23210025226,N,AP,999,6
0100715Y,23210025227,N,AP,999,5
0100715Y,23210025440,N,AP,999,9
0100715Y,23210025441,N,AP,999,5
0100715Y,23210031224,N,AP,999,12
0100715Y,23210033413,N,AP,999,3
0100715Y,23210033616,N,AP,999,18
0100715Y,23810025224,N,AP,999,12
0100715Y,23810025225,N,AP,999,4
0100715Y,23810025226,N,AP,999,4
0100715Y,23810031213,N,AP,999,8
0100016N,23820025012,N,ST,15,17
0100016N,23820030004,N,ST,36,31
0100016N,23820031213,N,ST,18,29
0100016N,23820031214,N,ST,18,17
0100016N,23820034403,N,ST,18,23
0100016N,23210023445,N,ST,24,21
0100016N,23210025439,N,AP,999,4
0100016N,23210025439,N,ST,15,17
0100016N,23210031224,N,ST,15,29
0100016N,23810020104,N,ST,15,15
0100016N,23810030003,N,ST,36,7
0100016N,23810031211,N,ST,36,37
0100016N,23810034403,N,ST,19,41
0101158E,23210031224,N,AP,999,0
0101158E,23210033205,N,AP,999,4
0101039A,23210025437,N,AP,999,0
0101039A,23210025438,N,AP,999,1
0101039A,23810025012,N,AP,999,0
0101039A,23810025411,N,AP,999,2
0100734U,23811021004,N,ST,25,13
0100734U,23811021211,N,ST,25,7
0100734U,23811021302,N,ST,28,16
0101016A,23820022106,N,ST,24,32
0101016A,23820024204,N,ST,30,32
0101016A,23820033403,N,ST,24,26
0101016A,23210022142,N,ST,12,11
0101016A,23210022146,N,ST,24,32
0101016A,23210024240,N,ST,15,13
0101016A,23210033413,N,ST,36,16
0101016A,23810024204,N,ST,30,27
0101016A,23810033404,N,ST,48,58
0101035W,23210033205,N,AP,999,3
0100735V,23811033001,N,ST,32,28
0100735V,23811021004,N,ST,50,26
0100948B,23211021405,N,AP,999,24
0100948B,23811021113,N,AP,999,0
0100948B,23811021405,N,AP,999,10
0109999P,,O,AP,0,4
0109999P,,O,ST,0,73
0109999P,,O,ST,0,23
0100072Z,23210033615,N,AP,999,9
0100072Z,23210033616,N,AP,999,9
0100072Z,23810033604,N,AP,999,0
0100072Z,23810033606,N,AP,999,4
0100945Y,23820025214,N,ST,30,35
0100945Y,23820025412,N,ST,20,18
0100945Y,23820031212,N,ST,18,9
0100945Y,23820031213,N,ST,36,24
0100945Y,23820031214,N,ST,18,14
0100945Y,23210025225,N,AP,999,4
0100945Y,23210025225,N,ST,10,22
0100945Y,23210025441,N,AP,999,0
0100945Y,23210025441,N,ST,20,14
0100945Y,23210031224,N,AP,999,2
0100945Y,23210031224,N,ST,30,39
0100945Y,23810025222,N,ST,30,33
0100945Y,23810025412,N,ST,20,11
0100945Y,23810031211,N,ST,72,31
0100025Y,23820022005,N,ST,15,17
0100025Y,23820022706,N,ST,15,7
0100025Y,23820022707,N,ST,15,35
0100025Y,23820023004,N,ST,15,15
0100025Y,23820023304,N,ST,15,17
0100025Y,23820023405,N,ST,15,17
0100025Y,23820025012,N,ST,15,11
0100025Y,23820025519,N,ST,30,32
0100025Y,23820025520,N,ST,24,23
0100025Y,23210023326,N,ST,15,17
0100025Y,23210023327,N,ST,15,18
0100025Y,23810020006,N,ST,15,23
0100025Y,23810020008,N,ST,84,83
0100025Y,23810020104,N,ST,15,10
0100025Y,23810022005,N,ST,15,12
0100025Y,23810023007,N,ST,15,10
0100025Y,23810023409,N,ST,15,19
0100023W,23820030004,N,ST,54,66
0100023W,23820031213,N,ST,18,50
0100023W,23820031214,N,ST,18,35
0100023W,23820033006,N,ST,18,30
0100023W,23820033007,N,ST,45,60
0100023W,23210033205,N,ST,15,41
0100023W,23810030003,N,ST,56,40
0100023W,23810031211,N,ST,36,124
0100023W,23810033006,N,ST,20,36
0100023W,23810033007,N,ST,48,81
0100078F,23210022142,N,AP,999,0
0100078F,23210031122,N,AP,999,2
0100078F,23210031122,N,ST,12,3
0100078F,23210033002,N,AP,999,0
0100078F,23210033002,N,ST,30,10
0100078F,23810030003,N,ST,18,8
0100078F,23810031116,N,AP,999,3
0100078F,23810033007,N,AP,999,1
0100078F,23810033007,N,ST,30,25
0100078F,23810034403,N,AP,999,4
0100078F,23810034403,N,ST,30,35
0100063P,23210031223,N,ST,15,9
0100063P,23210031224,N,ST,15,6
0100063P,23810030003,N,ST,18,3
0100063P,23810031211,N,ST,54,11
0101015Z,23210022715,N,ST,15,2
0101015Z,23210025524,N,ST,15,3
0101015Z,23810020008,N,ST,60,28
0101015Z,23810023007,N,ST,15,12
0101015Z,23810023409,N,ST,15,14
0101015Z,23810030003,N,ST,18,7
0101015Z,23810031211,N,ST,24,20
0101015Z,23810032303,N,ST,15,26
0101015Z,23810033605,N,ST,15,20
0101140K,23210022715,N,AP,999,0
0101140K,23210025524,N,AP,999,0
0101140K,23810023005,N,AP,999,1
0101140K,23810025517,N,AP,999,2
0101140K,23810025519,N,AP,999,7
0101140K,23810025520,N,AP,999,2
0101140K,23810031214,N,AP,999,1
0101140K,23810032303,N,AP,999,4
0101140K,23810033606,N,AP,999,3
0101050M,23210022715,N,AP,999,5
Total établissements sélectionnés - département AUBE,,,,70624,5731
0119999J,,O,AP,20,96
0119999J,,O,ST,20,53
0119999J,,O,ST,20,50
0119999J,,O,ST,20,11
0119999J,,O,ST,20,29
0111011P,23210033615,N,AP,999,2
0111011P,23210033616,N,AP,999,3
0111011P,23810033604,N,AP,999,1
0111011P,23810033606,N,AP,999,1
0110669T,23821021113,N,ST,17,1
0110669T,23821021114,N,ST,10,1
0110669T,23811021112,N,ST,10,8
0110669T,23811021112,N,ST,17,8
0110823K,23820022106,N,ST,24,17
0110823K,23820030004,N,ST,24,29
0110823K,23820031212,N,ST,12,6
0110823K,23820031213,N,ST,24,34
0110823K,23820031214,N,ST,12,19
0110823K,23820033403,N,ST,24,25
0110823K,23210022142,N,ST,12,12
0110823K,23210022146,N,ST,24,32
0110823K,23210031224,N,ST,30,39
0110823K,23210033413,N,ST,24,12
0110823K,23810030003,N,ST,24,14
0110823K,23810031211,N,ST,48,53
0110823K,23810033404,N,ST,48,39
0110007Y,23820025012,N,ST,30,20
0110007Y,23820025519,N,ST,45,39
0110007Y,23820025520,N,ST,30,32
0110007Y,23820033007,N,ST,45,52
0110007Y,23820034403,N,ST,18,18
0110007Y,23210025524,N,ST,15,33
0110007Y,23210033205,N,ST,15,31
0110007Y,23810020008,N,ST,75,83
0110007Y,23810020009,N,ST,15,25
0110007Y,23810020104,N,ST,15,7
0110007Y,23810033007,N,ST,30,72
0110007Y,23810034403,N,ST,18,59
0110045P,23810031211,N,ST,18,7
0110045P,23810032303,N,ST,30,22
0110045P,23810032304,N,ST,18,4
0110943R,25211021105,N,AP,999,0
0110943R,23211021130,N,AP,999,7
0110943R,23211021237,N,AP,999,13
0110680E,23210022146,N,AP,999,12
0110680E,23210031224,N,AP,999,24
0110680E,23210033413,N,AP,999,10
0110677B,23821021001,N,ST,19,0
0110677B,23821021004,N,ST,27,6
0110677B,23821021211,N,ST,27,11
0110677B,23821021405,N,ST,27,3
0110677B,23211021130,N,AP,999,12
0110677B,23211021405,N,AP,999,13
0110677B,23211022108,N,AP,999,0
0110677B,23811021112,N,ST,27,14
0110677B,23811021112,N,ST,32,34
0110677B,23811021112,N,ST,27,36
0110677B,23811021404,N,ST,27,17
0110012D,23820022707,N,ST,15,12
0110012D,23820023004,N,ST,15,13
0110012D,23820023005,N,ST,15,9
0110012D,23820023104,N,ST,15,12
0110012D,23820023205,N,ST,15,18
0110012D,23820023210,N,ST,30,18
0110012D,23820025520,N,ST,15,16
0110012D,23820031212,N,ST,15,17
0110012D,23820031213,N,ST,15,21
0110012D,23820031214,N,ST,15,23
0110012D,23210023327,N,ST,15,23
0110012D,23210025439,N,ST,15,19
0110012D,23810020006,N,ST,45,34
0110012D,23810020008,N,ST,30,28
0110012D,23810023007,N,ST,45,33
0110012D,23810031211,N,ST,45,68
0110984K,23211033003,N,ST,35,4
0111048E,23820031106,N,ST,15,13
0111048E,23820031107,N,ST,20,29
0111048E,23820031114,N,ST,15,6
0111048E,23820031213,N,ST,48,36
0111048E,23820033007,N,ST,45,41
0111048E,23210031122,N,ST,15,8
0111048E,23210031224,N,ST,15,30
0111048E,23810030003,N,ST,30,11
0111048E,23810031117,N,ST,20,50
0111048E,23810031211,N,ST,48,48
0111048E,23810033007,N,ST,45,41
0110884B,23210022715,N,AP,999,15
0110884B,23210023006,N,AP,999,3
0110884B,23210023224,N,AP,999,30
0110884B,23210023324,N,AP,999,11
0110884B,23210023325,N,AP,999,0
0110884B,23210023326,N,AP,999,4
0110884B,23210023327,N,AP,999,8
0110884B,23210023329,N,AP,999,4
0110884B,23210023447,N,AP,999,4
0110884B,23210023449,N,AP,999,2
0110884B,23210025524,N,AP,999,25
0110681F,23210022137,N,AP,999,14
0110681F,23210022141,N,AP,999,21
0110681F,23210022142,N,AP,999,4
0110681F,23210022143,N,AP,999,16
0110681F,23210022144,N,AP,999,2
0110681F,23210022146,N,AP,999,14
0110681F,23210025225,N,AP,999,53
0110681F,23210025227,N,AP,999,7
0110681F,23210025440,N,AP,999,15
0110681F,23210025441,N,AP,999,4
0110681F,23210031224,N,AP,999,19
0110681F,23210033615,N,AP,999,16
0110681F,23210033616,N,AP,999,16
0110681F,23810025224,N,AP,999,8
0110678C,23821021303,N,ST,32,14
0110678C,23821022105,N,ST,32,14
0110678C,23811021404,N,ST,24,7
0110678C,23811022104,N,ST,24,7
0110019L,23820030004,N,ST,24,20
0110019L,23210031224,N,ST,15,15
0110019L,23810030003,N,ST,24,29
0110936H,25211021402,N,AP,999,3
0110936H,23211021405,N,AP,999,7
0110063J,23210033615,N,AP,999,10
0110063J,23210033616,N,AP,999,5
0110710M,23821021302,N,ST,32,10
0110710M,23821033003,N,ST,32,2
0110710M,23811021404,N,ST,32,55
0110710M,23811033001,N,ST,32,45
0110023R,23820022706,N,ST,30,19
0110023R,23820023404,N,ST,15,15
0110023R,23820025012,N,ST,30,20
0110023R,23820025014,N,ST,15,6
0110023R,23820025214,N,ST,24,30
0110023R,23820025215,N,ST,20,11
0110023R,23820025520,N,ST,30,32
0110023R,23820030004,N,ST,30,25
0110023R,23820031212,N,ST,12,22
0110023R,23820031213,N,ST,18,25
0110023R,23820031214,N,ST,18,26
0110023R,23210022142,N,ST,12,35
0110023R,23210023447,N,ST,15,18
0110023R,23210033002,N,ST,12,19
0110023R,23810020008,N,ST,60,69
0110023R,23810020103,N,ST,15,10
0110023R,23810020104,N,ST,30,14
0110023R,23810023404,N,AP,999,3
0110023R,23810023404,N,ST,15,13
0110023R,23810025222,N,ST,44,63
0110023R,23810030003,N,ST,30,25
0110023R,23810031211,N,ST,48,127
0110670U,23210033205,N,ST,15,17
0110670U,23810030003,N,ST,18,9
0110670U,23810033006,N,ST,18,19
0110670U,23810033007,N,ST,30,22
0111044A,23210031224,N,AP,999,7
0110857X,23821033003,N,ST,35,4
0110857X,23210033205,N,AP,999,5
0110857X,23811033001,N,ST,35,23
0110027V,23820031212,N,ST,18,7
0110027V,23820033007,N,ST,30,23
0110027V,23210033002,N,ST,12,5
0110027V,23810031211,N,ST,18,6
0110027V,23810033007,N,ST,30,13
0110942P,23821033003,N,ST,36,8
0110942P,23211033003,N,ST,34,22
0110942P,23811033001,N,ST,34,29
Total établissements sélectionnés - département AUDE,,,,53230,8133
0120096P,23820023005,N,AP,999,0
0120096P,23820023005,N,ST,15,14
0120096P,23820023203,N,AP,999,0
0120096P,23820023203,N,ST,6,10
0120096P,23820023304,N,AP,999,0
0120096P,23820023304,N,ST,6,6
0120096P,23820023404,N,AP,999,0
0120096P,23820023404,N,ST,12,8
0120096P,23820023407,N,AP,999,0
0120096P,23820023407,N,ST,12,11
0120096P,23820034403,N,ST,15,24
0120096P,23810020006,N,ST,15,8
0120096P,23810023007,N,ST,15,7
0120096P,23810023404,N,ST,12,6
0120096P,23810023409,N,ST,12,24
0120096P,23810034403,N,ST,15,49
0120006S,23820022503,N,AP,999,0
0120006S,23820022503,N,ST,12,4
0120006S,23820025013,N,ST,6,6
0120006S,23820025013,O,AP,1,0
0120006S,23820025014,N,AP,999,0
0120006S,23820025411,N,AP,999,0
0120006S,23820025411,N,ST,23,16
0120006S,23820033007,N,ST,24,24
0120006S,23210025108,N,AP,999,2
0120006S,23210025437,N,AP,999,2
0120006S,23210025438,N,AP,999,0
0120006S,23810020103,N,ST,30,21
0120006S,23810022503,N,ST,12,8
0120006S,23810033007,N,ST,24,26
0120012Y,23820031213,N,AP,999,0
0120012Y,23820033403,N,AP,999,0
0120012Y,23210023449,N,AP,999,0
0120012Y,23210031224,N,AP,999,0
0120012Y,23210033413,N,AP,999,0
0120014A,23820022106,N,AP,999,0
0120014A,23820022106,N,ST,12,13
0120014A,23820023004,N,AP,999,0
0120014A,23820023004,N,ST,12,10
0120014A,23820023210,N,AP,999,1
0120014A,23820023210,N,ST,12,11
0120014A,23820025214,N,AP,999,0
0120014A,23820025214,N,ST,20,19
0120014A,23820031213,N,AP,999,0
0120014A,23820031213,N,ST,24,28
0120014A,23820033403,N,ST,12,11
0120014A,23820033403,O,AP,1,0
0120014A,23210023449,N,ST,15,8
0120014A,23210031224,N,ST,12,14
0120014A,23210033413,N,ST,12,11
0120014A,23810020006,N,ST,12,12
0120014A,23810023007,N,ST,12,8
0120014A,23810025222,N,ST,20,13
0120014A,23810031211,N,ST,24,31
0120014A,23810033404,N,ST,24,13
0120105Z,23820031212,N,ST,18,14
0120105Z,23820033007,N,ST,12,15
0120105Z,23820033006,N,ST,12,8
0120105Z,23810031211,N,ST,18,4
0120105Z,23810033006,N,ST,12,9
0120105Z,23810033007,N,ST,12,12
0120867C,23821021001,N,ST,4,21
0120867C,23821033003,N,ST,5,10
0120867C,23811021001,N,ST,24,10
0120867C,23811033001,N,ST,20,12
0121336M,23821021004,N,AP,999,1
0121336M,23821021214,N,ST,15,2
0121336M,23821021214,O,AP,999,0
0121336M,23211021130,N,AP,999,3
0121336M,23211021130,N,ST,20,13
0121336M,23211033003,N,AP,999,3
0121336M,23211033003,N,ST,18,8
0121336M,23811021213,N,ST,50,28
0120887Z,23110022138,N,AP,999,0
0120887Z,23110022144,N,AP,999,0
0120887Z,23110022715,N,AP,999,0
0120887Z,23110023449,N,AP,999,1
0120887Z,23210022137,N,AP,999,4
0120887Z,23210022141,N,AP,999,5
0120887Z,23210022143,N,AP,999,6
0120887Z,23210022146,N,AP,999,9
0120887Z,23210023223,N,AP,999,3
0120887Z,23210023224,N,AP,999,10
0120887Z,23210023324,N,AP,999,2
0120887Z,23210023326,N,AP,999,3
0120887Z,23210023327,N,AP,999,4
0120887Z,23210023447,N,AP,999,4
0120887Z,23210025221,N,AP,999,3
0120887Z,23210025223,N,AP,999,1
0120887Z,23210025225,N,AP,999,17
0120887Z,23210025226,N,AP,999,7
0120887Z,23210025440,N,AP,999,9
0120887Z,23210025524,N,AP,999,7
0120887Z,23210031224,N,AP,999,8
0120887Z,23210033413,N,AP,999,9
0120887Z,23210033615,N,AP,999,7
0120887Z,23210033616,N,AP,999,13
0121291N,23821021214,N,ST,16,1
0121291N,23821021405,N,ST,24,1
0121291N,23811021213,N,ST,32,10
0121291N,23811021405,N,ST,32,27
0121371A,23210033205,O,AP,999,0
0120024L,23820022707,N,AP,999,0
0120024L,23820025012,N,AP,999,0
0120024L,23820025014,N,AP,999,0
0120024L,23820025520,N,AP,999,2
0120037A,23820022707,N,ST,15,9
0120037A,23820022707,O,AP,1,0
0120037A,23820025012,N,ST,12,11
0120037A,23820025012,O,AP,1,0
0120037A,23820025014,N,ST,12,9
0120037A,23820025014,O,AP,1,0
0120037A,23820025214,N,AP,999,0
0120037A,23820025214,N,ST,30,29
0120037A,23820025520,N,ST,24,25
0120037A,23820025520,O,AP,1,0
0120037A,23210022714,N,AP,999,0
0120037A,23210022715,N,AP,999,0
0120037A,23210023324,N,AP,999,0
0120037A,23210023324,N,ST,12,20
0120037A,23210025524,N,AP,999,1
0120037A,23210025524,N,ST,12,26
0120037A,23810020008,N,ST,39,37
0120037A,23810020103,N,ST,12,11
0120037A,23810020104,N,ST,12,4
0120037A,23810025222,N,ST,30,33
0120038B,23820030004,N,AP,999,0
0120038B,23820030004,N,ST,18,21
0120038B,23820031212,N,AP,999,0
0120038B,23820031212,N,ST,16,17
0120038B,23820031213,N,AP,999,0
0120038B,23820031213,N,ST,8,14
0120038B,23820031214,N,AP,999,0
0120038B,23820031214,N,ST,8,10
0120038B,23820033007,N,AP,999,0
0120038B,23820033007,N,ST,32,32
0120038B,23210031224,N,ST,15,30
0120038B,23210033002,N,ST,15,16
0120038B,23810030003,N,ST,18,16
0120038B,23810031211,N,ST,32,74
0120038B,23810033007,N,ST,32,53
0121309H,23820022403,N,ST,12,2
0121309H,23820025519,N,ST,39,2
0121309H,23810020008,N,ST,39,32
0121309H,23810022404,N,ST,12,13
0121429N,23820030004,N,ST,18,3
0121429N,23820031213,N,ST,24,3
0121429N,23820033006,N,ST,15,17
0121429N,23820033007,N,ST,30,33
0121429N,23820033606,N,ST,15,1
0121429N,23210033002,N,ST,15,2
0121429N,23810030003,N,ST,18,10
0121429N,23810031211,N,ST,24,27
0121429N,23810033006,N,ST,15,20
0121429N,23810033007,N,ST,30,24
0121429N,23810033605,N,ST,15,20
0121507Y,23821021004,O,AP,999,6
0121507Y,23211021130,N,AP,999,3
0121507Y,23211022108,O,AP,999,0
0121507Y,23811021004,N,AP,999,9
0121507Y,23811021213,O,AP,999,8
0121440A,23820031213,N,AP,999,0
0121292P,23821021004,N,AP,999,0
0121292P,23821021214,N,ST,6,0
0121292P,23821033003,N,ST,6,1
0121292P,23821033003,N,AP,999,0
0121292P,23811021213,N,ST,18,0
0121292P,23811033001,N,ST,18,16
0120938E,23821021214,N,ST,27,3
0120938E,25211021203,N,ST,27,3
0120938E,23821021211,N,ST,19,4
0120938E,23811021211,N,ST,27,21
0120938E,23811021211,N,ST,19,19
0120938E,23811021214,N,ST,27,34
0120025M,23820025012,N,AP,999,0
0120025M,23820025012,N,ST,15,7
0120025M,23820025520,N,AP,999,0
0120025M,23820025520,N,ST,15,12
0120025M,23210022142,N,AP,999,0
0120025M,23210022142,N,ST,15,9
0120025M,23810020008,N,ST,15,14
0120025M,23810020104,N,ST,15,6
0121479T,23110031117,N,AP,999,1
0121479T,23211021130,N,AP,999,7
0121479T,23211021237,N,AP,999,1
0121479T,23211021405,N,AP,999,2
0121523R,23110031117,N,AP,999,0
0121523R,23210031126,N,AP,999,4
0121298W,23821021302,N,ST,5,1
0121298W,23811021302,N,ST,40,42
0121178R,23210022146,N,AP,999,0
0121178R,23210022146,N,ST,8,18
0121178R,23210023224,N,AP,999,0
0121178R,23210023224,N,ST,4,6
0121178R,23210023327,N,AP,999,0
0121178R,23210023327,N,ST,4,19
0121178R,23210025439,N,AP,999,4
0121178R,23210033413,N,AP,999,0
0121178R,23210033413,N,ST,4,1
0121178R,23211021130,N,AP,999,1
0121178R,23211021130,N,ST,4,4
0121178R,23211021405,N,AP,999,1
0121178R,23211021405,N,ST,4,8
0120621K,23821022105,N,ST,19,4
0120621K,23821033003,N,ST,19,3
0120621K,23211022108,O,AP,999,0
0120621K,23211033003,N,ST,19,19
0120621K,23811022105,N,ST,19,3
0120621K,23811033001,N,ST,27,16
0121157T,23820022104,N,AP,999,0
0121157T,23820022104,N,ST,12,11
0121157T,23820022105,N,AP,999,1
0121157T,23820022105,N,ST,24,25
0121157T,23820030004,N,AP,999,0
0121157T,23820030004,N,ST,12,14
0121157T,23820031213,N,AP,999,0
0121157T,23820031213,N,ST,12,18
0121157T,23820031214,N,AP,999,0
0121157T,23820031214,N,ST,12,13
0121157T,23210022143,N,AP,999,0
0121157T,23810022107,N,ST,36,35
0121157T,23810030003,N,ST,12,6
0121157T,23810031211,N,ST,24,27
0121260E,23820022106,N,AP,999,0
0121260E,23820022106,N,ST,12,6
0121260E,23820033403,N,AP,999,0
0121260E,23820033403,N,ST,12,9
0121260E,23810022106,N,AP,999,0
0121260E,23810033404,N,ST,24,18
0121358L,23211022108,N,AP,999,0
Total établissements sélectionnés - département AVEYRON,,,,105976,4474
0672958B,23810025225,N,AP,999,0
0672958B,23810031116,N,AP,999,0
0670006T,23820025014,N,ST,19,7
0670006T,23820025519,N,ST,14,8
0670006T,23820025520,N,ST,15,0
0670006T,23820030004,N,ST,12,5
0670006T,23820031106,N,ST,12,5
0670006T,23820031213,N,ST,30,13
0670006T,23210024007,N,ST,12,8
0670006T,23210031224,N,ST,15,17
0670006T,23810020008,N,ST,30,32
0670006T,23810020103,N,ST,22,6
0670006T,23810030003,N,ST,24,18
0670006T,23810031211,N,ST,30,17
0672118N,23821033003,N,ST,32,1
0672118N,23211033003,N,ST,48,10
0672118N,23811033001,N,ST,24,5
0673018S,23810025012,N,AP,999,0
0673018S,23810025411,N,AP,999,3
0673018S,23810025520,N,AP,999,6
0671779V,23821022108,N,ST,8,1
0671779V,23821033003,N,ST,24,5
0671779V,23811022103,N,ST,10,11
0671779V,23811033001,N,ST,24,43
0672677W,23820030004,N,ST,30,6
0672677W,23820031212,N,ST,0,0
0672677W,23810030003,N,ST,30,14
0670024M,23820030004,N,ST,30,6
0670024M,23820031212,N,ST,15,2
0670024M,23820031213,N,ST,60,21
0670024M,23820031214,N,ST,15,6
0670024M,23820033006,N,ST,24,10
0670024M,23820033007,N,ST,30,10
0670024M,23820034304,N,ST,14,1
0670024M,23210022137,N,AP,999,9
0670024M,23210022141,N,AP,999,7
0670024M,23210022142,N,AP,999,1
0670024M,23210022142,N,ST,24,34
0670024M,23210022143,N,AP,999,4
0670024M,23210022144,N,AP,999,0
0670024M,23210031224,N,AP,999,9
0670024M,23210031224,N,ST,15,45
0670024M,23210033002,N,ST,15,19
0670024M,23210033205,N,AP,999,4
0670024M,23210033615,N,AP,999,3
0670024M,23210033616,N,AP,999,13
0670024M,23210034308,N,ST,15,4
0670024M,23810025517,O,AP,999,0
0670024M,23810030003,N,ST,30,23
0670024M,23810031211,N,ST,90,102
0670024M,23810031213,N,AP,999,11
0670024M,23810033006,N,ST,24,54
0670024M,23810033007,N,ST,30,67
0670024M,23810033606,N,AP,999,4
0670024M,23810034306,N,ST,15,7
0671509B,23820022706,N,ST,6,0
0671509B,23820022707,N,ST,10,9
0671509B,23820023004,N,ST,10,3
0671509B,23820023203,N,ST,2,5
0671509B,23820023303,N,ST,8,1
0671509B,23820023404,N,ST,5,4
0671509B,23820023405,N,ST,12,1
0671509B,23820025406,N,ST,8,4
0671509B,23820025520,N,ST,19,8
0671509B,23210022715,N,AP,999,2
0671509B,23210022715,N,ST,12,24
0671509B,23210023224,N,AP,999,3
0671509B,23210023225,N,AP,999,0
0671509B,23210023324,N,AP,999,0
0671509B,23210023325,N,AP,999,0
0671509B,23210023325,N,ST,4,14
0671509B,23210023327,N,AP,999,4
0671509B,23210023329,N,AP,999,0
0671509B,23210023446,N,AP,999,3
0671509B,23210023446,N,ST,12,11
0671509B,23210023447,N,AP,999,3
0671509B,23210023449,N,AP,999,0
0671509B,23210025225,N,AP,999,8
0671509B,23210025226,N,AP,999,0
0671509B,23210025439,N,AP,999,2
0671509B,23210025439,N,ST,8,21
0671509B,23210025440,N,AP,999,1
0671509B,23210025441,N,AP,999,0
0671509B,23210025524,N,AP,999,4
0671509B,23210025524,N,ST,24,45
0671509B,23210023224,N,ST,3,19
0671509B,23810020006,N,ST,24,18
0671509B,23810020008,N,ST,48,49
0671509B,23810023007,N,ST,12,20
0671509B,23810023404,N,ST,12,10
0671509B,23810023409,N,ST,12,14
0671509B,23810025224,O,AP,999,10
0671509B,23810025520,N,AP,999,5
0672299K,23810031211,N,ST,1,0
0672601N,23210022142,N,AP,999,0
0672601N,23210022146,N,AP,999,18
0672601N,23210033413,N,AP,999,4
0672601N,23810022106,N,AP,999,8
0672601N,23810033403,N,AP,999,20
0672270D,23210022137,N,AP,999,9
0672270D,23210022141,N,AP,999,33
0672270D,23210022143,N,AP,999,3
0672270D,23210022144,N,AP,999,0
0672270D,23210022361,N,AP,999,1
0672270D,23210022363,N,AP,999,0
0672270D,23210023445,N,AP,999,6
0672270D,23210023447,N,AP,999,2
0672270D,23210024240,N,AP,999,0
0672270D,23210031223,N,AP,999,12
0672270D,23210033616,N,AP,999,0
0673155R,23210033205,N,AP,999,1
0671455T,23210022142,N,ST,8,20
0671455T,23210023327,N,ST,7,15
0671455T,23210023447,N,ST,8,7
0671455T,23210025223,N,ST,7,3
0671455T,23210031224,N,ST,15,34
0671455T,23211021130,N,ST,8,12
0671455T,23211021405,N,ST,8,24
0672198A,23820022706,N,ST,15,5
0672198A,23820022707,N,ST,13,5
0672198A,23820023004,N,ST,11,0
0672198A,23820023005,N,ST,12,6
0672198A,23820023205,N,ST,8,2
0672198A,23820025406,N,ST,4,3
0672198A,23820025520,N,ST,22,0
0672198A,23210022715,N,AP,999,0
0672198A,23210023122,N,AP,999,4
0672198A,23210023124,N,AP,999,0
0672198A,23210023223,N,AP,999,5
0672198A,23210023224,N,AP,999,0
0672198A,23210023324,N,AP,999,3
0672198A,23210023325,N,AP,999,7
0672198A,23210023326,N,AP,999,4
0672198A,23210023327,N,AP,999,6
0672198A,23210023328,N,AP,999,1
0672198A,23210025439,N,AP,999,4
0672198A,23210025524,N,AP,999,5
0672198A,23210023224,N,ST,130,196
0672198A,23810020006,N,ST,24,27
0672198A,23810020008,N,ST,54,78
0672198A,23810023007,N,ST,30,51
0672198A,23810025520,N,AP,999,4
0670087F,23820022106,N,ST,34,8
0670087F,23820033403,N,ST,33,0
0670087F,23210022146,N,ST,24,59
0670087F,23210033413,N,ST,12,33
0670087F,23810033404,N,ST,72,171
0672616E,23820025519,N,ST,12,7
0672616E,23820032207,N,ST,46,3
0672616E,23820032208,N,ST,20,1
0672616E,23820032303,N,ST,25,20
0672616E,23810020008,N,ST,24,37
0672616E,23810032210,N,ST,48,22
0672616E,23810032303,N,ST,36,57
0670043H,23820030004,N,ST,21,0
0670043H,23820031213,N,ST,27,0
0670043H,23820033007,N,ST,26,3
0670043H,23210022142,N,ST,16,17
0670043H,23210031224,N,ST,15,44
0670043H,23210033002,N,ST,15,15
0670043H,23810030003,N,ST,24,17
0670043H,23810031211,N,ST,30,84
0670043H,23810033007,N,ST,30,38
0672615D,23820025014,N,ST,8,1
0672615D,23820025411,N,ST,21,6
0672615D,23820025520,N,ST,33,3
0672615D,23210025437,N,ST,15,19
0672615D,23810020008,N,ST,36,25
0672615D,23810020103,N,ST,39,29
0671685T,23821021004,N,ST,32,0
0671685T,23811021001,N,AP,999,1
0671685T,23811021112,N,ST,32,56
0670050R,23820022004,N,ST,0,0
0670050R,23820025012,N,ST,10,1
0670050R,23820025216,N,ST,9,2
0670050R,23820025219,N,ST,8,6
0670050R,23820025220,N,ST,11,1
0670050R,23820025221,N,ST,5,2
0670050R,23820025517,N,ST,9,4
0670050R,23210022714,N,ST,12,6
0670050R,23210025221,N,AP,999,3
0670050R,23210025222,N,AP,999,3
0670050R,23210025223,N,AP,999,2
0670050R,23210025227,N,AP,999,7
0670050R,23810020008,N,ST,12,11
0670050R,23810020104,N,ST,15,9
0670050R,23810025219,N,AP,999,5
0670050R,23810025220,N,AP,999,5
0670050R,23810025221,N,AP,999,1
0670050R,23810025222,N,ST,48,39
0670050R,23810025517,N,AP,999,4
0672477D,23211021130,N,AP,999,19
0672477D,23211021237,N,AP,999,14
0672477D,23211021405,N,AP,999,21
0672477D,23811021001,O,AP,999,3
0672477D,23811021211,N,AP,999,1
0672477D,23811021405,N,AP,999,10
0673020U,23810025012,N,AP,999,4
0673020U,23810025013,N,AP,999,0
0673020U,23810025014,N,AP,999,1
0673020U,23810025411,N,AP,999,2
0673020U,23810025520,N,AP,999,2
0672614C,23820025012,N,ST,6,2
0672614C,23820025411,N,ST,6,3
0672614C,23820025520,N,ST,9,1
0672614C,23820030004,N,ST,0,0
0672614C,23820031213,N,ST,22,2
0672614C,23210022142,N,ST,12,5
0672614C,23210025437,N,ST,15,8
0672614C,23810020008,N,ST,10,9
0672614C,23810020103,N,ST,7,7
0672614C,23810020104,N,ST,7,2
0672614C,23810031211,N,ST,24,19
0670058Z,23820023407,N,ST,10,6
0670058Z,23820025012,N,ST,9,3
0670058Z,23820025014,N,ST,9,0
0670058Z,23820025520,N,ST,18,4
0670058Z,23820030004,N,ST,15,5
0670058Z,23820031213,N,ST,27,7
0670058Z,23820031214,N,ST,13,4
0670058Z,23210022137,N,AP,999,6
0670058Z,23210022141,N,AP,999,7
0670058Z,23210022142,N,ST,8,19
0670058Z,23210022715,N,AP,999,3
0670058Z,23210023224,N,AP,999,1
0670058Z,23210023324,N,AP,999,0
0670058Z,23210023327,N,AP,999,8
0670058Z,23210023447,N,AP,999,2
0670058Z,23210023447,N,ST,12,22
0670058Z,23210023449,N,AP,999,1
0670058Z,23210031221,N,AP,999,1
0670058Z,23210031224,N,AP,999,7
0670058Z,23210033002,N,ST,7,9
0670058Z,23210033616,N,AP,999,11
0670058Z,23810020008,N,ST,24,20
0670058Z,23810020103,N,ST,12,12
0670058Z,23810020104,N,ST,12,6
0670058Z,23810023405,N,AP,999,2
0670058Z,23810023407,N,AP,999,0
0670058Z,23810023409,N,ST,15,13
0670058Z,23810030003,N,ST,15,12
0670058Z,23810031211,N,ST,45,51
0670058Z,23810031213,N,AP,999,4
0670058Z,23810031214,N,AP,999,0
0670058Z,23810033007,N,ST,15,19
0672534R,23820022503,N,ST,3,0
0672534R,23820025006,N,ST,15,2
0672534R,23810022503,N,ST,25,16
0672534R,23810020103,N,ST,0,0
0672534R,23810022503,N,ST,0,0
0672772Z,23210033615,N,AP,999,3
0672772Z,23210033616,N,AP,999,2
0670062D,23820022005,N,ST,18,4
0670062D,23820022106,N,ST,24,11
0670062D,23820031212,N,ST,15,5
0670062D,23820031213,N,ST,44,9
0670062D,23820033403,N,ST,23,4
0670062D,23210022142,N,ST,20,27
0670062D,23210022146,N,ST,12,39
0670062D,23210031224,N,ST,30,50
0670062D,23210033002,N,ST,0,0
0670062D,23210033413,N,ST,12,12
0670062D,23210034308,N,ST,12,4
0670062D,23810022005,N,ST,20,25
0670062D,23810031211,N,ST,60,65
0670062D,23810033404,N,ST,48,23
0670089H,23820025214,N,ST,43,20
0670089H,23820025215,N,ST,22,7
0670089H,23820025412,N,ST,10,5
0670089H,23820031106,N,ST,14,7
0670089H,23820031107,N,ST,23,0
0670089H,23820031114,N,ST,8,0
0670089H,23820031115,N,ST,18,1
0670089H,23820031213,N,ST,57,11
0670089H,23820034403,N,ST,28,0
0670089H,23110031124,N,ST,12,4
0670089H,23210025225,N,AP,999,6
0670089H,23210025225,N,ST,10,83
0670089H,23210025226,N,AP,999,3
0670089H,23210025440,N,AP,999,11
0670089H,23210025440,N,ST,10,42
0670089H,23210025441,N,AP,999,0
0670089H,23210031122,N,AP,999,1
0670089H,23210031122,N,ST,15,41
0670089H,23210031224,N,AP,999,2
0670089H,23810025222,N,ST,72,119
0670089H,23810025225,N,AP,999,12
0670089H,23810025412,N,AP,999,4
0670089H,23810025412,N,ST,12,29
0670089H,23810030003,N,ST,30,30
0670089H,23810031115,N,ST,20,18
0670089H,23810031116,N,AP,999,3
0670089H,23810031117,N,ST,24,46
0670089H,23810031211,N,ST,60,63
0670089H,23810034403,N,ST,30,45
0672602P,23210022137,N,AP,999,2
0672602P,23210022137,N,ST,12,1
0672602P,23210022141,N,AP,999,3
0672602P,23210022141,N,ST,12,9
0672602P,23210022142,N,AP,999,0
0672602P,23210022146,N,AP,999,1
0672602P,23210022146,N,ST,12,1
0672602P,23810020008,N,ST,36,11
0672602P,23810020104,N,ST,15,5
0672602P,23810022105,N,AP,999,6
0672602P,23810022106,N,AP,999,0
0672602P,23810022107,N,ST,24,7
0672602P,23810025012,N,AP,999,8
0672602P,23810025519,N,AP,999,6
0672602P,23810025520,N,AP,999,1
0672602P,23810033403,N,AP,999,1
0672602P,23810033404,N,ST,24,6
0670067J,23820025012,N,ST,3,0
0670067J,23820025519,N,ST,0,1
0670067J,23820025520,N,ST,6,5
0670067J,23820030004,N,ST,0,0
0670067J,23820031213,N,ST,15,2
0670067J,23210025524,N,ST,15,11
0670067J,23810020008,N,ST,10,2
0670067J,23810020104,N,ST,5,0
0670067J,23810031211,N,ST,18,2
0671696E,23820030004,N,ST,22,6
0671696E,23820031212,N,ST,21,0
0671696E,23820031213,N,ST,52,20
0671696E,23820033007,N,ST,27,5
0671696E,23210022142,N,ST,7,12
0671696E,23210023327,N,AP,999,4
0671696E,23210023447,N,AP,999,6
0671696E,23210023449,N,AP,999,0
0671696E,23210025225,N,AP,999,10
0671696E,23210033616,N,ST,15,31
0671696E,23210031224,N,AP,999,7
0671696E,23210031224,N,ST,24,28
0671696E,23210033002,N,ST,15,9
0671696E,23210033205,N,AP,999,11
0671696E,23210033616,N,AP,999,8
0671696E,23810023404,N,AP,999,3
0671696E,23810023405,N,AP,999,0
0671696E,23810023407,N,AP,999,3
0671696E,23810030003,N,ST,24,12
0671696E,23810031211,N,ST,78,76
0671696E,23810031213,N,AP,999,4
0671696E,23810033007,N,ST,30,34
0671832C,23820025012,N,ST,232,3
0671832C,23820025214,N,ST,28,9
0671832C,23820025520,N,ST,27,8
0671832C,23210025524,N,ST,24,21
0671832C,23810020008,N,ST,30,31
0671832C,23810020104,N,ST,24,25
0671832C,23810025222,N,ST,30,64
0673219K,23210025225,N,AP,999,3
0673219K,23210025440,N,AP,999,3
0673219K,23210025441,N,AP,999,0
0673219K,23810025224,N,AP,999,8
0673219K,23810025412,N,AP,999,2
0672632X,23210022137,N,AP,999,10
0672632X,23210022141,N,AP,999,3
0672632X,23210023223,N,AP,999,5
0672632X,23210023224,N,AP,999,4
0672632X,23210023324,N,AP,999,5
0672632X,23210023326,N,AP,999,3
0672632X,23210023446,N,AP,999,14
0672632X,23210023447,N,AP,999,9
0672632X,23210025439,N,AP,999,5
0672632X,23810025411,N,AP,999,7
0679999E,,O,AP,0,35
0679999E,,O,ST,0,66
0679999E,,O,ST,0,401
0679999E,,O,ST,0,20
0679999E,,O,ST,0,122
0679999E,23810020005,O,ST,0,0
0679999E,23810030002,O,ST,0,0
0672770X,23210033205,N,AP,999,4
0673171H,23211021405,N,AP,999,0
0671636P,26110041001,N,ST,1,26
0671639T,23210033002,N,AP,999,1
0670129B,23820030004,N,ST,59,16
0670129B,23820031213,N,ST,26,18
0670129B,23820033006,N,ST,28,7
0670129B,23820033604,N,ST,12,10
0670129B,23820033606,N,ST,12,1
0670129B,23210033616,N,ST,24,74
0670129B,23810030003,N,ST,60,53
0670129B,23810031211,N,ST,30,47
0670129B,23810033006,N,ST,30,36
0670129B,23810033605,N,ST,30,67
0670127Z,23820031212,N,ST,29,10
0670127Z,23820031213,N,ST,58,29
0670127Z,23820031214,N,ST,28,15
0670127Z,23820033007,N,ST,57,23
0670127Z,23J00033002,N,ST,18,7
0670127Z,23210031224,N,AP,999,8
0670127Z,23210031224,N,ST,15,81
0670127Z,23210033002,N,ST,15,41
0670127Z,23210033205,N,AP,999,24
0670127Z,23210033616,N,AP,999,15
0670127Z,23810031211,N,ST,120,215
0670127Z,23810031213,N,AP,999,16
0670127Z,23810033007,N,ST,60,131
0670084C,23820024204,N,ST,58,24
0670084C,23820033606,N,ST,43,17
0670084C,23810024204,N,ST,60,58
0670084C,23810033605,N,ST,45,95
0672806L,23820025012,N,ST,21,0
0672806L,23820025519,N,ST,23,11
0672806L,23820025520,N,ST,22,7
0672806L,23210025524,N,AP,999,4
0672806L,23210025524,N,ST,30,45
0672806L,23810020008,N,ST,48,120
0672806L,23810020104,N,ST,24,24
0670086E,23820030004,N,ST,70,26
0670086E,23820031114,N,ST,14,3
0670086E,23820033006,N,ST,24,4
0670086E,23810030003,N,ST,90,117
0670086E,23810033006,N,ST,30,47
0670085D,23820023404,N,ST,12,2
0670085D,23820023405,N,ST,8,4
0670085D,23820023407,N,ST,9,6
0670085D,23820025014,N,ST,19,2
0670085D,23820025519,N,ST,35,18
0670085D,23820025520,N,ST,36,31
0670085D,23210023445,N,ST,24,8
0670085D,23210023446,N,ST,12,8
0670085D,23210023447,N,ST,24,18
0670085D,23810020008,N,ST,96,120
0670085D,23810020103,N,ST,24,12
0670085D,23810023404,N,ST,10,6
0670085D,23810023409,N,ST,22,8
0670085D,23810025013,N,AP,999,0
0670085D,23810025014,N,AP,999,0
0672305S,23810031211,O,ST,1,5
0670134G,,O,ST,0,3
0670134G,,O,ST,0,1
0670134G,,O,ST,0,90
0670134G,,O,ST,0,6
0670134G,,O,ST,0,0
0670134G,,O,ST,0,12
0670134G,,O,ST,0,8
0670134G,,O,ST,0,1
0670134G,,O,ST,0,4
0670134G,,O,ST,0,9
0670134G,,O,ST,0,223
0670134G,,O,ST,0,3
0670134G,,O,ST,0,3
0670134G,,O,ST,0,4
0670134G,,O,ST,0,7
0670134G,,O,ST,0,2
0670134G,,O,ST,0,7
0670134G,,O,ST,0,5
0670134G,,O,ST,0,0
0670134G,,O,ST,0,5
0670134G,,O,ST,0,3
0670134G,,O,ST,0,7
0670134G,,O,ST,0,0
0670134G,,O,ST,0,1
0670134G,,O,ST,0,0
0670134G,,O,ST,0,0
0670134G,,O,ST,0,0
0670134G,,O,ST,0,0
0670134G,,O,ST,0,0
0670134G,,O,ST,0,2
0670134G,,O,ST,0,1
0670114K,23820025012,N,ST,13,1
0670114K,23820025406,N,ST,10,7
0670114K,23820025520,N,ST,16,1
0670114K,23820030004,N,ST,18,5
0670114K,23820033007,N,ST,27,2
0670114K,23210025225,N,AP,999,4
0670114K,23210025439,N,AP,999,2
0670114K,23210025439,N,ST,15,10
0670114K,23210031224,N,AP,999,4
0670114K,23210031224,N,ST,15,21
0670114K,23810020006,N,ST,10,7
0670114K,23810020008,N,ST,24,18
0670114K,23810020104,N,ST,20,14
0670114K,23810025411,N,AP,999,2
0670114K,23810030003,N,ST,18,13
0670114K,23810031213,N,AP,999,3
0670114K,23810033007,N,ST,30,39
Total établissements sélectionnés - département BAS-RHIN,,,,179299,18568
0134010N,23810033104,N,AP,999,2
0130006L,23820030004,N,ST,30,35
0130006L,23820031212,N,ST,30,13
0130006L,23820031213,N,ST,30,49
0130006L,23820031214,N,ST,30,56
0130006L,23210031224,N,ST,30,54
0130006L,23810030003,N,ST,30,32
0130006L,23810031211,N,ST,90,123
0130001F,23820033006,N,ST,15,23
0130001F,23820033007,N,ST,30,45
0130001F,23820033606,N,ST,30,29
0130001F,23810033006,N,ST,15,34
0130001F,23810033007,N,ST,30,58
0130001F,23810033605,N,ST,30,54
0130003H,23820023004,N,ST,15,15
0130003H,23820023405,N,ST,15,17
0130003H,23820025012,N,ST,60,46
0130003H,23820025406,N,ST,15,20
0130003H,23820025520,N,ST,30,49
0130003H,23210023447,N,ST,15,19
0130003H,23210025439,N,ST,15,14
0130003H,23210025524,N,ST,30,38
0130003H,23810020006,N,ST,15,19
0130003H,23810020008,N,ST,45,77
0130003H,23810020104,N,ST,45,18
0130003H,23810023007,N,ST,15,10
0130003H,23810023409,N,ST,15,14
0133395V,23820030004,N,ST,18,1
0133395V,23820031114,N,ST,18,1
0133395V,23820031214,N,ST,24,2
0133395V,23810030003,N,ST,36,23
0133395V,23810031211,N,ST,24,26
0133425C,23210022142,N,ST,12,6
0133425C,23210033205,N,ST,15,19
0133425C,23810031211,N,ST,48,53
0133425C,23810032303,N,ST,15,34
0133425C,23810033006,N,ST,15,14
0133425C,23810033007,N,ST,15,21
0131391S,23820025012,N,ST,20,2
0131391S,23820025519,N,ST,45,5
0131391S,23820025520,N,ST,30,2
0131391S,23210025524,N,ST,15,13
0131391S,23810020008,N,ST,75,54
0131391S,23810020104,N,ST,24,8
0133305X,23820033604,N,ST,15,2
0133305X,23810033605,N,ST,30,13
0134544U,23210022137,N,AP,999,0
0132469N,23210022714,N,AP,999,11
0132469N,23210022715,N,AP,999,3
0132469N,23210023224,N,AP,999,24
0132469N,23210023225,N,AP,999,0
0132469N,23210023324,N,AP,999,13
0132469N,23210023327,N,AP,999,13
0132469N,23210023329,N,AP,999,1
0132469N,23210023447,N,AP,999,3
0132469N,23210023449,N,AP,999,3
0132469N,23210025439,N,AP,999,3
0132469N,23210025524,N,AP,999,13
0134288R,23210033205,N,AP,999,11
0131784U,23210022137,N,AP,999,8
0131784U,23210022141,N,AP,999,18
0131784U,23210022146,N,AP,999,12
0131784U,23210025225,N,AP,999,31
0131784U,23210025227,N,AP,999,6
0131784U,23210025440,N,AP,999,30
0131784U,23210025441,N,AP,999,1
0131784U,23210031223,N,AP,999,4
0131784U,23210031224,N,AP,999,11
0131784U,23210033413,N,AP,999,10
0131784U,23210033615,N,AP,999,10
0131784U,23210033616,N,AP,999,12
0131784U,23810025224,N,AP,999,13
0131784U,23810031213,N,AP,999,9
0130178Y,,O,AP,9999,195
0130178Y,,O,ST,9999,531
0130178Y,,O,ST,0,17
0130178Y,,O,ST,0,9
0130178Y,,O,ST,0,17
0130178Y,,O,ST,0,9
0130178Y,,O,ST,0,9
0130178Y,,O,ST,0,244
0130178Y,,O,ST,0,11
0130178Y,,O,ST,0,32
0130178Y,,O,ST,0,293
0130178Y,,O,ST,0,8
0130178Y,,O,ST,0,13
0130178Y,,O,ST,0,7
0130178Y,,O,ST,0,7
0130178Y,,O,ST,0,21
0130178Y,,O,ST,0,6
0130178Y,,O,ST,0,7
0130178Y,,O,ST,0,4
0130178Y,,O,ST,0,2
0130178Y,,O,ST,0,2
0130178Y,,O,ST,0,252
0130178Y,,O,ST,0,11
0130178Y,,O,ST,0,17
0130178Y,,O,ST,0,6
0130178Y,,O,ST,0,7
0130178Y,,O,ST,0,0
0130178Y,,O,ST,0,4
0130178Y,,O,ST,0,2
0130178Y,,O,ST,0,0
0130178Y,,O,ST,0,3
0130178Y,,O,ST,0,6
0130178Y,,O,ST,0,5
0130178Y,,O,ST,0,44
0130178Y,,O,ST,9999,72
0130178Y,,O,ST,9999,174
0130178Y,,O,ST,9999,301
0130178Y,,O,ST,9999,414
0131685L,23210033616,N,AP,999,3
0134502Y,23210033615,N,AP,999,9
0134502Y,23210033616,N,AP,999,4
0130171R,23820025214,N,ST,20,25
0130171R,23820025406,N,ST,15,10
0130171R,23820025411,N,ST,15,18
0130171R,23820025517,N,ST,15,25
0130171R,23820025520,N,ST,15,23
0130171R,23210022146,N,AP,999,3
0130171R,23210022714,N,ST,15,15
0130171R,23210025225,N,AP,999,3
0130171R,23210025225,N,ST,10,24
0130171R,23210025439,N,ST,15,14
0130171R,23210025440,N,AP,999,2
0130171R,23210025440,N,ST,10,9
0130171R,23210025524,N,ST,15,16
0130171R,23210033413,N,AP,999,2
0130171R,23210033616,N,AP,999,4
0130171R,23810020006,N,ST,15,4
0130171R,23810020008,N,ST,30,23
0130171R,23810020103,N,ST,15,18
0130171R,23810025222,N,ST,20,11
0130171R,23810025224,N,AP,999,3
0130171R,23810025412,N,ST,10,4
0130010R,23820022106,N,ST,24,20
0130010R,23820030004,N,ST,30,31
0130010R,23820031212,N,ST,15,16
0130010R,23820031213,N,ST,30,40
0130010R,23820031214,N,ST,15,24
0130010R,23820033403,N,ST,12,14
0130010R,23210022142,N,ST,12,20
0130010R,23210024240,N,ST,15,13
0130010R,23210031224,N,ST,15,46
0130010R,23210033002,N,ST,15,13
0130010R,23210033413,N,ST,12,7
0130010R,23810030003,N,ST,30,43
0130010R,23810031211,N,ST,60,93
0130010R,23810033404,N,ST,36,36
0130010R,23810034403,N,ST,15,19
0133274N,23820031213,N,ST,9,2
0133274N,23820031214,N,ST,9,0
0133274N,23210031224,N,ST,15,12
0133274N,23810031211,N,ST,50,14
0133927Y,23210022714,N,AP,999,1
0133927Y,23210022715,N,AP,999,0
0133927Y,23210023224,N,AP,999,7
0133927Y,23210023324,N,AP,999,4
0133927Y,23210023325,N,AP,999,1
0133927Y,23210023326,N,AP,999,1
0133927Y,23210023327,N,AP,999,3
0133927Y,23210023447,N,AP,999,4
0133927Y,23210025524,N,AP,999,6
0134501X,23210033615,N,AP,999,10
0134501X,23210033616,N,AP,999,8
0130013U,23820022707,N,ST,15,16
0130013U,23820030004,N,ST,15,13
0130013U,23820031106,N,ST,15,25
0130013U,23820031114,N,ST,15,4
0130013U,23820031212,N,ST,15,9
0130013U,23820031213,N,ST,15,20
0130013U,23820031214,N,ST,15,22
0130013U,23820033006,N,ST,15,12
0130013U,23210022715,N,ST,15,19
0130013U,23210031122,N,ST,15,17
0130013U,23810020008,N,ST,15,31
0130013U,23810030003,N,ST,45,30
0130013U,23810031211,N,ST,45,57
0130013U,23810033006,N,ST,15,43
0134541R,23810025225,N,AP,999,2
0133917M,23210022420,N,AP,999,0
0133917M,23210022421,N,AP,999,0
0133917M,23210022422,N,AP,999,1
0133917M,23210032227,N,AP,999,1
0134500W,23210033615,N,AP,999,18
0134500W,23210033616,N,AP,999,9
0132278F,23820030004,N,ST,24,0
0132278F,23821033003,N,ST,32,2
0132278F,23210031122,N,AP,999,0
0132278F,23210031224,N,AP,999,2
0132278F,23211033003,N,AP,999,3
0132278F,23211033003,N,ST,32,6
0132278F,23811033001,N,ST,32,5
0132278F,23811033003,N,AP,999,6
0132278F,23810030004,N,AP,999,0
0132278F,23810030004,N,ST,24,3
0132149R,23821021004,N,ST,32,1
0132149R,23821021211,N,ST,32,4
0132149R,23811021004,N,ST,32,30
0132149R,23811021211,N,ST,32,19
0133601U,23211021236,N,AP,999,6
0133601U,23211021405,N,AP,999,17
0131656E,23821033003,N,ST,32,7
0131656E,23811033001,N,ST,32,20
0133244F,23820025519,N,ST,30,31
0133244F,23820033007,N,ST,45,44
0133244F,23210022142,N,ST,12,11
0133244F,23210033205,N,ST,15,43
0133244F,23810020008,N,ST,30,36
0133244F,23810033007,N,ST,45,42
0132276D,23820022004,N,ST,30,37
0132276D,23820025012,N,ST,30,18
0132276D,23820025013,N,ST,15,10
0132276D,23820025520,N,ST,45,49
0132276D,23210025524,N,ST,15,14
0132276D,23210034405,N,ST,30,32
0132276D,23810020008,N,ST,45,38
0132276D,23810020103,N,ST,15,16
0132276D,23810020104,N,ST,60,36
0131782S,23810022706,N,AP,999,1
0131782S,23810025012,N,AP,999,1
0131782S,23810025303,N,AP,999,4
0131782S,23810025304,N,AP,999,0
0131782S,23810025411,N,AP,999,12
0131782S,23810025517,N,AP,999,5
0131782S,23810025520,N,AP,999,4
0131747D,23820030004,N,ST,30,30
0131747D,23810030003,N,ST,30,31
0133406G,23820022106,N,ST,12,14
0133406G,23820025519,N,ST,15,19
0133406G,23820025520,N,ST,30,32
0133406G,23820031212,N,ST,15,21
0133406G,23820031213,N,ST,15,18
0133406G,23820031214,N,ST,15,24
0133406G,23820033403,N,ST,12,13
0133406G,23210022146,N,ST,12,22
0133406G,23210033002,N,ST,15,12
0133406G,23210033413,N,ST,12,13
0133406G,23810020008,N,ST,45,55
0133406G,23810031211,N,ST,45,72
0133406G,23810033404,N,ST,24,20
0133650X,23210025524,N,AP,999,3
0133650X,23210031224,N,AP,999,4
0133650X,23810031213,N,AP,999,4
0133650X,23810031214,N,AP,999,1
0132010P,23821021004,N,ST,16,0
0132010P,23821021004,N,ST,32,0
0132010P,23821021114,N,ST,32,1
0132010P,23210025221,N,AP,999,0
0132010P,23210025223,N,AP,999,0
0132010P,23211021130,N,ST,32,3
0132010P,23211021130,N,AP,999,2
0132010P,23811021004,N,AP,999,4
0132010P,23811021113,N,AP,999,1
0132010P,23811021114,N,AP,999,2
0132010P,23811021114,N,ST,32,0
0132010P,23811021004,N,ST,32,0
0132010P,23811021004,N,ST,32,5
0134350H,23210022141,N,AP,999,7
0134350H,23210022142,N,AP,999,2
0134350H,23210022146,N,AP,999,8
0134350H,23210033413,N,AP,999,4
0134350H,23211021405,N,AP,999,1
0134350H,23211021405,N,ST,30,2
0133961K,23210033615,N,AP,999,16
0133961K,23210033616,N,AP,999,8
0133961K,23810033604,N,AP,999,3
0132343B,23210021002,N,ST,16,26
0132343B,23210022146,N,ST,16,30
0132343B,23210023224,N,ST,16,15
0132343B,23210023447,N,ST,8,9
0132343B,23210025439,N,ST,16,12
0132343B,23210031223,N,ST,16,10
0132343B,23210033002,N,ST,8,11
0132343B,23210033413,N,ST,16,12
0134367B,23210023122,N,AP,999,2
0134367B,23210023123,N,AP,999,6
0134367B,23210023124,N,AP,999,5
0134367B,23210025222,N,AP,999,2
0134367B,23810023104,N,AP,999,2
0134367B,23810023210,N,AP,999,6
0134367B,23810025220,N,AP,999,0
0130033R,23820022707,N,ST,15,20
0130033R,23820025012,N,ST,15,9
0130033R,23820025411,N,ST,15,21
0130033R,23820025520,N,ST,30,26
0130033R,23820033007,N,ST,30,45
0130033R,23210022715,N,ST,15,7
0130033R,23210025438,N,ST,15,29
0130033R,23210025524,N,ST,15,33
0130033R,23210033205,N,ST,30,53
0130033R,23810020008,N,ST,45,45
0130033R,23810020103,N,ST,15,16
0130033R,23810020104,N,ST,15,6
0130033R,23810033007,N,ST,30,31
0132410Z,23820030004,N,ST,30,33
0132410Z,23820031212,N,ST,30,25
0132410Z,23820031213,N,ST,30,42
0132410Z,23820031214,N,ST,30,33
0132410Z,23210031224,N,ST,15,29
0132410Z,23810030003,N,ST,30,28
0132410Z,23810031211,N,ST,90,76
0130072H,23820022706,N,ST,12,8
0130072H,23820025517,N,ST,12,19
0130072H,23820025519,N,ST,84,69
0130072H,23820025520,N,ST,60,59
0130072H,23210022714,N,ST,12,13
0130072H,23210025524,N,ST,24,20
0130072H,23210034405,N,ST,24,25
0130072H,23810020008,N,ST,168,109
0130064Z,23820024204,N,ST,24,34
0130064Z,23820030004,N,ST,24,21
0130064Z,23820031212,N,ST,24,29
0130064Z,23820031213,N,ST,12,19
0130064Z,23820031214,N,ST,12,13
0130064Z,23820033007,N,ST,60,77
0130064Z,23210024240,N,ST,12,15
0130064Z,23210024323,N,ST,12,12
0130064Z,23210033205,N,ST,12,22
0130064Z,23810024204,N,ST,24,24
0130064Z,23810030003,N,ST,24,33
0130064Z,23810031211,N,ST,36,64
0130064Z,23810033007,N,ST,60,65
0130053M,23820020009,N,ST,30,26
0130053M,23820022503,N,ST,15,7
0130053M,23820025012,N,ST,30,22
0130053M,23820025014,N,ST,15,6
0130053M,23820025411,N,ST,15,25
0130053M,23210022510,N,AP,999,1
0130053M,23210022510,N,ST,15,12
0130053M,23210025437,N,ST,15,26
0130053M,23810020009,N,ST,30,31
0130053M,23810020103,N,ST,30,28
0130053M,23810020104,N,ST,30,12
0130053M,23810022503,N,AP,999,1
0130053M,23810022503,N,ST,15,3
0130053M,23810025014,N,AP,999,3
0131424C,23820031213,N,ST,9,0
0131424C,23820031214,N,ST,9,0
0131424C,23810031211,N,ST,18,0
0134463F,23210025224,N,AP,999,0
0134311R,23210033205,N,AP,999,0
0130068D,23820030004,N,ST,12,16
0130068D,23820031212,N,ST,12,17
0130068D,23820031213,N,ST,24,31
0130068D,23820031214,N,ST,12,14
0130068D,23210022142,N,ST,24,17
0130068D,23210031224,N,ST,12,31
0130068D,23210033002,N,ST,12,14
0130068D,23810030003,N,ST,12,17
0130068D,23810031211,N,ST,48,56
0130057S,23820022707,N,ST,12,16
0130057S,23820023005,N,ST,12,15
0130057S,23820023104,N,ST,12,5
0130057S,23820023203,N,ST,12,7
0130057S,23820023210,N,ST,12,8
0130057S,23820023303,N,ST,12,9
0130057S,23820023304,N,ST,12,9
0130057S,23210023224,N,AP,999,0
0130057S,23210023224,N,ST,12,18
0130057S,23210023324,N,ST,12,41
0130057S,23210023327,N,AP,999,1
0130057S,23210023327,N,ST,12,33
0130057S,23210023329,N,AP,999,0
0130057S,23210023329,N,ST,12,20
0130057S,23210025524,N,AP,999,5
0130057S,23210025524,N,ST,12,14
0130057S,23810020006,N,ST,48,40
0130057S,23810020008,N,ST,12,28
0130057S,23810023007,N,ST,24,22
0131436R,23820025519,N,ST,40,2
0131436R,23810020008,N,ST,40,34
0131772F,23210022715,N,AP,999,7
0131772F,23210023224,N,AP,999,11
0131772F,23210023324,N,AP,999,4
0131772F,23210023325,N,AP,999,1
0131772F,23210023326,N,AP,999,4
0131772F,23210023327,N,AP,999,2
0131772F,23210023447,N,AP,999,0
0131772F,23210023449,N,AP,999,0
0131772F,23210025439,N,AP,999,3
0131772F,23210025524,N,AP,999,10
0131772F,23810022707,N,AP,999,6
0130059U,23820025006,N,ST,15,17
0130059U,23820030004,N,ST,30,25
0130059U,23820032304,N,ST,30,28
0130059U,23820033101,N,ST,30,24
0130059U,23820033103,N,ST,15,17
0130059U,23210033106,N,ST,15,10
0130059U,23810020103,N,ST,15,14
0130059U,23810030003,N,ST,30,22
0130059U,23810032304,N,ST,30,24
0130059U,23810033006,N,ST,15,18
0130059U,23810033101,N,ST,30,21
0130059U,23810033103,N,ST,15,14
0134003F,23820033007,N,ST,60,84
0134003F,23210033205,N,ST,15,39
0134003F,23810033007,N,ST,60,146
0132828D,23820022106,N,ST,12,1
0132828D,23820033403,N,ST,18,1
0132828D,23810022106,N,AP,999,3
0132828D,23810033403,N,AP,999,0
0132828D,23810033404,N,ST,24,8
0133474F,23820031212,N,ST,10,1
0133474F,23820031213,N,ST,28,5
0133474F,23820031214,N,ST,18,2
0133474F,23820033006,N,ST,18,1
0133474F,23820033007,N,ST,44,7
0133474F,23810031211,N,ST,56,30
0133474F,23810033006,N,ST,18,15
0133474F,23810033007,N,ST,44,25
0132733A,23820025520,N,ST,30,37
0132733A,23210025524,N,ST,15,29
0132733A,23810020008,N,ST,24,51
0134155W,23820034304,N,ST,15,16
0134155W,23810034306,N,ST,15,13
0130050J,23820022706,N,ST,12,18
0130050J,23820023004,N,ST,12,8
0130050J,23820023005,N,ST,12,18
0130050J,23820023203,N,ST,12,13
0130050J,23820023405,N,ST,12,19
0130050J,23820025517,N,ST,12,24
0130050J,23C10023412,N,ST,12,9
0130050J,23210022714,N,ST,12,30
0130050J,23210022715,N,ST,12,14
0130050J,23210023224,N,ST,12,18
0130050J,23210023430,N,AP,999,0
0130050J,23210023432,N,AP,999,0
0130050J,23210023447,N,ST,12,17
0130050J,23C10023412,N,ST,12,3
0130050J,23810020006,N,ST,12,20
0130050J,23810020008,N,ST,24,59
0130050J,23810023007,N,ST,24,32
0130050J,23810023409,N,ST,12,8
0131463V,23820022403,N,ST,8,0
0131463V,23820023405,N,ST,9,0
0131463V,23820025012,N,ST,9,0
0131463V,23210023447,N,ST,8,2
0131463V,23210025521,N,ST,7,2
0131463V,23810020104,N,ST,9,0
0131463V,23810022404,N,ST,18,0
0131463V,23810023409,N,ST,9,0
0132790M,23820025517,N,ST,15,25
0132790M,23820034403,N,ST,15,21
0132790M,23210022714,N,ST,18,13
0132790M,23210025225,N,ST,20,6
0132790M,23210034405,N,ST,18,3
0132790M,23810020008,N,ST,15,1
0132790M,23810034403,N,ST,15,16
0131445A,23820030004,N,ST,12,2
0131445A,23820031212,N,ST,12,1
0131445A,23820031213,N,ST,24,3
0131445A,23820033007,N,ST,24,2
0131445A,23820033606,N,ST,24,1
0131445A,23210022142,N,ST,15,3
0131445A,23210022146,N,AP,999,1
0131445A,23210022146,N,ST,12,4
0131445A,23210031224,N,ST,15,14
0131445A,23210033002,N,ST,17,12
0131445A,23210033205,N,AP,999,2
0131445A,23210033413,N,AP,999,0
0131445A,23210033413,N,ST,12,3
0131445A,23210033615,N,AP,999,4
0131445A,23810030003,N,ST,12,13
0131445A,23810031211,N,ST,18,18
0131445A,23810033007,N,ST,24,25
0131445A,23810033605,N,ST,24,9
0134361V,23210022141,N,AP,999,2
0134361V,23210022146,N,AP,999,0
0134361V,23210023224,N,AP,999,0
0134361V,23210025524,N,AP,999,0
0134361V,23210033413,N,AP,999,0
0133853T,23210023326,N,AP,999,0
0133853T,23210023328,N,AP,999,1
0130056R,23820025215,N,ST,20,25
0130056R,23820025216,N,ST,10,7
0130056R,23820025520,N,ST,24,31
0130056R,23820031106,N,ST,12,16
0130056R,23820031107,N,ST,12,15
0130056R,23820031114,N,ST,12,13
0130056R,23210025226,N,ST,10,29
0130056R,23210025227,N,ST,10,28
0130056R,23210025524,N,ST,12,24
0130056R,23210031122,N,ST,12,35
0130056R,23210031126,N,ST,12,28
0130056R,23210031127,N,ST,12,21
0130056R,23810020008,N,ST,24,34
0130056R,23810025222,N,ST,30,28
0130056R,23810025520,N,AP,999,6
0130056R,23810030003,N,ST,24,24
0130056R,23810031117,N,ST,12,23
0132470P,23210022137,N,AP,999,3
0132470P,23210022141,N,AP,999,6
0132470P,23210022142,N,AP,999,0
0132470P,23210022143,N,AP,999,13
0132470P,23210022146,N,AP,999,6
0132470P,23210031224,N,AP,999,6
0132470P,23210033413,N,AP,999,2
0134297A,23210023223,N,AP,999,3
0134297A,23210023224,N,AP,999,0
0134297A,23210023445,N,AP,999,0
0134297A,23210023446,N,AP,999,2
0134297A,23210023447,N,AP,999,3
0131606A,23830024203,N,ST,15,2
0131606A,23820024204,N,ST,24,26
0131606A,23820030004,N,ST,24,29
0131606A,23820031212,N,ST,24,19
0131606A,23820031213,N,ST,12,27
0131606A,23820031214,N,ST,12,14
0131606A,23820033606,N,ST,12,15
0131606A,23210024240,N,AP,999,0
0131606A,23210024240,N,ST,24,12
0131606A,23210031224,N,ST,24,22
0131606A,23210033615,N,ST,12,26
0131606A,23810024204,N,ST,24,18
0131606A,23810030003,N,ST,24,25
0131606A,23810031211,N,ST,48,66
0131606A,23810033605,N,ST,12,23
0130065A,23820031212,N,ST,12,20
0130065A,23820031213,N,ST,12,24
0130065A,23820031214,N,ST,12,19
0130065A,23820033006,N,ST,24,23
0130065A,23820033007,N,ST,60,86
0130065A,23210022142,N,ST,24,36
0130065A,23210031224,N,ST,12,15
0130065A,23210033205,N,ST,24,58
0130065A,23810031211,N,ST,36,61
0130065A,23810033006,N,ST,24,24
0130065A,23810033007,N,ST,60,129
0134101M,23820024204,N,ST,15,0
0134101M,23820030004,N,ST,18,0
0134101M,23820031212,N,ST,20,1
0134101M,23820031213,N,ST,20,0
0134101M,23820031214,N,ST,20,0
0134101M,23210024241,N,ST,15,0
0134101M,23210031224,N,ST,15,1
0134101M,23810024204,N,ST,15,1
0134101M,23810030003,N,ST,15,2
0134101M,23810031211,N,ST,35,4
0130058T,23820025223,N,ST,20,23
0130058T,23820025520,N,ST,12,13
0130058T,23820031213,N,ST,24,25
0130058T,23820034403,N,ST,24,31
0130058T,23210025224,N,ST,20,17
0130058T,23210025524,N,ST,12,19
0130058T,23210031224,N,ST,24,19
0130058T,23210034405,N,ST,24,20
0130058T,23810020008,N,ST,12,26
0130058T,23810025223,N,ST,20,22
0130058T,23810031211,N,ST,24,21
0130058T,23810034403,N,ST,24,38
0131432L,23820025214,N,ST,9,2
0131432L,23820031106,N,ST,9,2
0131432L,23820031107,N,ST,9,1
0131432L,23820031114,N,ST,9,0
0131432L,23210025225,N,ST,7,1
0131432L,23210025226,N,ST,7,4
0131432L,23210031122,N,ST,15,6
0131432L,23210031126,N,ST,24,15
0131432L,23210031127,N,ST,16,13
0131432L,23810025222,N,ST,9,4
0131432L,23810030003,N,ST,18,7
0131432L,23810031117,N,ST,9,13
0131433M,23820025519,N,ST,20,2
0131433M,23820025520,N,ST,20,0
0131433M,23210023006,N,ST,15,1
0131433M,23210023224,N,ST,15,0
0131433M,23210025524,N,ST,15,2
0131433M,23810020008,N,ST,40,5
0133339J,23210025225,N,AP,999,3
0133339J,23210025226,N,AP,999,1
0133339J,23810025224,N,AP,999,2
0133339J,23810025225,N,AP,999,0
0133004V,23210031126,N,AP,999,4
0131775J,23210022714,N,AP,999,1
0131775J,23210023326,N,AP,999,0
0131775J,23210025524,N,AP,999,2
0131775J,23810025520,N,AP,999,1
0131775J,23810033101,N,AP,999,1
0131775J,23810033104,N,AP,999,3
0133916L,23210023224,N,AP,999,0
0133916L,23210023325,N,AP,999,0
0133916L,23210023327,N,AP,999,0
0133916L,23810030004,N,AP,999,0
0133916L,23810032303,N,AP,999,0
0130055P,23820022004,N,ST,24,23
0130055P,23820022005,N,ST,24,26
0130055P,23820025519,N,ST,24,38
0130055P,23820030004,N,ST,24,25
0130055P,23210025225,N,ST,30,57
0130055P,23210025440,N,ST,20,40
0130055P,23210025441,N,AP,999,2
0130055P,23810020008,N,ST,24,48
0130055P,23810020104,N,ST,24,9
0130055P,23810022005,N,ST,24,20
0130055P,23810030003,N,ST,24,18
0131441W,23820030004,N,ST,18,0
0131441W,23820031212,N,ST,18,1
0131441W,23820031214,N,ST,18,0
0131441W,23810030003,N,ST,22,5
0131441W,23810031211,N,ST,37,10
0132224X,23210031224,N,AP,999,1
0132224X,23210033615,N,AP,999,1
0132224X,23210033616,N,AP,999,6
0131515B,23210033615,N,AP,999,2
0131515B,23210033616,N,AP,999,0
0134549Z,23210023446,N,AP,999,0
0131403E,23820031214,N,ST,24,1
0131403E,23210031224,N,ST,15,3
0131403E,23810031211,N,ST,18,9
0131402D,23820031213,N,ST,30,19
0131402D,23820031214,N,ST,30,7
0131402D,23810031211,N,ST,30,22
0133396W,23C10023304,N,ST,15,3
0133396W,23C10023305,N,ST,15,4
0133396W,23820022403,N,ST,15,0
0133396W,23820022707,N,ST,12,0
0133396W,23820025012,N,ST,12,0
0133396W,23820025519,N,ST,30,0
0133396W,23820025520,N,ST,24,2
0133396W,23820032207,N,ST,15,1
0133396W,23820032208,N,ST,15,0
0133396W,23210023329,N,AP,999,0
0133396W,23210023447,N,AP,999,0
0133396W,23210023449,N,ST,10,1
0133396W,23210025439,N,AP,999,0
0133396W,23210025439,N,ST,10,1
0133396W,23210025521,N,ST,15,4
0133396W,23210025524,N,ST,15,4
0133396W,23810020008,N,ST,54,25
0133396W,23810020104,N,ST,15,0
0133396W,23810025012,N,AP,999,1
0133396W,23810025520,N,AP,999,10
0133396W,23810032210,N,ST,30,13
0133396W,23810032303,N,ST,15,22
0131437S,23820033604,N,ST,15,0
0131437S,23210033616,N,ST,30,6
0131437S,23810033605,N,ST,15,3
0131434N,23820025012,N,ST,16,0
0131434N,23820025519,N,ST,24,0
0131434N,23820025520,N,ST,15,0
0131434N,23210022715,N,AP,999,1
0131434N,23210022715,N,ST,15,6
0131434N,23210025524,N,AP,999,2
0131434N,23210025524,N,ST,15,9
0131434N,23810020008,N,ST,48,24
0131434N,23810020104,N,ST,15,2
0131434N,23810025012,N,AP,999,4
0131434N,23810025519,N,AP,999,11
0131434N,23810025520,N,AP,999,4
0131903Y,23210033615,N,AP,999,0
0131903Y,23210033616,N,AP,999,3
0134513K,23210033615,N,AP,999,2
0130071G,23820030004,N,ST,24,31
0130071G,23820031214,N,ST,24,21
0130071G,23820031212,N,ST,24,34
0130071G,23820031213,N,ST,24,47
0130071G,23820031214,N,ST,24,29
0130071G,23820033007,N,ST,24,36
0130071G,23210022142,N,ST,12,19
0130071G,23210031224,N,ST,12,44
0130071G,23210033002,N,ST,24,15
0130071G,23210033205,N,ST,12,16
0130071G,23810031211,N,ST,24,3
0130071G,23810030003,N,ST,24,24
0130071G,23810031211,N,ST,72,125
0130071G,23810033007,N,ST,24,60
0130049H,23C10022316,N,ST,15,13
0130049H,23C10025101,N,ST,12,10
0130049H,23820023003,N,ST,15,14
0130049H,23820025519,N,ST,15,36
0130049H,23820032207,N,ST,15,13
0130049H,23820032208,N,ST,15,13
0130049H,23820033104,N,ST,15,13
0130049H,23210022361,N,AP,999,3
0130049H,23210022361,N,ST,30,26
0130049H,23210025137,N,ST,15,15
0130049H,23210032225,N,ST,15,13
0130049H,23810020008,N,ST,15,44
0130049H,23810023003,N,ST,30,24
0130049H,23810032210,N,ST,30,19
0130049H,23810033104,N,AP,999,2
0130049H,23810033104,N,ST,15,22
0133979E,23211021405,N,AP,999,1
0130054N,23820023408,N,ST,15,12
0130054N,23820025223,N,ST,20,28
0130054N,23820032303,N,ST,15,17
0130054N,23210025224,N,ST,10,16
0130054N,23810023409,N,ST,15,10
0130054N,23810025223,N,ST,20,19
0130054N,23810032303,N,ST,15,21
0131848N,23821021302,N,ST,32,26
0131848N,23821021405,N,ST,32,21
0131848N,23211021405,N,ST,24,18
0131848N,23811021404,N,ST,32,14
0131848N,23811021302,N,ST,32,29
0130062X,23820025214,N,ST,30,41
0130062X,23820025412,N,ST,20,23
0130062X,23820030004,N,ST,24,26
0130062X,23820031214,N,ST,12,21
0130062X,23210025225,N,AP,1,2
0130062X,23210025225,N,ST,40,50
0130062X,23210025440,N,AP,1,1
0130062X,23210025440,N,ST,20,59
0130062X,23210025441,N,AP,999,0
0130062X,23810025222,N,ST,30,63
0130062X,23810025412,N,ST,20,37
0130062X,23810030003,N,ST,24,15
0130062X,23810031211,N,ST,12,27
0130063Y,23820031212,N,ST,15,20
0130063Y,23820031213,N,ST,30,25
0130063Y,23820031214,N,ST,15,20
0130063Y,23820033604,N,ST,15,14
0130063Y,23820033606,N,ST,15,20
0130063Y,23210024008,N,ST,15,4
0130063Y,23210031224,N,ST,15,33
0130063Y,23210033615,N,AP,999,7
0130063Y,23210033615,N,ST,30,27
0130063Y,23210033616,N,ST,30,32
0130063Y,23810031211,N,ST,60,65
0130063Y,23810033605,N,ST,30,40
0132974M,23820022105,N,ST,24,32
0132974M,23820022106,N,ST,24,33
0132974M,23820033403,N,ST,24,24
0132974M,23210022137,N,ST,12,15
0132974M,23210022141,N,AP,999,12
0132974M,23210022141,N,ST,12,34
0132974M,23210022146,N,AP,999,8
0132974M,23210022146,N,ST,12,33
0132974M,23210033413,N,AP,999,5
0132974M,23210033413,N,ST,12,5
0132974M,23810022106,N,AP,999,10
0132974M,23810022107,N,ST,24,38
0132974M,23810033403,N,AP,999,4
0132974M,23810033404,N,ST,48,82
0132193N,23820030004,N,ST,18,2
0132193N,23820033007,N,ST,60,4
0132193N,23210033205,N,AP,999,6
0132193N,23210033205,N,ST,24,19
0132193N,23810030003,N,ST,18,14
0132193N,23810033007,N,ST,60,27
0131781R,23210033616,N,AP,999,8
0131786W,23210025225,N,AP,999,4
0131786W,23210025227,N,AP,999,3
0131786W,23210025440,N,AP,999,15
0131786W,23810025224,N,AP,999,6
0131456M,23820022106,N,ST,12,1
0131456M,23820033006,N,ST,18,4
0131456M,23820033007,N,ST,36,2
0131456M,23820033403,N,ST,12,0
0131456M,23810033006,N,ST,18,4
0131456M,23810033007,N,ST,36,21
0131456M,23810033404,N,ST,24,4
0130143K,23820025520,N,ST,15,29
0130143K,23820030004,N,ST,30,37
0130143K,23810020008,N,ST,15,45
0130143K,23810025014,N,AP,999,2
0130143K,23810030003,N,ST,30,61
0132210G,23820020009,N,ST,15,16
0132210G,23820025406,N,ST,15,15
0132210G,23820025411,N,ST,15,17
0132210G,23820025519,N,ST,15,18
0132210G,23210025439,N,ST,15,22
0132210G,23810020006,N,ST,15,12
0132210G,23810020008,N,ST,15,57
0132210G,23810020009,N,ST,15,10
0132210G,23810020103,N,ST,15,31
0131484T,23820022106,N,ST,12,4
0131484T,23820031212,N,ST,20,3
0131484T,23820031213,N,ST,25,2
0131484T,23820031214,N,ST,20,4
0131484T,23820033403,N,ST,12,2
0131484T,23210022146,N,AP,999,0
0131484T,23210022146,N,ST,15,12
0131484T,23210031224,N,ST,21,14
0131484T,23810031211,N,ST,55,19
0131484T,23810033404,N,ST,25,14
0131690S,23821021405,N,ST,32,2
0131690S,23821033003,N,ST,32,1
0131690S,23211021405,N,AP,999,6
0131690S,23811033001,N,ST,32,15
0131690S,23811021404,N,ST,32,5
0130146N,23820022707,N,ST,12,11
0130146N,23820023205,N,ST,12,6
0130146N,23820023304,N,ST,12,4
0130146N,23820025214,N,ST,10,12
0130146N,23820025215,N,ST,10,12
0130146N,23820025216,N,ST,10,7
0130146N,23820025412,N,ST,10,15
0130146N,23820031106,N,ST,12,14
0130146N,23820031107,N,ST,12,13
0130146N,23820031114,N,ST,12,9
0130146N,23820031213,N,ST,12,14
0130146N,23820031214,N,ST,12,18
0130146N,23210023220,N,ST,12,0
0130146N,23210023224,N,ST,12,10
0130146N,23210023324,N,ST,12,17
0130146N,23210023327,N,ST,12,6
0130146N,23210023447,N,ST,12,6
0130146N,23210025225,N,ST,10,38
0130146N,23210025441,N,ST,10,6
0130146N,23210025524,N,ST,24,13
0130146N,23210031122,N,ST,12,23
0130146N,23210031127,N,ST,12,18
0130146N,23810020006,N,ST,24,8
0130146N,23810020008,N,ST,12,15
0130146N,23810025222,N,ST,30,35
0130146N,23810025412,N,ST,10,7
0130146N,23810030003,N,ST,24,12
0130146N,23810031117,N,ST,12,14
0130146N,23810031211,N,ST,24,33
0130151U,23820031212,N,ST,12,12
0130151U,23820031213,N,ST,24,15
0130151U,23820031214,N,ST,12,13
0130151U,23820033006,N,ST,12,12
0130151U,23820033007,N,ST,36,40
0130151U,23210022142,N,ST,12,11
0130151U,23210031224,N,ST,12,10
0130151U,23210033002,N,ST,12,7
0130151U,23210033205,N,ST,24,43
0130151U,23810031211,N,ST,48,37
0130151U,23810033006,N,ST,12,20
0130151U,23810033007,N,ST,36,32
0130150T,23820025012,N,ST,12,15
0130150T,23820025214,N,ST,10,15
0130150T,23820025223,N,ST,10,13
0130150T,23820025519,N,ST,24,25
0130150T,23820025520,N,ST,12,14
0130150T,23210022137,N,AP,999,0
0130150T,23210022137,N,ST,12,12
0130150T,23210022141,N,AP,999,3
0130150T,23210025224,N,ST,10,13
0130150T,23210025225,N,ST,10,29
0130150T,23210025440,N,AP,999,3
0130150T,23210025440,N,ST,10,20
0130150T,23210025524,N,ST,12,13
0130150T,23210033615,N,ST,12,23
0130150T,23210033616,N,AP,999,2
0130150T,23210033616,N,ST,12,21
0130150T,23810020008,N,ST,36,37
0130150T,23810020104,N,ST,12,0
0130150T,23810025222,N,ST,10,7
0130150T,23810025223,N,AP,999,1
0130150T,23810025223,N,ST,10,9
0130150T,23810025224,N,AP,999,9
0130150T,23810025412,N,ST,10,5
0132280H,23820030004,N,ST,12,1
0132280H,23820031106,N,ST,12,2
0132280H,23820033007,N,ST,15,4
0132280H,23820033606,N,ST,15,2
0132280H,23210033205,N,AP,999,2
0132280H,23210033205,N,ST,24,5
0132280H,23810030003,N,ST,30,11
0132280H,23810030004,N,AP,999,4
0132280H,23810031116,N,AP,999,5
0132280H,23810033007,N,AP,999,3
0132280H,23810033007,N,ST,24,20
0132280H,23810033605,N,ST,28,6
0132280H,23810033606,N,AP,999,1
0132823Y,23821021203,N,ST,32,0
0132823Y,23821033003,N,ST,32,0
0132823Y,23210033205,N,AP,999,8
0132823Y,23211033003,N,AP,999,4
0132823Y,23211033003,N,ST,32,19
0132823Y,23811021203,N,AP,999,8
0132823Y,23811022103,N,ST,32,3
0132823Y,23811033001,N,ST,32,6
0132823Y,23811033003,N,AP,999,5
0134249Y,23820031214,N,ST,24,0
0134249Y,23820031213,N,ST,24,3
0134249Y,23820031214,N,ST,24,1
0134249Y,23210031224,N,AP,999,2
0134249Y,23811022108,N,AP,999,0
0134249Y,23810031211,N,ST,24,13
0134249Y,23810031213,N,AP,999,5
0134249Y,23810031214,N,AP,999,4
0134249Y,23810031211,N,ST,24,1
0130157A,23820024204,N,ST,30,34
0130157A,23820030004,N,ST,15,22
0130157A,23820033006,N,ST,15,23
0130157A,23820033007,N,ST,30,30
0130157A,23210022142,N,ST,24,20
0130157A,23210022146,N,AP,999,6
0130157A,23210024240,N,AP,999,4
0130157A,23210024240,N,ST,15,14
0130157A,23210033205,N,ST,15,41
0130157A,23810024204,N,ST,30,14
0130157A,23810030003,N,ST,15,11
0130157A,23810033006,N,ST,15,28
0130157A,23810033007,N,ST,30,22
0133915K,23821021004,N,ST,32,0
0133915K,23210023006,N,AP,999,4
0133915K,23210033205,N,AP,999,9
0133915K,23211021130,N,ST,18,0
0133915K,23211021130,N,AP,999,7
0133915K,23211021130,N,ST,18,5
0133915K,23211033003,N,AP,999,2
0133915K,23211033003,N,ST,32,2
0134426R,23211021130,N,AP,999,4
0134426R,23211021405,N,AP,999,15
0134426R,23211033003,N,AP,999,4
0134426R,23811021405,N,AP,999,10
0131715U,23821021302,N,ST,16,4
0131715U,23821021405,N,ST,16,5
0131715U,23821033003,N,ST,32,5
0131715U,23811033001,N,ST,32,28
0131715U,23811021404,N,ST,16,23
0131715U,23811021302,N,ST,16,13
0131518E,23210033615,N,AP,999,13
0131518E,23210033616,N,AP,999,5
0130161E,23820025014,N,ST,15,12
0130161E,23820025411,N,ST,15,28
0130161E,23820025519,N,ST,15,33
0130161E,23820025520,N,ST,30,34
0130161E,23820030004,N,ST,30,37
0130161E,23820031212,N,ST,15,12
0130161E,23820031213,N,ST,30,47
0130161E,23820031214,N,ST,15,22
0130161E,23820033007,N,ST,30,41
0130161E,23210025437,N,ST,15,32
0130161E,23810020008,N,ST,45,95
0130161E,23810020103,N,ST,30,43
0130161E,23810030003,N,ST,30,52
0130161E,23810031211,N,ST,60,133
0130161E,23810033007,N,ST,30,43
0131485U,23820020009,N,ST,15,2
0131485U,23820033007,N,ST,36,4
0131485U,23820033606,N,ST,24,1
0131485U,23210033002,N,ST,14,6
0131485U,23210033205,N,ST,15,25
0131485U,23210033615,N,AP,999,3
0131485U,23210033615,N,ST,15,9
0131485U,23810020009,N,ST,15,9
0131485U,23810033007,N,ST,36,15
0131485U,23810033605,N,ST,24,17
0134582K,23210033615,N,AP,999,0
0134582K,23210033616,N,AP,999,0
0131767A,23210022137,N,AP,999,7
0131767A,23210022141,N,AP,999,10
0131767A,23210022143,N,AP,999,8
0131767A,23210025225,N,AP,999,12
0131767A,23210031224,N,AP,999,14
0131767A,23210033616,N,AP,999,12
0131767A,23810031213,N,AP,999,9
0131675A,23820030004,N,ST,18,7
0131675A,23820031212,N,ST,9,1
0131675A,23820031213,N,ST,18,15
0131675A,23820031214,N,ST,18,13
0131675A,23210022146,N,AP,999,4
0131675A,23210022146,N,ST,12,7
0131675A,23210031224,N,AP,999,1
0131675A,23210033413,N,ST,12,5
0131675A,23810030003,N,ST,18,5
0131675A,23810031211,N,ST,36,21
0133288D,23820031212,N,ST,15,14
0133288D,23820031213,N,ST,30,34
0133288D,23210031224,N,ST,15,25
0133288D,23810031211,N,ST,30,53
0133015G,23820025006,N,ST,15,9
0133015G,23820025012,N,ST,15,20
0133015G,23820025302,N,ST,24,36
0133015G,23820025303,N,ST,24,29
0133015G,23820025304,N,ST,24,32
0133015G,23820025519,N,ST,30,35
0133015G,23210025305,N,ST,12,20
0133015G,23210025307,N,ST,12,16
0133015G,23810020008,N,ST,30,44
0133015G,23810020103,N,ST,15,14
0133015G,23810020104,N,ST,15,15
0133015G,23810025307,N,ST,72,169
0133424B,23820030004,N,ST,18,1
0133424B,23820031106,N,ST,10,2
0133424B,23820031114,N,ST,10,0
0133424B,23820033007,N,ST,36,2
0133424B,23210031122,N,AP,999,2
0133424B,23210031122,N,ST,15,4
0133424B,23210033205,N,ST,15,18
0133424B,23810030003,N,ST,18,18
0133424B,23810033007,N,ST,18,25
0134073G,23210025524,N,AP,999,1
0134073G,23810022706,N,AP,999,2
Total établissements sélectionnés - département BOUCHES-DU-RHONE,,,,342262,39183
0141902S,23211021130,N,AP,999,2
0141902S,23211021130,N,ST,15,12
0141902S,23811021004,N,AP,999,1
0141902S,23811021112,N,ST,15,10
0141274J,23820025520,N,ST,24,23
0141274J,23820031107,N,ST,48,42
0141274J,23820031114,N,ST,18,12
0141274J,23820031212,N,ST,14,7
0141274J,23820031213,N,ST,18,30
0141274J,23210031119,N,ST,12,15
0141274J,23210033002,N,ST,12,14
0141274J,23810020008,N,ST,24,25
0141274J,23810030003,N,ST,18,12
0141274J,23810031117,N,ST,48,114
0141274J,23810031211,N,ST,32,47
0141903T,23211021130,N,AP,999,9
0141903T,23211021130,N,ST,25,5
0141903T,23211021405,N,AP,999,15
0141903T,23211021405,N,ST,25,15
0141903T,23811021004,N,AP,999,7
0141903T,23811021112,N,ST,25,8
0141903T,23811021405,N,AP,999,13
0141903T,23811021404,N,ST,25,12
0141991N,23211021130,N,ST,16,6
0141991N,23211021405,N,ST,20,20
0141991N,23811021112,N,ST,16,6
0141991N,23811021404,N,ST,30,20
0141991N,23811022103,N,ST,20,7
0141991N,23811022104,N,ST,20,11
0140019V,23820031213,N,ST,48,68
0140019V,23820031214,N,ST,25,39
0140019V,23820033007,N,ST,48,59
0140019V,23210022142,N,ST,24,15
0140019V,23210031224,N,ST,24,57
0140019V,23810031211,N,ST,75,118
0140019V,23810033007,N,ST,48,80
0140018U,23820023003,N,ST,13,15
0140018U,23820024202,N,ST,12,11
0140018U,23820024204,N,ST,28,40
0140018U,23820030004,N,ST,48,50
0140018U,23820033604,N,ST,14,15
0140018U,23820033606,N,ST,24,39
0140018U,23210024008,N,ST,12,5
0140018U,23210024240,N,ST,14,20
0140018U,23210033615,N,ST,16,46
0140018U,23810023003,N,ST,12,31
0140018U,23810024202,N,ST,12,3
0140018U,23810024204,N,ST,28,38
0140018U,23810030003,N,ST,48,43
0140018U,23810033605,N,ST,40,121
0142133T,23820022706,N,ST,12,13
0142133T,23820022707,N,ST,12,14
0142133T,23820023004,N,ST,12,11
0142133T,23820023104,N,ST,12,11
0142133T,23820023203,N,ST,12,12
0142133T,23820023210,N,ST,18,16
0142133T,23820023405,N,ST,0,0
0142133T,23820023407,N,ST,0,0
0142133T,23820025006,N,ST,24,16
0142133T,23820025520,N,ST,24,20
0142133T,23210023223,N,ST,12,19
0142133T,23210023327,N,ST,12,34
0142133T,23210023447,N,ST,10,10
0142133T,23810020006,N,ST,36,54
0142133T,23810020008,N,ST,48,73
0142133T,23810020103,N,ST,24,12
0142133T,23810023007,N,ST,24,13
0142133T,23810023409,N,ST,24,23
0141867D,23210031122,N,ST,15,4
0141867D,23210031224,N,ST,18,10
0141867D,23810030003,N,ST,48,25
0141867D,23810031211,N,ST,87,85
0141866C,23210023447,N,ST,18,19
0141866C,23210025223,N,ST,10,7
0141866C,23210025440,N,ST,15,25
0141866C,23810020008,N,ST,50,29
0141866C,23810020104,N,ST,15,14
0141866C,23810023409,N,ST,24,26
0141866C,23810025222,N,ST,20,34
0141186N,23210022142,N,ST,24,20
0141186N,23210033002,N,ST,18,13
0141186N,23210033205,N,ST,30,48
0141186N,23810033007,N,ST,24,37
0141191U,23810033006,N,ST,18,23
0141191U,23810033007,N,ST,30,34
0141601P,23210022715,N,AP,999,6
0141601P,23210023223,N,AP,999,19
0141601P,23210023224,N,AP,999,33
0141601P,23210023324,N,AP,999,23
0141601P,23210023325,N,AP,999,10
0141601P,23210023327,N,AP,999,23
0141601P,23210023446,N,AP,999,0
0141601P,23210023447,N,AP,999,9
0141601P,23210023449,N,AP,999,11
0141601P,23210025524,N,AP,999,26
0141601P,23810023004,N,AP,999,2
0141601P,23810025520,N,AP,999,8
0142106N,23210025437,N,AP,999,5
0142106N,23210025438,N,AP,999,4
0142106N,23810025012,N,AP,999,1
0142106N,23810025014,N,AP,999,2
0142106N,23810025411,N,AP,999,5
0142106N,23810025520,N,AP,999,3
0142477S,23210031224,N,AP,999,1
0142220M,23810031116,N,AP,999,1
0141815X,23210022146,N,AP,999,36
0141815X,23210031221,N,AP,999,1
0141815X,23210031222,N,AP,999,0
0141815X,23210031223,N,AP,999,19
0141815X,23210031224,N,AP,999,31
0141815X,23210033413,N,AP,999,18
0141815X,23810022106,N,AP,999,7
0141815X,23810031213,N,AP,999,30
0141815X,23810031214,N,AP,999,5
0141300M,23210022137,N,AP,999,32
0141300M,23210022141,N,AP,999,45
0141300M,23210022142,N,AP,999,3
0141300M,23210022143,N,AP,999,14
0141300M,23210022144,N,AP,999,4
0141300M,23210025225,N,AP,999,48
0141300M,23210025227,N,AP,999,12
0141300M,23210031224,N,AP,999,38
0141300M,23210033615,N,AP,999,21
0141300M,23210033616,N,AP,999,76
0141300M,23810025224,N,AP,999,14
0141300M,23810025226,N,AP,999,2
0140096D,99990099902,O,ST,0,37
0140096D,99990099902,O,ST,0,9
0140096D,99990099902,O,ST,0,3
0140096D,99990099902,O,ST,0,24
0140096D,99990099902,O,ST,0,5
0140096D,99990099902,O,ST,0,7
0140096D,99990099902,O,ST,0,16
0140096D,99990099902,O,ST,0,37
0140096D,99990099902,O,ST,0,5
0140096D,99990099902,O,ST,0,18
0140096D,99990099902,O,ST,0,5
0140096D,99990099902,O,ST,0,18
0140096D,99990099902,O,ST,0,159
0140096D,99990099902,O,ST,0,4
0140096D,99990099902,O,ST,0,14
0140096D,99990099902,O,ST,0,285
0140096D,99990099902,O,ST,0,214
0140096D,99990099902,O,ST,0,6
0140096D,99990099902,O,ST,0,262
0140096D,99990099902,O,ST,0,4
0140096D,99990099902,O,ST,0,8
0140096D,99990099902,O,ST,0,26
0140096D,99990099902,O,ST,0,152
0140096D,99990099902,O,ST,0,2
0140096D,99990099902,O,ST,0,5
0140096D,99990099902,O,ST,0,1
0140096D,99990099902,O,ST,0,2
0140096D,99990099902,O,ST,0,4
0140096D,99990099902,O,ST,0,0
0140096D,99990099902,O,ST,0,0
0140096D,99990099902,O,ST,0,0
0142120D,23820025519,N,ST,87,69
0142120D,23820025520,N,ST,24,22
0142120D,23810020008,N,ST,72,56
0141192V,23210033205,N,ST,15,7
0141192V,23810033007,N,ST,25,15
0141192V,23810034403,N,ST,15,20
0141599M,23820020009,N,ST,12,12
0141599M,23820022106,N,ST,24,22
0141599M,23820025406,N,ST,12,11
0141599M,23820033403,N,ST,12,12
0141599M,23820034304,N,ST,12,8
0141599M,23210022146,N,ST,12,16
0141599M,23210025439,N,ST,12,7
0141599M,23210033413,N,ST,12,4
0141599M,23810020006,N,ST,12,10
0141599M,23810020009,N,ST,12,10
0141599M,23810023409,N,ST,15,8
0141599M,23810033404,N,ST,36,15
0141599M,23810034306,N,ST,12,2
0141193W,23810033007,N,ST,15,9
0141193W,23810033404,N,ST,16,12
0140052F,23820020102,N,ST,12,6
0140052F,23820025012,N,ST,12,13
0140052F,23820025520,N,ST,12,13
0140052F,23820033007,N,ST,42,44
0140052F,23210033205,N,ST,15,44
0140052F,23810020008,N,ST,12,12
0140052F,23810020104,N,ST,29,9
0140052F,23810033007,N,ST,42,51
0149999T,41411041001,N,ST,0,0
0149999T,99990099902,O,ST,1,2
0149999T,99990099902,O,ST,1,133
0149999T,99990099902,O,ST,1,71
0141420T,23210022146,N,ST,8,27
0141420T,23210023006,N,ST,8,17
0141420T,23210023224,N,ST,8,6
0141420T,23210023327,N,ST,8,17
0141420T,23210024007,N,ST,8,4
0141420T,23210033002,N,ST,8,10
0141420T,23210033413,N,ST,16,8
0141420T,23211021130,N,ST,8,7
0140056K,23820023404,N,ST,6,6
0140056K,23820031106,N,ST,24,18
0140056K,23210023446,N,ST,15,9
0140056K,23810023404,N,ST,15,16
0140056K,23810030003,N,ST,24,11
0142132S,23820022105,N,ST,24,29
0142132S,23820022106,N,ST,36,46
0142132S,23820031212,N,ST,24,31
0142132S,23820033403,N,ST,36,27
0142132S,23210033413,N,ST,12,20
0142132S,23810022107,N,ST,24,99
0142132S,23810031211,N,ST,24,33
0142132S,23810033404,N,ST,72,100
0141904U,23211033003,N,AP,999,1
0141904U,23211033003,N,ST,30,12
0141904U,23811033001,N,ST,30,22
0141275K,23C10032208,N,ST,12,18
0141275K,23820022106,N,ST,11,6
0141275K,23820025014,N,ST,13,9
0141275K,23820025411,N,ST,13,16
0141275K,23820025520,N,ST,26,22
0141275K,23820032207,N,ST,15,19
0141275K,23820032208,N,ST,11,7
0141275K,23820032303,N,ST,15,27
0141275K,23820033007,N,ST,28,27
0141275K,23820033403,N,ST,10,5
0141275K,23210025439,N,ST,12,11
0141275K,23210031224,N,ST,24,31
0141275K,23210032225,N,ST,11,10
0141275K,23210032228,N,ST,11,13
0141275K,23210033002,N,ST,12,11
0141275K,23810020008,N,ST,24,19
0141275K,23810020103,N,ST,30,23
0141275K,23810032210,N,ST,27,24
0141275K,23810032303,N,ST,15,34
0141275K,23810033007,N,ST,30,34
0141275K,23810033404,N,ST,24,38
0141868E,23810030003,N,ST,23,8
0141868E,23810031211,N,ST,50,29
0141197A,23210022146,N,ST,12,21
0141197A,23210023447,N,ST,15,15
0141197A,23210033413,N,ST,12,13
0141197A,23810020006,N,ST,15,7
0141872J,23811021004,N,AP,999,1
0141872J,23811021112,N,ST,25,16
0141687H,23820022503,N,ST,11,12
0141687H,23820025012,N,ST,19,21
0141687H,23820025214,N,ST,40,49
0141687H,23820025411,N,ST,24,22
0141687H,23820025412,N,ST,20,23
0141687H,23820025519,N,ST,24,21
0141687H,23820025520,N,ST,24,29
0141687H,23210025438,N,ST,9,13
0141687H,23210025439,N,ST,9,6
0141687H,23810020008,N,ST,48,74
0141687H,23810020103,N,ST,24,23
0141687H,23810020104,N,ST,24,10
0141687H,23810022503,N,ST,15,6
0141687H,23810025222,N,ST,40,68
0141687H,23810025412,N,ST,20,32
0142215G,23210025226,N,AP,999,5
0142215G,23810025225,N,AP,999,6
0142236E,23811033001,N,ST,34,18
0141112H,23821021001,N,ST,24,2
0141112H,23821021004,N,ST,27,4
0141112H,23810020005,N,ST,22,15
0141112H,23811021112,N,ST,29,35
0141941J,23211021130,N,AP,999,9
0141941J,23811021001,N,AP,999,8
0141941J,23811021004,N,AP,999,11
0142178S,23820024204,N,ST,15,15
0142178S,23820025013,N,ST,12,9
0142178S,23820025411,N,ST,15,9
0142178S,23820030004,N,ST,16,15
0142178S,23820031106,N,ST,18,27
0142178S,23820034403,N,ST,18,29
0142178S,23210022142,N,ST,20,11
0142178S,23810020103,N,ST,25,19
0142178S,23810024204,N,ST,15,13
0142178S,23810030003,N,ST,40,26
0142178S,23810034403,N,ST,18,83
0141421U,23821021004,N,ST,7,1
0141421U,23821021302,N,ST,10,3
0141421U,23821021405,N,ST,14,0
0141421U,23811021112,N,ST,29,24
0141421U,23811021404,N,ST,22,12
0141421U,23811021404,N,ST,35,13
0142234C,23811033001,N,ST,40,24
0142180U,23211021130,N,AP,999,11
0142180U,23211021405,N,AP,999,7
0142180U,23811021004,N,AP,999,5
Total établissements sélectionnés - département CALVADOS,,,,68498,13529
0150755P,23211021130,N,AP,999,9
0150755P,23811021004,N,AP,999,6
0150755P,23811021303,N,AP,999,5
0150613K,23210022142,N,AP,999,3
0150613K,23210022142,N,ST,16,6
0150613K,23210023327,N,AP,999,1
0150613K,23210023327,N,ST,8,6
0150613K,23211021405,N,AP,999,2
0150613K,23211021405,N,ST,8,18
0150037J,23821021004,N,ST,32,1
0150037J,23811021112,N,ST,32,25
0150008C,23820022106,N,ST,12,15
0150008C,23820030004,N,ST,18,18
0150008C,23820031213,N,ST,23,26
0150008C,23820031214,N,ST,7,9
0150008C,23820033006,N,ST,15,15
0150008C,23820033007,N,ST,45,45
0150008C,23820033403,N,ST,12,11
0150008C,23210022140,N,AP,999,0
0150008C,23210022140,N,ST,6,3
0150008C,23210022146,N,ST,12,11
0150008C,23810030003,N,ST,18,17
0150008C,23810031211,N,ST,30,29
0150008C,23810033006,N,ST,15,29
0150008C,23810033007,N,ST,45,41
0150008C,23810033404,N,ST,24,29
0150006A,23820025012,N,ST,15,12
0150006A,23820025214,N,ST,20,20
0150006A,23820025519,N,ST,30,31
0150006A,23820025520,N,ST,15,12
0150006A,23810020008,N,ST,45,39
0150006A,23810020104,N,ST,15,3
0150006A,23810025222,N,ST,20,23
0150047V,23820023003,N,ST,15,2
0150047V,23820032303,N,ST,30,2
0150047V,23210032227,N,ST,12,16
0150047V,23810023003,N,ST,15,9
0150047V,23810032303,N,ST,30,26
0150760V,23820031212,N,ST,10,15
0150760V,23820033007,N,ST,20,19
0150760V,23210031224,N,ST,12,10
0150760V,23810031211,N,ST,18,6
0150760V,23810031212,N,AP,999,0
0150760V,23810033007,N,ST,24,16
0150640P,23210022137,N,AP,999,5
0150640P,23210022141,N,AP,999,12
0150640P,23210022142,N,AP,999,1
0150640P,23210022143,N,AP,999,6
0150640P,23210022146,N,AP,999,6
0150640P,23210023326,N,AP,999,1
0150640P,23210023327,N,AP,999,1
0150640P,23210025440,N,AP,999,3
0150640P,23210025441,N,AP,999,1
0150640P,23210031224,N,AP,999,12
0150640P,23210033413,N,AP,999,2
0150640P,23210033615,N,AP,999,7
0150640P,23210033616,N,AP,999,11
0150794G,23210033205,N,AP,999,0
0150672Z,23821021004,N,ST,32,16
0150672Z,23211021130,N,AP,999,8
0150672Z,23811021112,N,ST,35,10
0150605B,23210022715,N,AP,999,0
0150605B,23210023223,N,AP,999,4
0150605B,23210023224,N,AP,999,3
0150605B,23210023324,N,AP,999,6
0150605B,23210023325,N,AP,999,3
0150605B,23210023326,N,AP,999,5
0150605B,23210023327,N,AP,999,2
0150605B,23210023447,N,AP,999,3
0150605B,23210023449,N,AP,999,0
0150605B,23210025524,N,AP,999,7
0150668V,23821021405,N,ST,32,0
0150668V,23211033003,N,ST,25,4
0150668V,23811021404,N,ST,25,5
0150668V,23811021405,N,AP,999,2
0150022T,23C10023412,N,ST,3,1
0150022T,23820023404,N,ST,15,7
0150022T,23820023405,N,ST,15,13
0150022T,23210023445,N,AP,999,0
0150022T,23210023445,N,ST,15,11
0150022T,23210023446,N,AP,999,0
0150022T,23210023446,N,ST,4,0
0150022T,23210023447,N,AP,999,0
0150022T,23210023447,N,ST,4,2
0150022T,23210023449,N,AP,999,0
0150022T,23210023449,N,ST,3,0
0150022T,23810023404,N,ST,12,1
0150022T,23810023409,N,ST,12,4
0150022T,23810023404,N,ST,10,0
0150754N,23211021130,N,AP,999,6
0150661M,23821022108,N,ST,18,0
0150661M,23821033003,N,ST,18,0
0150661M,23211033003,N,ST,35,2
0150661M,23811022103,N,ST,35,0
0150661M,23811033001,N,ST,35,7
0150599V,23821021004,N,ST,32,3
0150599V,23821021302,N,ST,27,2
0150599V,23820022005,N,ST,18,1
0150599V,23811021112,N,ST,43,41
0150599V,23811021404,N,ST,27,10
0150599V,23811022104,N,ST,16,3
0150030B,23820025012,N,ST,24,18
0150030B,23820030004,N,ST,18,14
0150030B,23810020104,N,ST,24,14
0150030B,23810030003,N,ST,18,17
0150688S,23821021211,N,ST,24,0
0150688S,23211021237,N,AP,999,4
0150688S,23211021237,N,ST,25,8
0150688S,23811021112,N,ST,25,12
0150688S,23811021211,N,AP,999,12
Total établissements sélectionnés - département CANTAL,,,,45719,1997
0160047P,23820025012,N,ST,24,24
0160047P,23820025014,N,ST,15,10
0160047P,23820025519,N,ST,15,29
0160047P,23820025520,N,ST,24,26
0160047P,23810020008,N,ST,39,77
0160047P,23810020103,N,ST,15,6
0160047P,23810020104,N,ST,24,9
0160049S,23820024204,N,ST,12,16
0160049S,23820024302,N,ST,12,11
0160049S,23820030004,N,ST,15,23
0160049S,23820033006,N,ST,18,23
0160049S,23820033007,N,ST,45,53
0160049S,23820034403,N,ST,15,23
0160049S,23210024240,N,ST,8,12
0160049S,23210024313,N,AP,999,1
0160049S,23210024313,N,ST,12,0
0160049S,23210024323,N,ST,8,6
0160049S,23210034405,N,ST,12,15
0160049S,23810024204,N,ST,12,22
0160049S,23810024304,N,ST,12,11
0160049S,23810030003,N,ST,15,32
0160049S,23810033006,N,ST,18,51
0160049S,23810033007,N,ST,45,63
0160049S,23810034403,N,ST,15,59
0160792Z,23820022706,N,ST,15,12
0160792Z,23820023005,N,ST,15,21
0160792Z,23820023104,N,ST,15,14
0160792Z,23820023303,N,ST,15,11
0160792Z,23820023405,N,ST,12,13
0160792Z,23820025517,N,ST,15,14
0160792Z,23210022715,N,AP,999,0
0160792Z,23210022715,N,ST,12,23
0160792Z,23210023447,N,AP,999,0
0160792Z,23210023447,N,ST,9,12
0160792Z,23810020006,N,ST,15,12
0160792Z,23810020008,N,ST,30,20
0160792Z,23810023007,N,ST,30,37
0160792Z,23810023409,N,ST,12,15
0161133V,23820031213,N,ST,18,21
0161133V,23820031214,N,ST,18,24
0161133V,23210031223,N,ST,12,9
0161133V,23210031224,N,ST,30,16
0161133V,23810031211,N,ST,36,35
0161230A,23210022137,N,AP,999,13
0161230A,23210022141,N,AP,999,9
0161230A,23210022143,N,AP,999,8
0161230A,23210022144,N,AP,999,3
0161230A,23210023220,N,AP,999,0
0161230A,23210025436,N,AP,999,2
0161230A,23210031224,N,AP,999,7
0161230A,23210033205,N,AP,999,20
0160048R,23820025012,N,ST,15,11
0160048R,23820025519,N,ST,15,16
0160048R,23820025520,N,ST,15,18
0160048R,23820031213,N,ST,20,13
0160048R,23820031214,N,ST,10,14
0160048R,23820033604,N,ST,12,11
0160048R,23820033606,N,ST,35,35
0160048R,23210020101,N,ST,15,13
0160048R,23210031224,N,ST,15,17
0160048R,23210033002,N,ST,15,9
0160048R,23210033616,N,ST,48,69
0160048R,23810020008,N,ST,30,29
0160048R,23810020104,N,ST,15,3
0160048R,23810031211,N,ST,30,38
0160048R,23810033605,N,ST,47,108
0161212F,23210022714,N,AP,999,0
0161212F,23210022715,N,AP,999,0
0161212F,23210023006,N,AP,999,1
0161212F,23210023122,N,AP,999,4
0161212F,23210023224,N,AP,999,19
0161212F,23210023324,N,AP,999,4
0161212F,23210023325,N,AP,999,1
0161212F,23210023326,N,AP,999,4
0161212F,23210023327,N,AP,999,6
0161212F,23210023447,N,AP,999,9
0161212F,23210023449,N,AP,999,3
0161212F,23210025439,N,AP,999,2
0161212F,23210025524,N,AP,999,3
0161131T,23810031213,N,AP,999,5
0160119T,23820020102,N,ST,24,20
0160119T,23820025014,N,ST,15,13
0160119T,23820025520,N,ST,15,12
0160119T,23210020101,N,ST,12,9
0160119T,23210033002,N,ST,12,9
0160119T,23810020008,N,ST,15,15
0160119T,23810020103,N,ST,15,10
0160119T,23810020104,N,ST,24,6
0160020K,23820030004,N,ST,30,26
0160020K,23820031213,N,ST,15,17
0160020K,23820031214,N,ST,15,20
0160020K,23810030003,N,ST,30,24
0160020K,23810031211,N,ST,30,57
0161229Z,23210023451,N,AP,999,3
0161229Z,23210031224,N,AP,999,5
0161229Z,23210033615,N,AP,999,14
0161229Z,23210033616,N,AP,999,13
0160022M,23820033007,N,ST,15,17
0160022M,23810033007,N,ST,15,10
0161000A,23821033003,N,ST,32,1
0161000A,23210031224,N,AP,999,1
0161000A,23811022108,N,ST,45,5
0161000A,23811033003,N,ST,45,22
0160006V,23821021302,N,ST,16,0
0160006V,23811021302,N,ST,16,27
0161077J,23211021130,N,AP,999,7
0161077J,23211021405,N,AP,999,10
0161077J,23811021001,N,AP,999,4
0161077J,23811021113,N,AP,999,2
0161043X,23821033003,N,ST,19,0
0161043X,23211021405,N,AP,999,3
0161043X,23211021405,N,ST,45,5
0161043X,23211033003,N,AP,999,2
0161043X,23211033003,N,ST,45,9
0161043X,23811033003,N,ST,45,11
0160757L,23210022142,N,AP,999,1
0160757L,23210022146,N,AP,999,16
0160757L,23210025225,N,AP,999,16
0160757L,23210025440,N,AP,999,14
0160757L,23210025441,N,AP,999,1
0160757L,23210031224,N,AP,999,8
0160757L,23210033413,N,AP,999,12
0160757L,23810025224,N,AP,999,7
0160757L,23810025412,N,AP,999,6
0160757L,23810031213,N,AP,999,9
0160757L,23810031214,N,AP,999,2
0160757L,23810032207,N,AP,999,5
0160757L,23810032208,N,AP,999,3
0161216K,23210025437,N,AP,999,2
0161216K,23810025012,N,AP,999,1
0161216K,23810025014,N,AP,999,3
0161216K,23810025411,N,AP,999,1
0161216K,23810025520,N,AP,999,5
0161042W,23821033003,N,ST,23,1
0161042W,23210033002,N,AP,999,1
0161042W,23811033003,N,AP,999,7
0161042W,23811033003,N,ST,25,13
0160968R,23210023327,N,AP,999,0
0160968R,23210023327,N,ST,8,22
0160968R,23210024239,N,ST,8,10
0160968R,23210033002,N,ST,8,17
0160968R,23210034308,N,AP,999,0
0160968R,23210034308,N,ST,8,2
0160968R,23211021405,N,ST,8,18
0160036C,23820025411,N,ST,12,9
0160036C,23820025520,N,ST,15,12
0160036C,23820031212,N,ST,12,15
0160036C,23820031213,N,ST,30,31
0160036C,23820031214,N,ST,18,17
0160036C,23210025438,N,ST,12,16
0160036C,23210031224,N,ST,18,34
0160036C,23810020008,N,ST,15,13
0160036C,23810020103,N,ST,12,9
0160036C,23810031211,N,ST,60,58
0160980D,23821022105,N,ST,25,0
0160980D,23821033003,N,ST,35,1
0160980D,23211021405,N,ST,16,12
0160980D,23211033003,N,ST,16,7
0160980D,23811033003,N,ST,30,15
0161003D,23820023304,N,ST,15,8
0161003D,23820023404,N,ST,15,7
0161003D,23820025519,N,ST,24,25
0161003D,23210023006,N,AP,999,2
0161003D,23210023006,N,ST,15,34
0161003D,23810020006,N,ST,15,9
0161003D,23810020008,N,ST,24,27
0161003D,23810023404,N,ST,15,6
0160083D,23820022105,N,ST,12,13
0160083D,23820022106,N,ST,24,9
0160083D,23820033403,N,ST,12,10
0160083D,23820033606,N,ST,15,23
0160083D,23210022141,N,AP,999,1
0160083D,23210022146,N,ST,6,9
0160083D,23210033413,N,ST,6,6
0160083D,23210033615,N,ST,24,20
0160083D,23810022107,N,ST,12,27
0160083D,23810033404,N,ST,36,38
0160083D,23810033605,N,ST,15,27
0160108F,23821021001,N,ST,16,0
0160108F,23821021004,N,ST,19,1
0160108F,23821033003,N,ST,32,0
0160108F,23811021001,N,ST,12,7
0160108F,23811021004,N,ST,20,16
0160108F,23811033003,N,ST,32,30
0160981E,23821022108,N,ST,14,1
0160981E,23821033003,N,ST,33,1
0160981E,23211033003,N,ST,25,11
0160981E,23811022108,N,ST,16,3
0160981E,23811033003,N,ST,16,7
0160862A,23820025214,N,ST,20,31
0160862A,23820025215,N,ST,20,5
0160862A,23820025216,N,ST,10,11
0160862A,23820031106,N,ST,24,21
0160862A,23820031107,N,ST,36,37
0160862A,23820031114,N,ST,15,8
0160862A,23210025225,N,ST,10,57
0160862A,23210031122,N,ST,12,17
0160862A,23810025222,N,ST,50,85
0160862A,23810025225,N,AP,999,6
0160862A,23810030003,N,ST,39,24
0160862A,23810031117,N,ST,36,85
0160999Z,23821021004,N,ST,30,0
0160999Z,23811021004,N,ST,25,28
0160755J,23821021114,N,ST,25,1
0160755J,23821021405,N,ST,25,0
0160755J,23211021130,N,AP,999,1
0160755J,23211021130,N,ST,19,6
0160755J,23811021114,N,AP,999,1
0160755J,23811021114,N,ST,25,0
0160755J,23811021405,N,AP,999,3
0160755J,23811021405,N,ST,25,7
0161002C,23821021004,N,ST,18,1
0161002C,23821021113,N,ST,18,1
0161002C,23811021004,N,AP,999,2
0161002C,23811021113,N,AP,999,1
0161002C,23811021113,N,ST,15,4
0161002C,23811021004,N,ST,15,1
0161002C,23811033003,N,AP,999,1
Total établissements sélectionnés - département CHARENTE,,,,74716,7436
0171265H,23821021004,N,ST,20,2
0171265H,23821021211,N,ST,25,0
0171265H,23821021302,N,ST,16,0
0171265H,23211021237,N,ST,18,20
0171265H,23811021004,N,ST,24,14
0171265H,23811021211,N,ST,24,20
0171265H,23811021302,N,ST,16,13
0171428K,23821021213,N,ST,27,0
0171428K,23821021302,N,ST,19,1
0171428K,23820021204,N,ST,16,0
0171428K,23811021213,N,ST,19,9
0171428K,23811021302,N,ST,19,12
0171428K,23810021204,N,ST,12,9
0171625Z,23810025411,N,AP,999,1
0171625Z,23810025520,N,AP,999,3
0171293N,23821033003,N,ST,45,0
0171293N,23211033003,N,ST,25,12
0171293N,23811033003,N,AP,999,3
0171293N,23811033003,N,ST,25,8
0171318R,23821021303,N,ST,28,0
0171318R,23211021314,N,ST,8,7
0171318R,23811021303,N,AP,999,2
0171318R,23811021404,N,ST,24,2
0171292M,23821021203,N,ST,33,2
0171292M,23211021130,N,AP,999,0
0171292M,23211021130,N,ST,25,2
0171292M,23211021405,N,AP,999,2
0171292M,23211021405,N,ST,25,11
0171292M,23811021203,N,ST,30,21
0171290K,23821033003,N,ST,35,2
0171290K,23811033003,N,ST,32,19
0171652D,23211021130,N,AP,999,4
0170135E,23820033007,N,ST,45,50
0170135E,23210022142,N,ST,12,26
0170135E,23210033002,N,ST,12,5
0170135E,23810033007,N,ST,45,37
0171183U,23210022137,N,AP,999,17
0171183U,23210022141,N,AP,999,25
0171183U,23210022142,N,AP,999,3
0171183U,23210022143,N,AP,999,15
0171183U,23210022144,N,AP,999,0
0171183U,23210022146,N,AP,999,19
0171183U,23210022714,N,AP,999,2
0171183U,23210022715,N,AP,999,1
0171183U,23210023006,N,AP,999,2
0171183U,23210023224,N,AP,999,20
0171183U,23210023324,N,AP,999,7
0171183U,23210023325,N,AP,999,5
0171183U,23210023327,N,AP,999,16
0171183U,23210023449,N,AP,999,7
0171183U,23210025225,N,AP,999,28
0171183U,23210025227,N,AP,999,9
0171183U,23210025440,N,AP,999,9
0171183U,23210025441,N,AP,999,4
0171183U,23210025524,N,AP,999,16
0171183U,23210031222,N,AP,999,0
0171183U,23210031224,N,AP,999,32
0171183U,23210032227,N,AP,999,5
0171183U,23210033413,N,AP,999,10
0171183U,23210033615,N,AP,999,21
0171183U,23210033616,N,AP,999,28
0171183U,23810025224,N,AP,999,13
0171183U,23810031213,N,AP,999,14
0171603A,23210033615,N,AP,999,3
0171603A,23810033606,N,AP,999,1
0171550T,23210033205,N,AP,999,9
0171550T,23210033615,N,AP,999,9
0171550T,23210033616,N,AP,999,4
0171432P,23210021203,N,ST,6,3
0171432P,23210021308,N,ST,6,11
0171432P,23210031221,N,AP,999,2
0171432P,23810020007,N,ST,40,36
0171432P,23810021204,N,ST,20,7
0171238D,23820025012,N,ST,4,3
0171238D,23820025012,N,ST,21,12
0171238D,23820025223,N,ST,24,18
0171238D,23820025411,N,ST,15,16
0171238D,23820025520,N,ST,2,2
0171238D,23820025519,N,ST,45,48
0171238D,23820025520,N,ST,43,27
0171238D,23210025224,N,AP,999,4
0171238D,23210025224,N,ST,10,16
0171238D,23810020008,N,ST,90,67
0171238D,23810020103,N,ST,15,19
0171238D,23810020104,N,ST,25,9
0171238D,23810025223,N,AP,999,1
0171238D,23810025223,N,ST,24,12
0170031S,23820030004,N,ST,30,48
0170031S,23820031106,N,ST,30,11
0170031S,23820031213,N,ST,45,44
0170031S,23820031214,N,ST,15,29
0170031S,23820033006,N,ST,24,37
0170031S,23820033007,N,ST,30,33
0170031S,23210022142,N,ST,24,28
0170031S,23210031224,N,ST,15,47
0170031S,23210033002,N,ST,15,13
0170031S,23810030003,N,ST,60,49
0170031S,23810031211,N,ST,60,93
0170031S,23810033006,N,ST,24,84
0170031S,23810033007,N,ST,30,36
0170031S,23810033605,N,ST,12,51
0171405K,23820022106,N,ST,36,43
0171405K,23820033403,N,ST,36,37
0171405K,23210022146,N,ST,12,21
0171405K,23210033413,N,ST,12,12
0171405K,23810033404,N,ST,72,135
0170029P,23820022707,N,ST,15,20
0170029P,23820025214,N,ST,30,35
0170029P,23810020008,N,ST,15,27
0170029P,23810025222,N,ST,30,59
0170100S,23820022706,N,ST,15,0
0170100S,23820031212,N,ST,15,4
0170100S,23820031213,N,ST,15,4
0170100S,23820031214,N,ST,15,3
0170100S,23820033007,N,ST,30,25
0170100S,23210022715,N,ST,12,0
0170100S,23810020008,N,ST,15,7
0170100S,23810031211,N,ST,45,30
0170100S,23810033007,N,ST,30,7
0171465A,23210022715,N,AP,999,5
0171465A,23210023223,N,AP,999,6
0171465A,23210023447,N,AP,999,13
0171465A,23210025437,N,AP,999,7
0171289J,23821033003,N,ST,33,1
0171289J,23210022142,N,AP,999,1
0171289J,23210022146,N,AP,999,6
0171289J,23811033003,N,ST,25,18
0170020E,23820023210,N,ST,23,17
0170020E,23820025214,N,ST,15,19
0170020E,23820025411,N,ST,15,13
0170020E,23820025520,N,ST,24,25
0170020E,23820034303,N,ST,15,16
0170020E,23210022006,N,ST,12,12
0170020E,23210025438,N,ST,12,15
0170020E,23810020006,N,ST,24,17
0170020E,23810020008,N,ST,24,33
0170020E,23810020103,N,ST,15,12
0170020E,23810025222,N,ST,15,43
0170020E,23810034307,N,ST,15,4
0171338M,23821033003,N,ST,10,1
0171338M,23211033003,N,ST,28,16
0171338M,23811033003,N,ST,28,14
0170025K,23820024204,N,ST,24,33
0170025K,23820031212,N,ST,18,16
0170025K,23820031213,N,ST,15,23
0170025K,23820031214,N,ST,15,16
0170025K,23820033007,N,ST,18,22
0170025K,23210024127,N,ST,12,12
0170025K,23210024240,N,ST,12,13
0170025K,23210031224,N,AP,999,3
0170025K,23210031224,N,ST,24,47
0170025K,23810024204,N,ST,24,35
0170025K,23810031211,N,ST,48,64
0170025K,23810033007,N,ST,18,43
0171455P,23820022503,N,ST,24,23
0171455P,23820025013,N,ST,15,7
0171455P,23820025014,N,ST,15,11
0171455P,23820025304,N,ST,24,35
0171455P,23210022510,N,ST,12,7
0171455P,23810020103,N,ST,30,13
0171455P,23810022503,N,ST,24,9
0171455P,23810025307,N,ST,24,39
0171571R,23820022106,N,ST,12,18
0171571R,23820022707,N,ST,15,16
0171571R,23820023004,N,ST,15,10
0171571R,23820023005,N,ST,15,26
0171571R,23820023104,N,ST,15,7
0171571R,23820023205,N,ST,15,8
0171571R,23820023304,N,ST,15,18
0171571R,23820030004,N,ST,15,17
0171571R,23820031213,N,ST,15,25
0171571R,23820031214,N,ST,15,27
0171571R,23820033403,N,ST,12,8
0171571R,23210022146,N,AP,999,3
0171571R,23210022146,N,ST,12,24
0171571R,23210023220,N,AP,999,1
0171571R,23210023220,N,ST,12,10
0171571R,23210023224,N,AP,999,6
0171571R,23210023447,N,ST,12,3
0171571R,23210024238,N,AP,999,0
0171571R,23210024238,N,ST,9,6
0171571R,23210024239,N,AP,999,1
0171571R,23210024239,N,ST,9,10
0171571R,23210025439,N,AP,999,2
0171571R,23210025439,N,ST,12,8
0171571R,23210033413,N,AP,999,4
0171571R,23210033413,N,ST,12,13
0171571R,23810020006,N,ST,30,32
0171571R,23810020008,N,ST,15,11
0171571R,23810022106,N,AP,999,4
0171571R,23810023007,N,ST,45,48
0171571R,23810030003,N,ST,15,23
0171571R,23810031211,N,ST,30,92
0171571R,23810033403,N,AP,999,3
0171571R,23810033404,N,ST,24,32
0171577X,23211021405,N,AP,999,16
0171577X,23811021405,N,AP,999,9
0170392J,23210023224,N,ST,8,8
0170392J,23210023449,N,ST,8,3
0170392J,23210033002,N,ST,8,13
0170392J,23211021405,N,ST,8,13
0170078T,23820020009,N,ST,15,14
0170078T,23820025012,N,ST,12,14
0170078T,23820025014,N,ST,15,14
0170078T,23820025519,N,ST,30,37
0170078T,23820030004,N,ST,15,20
0170078T,23820031114,N,ST,15,11
0170078T,23810020008,N,ST,30,52
0170078T,23810020009,N,ST,15,14
0170078T,23810020103,N,ST,15,10
0170078T,23810020104,N,ST,12,6
0170078T,23810030003,N,ST,30,41
0170394L,23821021114,N,ST,13,2
0170394L,23821021405,N,ST,27,9
0170394L,23821021407,N,ST,14,3
0170394L,23811021114,N,ST,8,13
0170394L,23811021405,N,ST,32,27
0170394L,23811021407,N,ST,24,14
0171209X,23210023224,N,AP,999,14
0171209X,23210023324,N,AP,999,14
0171209X,23210023325,N,AP,999,3
0171209X,23210023326,N,AP,999,5
0171209X,23210023327,N,AP,999,8
0171209X,23210023447,N,AP,999,6
0171209X,23210023449,N,AP,999,3
0171209X,23210025524,N,AP,999,9
0171208W,23210031223,N,AP,999,17
0171208W,23210031224,N,AP,999,49
0171401F,23211021130,N,AP,999,11
0170399S,23821021004,N,ST,17,0
0170399S,23821021113,N,ST,15,0
0170399S,23821022108,N,ST,19,0
0170399S,23811021113,N,ST,13,10
0170399S,23811021004,N,ST,14,13
0170399S,23811022108,N,ST,19,10
0171239E,23210022137,N,AP,999,10
0171239E,23210022141,N,AP,999,20
0171239E,23210022142,N,AP,999,2
0171239E,23210022146,N,AP,999,11
0171239E,23210025221,N,AP,999,11
0171239E,23210025223,N,AP,999,7
0171239E,23210025225,N,AP,999,31
0171239E,23210031224,N,AP,999,16
0171239E,23210033413,N,AP,999,3
0171239E,23210033616,N,AP,999,28
0171239E,23810025221,N,AP,999,0
0171239E,23810025224,N,AP,999,6
0170052P,23820025219,N,ST,23,7
0170052P,23820025220,N,ST,23,15
0170052P,23820025221,N,ST,12,11
0170052P,23820034403,N,ST,24,32
0170052P,23210023123,N,ST,24,56
0170052P,23210023124,N,AP,999,8
0170052P,23210025222,N,ST,10,10
0170052P,23210034405,N,ST,24,24
0170052P,23810025222,N,ST,58,32
0170052P,23810034403,N,ST,18,109
0170051N,23820031212,N,ST,18,6
0170051N,23820031213,N,ST,30,38
0170051N,23820031214,N,ST,30,30
0170051N,23820033007,N,ST,15,16
0170051N,23210031224,N,ST,15,28
0170051N,23810031211,N,ST,78,49
0170051N,23810033007,N,ST,15,27
0171291L,23821021004,N,ST,25,1
0171291L,23211021130,N,AP,999,5
0171291L,23811021004,N,AP,999,8
0171291L,23811021004,N,ST,25,12
0170393K,23820022005,N,ST,19,3
0170393K,23820031213,N,ST,30,9
0170393K,23210022145,N,ST,16,18
0170393K,23810022005,N,ST,19,8
0170070J,23820023405,N,ST,15,14
0170070J,23820023407,N,ST,15,7
0170070J,23210023445,N,ST,12,13
0170070J,23210023447,N,AP,999,0
0170070J,23210023447,N,ST,12,13
0170070J,23210031224,N,ST,24,13
0170070J,23810023409,N,ST,30,24
0171591M,23211022108,N,AP,999,2
Total établissements sélectionnés - département CHARENTE-MARITIME,,,,102595,13651
0180758B,23211021130,N,AP,999,4
0180758B,23211021130,N,ST,24,8
0180758B,23211033003,N,AP,999,1
0180758B,23211033003,N,ST,24,9
0180758B,23811021004,N,AP,999,0
0180758B,23811021203,N,AP,999,1
0180758B,23811021407,N,AP,999,0
0180758B,23811022103,N,ST,16,5
0180758B,23811022108,N,AP,999,0
0180758B,23811033001,N,ST,25,9
0180758B,23811033003,N,AP,999,1
0189999W,,O,ST,0,90
0189999W,,O,ST,0,2
0189999W,,O,ST,0,40
0180042Y,23820022106,N,ST,24,39
0180042Y,23820024204,N,ST,24,29
0180042Y,23820033403,N,ST,24,14
0180042Y,23810024204,N,ST,24,47
0180042Y,23810033404,N,ST,48,91
0180009M,23820022707,N,ST,15,20
0180009M,23820023004,N,ST,13,6
0180009M,23820023005,N,ST,13,19
0180009M,23820023405,N,ST,15,16
0180009M,23210022715,N,AP,999,1
0180009M,23210023006,N,AP,999,0
0180009M,23210023006,N,ST,10,12
0180009M,23210023223,N,AP,999,6
0180009M,23210023224,N,AP,999,3
0180009M,23210023224,N,ST,15,15
0180009M,23210023324,N,AP,999,3
0180009M,23210023324,N,ST,12,22
0180009M,23210023327,N,AP,999,2
0180009M,23210023327,N,ST,15,35
0180009M,23210023447,N,AP,999,2
0180009M,23210023447,N,ST,15,12
0180009M,23210023449,N,AP,999,0
0180009M,23810020008,N,ST,15,8
0180009M,23810022707,N,AP,999,2
0180009M,23810023004,N,AP,999,1
0180009M,23810023005,N,AP,999,2
0180009M,23810023007,N,ST,26,24
0180009M,23810023405,N,AP,999,1
0180009M,23810023409,N,ST,15,17
0180010N,23820025411,N,ST,15,15
0180010N,23820025413,N,ST,8,8
0180010N,23820030004,N,ST,24,25
0180010N,23820031106,N,ST,24,26
0180010N,23820033007,N,ST,64,66
0180010N,23210031122,N,ST,15,25
0180010N,23210033205,N,AP,999,3
0180010N,23210033205,N,ST,15,30
0180010N,23810020103,N,ST,15,12
0180010N,23810025413,N,ST,15,3
0180010N,23810030003,N,ST,48,35
0180010N,23810033007,N,ST,48,57
0180823X,23820025214,N,ST,27,35
0180823X,23820025216,N,ST,12,15
0180823X,23820025412,N,ST,24,24
0180823X,23820031212,N,ST,16,13
0180823X,23820031213,N,ST,16,35
0180823X,23820031214,N,ST,16,22
0180823X,23820034403,N,ST,16,26
0180823X,23210031224,N,ST,15,54
0180823X,23810025222,N,ST,39,82
0180823X,23810025412,N,ST,24,26
0180823X,23810031211,N,ST,48,99
0180823X,23810034403,N,ST,16,67
0180008L,23820022706,N,ST,12,13
0180008L,23820025517,N,ST,12,9
0180008L,23820025519,N,ST,30,38
0180008L,23820025520,N,ST,48,38
0180008L,23210025524,N,ST,12,16
0180008L,23810020008,N,ST,102,86
0180571Y,23810020008,N,ST,15,2
0180571Y,23810020104,N,ST,15,0
0180571Y,23810030003,N,ST,15,3
0180571Y,23810031211,N,ST,30,3
0180571Y,23810032303,N,ST,15,8
0180571Y,23810033101,N,ST,15,4
0180755Y,23210022137,N,AP,999,9
0180755Y,23210022141,N,AP,999,14
0180755Y,23210022142,N,AP,999,6
0180755Y,23210022143,N,AP,999,9
0180755Y,23210022144,N,AP,999,0
0180755Y,23210022146,N,AP,999,19
0180755Y,23210025225,N,AP,999,19
0180755Y,23210025440,N,AP,999,3
0180755Y,23210025524,N,AP,999,4
0180755Y,23210031224,N,AP,999,24
0180755Y,23210033413,N,AP,999,9
0180755Y,23210033615,N,AP,999,2
0180755Y,23210033616,N,AP,999,13
0180755Y,23810025224,N,AP,999,0
0180755Y,23810031213,N,AP,999,6
0180755Y,23810031214,N,AP,999,3
0180949J,23810025014,N,AP,999,0
0180949J,23810025411,N,AP,999,3
0180585N,23821021004,N,ST,1,6
0180585N,23821033003,N,ST,1,9
0180585N,23811021112,N,ST,46,36
0180585N,23811033001,N,ST,32,50
0180847Y,23210025221,N,AP,999,5
0180847Y,23210025222,N,AP,999,0
0180847Y,23210025223,N,AP,999,1
0180847Y,23211021130,N,AP,999,12
0180847Y,23211021405,N,AP,999,10
0180847Y,23811021004,N,AP,999,9
0180847Y,23811021405,N,AP,999,20
0180847Y,23810025219,N,AP,999,12
0180847Y,23810025220,N,AP,999,0
0180025E,23820022106,N,ST,12,12
0180025E,23820025221,N,ST,15,5
0180025E,23820031213,N,ST,16,22
0180025E,23820031214,N,ST,16,11
0180025E,23820033403,N,ST,15,8
0180025E,23210022146,N,ST,12,33
0180025E,23210022361,N,ST,60,51
0180025E,23810025221,N,AP,999,0
0180025E,23810025222,N,ST,15,18
0180025E,23810031211,N,ST,32,34
0180025E,23810033404,N,ST,27,14
0180026F,23820033007,N,ST,32,26
0180026F,23210033002,N,ST,15,13
0180026F,23810033007,N,ST,32,26
0180035R,23820030004,N,ST,18,16
0180035R,23820031213,N,ST,16,23
0180035R,23820031214,N,ST,16,15
0180035R,23820033006,N,ST,16,26
0180035R,23820033007,N,ST,16,18
0180035R,23210031224,N,ST,15,15
0180035R,23810030003,N,ST,18,12
0180035R,23810031211,N,ST,32,24
0180035R,23810033006,N,ST,16,42
0180035R,23810033007,N,ST,16,23
0180036S,23820022303,N,ST,15,11
0180036S,23820025012,N,ST,30,18
0180036S,23820025014,N,ST,30,10
0180036S,23820025108,N,ST,14,17
0180036S,23210022422,N,ST,15,13
0180036S,23810020103,N,ST,60,38
0180036S,23810020104,N,ST,30,16
0180572Z,23210031224,N,ST,12,3
0180572Z,23810031211,N,ST,15,4
0180572Z,23810033007,N,ST,30,23
0180572Z,23810033605,N,ST,30,11
Total établissements sélectionnés - département CHER,,,,52536,4970
0190008F,23820023404,N,ST,12,0
0190008F,23820031213,N,ST,18,12
0190008F,23820031214,N,ST,17,15
0190008F,23210023446,N,ST,6,2
0190008F,23210024323,N,ST,12,7
0190008F,23210031224,N,ST,12,16
0190008F,23810023404,N,ST,12,2
0190008F,23810031211,N,ST,35,16
0190045W,23820025012,N,ST,24,16
0190045W,23820025014,N,ST,24,11
0190045W,23820025519,N,ST,24,29
0190045W,23820025520,N,ST,24,24
0190045W,23810020008,N,ST,48,66
0190045W,23810020103,N,ST,24,12
0190045W,23810020104,N,ST,24,7
0190701J,23820025214,N,ST,20,23
0190701J,23820025411,N,ST,24,23
0190701J,23820025412,N,ST,10,0
0190701J,23210023445,N,ST,15,23
0190701J,23210025225,N,AP,999,22
0190701J,23210025225,N,ST,10,47
0190701J,23210025437,N,AP,999,3
0190701J,23210025440,N,AP,999,7
0190701J,23210025440,N,ST,10,23
0190701J,23810020103,N,ST,24,20
0190701J,23810025222,N,ST,20,38
0190701J,23810025412,N,ST,10,18
0190012K,23820024204,N,ST,12,5
0190012K,23820030004,N,ST,24,38
0190012K,23820031106,N,ST,12,14
0190012K,23820031114,N,ST,12,7
0190012K,23820033007,N,ST,35,9
0190012K,23820034304,N,ST,15,4
0190012K,23210022142,N,AP,999,0
0190012K,23210022142,N,ST,12,33
0190012K,23210024240,N,AP,999,2
0190012K,23210024240,N,ST,12,25
0190012K,23210031122,N,AP,999,2
0190012K,23210031224,N,AP,999,11
0190012K,23810024204,N,ST,12,20
0190012K,23810030003,N,ST,48,49
0190012K,23810031213,N,AP,999,6
0190012K,23810031214,N,AP,999,2
0190012K,23810033007,N,ST,35,70
0190012K,23810034306,N,ST,15,6
0190083M,23210031224,N,ST,15,8
0190083M,23810031211,N,ST,32,27
0190083M,23810033006,N,ST,25,17
0190083M,23810033007,N,ST,30,9
0190834D,23210033615,N,AP,999,9
0190834D,23210033616,N,AP,999,5
0190834D,23810033605,N,ST,24,15
0195077R,23210023224,N,AP,999,0
0195077R,23210023324,N,AP,999,2
0195077R,23210023326,N,AP,999,0
0195077R,23210025524,N,AP,999,2
0195074M,23810020102,N,AP,999,0
0195074M,23810025014,N,AP,999,1
0190018S,23820023005,N,ST,15,17
0190018S,23820023104,N,ST,15,8
0190018S,23820023210,N,ST,30,17
0190018S,23210023122,N,AP,999,6
0190018S,23810020006,N,ST,30,54
0190018S,23810023007,N,ST,30,19
0195061Y,23210023122,N,AP,999,13
0195061Y,23210023123,N,AP,999,94
0195061Y,23210023124,N,AP,999,15
0190865M,23211021130,N,AP,999,3
0190865M,23211021237,N,AP,999,4
0190089U,23210023006,N,ST,8,9
0190089U,23210023325,N,ST,8,5
0190089U,23210023327,N,ST,8,18
0190089U,23210023449,N,ST,8,5
0190609J,23821021303,N,ST,32,3
0190609J,23811021404,N,ST,32,35
0190624A,23821021211,O,ST,16,2
0190624A,23821033003,O,ST,28,1
0190624A,23821021004,O,ST,16,1
0190624A,23211033003,N,ST,27,23
0190624A,23811021112,N,ST,16,20
0190624A,23811033003,N,ST,32,29
0190624A,23811021112,N,ST,16,23
0190087S,23821021302,N,ST,54,3
0190087S,23211021314,N,AP,999,11
0190087S,23811021404,N,ST,56,29
0190027B,23820025219,N,ST,25,23
0190027B,23820025220,N,ST,10,9
0190027B,23820025221,N,ST,5,5
0190027B,23210025221,N,AP,999,7
0190027B,23210025222,N,AP,999,2
0190027B,23210025223,N,AP,999,3
0190027B,23810025222,N,ST,40,39
0190807Z,23210022142,N,AP,999,1
0190807Z,23210022146,N,AP,999,0
0190807Z,23210023224,N,AP,999,1
0190807Z,23210023447,N,AP,999,0
0190807Z,23210033413,N,AP,999,0
0190807Z,23211021130,N,AP,999,0
0190807Z,23211021405,N,AP,999,2
0199999R,,O,ST,1,28
0199999R,,O,ST,1,1
0199999R,,O,ST,1,23
0190034J,23820022106,N,ST,12,17
0190034J,23820025520,N,ST,12,12
0190034J,23820030004,N,ST,18,15
0190034J,23820033403,N,ST,12,11
0190034J,23820034403,N,ST,24,9
0190034J,23210022146,N,ST,12,16
0190034J,23210025524,N,ST,12,12
0190034J,23210033413,N,ST,12,12
0190034J,23810020008,N,ST,12,14
0190034J,23810030003,N,ST,18,12
0190034J,23810033404,N,ST,24,25
0190034J,23810034403,N,ST,24,64
0190849V,23210023223,N,AP,999,4
0190849V,23210023224,N,AP,999,7
0190849V,23210023324,N,AP,999,6
0190849V,23210023326,N,AP,999,3
0190849V,23210023327,N,AP,999,9
0190849V,23210023446,N,AP,999,1
0190849V,23210023449,N,AP,999,1
0190849V,23210025439,N,AP,999,1
0190849V,23210025524,N,AP,999,1
0190849V,23810025520,N,AP,999,2
0190847T,23810025012,N,AP,999,2
0190721F,23210020101,N,AP,999,0
0190721F,23210022137,N,AP,999,4
0190721F,23210022141,N,AP,999,11
0190721F,23210022142,N,AP,999,1
0190721F,23210022143,N,AP,999,5
0190721F,23210022145,N,AP,999,2
0190721F,23210022146,N,AP,999,8
0190721F,23210023451,N,AP,999,0
0190721F,23210025137,N,AP,999,0
0190721F,23210025521,N,AP,999,0
0190721F,23210031224,N,AP,999,11
0190721F,23210033413,N,AP,999,4
0190721F,23210033616,N,AP,999,3
0190674E,23820033007,N,ST,15,1
0190674E,23210022142,N,ST,12,6
0190674E,23810033007,N,ST,15,23
0190062P,23210033205,N,AP,999,0
0190062P,23210033205,N,ST,15,7
0190062P,23210033615,N,AP,999,1
0190062P,23210033615,N,ST,15,13
0190062P,23810020008,N,ST,12,3
0190062P,23810033006,N,AP,999,0
0190062P,23810033006,N,ST,18,1
0190244M,23821021405,N,ST,19,9
0190244M,23821021407,N,ST,18,3
0190244M,23821021114,N,ST,9,1
0190244M,23811021404,N,ST,32,44
0190244M,23811021112,N,ST,13,8
0190244M,23811021407,N,ST,14,6
0190832B,23210031223,N,AP,999,2
0190832B,23211021130,N,AP,999,5
0190832B,23211021405,N,AP,999,13
Total établissements sélectionnés - département CORREZE,,,,69167,3993
6209999Z,,O,ST,9999,2
6209999Z,,O,ST,9999,6
6209999Z,,O,ST,9999,30
6209999Z,44110099901,O,ST,999,2
6200636X,23210022142,N,ST,8,7
6200636X,23210023327,N,ST,8,6
6200636X,23210031224,N,ST,8,9
6200636X,23210033002,N,ST,8,7
6200636X,23210033413,N,ST,8,9
6200636X,23211021405,N,ST,8,13
6200004K,23820022106,N,ST,24,20
6200004K,23820030004,N,ST,24,22
6200004K,23820031212,N,ST,12,14
6200004K,23820031213,N,ST,24,17
6200004K,23820031214,N,ST,12,17
6200004K,23820033006,N,ST,15,0
6200004K,23820033007,N,ST,24,0
6200004K,23820033403,N,ST,15,11
6200004K,23110033205,N,ST,12,2
6200004K,23210022146,N,ST,12,11
6200004K,23210031224,N,ST,24,19
6200004K,23210033002,N,ST,12,8
6200004K,23210033413,N,ST,12,5
6200004K,23810033404,N,ST,39,25
6200004K,23810030003,N,ST,24,19
6200004K,23810031211,N,ST,48,45
6200004K,23810033006,N,ST,15,12
6200004K,23810033007,N,ST,24,35
6200003J,23820022707,N,ST,12,12
6200003J,23820023004,N,ST,12,14
6200003J,23820023005,N,ST,12,10
6200003J,23820025012,N,ST,12,3
6200003J,23820025519,N,ST,24,23
6200003J,23820025520,N,ST,24,23
6200003J,23820031106,N,ST,12,8
6200003J,23820031107,N,ST,12,0
6200003J,23210023447,N,ST,12,8
6200003J,23210025225,N,ST,16,29
6200003J,23210031127,N,ST,12,12
6200003J,23810020008,N,ST,60,64
6200003J,23810020104,N,ST,12,9
6200003J,23810023007,N,ST,24,17
6200003J,23810030003,N,ST,12,4
6200003J,23810031117,N,ST,12,19
6200739J,23210022137,N,AP,999,1
6200739J,23210022141,N,AP,999,3
6200739J,23210022143,N,AP,999,2
6200739J,23210022146,N,AP,999,2
6200739J,23210022714,N,AP,999,3
6200739J,23210022715,N,AP,999,0
6200739J,23210023123,N,AP,999,1
6200739J,23210023224,N,AP,999,3
6200739J,23210023324,N,AP,999,1
6200739J,23210023325,N,AP,999,0
6200739J,23210023326,N,AP,999,0
6200739J,23210023327,N,AP,999,1
6200739J,23210023447,N,AP,999,0
6200739J,23210023449,N,AP,999,0
6200739J,23210025224,N,AP,999,0
6200739J,23210025225,N,AP,999,7
6200739J,23210025227,N,AP,999,2
6200739J,23210025440,N,AP,999,3
6200739J,23210025441,N,AP,999,0
6200739J,23210025524,N,AP,999,5
6200739J,23210031224,N,AP,999,4
6200739J,23210033205,N,AP,999,2
6200739J,23210033413,N,AP,999,0
6200739J,23210033615,N,AP,999,4
6200739J,23210033616,N,AP,999,4
6200739J,23810025224,N,AP,999,1
6200739J,23810030004,N,AP,999,0
6200739J,23810031213,N,AP,999,0
6200739J,23810031214,N,AP,999,0
6200665D,,O,ST,0,3
6200665D,,O,ST,0,16
6200665D,,O,ST,0,2
6200665D,,O,ST,0,10
6200665D,,O,ST,0,1
6200665D,,O,ST,0,1
6200665D,,O,ST,0,2
6200665D,,O,ST,0,1
6200665D,,O,ST,0,1
6200665D,,O,ST,0,8
6200665D,,O,ST,0,0
6200665D,,O,ST,0,3
6200665D,,O,ST,0,1
6200665D,,O,ST,0,2
6200665D,,O,ST,0,3
6200665D,,O,ST,0,3
6200665D,,O,ST,0,2
6200665D,,O,ST,0,1
6200665D,,O,ST,0,0
6200665D,,O,ST,0,2
6200665D,,O,ST,0,7
6200665D,,O,ST,0,2
6200665D,,O,ST,0,0
6200665D,,O,ST,0,0
6200665D,,O,ST,0,0
6200665D,,O,ST,0,0
6200665D,,O,ST,0,0
6200665D,,O,ST,0,0
6200665D,,O,ST,0,0
6200665D,,O,ST,0,0
6200665D,,O,ST,0,2
6200063Z,23820025517,N,ST,12,12
6200063Z,23820030004,N,ST,15,16
6200063Z,23820031213,N,ST,15,19
6200063Z,23820033007,N,ST,15,6
6200063Z,23810020008,N,ST,12,9
6200063Z,23810030003,N,ST,15,20
6200063Z,23810031211,N,ST,15,33
6200063Z,23810033007,N,ST,15,8
6200759F,23210022137,N,AP,999,0
6200759F,23210022141,N,AP,999,1
6200759F,23210022143,N,AP,999,1
6200759F,23210022146,N,AP,999,1
6200759F,23210022714,N,AP,999,0
6200759F,23210022715,N,AP,999,0
6200759F,23210023123,N,AP,999,0
6200759F,23210023224,N,AP,999,1
6200759F,23210023324,N,AP,999,0
6200759F,23210023325,N,AP,999,0
6200759F,23210023326,N,AP,999,0
6200759F,23210023327,N,AP,999,1
6200759F,23210025224,N,AP,999,1
6200759F,23210025225,N,AP,999,1
6200759F,23210025227,N,AP,999,0
6200759F,23210025440,N,AP,999,1
6200759F,23210025441,N,AP,999,0
6200759F,23210025524,N,AP,999,2
6200759F,23210031224,N,AP,999,0
6200759F,23210033205,N,AP,999,0
6200759F,23210033413,N,AP,999,5
6200759F,23210033615,N,AP,999,1
6200759F,23210033616,N,AP,999,0
6200759F,23810025224,N,AP,999,0
6200759F,23810030004,N,AP,999,0
6200759F,23810031213,N,AP,999,0
6200759F,23810031214,N,AP,999,0
6200760G,23210022137,N,AP,999,0
6200760G,23210022141,N,AP,999,0
6200760G,23210022143,N,AP,999,0
6200760G,23210022146,N,AP,999,0
6200760G,23210022714,N,AP,999,0
6200760G,23210022715,N,AP,999,0
6200760G,23210023123,N,AP,999,0
6200760G,23210023224,N,AP,999,0
6200760G,23210023324,N,AP,999,2
6200760G,23210023325,N,AP,999,0
6200760G,23210023326,N,AP,999,0
6200760G,23210023327,N,AP,999,0
6200760G,23210025224,N,AP,999,1
6200760G,23210025225,N,AP,999,0
6200760G,23210025227,N,AP,999,0
6200760G,23210025440,N,AP,999,0
6200760G,23210025441,N,AP,999,0
6200760G,23210025524,N,AP,999,1
6200760G,23210031224,N,AP,999,1
6200760G,23210033205,N,AP,999,1
6200760G,23210033413,N,AP,999,0
6200760G,23210033615,N,AP,999,1
6200760G,23210033616,N,AP,999,0
6200760G,23810025224,N,AP,999,0
6200760G,23810030004,N,AP,999,0
6200760G,23810031213,N,AP,999,0
6200760G,23810031214,N,AP,999,0
6200190M,23821021001,N,ST,12,0
6200190M,23821021211,N,ST,12,0
6200190M,23821021302,N,ST,12,1
6200190M,23821021303,N,ST,12,0
6200190M,23211021130,N,AP,999,5
6200190M,23211021314,N,AP,999,3
6200190M,23211021405,N,AP,999,1
6200190M,23811021112,N,ST,24,3
6200190M,23811021404,N,ST,24,10
6200043C,23210023006,N,ST,12,4
6200043C,23210031224,N,ST,12,4
Total établissements sélectionnés - département CORSE-DU-SUD,,,,129680,2195
0211578B,23211033003,N,AP,999,1
0211578B,23211033003,N,ST,20,9
0211578B,23811033001,N,ST,24,3
0211578B,23811033003,N,AP,999,7
0210003P,23820025012,N,ST,15,12
0210003P,23820025520,N,ST,15,15
0210003P,23210031122,N,ST,15,20
0210003P,23810020008,N,ST,15,18
0210003P,23810020104,N,ST,15,6
0211529Y,23211021405,N,AP,999,10
0211529Y,23211033003,N,AP,999,2
0211529Y,23211033003,N,ST,16,5
0211529Y,23811033001,N,ST,16,4
0211529Y,23811033003,N,AP,999,2
0211428N,23210023006,N,ST,4,4
0211428N,23210023224,N,ST,4,5
0211428N,23210023327,N,ST,4,6
0211428N,23211021130,N,ST,4,7
0211428N,23211021130,N,ST,4,2
0211428N,23211021405,N,ST,4,16
0210036A,23811022103,N,ST,19,9
0210036A,23811021112,N,ST,24,28
0210006T,23820025014,N,ST,12,10
0210006T,23820025520,N,ST,24,17
0210006T,23210025524,N,ST,12,11
0210006T,23810020008,N,ST,24,21
0210006T,23810020103,N,ST,12,7
0212045J,23820030004,N,ST,15,11
0212045J,23820031212,N,ST,15,18
0212045J,23820031213,N,ST,7,19
0212045J,23820031214,N,ST,8,6
0212045J,23820032207,N,ST,6,7
0212045J,23820032208,N,ST,6,5
0212045J,23820033006,N,ST,12,18
0212045J,23820033007,N,ST,18,21
0212045J,23210031224,N,ST,12,22
0212045J,23810030003,N,ST,15,6
0212045J,23810031211,N,ST,30,56
0212045J,23810032210,N,ST,12,15
0212045J,23810033006,N,ST,12,29
0212045J,23810033007,N,ST,18,24
0211800T,23211021130,N,AP,999,4
0211800T,23811021113,N,AP,999,12
0211217J,23811021112,N,ST,27,28
0211217J,23811021112,N,ST,19,25
0210013A,23820033006,N,ST,12,14
0210013A,23820033007,N,ST,12,16
0210013A,23210023123,N,ST,12,30
0210013A,23210033205,N,ST,15,22
0210013A,23810033006,N,ST,12,6
0210013A,23810033007,N,ST,12,10
0212023K,23210033616,N,ST,15,5
0212023K,23810031211,N,ST,18,11
0211356K,23820020102,N,ST,15,12
0211356K,23820025519,N,ST,24,26
0211356K,23820031106,N,ST,18,16
0211356K,23820034403,N,ST,24,41
0211356K,23210034405,N,ST,12,29
0211356K,23810020008,N,ST,24,28
0211356K,23810020104,N,ST,15,6
0211356K,23810030003,N,ST,18,15
0211356K,23810034403,N,ST,18,57
0211431S,23210022715,N,AP,999,4
0211431S,23210023223,N,AP,999,2
0211431S,23210023224,N,AP,999,7
0211431S,23210023225,N,AP,999,0
0211431S,23210023324,N,AP,999,1
0211431S,23210023325,N,AP,999,6
0211431S,23210023327,N,AP,999,5
0211431S,23210023447,N,AP,999,6
0211431S,23210023449,N,AP,999,1
0211431S,23210025439,N,AP,999,1
0211431S,23210025524,N,AP,999,7
0211431S,23810023004,N,AP,999,2
0211431S,23810023304,N,AP,999,2
0211431S,23810025520,N,AP,999,7
0212254L,23210033615,N,AP,999,1
0212254L,23210033616,N,AP,999,0
0212254L,23810033604,N,AP,999,2
0212254L,23810033606,N,AP,999,0
0219999E,,O,ST,0,14
0219999E,,O,ST,0,57
0219999E,,O,ST,0,8
0210018F,23820022706,N,ST,12,16
0210018F,23820025012,N,ST,24,20
0210018F,23820025214,N,ST,30,38
0210018F,23820025411,N,ST,15,13
0210018F,23820025517,N,ST,12,11
0210018F,23820025520,N,ST,36,32
0210018F,23820033103,N,ST,15,14
0210018F,23820033104,N,ST,15,17
0210018F,23210023324,N,ST,12,28
0210018F,23210022715,N,AP,999,0
0210018F,23210023324,N,AP,999,1
0210018F,23210025439,N,ST,12,7
0210018F,23210025225,N,AP,999,6
0210018F,23210025225,N,ST,10,37
0210018F,23210025437,N,AP,999,0
0210018F,23210025438,N,AP,999,1
0210018F,23210025439,N,AP,999,2
0210018F,23210025440,N,AP,999,2
0210018F,23210025440,N,ST,10,19
0210018F,23210025524,N,AP,999,3
0210018F,23210025524,N,ST,12,32
0210018F,23810020008,N,ST,60,60
0210018F,23810020103,N,ST,15,16
0210018F,23810020104,N,ST,24,10
0210018F,23810025222,N,ST,30,63
0210018F,23810033103,N,ST,15,15
0210018F,23810033104,N,ST,15,31
0210019G,23820022105,N,ST,36,41
0210019G,23820022106,N,ST,36,30
0210019G,23820024204,N,ST,24,34
0210019G,23820033403,N,ST,24,27
0210019G,23210022142,N,ST,10,11
0210019G,23210022146,N,ST,10,43
0210019G,23210024008,N,ST,10,4
0210019G,23210033002,N,ST,12,17
0210019G,23210033413,N,ST,10,6
0210019G,23810022107,N,ST,36,70
0210019G,23810024204,N,ST,24,40
0210019G,23810033404,N,ST,60,70
0211986V,23820023004,N,ST,12,2
0211986V,23820023104,N,ST,12,10
0211986V,23820023203,N,ST,12,3
0211986V,23820023210,N,ST,12,16
0211986V,23820023304,N,ST,12,16
0211986V,23820023404,N,ST,12,6
0211986V,23820023405,N,ST,12,17
0211986V,23210023122,N,AP,999,8
0211986V,23210023220,N,AP,999,2
0211986V,23210023220,N,ST,12,6
0211986V,23210023327,N,AP,999,10
0211986V,23210023327,N,ST,12,29
0211986V,23210023445,N,ST,12,4
0211986V,23210023447,N,ST,12,11
0211986V,23810020006,N,ST,36,41
0211986V,23810023007,N,ST,24,16
0211986V,23810023210,N,AP,999,14
0211986V,23810023404,N,ST,12,5
0211986V,23810023409,N,ST,12,12
0212015B,23820030004,N,ST,30,45
0212015B,23820031212,N,ST,30,27
0212015B,23820031213,N,ST,15,16
0212015B,23820031214,N,ST,15,32
0212015B,23820033007,N,ST,48,55
0212015B,23210031224,N,ST,15,52
0212015B,23810030003,N,ST,30,66
0212015B,23810031211,N,ST,60,142
0212015B,23810033007,N,ST,48,92
0211090W,23810030003,N,ST,28,28
0211090W,23810031211,N,ST,56,43
0211090W,23810033404,N,ST,30,15
0211089V,23210023006,N,ST,12,2
0211089V,23810020006,N,ST,15,12
0211089V,23810020008,N,ST,75,41
0211089V,23810020009,N,ST,20,14
0211089V,23810020103,N,ST,1,2
0211089V,23810020104,N,ST,20,12
0211089V,23810023409,N,ST,30,31
0211091X,23210033205,N,ST,15,25
0211091X,23810024204,N,ST,15,16
0211091X,23810030003,N,ST,30,17
0211091X,23810031211,N,ST,72,49
0211091X,23810033006,N,ST,36,20
0211091X,23810033007,N,ST,15,23
0212255M,23210033615,N,AP,999,5
0212255M,23210033616,N,AP,999,4
0212255M,23810033606,N,AP,999,5
0212000K,23210022715,N,AP,999,11
0212000K,23210023223,N,AP,999,11
0212000K,23210023224,N,AP,999,1
0212000K,23210023324,N,AP,999,2
0212000K,23210023327,N,AP,999,0
0212000K,23210023446,N,AP,999,16
0212000K,23210023447,N,AP,999,13
0212000K,23210023451,N,AP,999,1
0212000K,23210025439,N,AP,999,9
0212000K,23810025411,N,AP,999,14
0212114J,23210033205,N,AP,999,19
0212109D,23210023006,N,AP,999,1
0212109D,23210023324,N,AP,999,3
0212109D,23210023329,N,AP,999,2
0212109D,23210023447,N,AP,999,2
0212109D,23210023449,N,AP,999,1
0212109D,23210025439,N,AP,999,1
0212109D,23210025524,N,AP,999,3
0210066H,,O,ST,0,20
0210066H,,O,ST,0,7
0210066H,,O,ST,0,354
0210066H,,O,ST,0,12
0210066H,,O,ST,0,127
0210066H,,O,ST,0,45
0210066H,,O,ST,0,4
0210066H,,O,ST,0,398
0210066H,,O,ST,0,10
0210066H,,O,ST,0,11
0210066H,,O,ST,0,7
0210066H,,O,ST,0,4
0210066H,,O,ST,0,11
0210066H,,O,ST,0,13
0210066H,,O,ST,0,11
0210066H,,O,ST,0,137
0210066H,,O,ST,0,88
0210066H,,O,ST,0,4
0210066H,,O,ST,0,12
0210066H,,O,ST,0,7
0210066H,,O,ST,0,74
0210066H,,O,ST,0,25
0210066H,,O,ST,0,0
0210066H,,O,ST,0,3
0210066H,,O,ST,0,0
0210066H,,O,ST,0,1
0210066H,,O,ST,0,0
0210066H,,O,ST,0,0
0210066H,,O,ST,0,0
0210066H,,O,ST,0,0
0210066H,,O,ST,0,4
0210032W,23C10022408,N,ST,18,21
0210032W,23820025108,N,ST,12,8
0210032W,23210022421,N,AP,999,0
0210032W,23210022421,N,ST,12,12
0210032W,23210022422,N,AP,999,1
0210032W,23210022422,N,ST,12,6
0210032W,23810020103,N,ST,12,8
0211479U,23210022137,N,AP,999,14
0211479U,23210022141,N,AP,999,22
0211479U,23210022142,N,AP,999,2
0211479U,23210022143,N,AP,999,14
0211479U,23210022144,N,AP,999,0
0211479U,23210022146,N,AP,999,26
0211479U,23210025225,N,AP,999,39
0211479U,23210025440,N,AP,999,16
0211479U,23210031223,N,AP,999,11
0211479U,23210031224,N,AP,999,25
0211479U,23210033413,N,AP,999,7
0211479U,23210033616,N,AP,999,14
0211479U,23810022106,N,AP,999,6
0211479U,23810025224,N,AP,999,18
0211479U,23810025412,N,AP,999,6
0211479U,23810031213,N,AP,999,18
0211479U,23810033101,N,AP,999,2
0211479U,23810033403,N,AP,999,2
0211948D,23210031126,N,AP,999,7
0211948D,23810031114,N,AP,999,1
0211948D,23810031116,N,AP,999,4
0210056X,23820024302,N,ST,12,6
0210056X,23820025012,N,ST,12,7
0210056X,23820025411,N,ST,12,9
0210056X,23820025519,N,ST,12,13
0210056X,23820025520,N,ST,12,9
0210056X,23210020101,N,ST,6,7
0210056X,23210024323,N,AP,999,3
0210056X,23810020008,N,ST,24,8
0210056X,23810020103,N,ST,12,5
0210056X,23810020104,N,ST,12,0
0210056X,23810024304,N,ST,12,5
0211173L,23811022104,N,ST,19,10
0211173L,23811022103,N,ST,27,12
0211531A,23211021130,N,AP,999,4
0211531A,23211021130,N,ST,32,5
0211531A,23811021001,N,AP,999,1
0211531A,23811021004,N,AP,999,1
0211531A,23811021112,N,ST,16,4
0211531A,23811021112,N,ST,16,0
0212187N,23210033615,N,AP,999,11
0212187N,23210033616,N,AP,999,6
0211530Z,23210031224,N,AP,999,6
0211530Z,23811021004,N,AP,999,9
0211530Z,23811033001,N,ST,20,7
0211530Z,23811021112,N,ST,20,9
0211799S,23211021130,N,AP,999,3
0211799S,23211021237,N,AP,999,3
0211799S,23211021405,N,AP,999,17
0211799S,23811021004,N,AP,999,8
0211799S,23811021211,N,AP,999,2
0211799S,23811021405,N,AP,999,20
0211575Y,23811021113,N,AP,999,1
0211575Y,23811022108,N,AP,999,1
0211575Y,23811022103,N,ST,16,1
0211575Y,23811021112,N,ST,16,0
0211504W,23211033003,N,ST,24,5
0211504W,23811022108,N,AP,999,1
0211504W,23811033001,N,ST,28,4
0210047M,23820022106,N,ST,12,12
0210047M,23820030004,N,ST,18,16
0210047M,23820033403,N,ST,12,16
0210047M,23210022146,N,AP,999,0
0210047M,23210022146,N,ST,12,11
0210047M,23210033002,N,ST,12,5
0210047M,23210033413,N,AP,999,0
0210047M,23210033413,N,ST,12,10
0210047M,23810030003,N,ST,18,20
0210047M,23810033404,N,ST,24,13
0211579C,23811021214,N,AP,999,15
0211579C,23811021112,N,ST,50,52
Total établissements sélectionnés - département COTE D'OR,,,,109376,10246
0221071V,23210022137,N,AP,999,3
0221071V,23210022141,N,AP,999,5
0221071V,23210022146,N,AP,999,11
0221071V,23210023449,N,AP,999,5
0221071V,23210025226,N,AP,999,10
0221071V,23210025440,N,AP,999,16
0221071V,23210025441,N,AP,999,2
0221071V,23210031224,N,AP,999,25
0221071V,23210032227,N,AP,999,4
0221071V,23210033413,N,AP,999,8
0221071V,23210033616,N,AP,999,12
0221071V,23810022105,N,AP,999,5
0221071V,23810025225,N,AP,999,8
0221071V,23810025412,N,AP,999,4
0221032C,23821021004,N,ST,27,19
0221032C,23821033003,N,ST,27,17
0221032C,23811021112,N,ST,27,20
0221032C,23811033001,N,ST,32,22
0221680G,23811022103,N,ST,999,5
0221680G,23811033001,N,ST,999,7
0221595P,23820025012,N,ST,15,12
0221595P,23820025517,N,ST,15,13
0221595P,23820025519,N,ST,30,25
0221595P,23820025520,N,ST,30,22
0221595P,23820030004,N,ST,24,23
0221595P,23820031212,N,ST,16,10
0221595P,23820031213,N,ST,32,38
0221595P,23810020008,N,ST,60,59
0221595P,23810020104,N,ST,15,3
0221595P,23810030003,N,ST,24,19
0221595P,23810031211,N,ST,48,76
0220013V,23820033006,N,ST,15,19
0220013V,23820033007,N,ST,30,34
0220013V,23210022142,N,ST,12,14
0220013V,23810033006,N,ST,15,36
0220013V,23810033007,N,ST,30,27
0220470S,23821021004,N,ST,27,23
0220470S,23821021211,N,ST,27,31
0220470S,23211021130,N,AP,999,20
0220470S,23811021112,N,ST,32,31
0220470S,23811021112,N,ST,27,28
0220019B,23820025411,N,ST,15,17
0220019B,23820025520,N,ST,15,12
0220019B,23820031213,N,ST,53,32
0220019B,23820031214,N,ST,17,20
0220019B,23210023447,N,ST,15,23
0220019B,23210025439,N,ST,15,17
0220019B,23210031224,N,ST,30,34
0220019B,23810020008,N,ST,15,9
0220019B,23810020103,N,ST,15,18
0220019B,23810031211,N,ST,50,30
0220122N,23210033615,N,AP,999,4
0220122N,23210033615,N,ST,999,18
0220122N,23210033616,N,ST,999,13
0220122N,23810033605,N,ST,999,56
0220196U,23820025215,N,ST,20,19
0220196U,23820025219,N,ST,40,25
0220196U,23820025220,N,ST,16,5
0220196U,23820025221,N,ST,14,12
0220196U,23820030004,N,ST,18,19
0220196U,23820031213,N,ST,18,34
0220196U,23210025221,N,ST,10,26
0220196U,23810025222,N,ST,70,61
0220196U,23810030003,N,ST,18,13
0220196U,23810031211,N,ST,18,58
0221865H,23810033007,N,ST,999,24
0222053M,23811021211,N,AP,999,2
0221673Z,23210031223,N,AP,999,8
0221673Z,23211021130,N,ST,999,8
0221673Z,23211021405,N,AP,999,9
0221673Z,23211021405,N,ST,999,20
0221673Z,23811021404,N,ST,999,46
0221673Z,23811021112,N,ST,999,3
0221673Z,23811022103,N,ST,999,3
0220083W,23820025518,N,ST,15,15
0220083W,23820025519,N,ST,60,64
0220083W,23820030004,N,ST,30,39
0220083W,23210025524,N,ST,14,16
0220083W,23210031224,N,ST,14,30
0220083W,23810020008,N,ST,60,35
0220083W,23810025518,N,ST,15,6
0220083W,23810030003,N,ST,30,44
0220123P,23210022146,N,ST,999,7
0220123P,23210033413,N,ST,999,4
0220123P,23810031211,N,ST,999,12
0220123P,23810033007,N,ST,999,12
0220123P,23810033404,N,ST,999,9
0221593M,23211021130,N,AP,999,7
0221593M,23211021405,N,AP,999,8
0221593M,23811021004,N,AP,999,8
0221593M,23811021112,N,ST,999,21
0221593M,23811021112,N,ST,999,18
0221593M,23811021112,N,ST,999,19
0221676C,23211033003,N,ST,999,9
0221676C,23811033001,N,ST,999,12
0221676C,23811033003,N,AP,999,1
0220027K,23820025214,N,ST,10,14
0220027K,23820025216,N,ST,20,28
0220027K,23820025520,N,ST,15,16
0220027K,23820031106,N,ST,15,18
0220027K,23820031114,N,ST,15,10
0220027K,23820031213,N,ST,18,32
0220027K,23820031214,N,ST,17,19
0220027K,23210031224,N,ST,24,28
0220027K,23810020008,N,ST,15,9
0220027K,23810025222,N,ST,30,60
0220027K,23810030003,N,ST,30,20
0220027K,23810031211,N,ST,35,27
0221712S,23211021130,N,AP,999,1
0221712S,23211021130,N,ST,999,16
0221712S,23811021001,N,AP,999,1
0221712S,23811021004,N,AP,999,6
0221712S,23811021303,N,AP,999,3
0221712S,23811021112,N,ST,999,9
0221712S,23811021112,N,ST,999,5
0221712S,23811021404,N,ST,999,3
0221712S,23811033001,N,ST,999,11
0221712S,23811033003,N,AP,999,1
0221031B,23821021203,N,ST,25,22
0221031B,23821021405,N,ST,19,24
0221031B,23821021407,N,ST,10,1
0221031B,23210031223,N,ST,24,34
0221031B,23811021404,N,ST,19,28
0221031B,23811022103,N,ST,19,1
0221031B,23811022103,N,ST,27,24
0221880Z,23211021405,N,AP,999,25
0221677D,23211033003,N,ST,999,15
0221677D,23811022103,N,ST,999,10
0221677D,23811033001,N,ST,999,31
0221624W,23210021308,N,ST,12,6
0221624W,23810020007,N,ST,24,13
0221624W,23810020007,N,ST,12,8
0221624W,23810020007,N,ST,12,17
0221624W,23810025223,N,ST,20,10
0221571N,23820033007,N,ST,30,25
0221571N,23210033002,N,ST,15,4
0221571N,23810033007,N,ST,30,20
0221588G,23210022715,N,AP,999,0
0221588G,23210023223,N,AP,999,14
0221588G,23210023224,N,AP,999,19
0221588G,23210023324,N,AP,999,9
0221588G,23210023325,N,AP,999,2
0221588G,23210023326,N,AP,999,9
0221588G,23210023327,N,AP,999,15
0221588G,23210023329,N,AP,999,3
0221588G,23210023446,N,AP,999,12
0221588G,23210025439,N,AP,999,7
0221588G,23210025524,N,AP,999,7
0221588G,23810022707,N,AP,999,2
0221588G,23810023304,N,AP,999,2
0221734R,23211033003,N,AP,999,1
0221734R,23211033003,N,ST,999,17
0221734R,23811033001,N,ST,999,6
0221835A,23210025437,N,AP,999,2
0221835A,23810025012,N,AP,999,3
0221835A,23810025411,N,AP,999,5
0221835A,23810025520,N,AP,999,1
0221072W,23210022137,N,AP,999,20
0221072W,23210022141,N,AP,999,29
0221072W,23210022143,N,AP,999,27
0221072W,23210022144,N,AP,999,7
0221072W,23210022146,N,AP,999,32
0221072W,23210023447,N,AP,999,4
0221072W,23210023449,N,AP,999,3
0221072W,23210025225,N,AP,999,31
0221072W,23210031224,N,AP,999,58
0221072W,23210033413,N,AP,999,9
0221072W,23210033616,N,AP,999,40
0221072W,23810025224,N,AP,999,15
0221033D,23211021130,N,ST,999,7
0221033D,23211033003,N,ST,999,9
0221033D,23811021112,N,ST,999,15
0221033D,23811021404,N,ST,999,4
0221033D,23811033001,N,ST,999,17
0220075M,23820023203,N,ST,15,5
0220075M,23820023404,N,ST,15,8
0220075M,23820023405,N,ST,15,16
0220075M,23210023220,N,ST,12,6
0220075M,23210023224,N,ST,15,20
0220075M,23810020006,N,ST,15,4
0220075M,23810023404,N,ST,15,6
0220075M,23810023409,N,ST,15,11
0220186H,23820033006,N,ST,15,25
0220186H,23820033007,N,ST,30,23
0220186H,23820034403,N,ST,24,29
0220186H,23210022142,N,ST,12,13
0220186H,23210033002,N,ST,12,11
0220186H,23210033205,N,ST,30,64
0220186H,23210034405,N,ST,30,38
0220186H,23810033006,N,ST,15,35
0220186H,23810033007,N,ST,30,28
0220186H,23810034403,N,ST,24,40
0220059V,23821033003,N,ST,32,31
0220059V,23820024204,N,ST,24,18
0220059V,23820030004,N,ST,24,25
0220059V,23820031212,N,ST,32,14
0220059V,23820031213,N,ST,32,53
0220059V,23820031214,N,ST,32,39
0220059V,23820033007,N,ST,30,34
0220059V,23211033003,N,ST,24,40
0220059V,23811033001,N,ST,27,19
0220059V,23810024204,N,ST,24,22
0220059V,23810030003,N,ST,24,15
0220059V,23810031211,N,ST,90,107
0220059V,23810033007,N,ST,30,50
0220071H,23820022707,N,ST,15,19
0220071H,23820023004,N,ST,12,13
0220071H,23820023005,N,ST,12,19
0220071H,23820023210,N,ST,24,17
0220071H,23820023304,N,ST,24,21
0220071H,23820023405,N,ST,15,17
0220071H,23820023408,N,ST,15,21
0220071H,23210023225,N,ST,15,11
0220071H,23210023324,N,ST,15,21
0220071H,23810020006,N,ST,45,44
0220071H,23810020008,N,ST,15,14
0220071H,23810023007,N,ST,24,30
0220071H,23810023409,N,ST,30,63
0220058U,23820025014,N,ST,30,17
0220058U,23820025214,N,ST,30,38
0220058U,23820025520,N,ST,30,29
0220058U,23210025225,N,ST,10,47
0220058U,23810020008,N,ST,30,40
0220058U,23810020103,N,ST,30,20
0220058U,23810025222,N,ST,30,47
0220117H,22113132302,N,ST,999,9
0220117H,23210023006,N,ST,999,1
0220117H,23210024240,N,ST,999,8
0220117H,23210025225,N,ST,999,5
0220117H,23210031224,N,ST,999,11
0220117H,23810020008,N,ST,999,18
0220117H,23810023404,N,ST,999,6
0220117H,23810023409,N,ST,999,4
0220117H,23810024204,N,ST,999,6
0220117H,23810025222,N,ST,999,5
0220117H,23810030003,N,ST,999,6
0220117H,23810031211,N,ST,999,55
0221867K,23210033002,N,ST,999,8
0221867K,23210033205,N,ST,999,16
0221867K,23810033006,N,ST,999,18
0221867K,23810033007,N,ST,999,12
0220064A,23820022105,N,ST,24,21
0220064A,23820022106,N,ST,24,34
0220064A,23820033403,N,ST,24,27
0220064A,23210022142,N,ST,12,14
0220064A,23210022146,N,ST,12,31
0220064A,23210033413,N,ST,12,16
0220064A,23810022107,N,ST,24,59
0220064A,23810033404,N,ST,48,63
0220072J,23820023405,N,ST,24,16
0220072J,23820024202,N,ST,15,15
0220072J,23C10023301,N,ST,15,3
0220072J,23810023409,N,ST,15,16
0220072J,23810024202,N,ST,15,10
Total établissements sélectionnés - département COTES D'ARMOR,,,,131974,8809
0230030H,23821021213,N,ST,16,0
0230030H,23821033003,N,ST,27,7
0230030H,23821021004,N,ST,27,2
0230030H,23211033003,N,ST,19,13
0230030H,23811021112,N,ST,32,42
0230030H,23811033003,N,ST,32,25
0230030H,23811021213,N,ST,16,13
0230553B,23211021130,N,AP,999,7
0230553B,23211021405,N,AP,999,5
0230553B,23811021004,N,AP,999,11
0230003D,23820031212,N,ST,12,2
0230003D,23820031213,N,ST,15,22
0230003D,23820031214,N,ST,15,14
0230003D,23210031224,N,AP,999,0
0230003D,23210031224,N,ST,12,13
0230003D,23210033002,N,AP,999,0
0230003D,23210033002,N,ST,15,5
0230003D,23810031211,N,ST,30,26
0230008J,23820033006,N,ST,15,1
0230008J,23820033007,N,ST,15,8
0230008J,23820033604,N,ST,12,15
0230008J,23820033606,N,ST,18,22
0230008J,23210022146,N,AP,999,3
0230008J,23210022146,N,ST,12,20
0230008J,23210033205,N,ST,12,27
0230008J,23210033413,N,AP,999,0
0230008J,23210033413,N,ST,12,6
0230008J,23210033616,N,AP,999,2
0230008J,23210033616,N,ST,15,36
0230008J,23810033006,N,ST,15,14
0230008J,23810033007,N,ST,15,14
0230008J,23810033605,N,ST,30,43
0230018V,23820023203,N,ST,24,10
0230018V,23820023304,N,ST,15,12
0230018V,23820023405,N,ST,24,12
0230018V,23210023220,N,AP,999,2
0230018V,23210023220,N,ST,15,4
0230018V,23210023224,N,AP,999,0
0230018V,23210023224,N,ST,8,14
0230018V,23210023327,N,AP,999,1
0230018V,23210023327,N,ST,8,9
0230018V,23210023446,N,AP,999,0
0230018V,23210023446,N,ST,8,5
0230018V,23210023447,N,AP,999,0
0230018V,23210023447,N,ST,8,10
0230018V,23810020006,N,ST,39,15
0230018V,23810023409,N,ST,24,17
0239999U,,O,ST,1,1
0239999U,,O,ST,1,18
0230051F,23820025014,N,ST,15,12
0230051F,23820030004,N,ST,24,21
0230051F,23810020103,N,ST,15,7
0230051F,23810030003,N,ST,24,23
0230412Y,23210031224,N,AP,999,10
0230027E,23820025214,N,ST,10,14
0230027E,23820025520,N,ST,12,9
0230027E,23820034403,N,ST,24,3
0230027E,23210025223,N,ST,10,10
0230027E,23210025225,N,ST,10,16
0230027E,23210025524,N,AP,999,2
0230027E,23810020008,N,ST,12,11
0230027E,23810025222,N,ST,10,16
0230027E,23810034403,N,ST,24,45
Total établissements sélectionnés - département CREUSE,,,,17200,1564
0790992Z,23210022142,N,AP,999,3
0790992Z,23210022146,N,AP,999,8
0790992Z,23210033413,N,AP,999,5
0790992Z,23211033003,N,AP,999,3
0790992Z,23211033003,N,ST,18,10
0790993A,23821033003,N,ST,26,3
0790993A,23811033003,N,AP,999,2
0790993A,23811033003,N,ST,26,13
0791115H,23211022108,N,AP,999,2
0790706N,23821021004,N,ST,32,1
0790706N,23211021130,N,ST,19,15
0790706N,23811021004,N,ST,34,30
0790702J,23820030004,N,ST,18,20
0790702J,23820033007,N,ST,24,26
0790702J,23210033205,N,ST,18,32
0790702J,23810030003,N,ST,18,19
0790702J,23810033007,N,ST,18,28
0791029P,23820034403,N,ST,24,31
0791029P,23210022362,N,ST,12,13
0791029P,23210022715,N,ST,12,13
0791029P,23210023324,N,ST,12,17
0791029P,23810025411,N,AP,999,12
0791029P,23810034403,N,ST,24,55
0790080H,23820023405,N,ST,12,0
0790080H,23820024204,N,ST,12,16
0790080H,23820031213,N,ST,30,0
0790080H,23820031214,N,ST,15,2
0790080H,23820032303,N,ST,30,27
0790080H,23210023447,N,ST,12,6
0790080H,23210031224,N,ST,18,19
0790080H,23210032227,N,ST,15,10
0790080H,23810023409,N,ST,12,6
0790080H,23810024204,N,ST,12,6
0790080H,23810031211,N,ST,30,24
0790080H,23810032303,N,ST,30,18
0791004M,23821021004,N,ST,24,0
0791004M,23211021130,N,AP,999,5
0791004M,23211021130,N,ST,20,15
0791004M,23811021004,N,AP,999,9
0791004M,23811021004,N,ST,24,9
0791005N,23821021001,N,ST,30,0
0791005N,23811021001,N,AP,999,5
0791005N,23811021001,N,ST,25,9
0791005N,23810025219,N,AP,999,6
0790015M,23820031213,N,ST,30,27
0790015M,23820031214,N,ST,18,12
0790015M,23210031224,N,ST,27,14
0790015M,23810031211,N,ST,48,30
0791200A,23210031122,N,AP,999,0
0791200A,23210031126,N,AP,999,0
0790977H,23821021203,N,ST,20,0
0790977H,23821033003,N,ST,25,0
0790977H,23211033003,N,ST,20,7
0790977H,23811021203,N,ST,24,9
0790977H,23811033003,N,ST,25,6
0791013X,23821021405,N,ST,6,0
0791013X,23211021405,N,AP,999,10
0791013X,23211021405,N,ST,24,6
0791013X,23811021405,N,AP,999,9
0791013X,23811021405,N,ST,24,6
0790768F,23821021004,N,ST,27,0
0790768F,23821021302,N,ST,19,1
0790768F,23211021130,N,AP,999,3
0790768F,23811021004,N,ST,32,30
0791046H,23211021130,N,AP,999,5
0790989W,23821033003,N,ST,36,1
0790989W,23210033205,N,AP,999,9
0790989W,23811033003,N,AP,999,8
0790989W,23811033003,N,ST,36,14
0791131A,23211021130,N,AP,999,2
0791131A,23211021405,N,AP,999,8
0790043T,23820025012,N,ST,15,11
0790043T,23820025014,N,ST,15,10
0790043T,23820025411,N,ST,15,14
0790043T,23820025520,N,ST,24,26
0790043T,23210025437,N,ST,12,12
0790043T,23810020008,N,ST,24,31
0790043T,23810020103,N,ST,30,19
0790043T,23810020104,N,ST,15,8
0790964U,23820030004,N,ST,30,26
0790964U,23820031213,N,ST,30,33
0790964U,23820031214,N,ST,0,0
0790964U,23820033007,N,ST,27,30
0790964U,23210031224,N,ST,15,33
0790964U,23210033002,N,ST,24,17
0790964U,23810030003,N,ST,30,14
0790964U,23810031211,N,ST,30,65
0790964U,23810033007,N,ST,27,44
0790767E,23821021114,N,ST,19,0
0790767E,23821021405,N,ST,27,4
0790767E,23211021405,N,ST,27,29
0790767E,23811021114,N,ST,16,4
0790767E,23811021302,N,ST,27,8
0790767E,23811021405,N,ST,27,20
0790928E,23820025214,N,ST,20,23
0790928E,23820025412,N,ST,24,24
0790928E,23820025413,N,ST,12,7
0790928E,23820031106,N,ST,18,17
0790928E,23210025225,N,ST,10,56
0790928E,23210025441,N,ST,10,12
0790928E,23210031122,N,ST,12,15
0790928E,23810025222,N,ST,20,47
0790928E,23810025412,N,ST,24,30
0790928E,23810025413,N,ST,12,1
0790928E,23810030003,N,ST,18,13
0790078F,23820025519,N,ST,30,25
0790078F,23820031213,N,ST,30,23
0790078F,23820031214,N,ST,60,44
0790078F,23820033007,N,ST,24,36
0790078F,23210033205,N,ST,12,14
0790078F,23810020008,N,ST,24,23
0790078F,23810031211,N,ST,60,44
0790078F,23810033007,N,ST,24,22
0790924A,23210022137,N,AP,999,13
0790924A,23210022141,N,AP,999,19
0790924A,23210022142,N,AP,999,2
0790924A,23210022143,N,AP,999,6
0790924A,23210022144,N,AP,999,3
0790924A,23210022146,N,AP,999,12
0790924A,23210023224,N,AP,999,17
0790924A,23210023325,N,AP,999,2
0790924A,23210023326,N,AP,999,2
0790924A,23210023327,N,AP,999,19
0790924A,23210025225,N,AP,999,37
0790924A,23210031126,N,AP,999,0
0790924A,23210031224,N,AP,999,28
0790924A,23210033413,N,AP,999,11
0790924A,23210033616,N,AP,999,32
0790090U,23820022106,N,ST,12,12
0790090U,23820025520,N,ST,15,12
0790090U,23820031213,N,ST,30,29
0790090U,23820031214,N,ST,0,0
0790090U,23820033006,N,ST,18,27
0790090U,23820033007,N,ST,15,16
0790090U,23820033403,N,ST,12,7
0790090U,23210031224,N,ST,15,38
0790090U,23810020008,N,ST,15,17
0790090U,23810031211,N,ST,30,34
0790090U,23810033006,N,ST,18,43
0790090U,23810033007,N,ST,15,20
0790090U,23810033404,N,ST,24,32
0791217U,23210023006,N,AP,999,0
0791217U,23210023324,N,AP,999,6
0791217U,23210023446,N,AP,999,0
0791217U,23210023447,N,AP,999,15
0791217U,23210023449,N,AP,999,6
0791217U,23210025437,N,AP,999,5
0791217U,23210025439,N,AP,999,2
0791217U,23210025524,N,AP,999,6
0791217U,23210031122,N,AP,999,1
0791217U,23210031224,N,AP,999,9
0790979K,23210022142,N,ST,8,21
0790979K,23210025223,N,ST,8,11
0790979K,23210033002,N,ST,8,3
0790979K,23211021130,N,ST,8,5
0790988V,23821021004,N,ST,20,1
0790988V,23821021302,N,ST,16,2
0790988V,23811021004,N,AP,999,7
0790988V,23811021004,N,ST,24,7
0790988V,23811021302,N,AP,999,6
0790988V,23811021302,N,ST,20,6
0790031E,23820023304,N,ST,15,12
0790031E,23820023405,N,ST,15,7
0790031E,23820023408,N,ST,15,20
0790031E,23820025520,N,ST,15,13
0790031E,23210023327,N,ST,12,15
0790031E,23810020006,N,ST,15,14
0790031E,23810020008,N,ST,15,8
0790031E,23810023409,N,ST,30,30
0790670Z,23821021004,N,ST,7,0
0790670Z,23821033003,N,ST,25,1
0790670Z,23811021004,N,AP,999,3
0790670Z,23811021004,N,ST,24,12
0790670Z,23811033003,N,AP,999,7
0790670Z,23811033003,N,ST,24,5
0790991Y,23821021214,N,ST,16,1
0790991Y,23211033003,N,AP,999,1
0790991Y,23211033003,N,ST,24,13
0790991Y,23811021214,N,ST,24,16
0790991Y,23811021214,N,AP,999,10
0790038M,23820025014,N,ST,15,5
0790038M,23820025214,N,ST,12,13
0790038M,23820025519,N,ST,15,16
0790038M,23820025520,N,ST,15,5
0790038M,23820031106,N,ST,15,13
0790038M,23210025439,N,ST,15,14
0790038M,23210033002,N,ST,15,13
0790038M,23810020008,N,ST,30,23
0790038M,23810020103,N,ST,15,9
0790038M,23810025222,N,ST,12,22
0790038M,23810030003,N,ST,18,9
0790994B,23821022108,N,ST,18,1
0790994B,23821033003,N,ST,10,2
0790994B,23811022108,N,AP,999,1
0790994B,23811022108,N,ST,25,6
0790994B,23811033003,N,AP,999,2
0790994B,23811033003,N,ST,25,14
0790994B,23810031213,N,AP,999,8
0795552F,23210024007,N,AP,999,0
Total établissements sélectionnés - département DEUX-SEVRES,,,,64612,7707
0241254H,23210033615,N,AP,999,14
0241254H,23210033616,N,AP,999,5
0240007C,23820022106,N,ST,24,28
0240007C,23820030004,N,ST,15,17
0240007C,23820031212,N,ST,15,2
0240007C,23820031213,N,ST,15,25
0240007C,23820031214,N,ST,15,31
0240007C,23820033007,N,ST,30,28
0240007C,23820033403,N,ST,24,15
0240007C,23210022146,N,ST,12,21
0240007C,23210033413,N,ST,12,5
0240007C,23810030003,N,ST,15,26
0240007C,23810031211,N,ST,45,72
0240007C,23810033007,N,ST,30,37
0240007C,23810033404,N,ST,48,47
0240006B,23820022004,N,ST,15,9
0240006B,23820025219,N,ST,20,23
0240006B,23820025411,N,ST,12,16
0240006B,23820025520,N,ST,24,21
0240006B,23210025223,N,ST,10,16
0240006B,23210025437,N,ST,12,9
0240006B,23810020008,N,ST,24,22
0240006B,23810020103,N,ST,12,18
0240006B,23810020104,N,ST,15,5
0240006B,23810025222,N,ST,20,14
0240094X,23210022142,N,ST,15,3
0240094X,23810020008,N,ST,30,27
0241235M,23210031122,N,AP,999,0
0240038L,23210022146,N,AP,999,5
0240038L,23210025225,N,AP,999,38
0240038L,23210031223,N,AP,999,3
0240038L,23210031224,N,AP,999,8
0240038L,23210033413,N,AP,999,2
0240038L,23210033616,N,AP,999,8
0240092V,23820031212,N,ST,18,16
0240092V,23820031213,N,ST,18,24
0240092V,23820031214,N,ST,18,22
0240092V,23810031211,N,ST,54,39
0241056T,23210022142,N,AP,999,1
0241056T,23210022146,N,AP,999,18
0241056T,23210031224,N,AP,999,31
0241056T,23210033413,N,AP,999,13
0241056T,23810022106,N,AP,999,4
0241056T,23810031213,N,AP,999,10
0241056T,23810033403,N,AP,999,2
0240061L,23210022137,N,AP,999,24
0240061L,23210022141,N,AP,999,27
0240061L,23210022143,N,AP,999,17
0240061L,23210022144,N,AP,999,2
0240061L,23210023430,N,AP,999,0
0240061L,23210023431,N,AP,999,0
0240061L,23210023432,N,AP,999,0
0240061L,23210023445,N,AP,999,4
0240061L,23210025221,N,AP,999,6
0240061L,23210025222,N,AP,999,1
0240061L,23210025223,N,AP,999,6
0240061L,23210025225,N,AP,999,52
0240061L,23210025227,N,AP,999,7
0240061L,23210025440,N,AP,999,23
0240061L,23210025524,N,AP,999,11
0240061L,23210033616,N,AP,999,31
0241177Z,23210022715,N,AP,999,2
0241177Z,23210023223,N,AP,999,2
0241177Z,23210023446,N,AP,999,10
0241177Z,23210023447,N,AP,999,15
0240012H,23820022707,N,ST,15,9
0240012H,23820023207,N,ST,12,4
0240012H,23820023404,N,ST,15,7
0240012H,23820034403,N,ST,12,24
0240012H,23210023324,N,ST,15,6
0240012H,23210023326,N,ST,7,4
0240012H,23210023327,N,ST,14,17
0240012H,23210023446,N,ST,10,2
0240012H,23810020006,N,ST,12,7
0240012H,23810020008,N,ST,15,3
0240012H,23810023404,N,ST,15,1
0240012H,23810034403,N,ST,12,40
0240023V,23821021004,N,ST,27,3
0240023V,23821021405,N,ST,27,3
0240023V,23820022005,N,ST,16,2
0240023V,23811021112,N,ST,32,20
0240023V,23811021404,N,ST,27,15
0240023V,23810022005,N,ST,19,7
0241099P,23211021130,N,AP,999,12
0241099P,23211033003,N,AP,999,0
0241099P,23811021004,N,AP,999,3
0241204D,23210025437,N,AP,999,1
0241204D,23810025012,N,AP,999,3
0241204D,23810025411,N,AP,999,4
0241048J,23821021407,N,ST,23,0
0241048J,23821033003,N,ST,24,2
0241048J,23811022103,N,ST,26,8
0241048J,23811033003,N,ST,26,13
0241332T,23211021130,N,AP,999,1
0241332T,23211021405,N,AP,999,22
0241332T,23811021405,N,AP,999,8
0241111C,23821022108,N,ST,16,4
0241111C,23821033003,N,ST,16,6
0241111C,23211033003,N,ST,27,27
0241111C,23811022103,N,ST,27,9
0240021T,23820031213,N,ST,15,15
0240021T,23820033007,N,ST,15,12
0240021T,23810031211,N,ST,15,25
0240021T,23810033007,N,ST,15,23
0249999N,,O,ST,0,9
0249999N,,O,ST,0,5
0249999N,,O,ST,0,0
0249999N,,O,AP,0,66
0249999N,,O,ST,0,54
0249999N,,O,ST,0,6
0249999N,,O,ST,0,21
0249999N,,O,ST,0,27
0240028A,23820030004,N,ST,15,19
0240028A,23820031114,N,ST,15,10
0240028A,23820031213,N,ST,30,38
0240028A,23820031214,N,ST,30,29
0240028A,23820033006,N,ST,30,41
0240028A,23820033007,N,ST,30,33
0240028A,23210031224,N,ST,24,28
0240028A,23810030003,N,ST,30,15
0240028A,23810031211,N,ST,60,67
0240028A,23810033006,N,ST,30,50
0240028A,23810033007,N,ST,30,32
0240984P,23820024204,N,ST,24,29
0240984P,23820025014,N,ST,12,5
0240984P,23820025411,N,ST,12,12
0240984P,23820025520,N,ST,36,29
0240984P,23820034304,N,ST,12,13
0240984P,23210022142,N,ST,12,15
0240984P,23210025524,N,ST,12,15
0240984P,23810020008,N,ST,36,30
0240984P,23810020103,N,ST,24,17
0240984P,23810024204,N,ST,24,37
0240984P,23810034306,N,ST,12,2
0240026Y,23820025214,N,ST,30,42
0240026Y,23820025216,N,ST,20,10
0240026Y,23810025222,N,ST,50,68
0240089S,23210033615,N,AP,999,13
0240089S,23210033616,N,AP,999,3
0240089S,23210033616,N,ST,12,14
0240089S,23810030003,N,ST,15,9
0240089S,23810031211,N,ST,15,17
0240089S,23810033007,N,ST,30,19
0240089S,23810033605,N,ST,15,26
0241092G,23821033003,N,ST,48,9
0241092G,23811033003,N,AP,999,10
0241092G,23811033003,N,ST,26,19
0240051A,23210022715,N,AP,999,2
0240051A,23210023122,N,AP,999,7
0240051A,23210023223,N,AP,999,5
0240051A,23210023224,N,AP,999,19
0240051A,23210023324,N,AP,999,7
0240051A,23210023325,N,AP,999,6
0240051A,23210023326,N,AP,999,13
0240051A,23210023327,N,AP,999,13
0240051A,23210023446,N,AP,999,3
0240051A,23210023447,N,AP,999,3
0240051A,23210023449,N,AP,999,6
0240051A,23210025436,N,AP,999,2
0240051A,23210025439,N,AP,999,6
0240050Z,23820025012,N,ST,12,11
0240050Z,23820025012,N,ST,12,11
0240050Z,23820025520,N,ST,12,1
0240050Z,23820025520,N,ST,12,11
0240050Z,23820030004,N,ST,15,13
0240050Z,23820031213,N,ST,15,15
0240050Z,23210025439,N,ST,12,10
0240050Z,23210033002,N,ST,12,4
0240050Z,23810020008,N,ST,12,6
0240050Z,23810020104,N,ST,12,5
0240050Z,23810020104,N,ST,12,4
0240050Z,23810020008,N,ST,12,5
0240050Z,23810030003,N,ST,15,6
0240050Z,23810031211,N,ST,15,19
0241072K,23211021130,N,AP,999,3
0241072K,23211033003,N,AP,999,3
0241072K,23211033003,N,ST,45,17
0241072K,23810031212,N,AP,999,8
0240048X,23820022106,N,ST,12,10
0240048X,23820025012,N,ST,15,11
0240048X,23820025014,N,ST,10,9
0240048X,23820025519,N,ST,24,22
0240048X,23820030004,N,ST,15,11
0240048X,23820031213,N,ST,15,25
0240048X,23820033403,N,ST,12,15
0240048X,23210023447,N,ST,12,13
0240048X,23210025524,N,ST,12,6
0240048X,23210031224,N,ST,24,12
0240048X,23810020008,N,ST,24,18
0240048X,23810020103,N,ST,10,8
0240048X,23810020104,N,ST,15,6
0240048X,23810030003,N,ST,15,7
0240048X,23810031211,N,ST,15,32
0240048X,23810033404,N,ST,24,31
0240081H,23210033615,N,ST,12,8
0240081H,23210033616,N,ST,12,2
0240081H,23810033007,N,ST,30,14
0241033T,23821021302,N,ST,45,0
0241033T,23821033003,N,ST,45,2
0241033T,23211033003,N,ST,45,10
0241033T,23811021404,N,ST,45,22
0241033T,23811033003,N,ST,45,12
0241125T,23820031212,N,ST,15,9
0241125T,23820031213,N,ST,15,22
0241125T,23810031211,N,ST,30,29
0240039M,23820023405,N,ST,15,10
0240039M,23820024303,N,ST,15,11
0240039M,23210023445,N,ST,30,13
0240039M,23210023447,N,ST,15,11
0240039M,23210024318,N,ST,15,6
0240039M,23210024323,N,ST,15,17
0240039M,23810023409,N,ST,15,14
0240039M,23810024304,N,ST,15,8
0241047H,23821021211,N,ST,26,5
0241047H,23821033003,N,ST,26,0
0241047H,23211021130,N,AP,999,10
0241047H,23211021130,N,ST,50,29
0241047H,23811021001,N,AP,999,5
0241047H,23811021112,N,ST,25,7
0241047H,23811021211,N,AP,999,7
0241047H,23811021112,N,ST,24,25
0240112S,23210023447,N,ST,8,9
0240112S,23210025439,N,ST,8,5
0240112S,23210031223,N,ST,8,10
0240112S,23210034308,N,ST,8,6
0240112S,23211021130,N,ST,8,3
0240112S,23211021405,N,ST,8,13
0241068F,23821021004,N,ST,25,1
0241068F,23821033003,N,ST,26,1
0241068F,23210022142,N,AP,999,3
0241068F,23210022146,N,AP,999,12
0241068F,23210033413,N,AP,999,5
0241068F,23811021004,N,AP,999,10
0241068F,23811021112,N,ST,25,10
0241068F,23811033003,N,ST,25,24
0241068F,23810022106,N,AP,999,5
0241068F,23810033403,N,AP,999,3
Total établissements sélectionnés - département DORDOGNE,,,,79457,6262
0250001R,23820022106,N,ST,24,23
0250001R,23820022503,N,ST,15,19
0250001R,23820025012,N,ST,15,21
0250001R,23820025520,N,ST,24,32
0250001R,23820031213,N,ST,30,36
0250001R,23820033403,N,ST,24,29
0250001R,23820034304,N,ST,15,17
0250001R,23210020101,N,ST,15,14
0250001R,23210022146,N,ST,12,29
0250001R,23210022510,N,ST,15,7
0250001R,23210031224,N,ST,24,54
0250001R,23210033002,N,ST,12,10
0250001R,23210034308,N,ST,12,2
0250001R,23210022146,N,ST,0,0
0250001R,23210022510,N,ST,0,0
0250001R,23210031224,N,ST,0,0
0250001R,23210033002,N,ST,0,0
0250001R,23810020008,N,ST,24,30
0250001R,23810020104,N,ST,15,27
0250001R,23810022503,N,ST,15,4
0250001R,23810031211,N,ST,30,57
0250001R,23810033404,N,ST,48,33
0250001R,23810034306,N,ST,15,2
0250063H,23820025012,N,ST,24,16
0250063H,23820025520,N,ST,15,7
0250063H,23820030004,N,ST,18,10
0250063H,23820033007,N,ST,12,16
0250063H,23210033002,N,ST,15,3
0250063H,23810020008,N,ST,15,5
0250063H,23810020104,N,ST,24,8
0250063H,23810030003,N,ST,18,9
0250063H,23810033007,N,ST,12,16
0251908N,23210033616,N,AP,999,7
0251400L,23210022715,N,AP,999,8
0251400L,23210023223,N,AP,999,5
0251400L,23210023224,N,AP,999,7
0251400L,23210023324,N,AP,999,2
0251400L,23210023325,N,AP,999,7
0251400L,23210023326,N,AP,999,6
0251400L,23210023327,N,AP,999,5
0251400L,23210023446,N,AP,999,3
0251400L,23210023447,N,AP,999,7
0251400L,23210023449,N,AP,999,1
0251400L,23210025439,N,AP,999,5
0251400L,23210025524,N,AP,999,14
0251400L,23810022706,N,AP,999,3
0251400L,23810022707,N,AP,999,4
0251400L,23810023405,N,AP,999,0
0251400L,23810025520,N,AP,999,1
0251750S,23210020101,N,AP,999,4
0251750S,23810025006,N,AP,999,2
0251750S,23810025013,N,AP,999,1
0251750S,23810025014,N,AP,999,3
0251893X,23210033205,N,AP,999,4
0251674J,23210033616,N,AP,999,9
0251890U,23210033615,N,AP,999,12
0251890U,23210033616,N,AP,999,6
0251371E,23210023224,N,ST,5,6
0251371E,23210023327,N,ST,5,23
0251371E,23210025439,N,ST,6,8
0251371E,23210031224,N,ST,6,13
0251477V,23211021405,N,ST,16,3
0251477V,23211033003,N,ST,18,3
0251477V,23811033001,N,ST,32,19
0251477V,23811022103,N,ST,12,10
0251477V,23811021404,N,ST,28,8
0250014E,23820022106,N,ST,24,22
0250014E,23820033006,N,ST,15,21
0250014E,23820033007,N,ST,60,80
0250014E,23820033403,N,ST,12,19
0250014E,23210022140,N,ST,12,2
0250014E,23210022146,N,ST,24,30
0250014E,23210033002,N,ST,24,33
0250014E,23210033413,N,ST,12,16
0250014E,23210022146,N,ST,0,0
0250014E,23210033002,N,ST,0,0
0250014E,23810033006,N,ST,15,29
0250014E,23810033007,N,ST,60,74
0250014E,23810033404,N,ST,36,51
0250013D,23820022706,N,ST,12,6
0250013D,23820023004,N,ST,15,15
0250013D,23820023005,N,ST,15,16
0250013D,23820023104,N,ST,15,11
0250013D,23820023203,N,ST,12,9
0250013D,23820023210,N,ST,24,19
0250013D,23820023304,N,ST,12,16
0250013D,23210023326,N,ST,12,18
0250013D,23210023449,N,ST,12,4
0250013D,23210025524,N,ST,12,36
0250013D,23210025524,N,ST,0,0
0250013D,23810020006,N,ST,48,57
0250013D,23810020008,N,ST,15,5
0250013D,23810023007,N,ST,45,31
0251079M,23820030004,N,ST,15,21
0251079M,23820031212,N,ST,15,14
0251079M,23820031213,N,ST,45,55
0251079M,23820031214,N,ST,30,33
0251079M,23820034403,N,ST,15,23
0251079M,23210031224,N,AP,999,2
0251079M,23210031224,N,ST,24,48
0251079M,23210031224,N,ST,0,0
0251079M,23810030003,N,ST,15,24
0251079M,23810031211,N,ST,90,120
0251079M,23810034403,N,ST,15,49
0251711Z,23820023408,N,ST,30,35
0251711Z,23810023409,N,ST,30,68
0250011B,23820025006,N,ST,48,52
0250011B,23820025013,N,ST,8,9
0250011B,23820025014,N,ST,16,12
0250011B,23820025519,N,ST,48,39
0250011B,23820025520,N,ST,24,25
0250011B,23810020008,N,ST,72,92
0250011B,23810020103,N,ST,72,67
0250011B,23810032303,N,AP,999,13
0251971G,23210033616,N,ST,17,18
0251035P,23210031224,N,ST,4,3
0251035P,23210033002,N,ST,3,1
0251035P,23810030003,N,ST,3,5
0251035P,23810031211,N,ST,9,17
0251035P,23810033006,N,ST,5,12
0251035P,23810033007,N,ST,10,9
0251592V,23210023447,N,ST,14,3
0251592V,23210025524,N,ST,5,7
0251592V,23810020008,N,ST,24,22
0251592V,23810023409,N,ST,20,12
0251519R,23210022137,N,AP,999,19
0251519R,23210022141,N,AP,999,24
0251519R,23210022143,N,AP,999,8
0251519R,23210022144,N,AP,999,1
0251519R,23210022146,N,AP,999,20
0251519R,23210025225,N,AP,999,51
0251519R,23210025226,N,AP,999,8
0251519R,23210025227,N,AP,999,8
0251519R,23210025440,N,AP,999,10
0251519R,23210031223,N,AP,999,10
0251519R,23210031224,N,AP,999,28
0251519R,23210033413,N,AP,999,11
0251519R,23210033615,N,AP,999,5
0251519R,23210033616,N,AP,999,18
0251519R,23810025224,N,AP,999,17
0251519R,23810025225,N,AP,999,3
0251519R,23810031213,N,AP,999,8
0251519R,23810031214,N,AP,999,6
0251519R,23810033104,N,AP,999,1
0251897B,23210023122,N,AP,999,4
0251897B,23210023124,N,AP,999,9
0251643A,25211021205,N,AP,999,0
0251643A,25211021304,N,AP,999,0
0251643A,25211021402,N,AP,999,0
0251643A,23211021130,N,AP,999,9
0251643A,23211021314,N,AP,999,6
0251643A,23211021405,N,AP,999,18
0250069P,,O,ST,1,16
0250069P,,O,ST,1,129
0250069P,,O,ST,0,6
0250069P,,O,ST,0,5
0250069P,,O,ST,0,5
0250069P,,O,ST,0,11
0250069P,,O,ST,0,324
0250069P,,O,ST,0,54
0250069P,,O,ST,0,4
0250069P,,O,ST,0,109
0250069P,,O,ST,0,5
0250069P,,O,ST,0,57
0250069P,,O,ST,0,3
0250069P,,O,ST,0,6
0250069P,,O,ST,0,80
0250069P,,O,ST,0,4
0250069P,,O,ST,0,7
0250069P,,O,ST,0,8
0250069P,,O,ST,0,14
0250069P,,O,ST,0,1
0250069P,,O,ST,0,3
0250069P,,O,ST,0,3
0250069P,,O,ST,0,6
0250069P,,O,ST,0,4
0250069P,,O,ST,0,1
0250069P,,O,ST,0,2
0250069P,,O,ST,0,1
0250069P,,O,ST,0,1
0250069P,,O,ST,0,0
0250069P,,O,ST,0,0
0250069P,,O,ST,0,1
0250069P,,O,ST,0,2
0250069P,,O,ST,0,2
0250069P,,O,ST,1,14
0250069P,,O,ST,1,20
0250069P,,O,ST,1,49
0251928K,23210023223,N,AP,999,2
0251928K,23210023224,N,AP,999,1
0251928K,23210023327,N,AP,999,4
0251928K,23210023446,N,AP,999,6
0251928K,23210023447,N,AP,999,10
0251967C,23210022715,N,AP,999,4
0251967C,23210023327,N,AP,999,2
0251967C,23210023447,N,AP,999,0
0251967C,23210023449,N,AP,999,1
0251749R,23210022137,N,AP,999,8
0251749R,23210022141,N,AP,999,9
0251749R,23210022142,N,AP,999,1
0251749R,23210022146,N,AP,999,6
0251749R,23210031221,N,AP,999,0
0251749R,23210031222,N,AP,999,0
0251749R,23210031224,N,AP,999,14
0251749R,23210033413,N,AP,999,3
0251749R,23210033616,N,AP,999,17
0251749R,23810031213,N,AP,999,1
0251263M,23811021112,N,ST,35,33
0251263M,23811021404,N,ST,19,26
0251263M,23811021404,N,ST,19,12
0251945D,23210025437,N,AP,999,2
0251945D,23210025524,N,AP,999,6
0251945D,23810025013,N,AP,999,0
0251945D,23810025014,N,AP,999,3
0251945D,23810025411,N,AP,999,1
0251945D,23810025520,N,AP,999,6
0251816N,23210031224,N,AP,999,2
0251816N,23211033003,N,AP,999,2
0251816N,23211033003,N,ST,20,3
0251816N,23811021302,N,AP,999,0
0251816N,23811021405,N,AP,999,3
0251816N,23811021404,N,ST,20,3
0251480Y,23211021237,N,ST,18,13
0251480Y,23811021112,N,ST,28,22
0251480Y,23811021112,N,ST,20,12
0252040G,23211022108,N,AP,999,6
0251811H,23210033205,N,AP,999,7
0251811H,23210033205,N,ST,8,12
0251811H,23811033001,N,ST,50,41
0250067M,23820024302,N,ST,15,14
0250067M,23820030004,N,ST,30,35
0250067M,23820031212,N,ST,15,12
0250067M,23820031214,N,ST,15,26
0250067M,23820033007,N,ST,30,46
0250067M,23820034403,N,ST,48,63
0250067M,23210022363,N,ST,12,15
0250067M,23210024240,N,ST,15,21
0250067M,23210034405,N,ST,30,35
0250067M,23810024304,N,ST,15,24
0250067M,23810030003,N,ST,30,39
0250067M,23810031211,N,ST,30,55
0250067M,23810033007,N,ST,30,74
0250067M,23810034403,N,ST,30,65
0251994G,23820025214,N,ST,40,50
0251994G,23820025215,N,ST,10,10
0251994G,23820025216,N,ST,10,8
0251994G,23820025412,N,ST,20,24
0251994G,23820025413,N,ST,10,10
0251994G,23210025225,N,ST,20,69
0251994G,23210025218,N,ST,0,0
0251994G,23810025222,N,ST,60,110
0251994G,23810025412,N,ST,20,34
0251994G,23810025413,N,ST,10,5
0251729U,23811022103,N,ST,32,21
0251729U,23811033001,N,ST,30,25
0251671F,23C10022316,N,ST,22,27
0251671F,23C10022317,N,ST,8,5
0251671F,23C10025101,N,ST,30,42
0251671F,23820025006,N,ST,24,28
0251671F,23820025014,N,ST,24,27
0251671F,23210022361,N,ST,30,72
0251671F,23210022362,N,AP,999,6
0251671F,23210025137,N,AP,999,8
0251671F,23210025137,N,ST,30,94
0251671F,23810020103,N,ST,48,66
0251481Z,23811033001,N,ST,28,18
0251481Z,23811022103,N,ST,28,8
0251349F,23820022106,N,ST,15,17
0251349F,23820023405,N,ST,30,19
0251349F,23820025012,N,ST,15,15
0251349F,23820025520,N,ST,15,17
0251349F,23820033007,N,ST,30,29
0251349F,23820033403,N,ST,15,13
0251349F,23110022141,N,ST,12,4
0251349F,23210022146,N,ST,12,16
0251349F,23210023446,N,ST,15,12
0251349F,23210033413,N,ST,12,0
0251349F,23210022146,N,ST,0,0
0251349F,23810020008,N,ST,15,21
0251349F,23810020104,N,ST,15,20
0251349F,23810023409,N,ST,30,19
0251349F,23810033007,N,ST,30,38
0251349F,23810033404,N,ST,30,27
0250043L,23820030004,N,ST,15,19
0250043L,23820031212,N,ST,15,18
0250043L,23820031213,N,ST,30,43
0250043L,23210031224,N,ST,15,21
0250043L,23210031224,N,ST,0,0
0250043L,23810030003,N,ST,15,24
0250043L,23810031211,N,ST,45,72
0251112Y,23810020008,N,ST,32,21
0251112Y,23810034403,N,ST,19,25
0251727S,23211033003,N,ST,24,12
0251773S,23210034405,N,AP,999,24
0251773S,23211021130,N,AP,999,13
0251773S,23211021130,N,ST,20,5
0251773S,23811021004,N,AP,999,5
0251773S,23811021112,N,ST,30,13
Total établissements sélectionnés - département DOUBS,,,,99052,11579
0261097B,23210031222,N,AP,999,0
0261097B,23210031224,N,AP,999,15
0261097B,23211021130,N,AP,999,3
0261097B,23211021130,N,ST,18,2
0261097B,23811021112,N,ST,18,2
0261097B,23811021114,N,AP,999,2
0261097B,23811022103,N,ST,20,9
0261097B,23810025219,N,AP,999,3
0261097B,23810031213,N,AP,999,10
0261357J,23811021404,N,ST,35,17
0260765R,23211022108,N,AP,999,5
0261434T,23210022146,N,AP,999,8
0261434T,23210031224,N,AP,999,3
0261434T,23210033413,N,AP,999,4
0261434T,23211033003,N,ST,25,3
0261067U,23811022104,N,ST,28,21
0261067U,23811033001,N,ST,28,20
0261098C,23210033002,N,AP,999,0
0261098C,23210033205,N,AP,999,27
0261098C,23811033001,N,ST,30,29
0260006R,23820030004,N,ST,15,17
0260006R,23210022142,N,ST,24,19
0260006R,23810030003,N,ST,15,16
0260072M,23210023006,N,ST,12,2
0260072M,23810020008,N,ST,60,36
0260072M,23810020104,N,ST,15,8
0260072M,23810031211,N,ST,24,41
0261096A,23211021130,N,AP,999,10
0261096A,23811021112,N,ST,36,16
0261035J,23210022715,N,AP,999,12
0261035J,23210023122,N,AP,999,8
0261035J,23210023123,N,AP,999,26
0261035J,23210023124,N,AP,999,22
0261035J,23210023224,N,AP,999,31
0261035J,23210023225,N,AP,999,0
0261035J,23210023324,N,AP,999,8
0261035J,23210023325,N,AP,999,5
0261035J,23210023326,N,AP,999,16
0261035J,23210023327,N,AP,999,10
0261035J,23210023447,N,AP,999,3
0261035J,23210023449,N,AP,999,5
0261035J,23210025439,N,AP,999,16
0261035J,23210025524,N,AP,999,17
0261035J,23810023210,N,AP,999,13
0261036K,23210022137,N,AP,999,16
0261036K,23210022141,N,AP,999,29
0261036K,23210022143,N,AP,999,18
0261036K,23210022146,N,AP,999,33
0261036K,23210025225,N,AP,999,64
0261036K,23210025226,N,AP,999,15
0261036K,23210025440,N,AP,999,15
0261036K,23210033413,N,AP,999,21
0261036K,23210033616,N,AP,999,49
0261065S,23211033003,N,ST,35,16
0261065S,23811021112,N,ST,35,20
0261496K,23210033615,N,AP,999,14
0261496K,23210033616,N,AP,999,1
0261034H,23210022142,N,ST,8,19
0261034H,23210025223,N,ST,8,12
0261034H,23210031223,N,ST,8,20
0261034H,23211021405,N,ST,8,19
0261265J,23210023446,N,AP,999,5
0261265J,23211021314,N,AP,999,6
0261265J,23211021314,N,ST,32,8
0261265J,23211021405,N,AP,999,19
0261265J,23811021404,N,ST,32,22
0261265J,23810023404,N,AP,999,3
0261265J,23810023404,N,ST,32,12
0260113G,23820025012,N,ST,24,29
0260113G,23820025215,N,ST,20,25
0260113G,23820025517,N,ST,12,13
0260113G,23820025520,N,ST,24,26
0260113G,23820031106,N,ST,15,20
0260113G,23820031107,N,ST,24,25
0260113G,23820031114,N,ST,15,10
0260113G,23820031115,N,ST,12,12
0260113G,23210025226,N,ST,10,29
0260113G,23210031122,N,ST,24,23
0260113G,23210031126,N,ST,12,38
0260113G,23210031127,N,ST,12,18
0260113G,23810020008,N,ST,36,55
0260113G,23810020104,N,ST,24,21
0260113G,23810022708,N,ST,24,52
0260113G,23810025222,N,ST,20,16
0260113G,23810030003,N,ST,30,21
0260113G,23810031115,N,ST,12,12
0260113G,23810031117,N,ST,24,58
0260019E,23820025012,N,ST,12,15
0260019E,23820025519,N,ST,12,11
0260019E,23820025520,N,ST,24,21
0260019E,23820030004,N,ST,30,38
0260019E,23210022714,N,ST,12,12
0260019E,23210024240,N,ST,12,9
0260019E,23210031224,N,ST,24,22
0260019E,23810020008,N,ST,36,58
0260019E,23810020104,N,ST,12,8
0260019E,23810030003,N,ST,30,41
0261352D,23211021130,N,AP,999,5
0261352D,23211021405,N,AP,999,24
0260791U,23811021112,N,ST,16,5
0260791U,23811022103,N,ST,16,5
0260791U,23811021404,N,ST,32,45
0260044G,23820022707,N,ST,15,7
0260044G,23820023004,N,ST,15,6
0260044G,23820023005,N,ST,15,27
0260044G,23820023203,N,ST,15,4
0260044G,23820023304,N,ST,12,15
0260044G,23820023405,N,ST,15,10
0260044G,23820033007,N,ST,24,22
0260044G,23210022142,N,ST,12,29
0260044G,23210023006,N,ST,12,23
0260044G,23210023224,N,ST,12,8
0260044G,23210023327,N,ST,12,24
0260044G,23210033002,N,ST,12,10
0260044G,23210033205,N,ST,12,24
0260044G,23810020006,N,ST,12,18
0260044G,23810020008,N,ST,15,12
0260044G,23810023007,N,ST,30,21
0260044G,23810023409,N,ST,15,6
0260044G,23810033007,N,ST,24,25
0260023J,23820024301,N,ST,12,8
0260023J,23820024302,N,ST,12,15
0260023J,23820025012,N,ST,15,16
0260023J,23820025014,N,ST,15,11
0260023J,23820025520,N,ST,15,22
0260023J,23820030004,N,ST,15,17
0260023J,23820031213,N,ST,15,24
0260023J,23820031214,N,ST,15,14
0260023J,23210024323,N,ST,15,17
0260023J,23210031224,N,ST,15,27
0260023J,23810020008,N,ST,15,32
0260023J,23810020103,N,ST,15,8
0260023J,23810020104,N,ST,15,15
0260023J,23810024304,N,ST,24,27
0260023J,23810030003,N,ST,15,25
0260023J,23810031211,N,ST,30,78
0260078U,23810031211,N,ST,45,27
0260078U,23810033007,N,ST,15,13
0261069W,23211021237,N,ST,26,11
0261069W,23811021112,N,ST,45,32
0261069W,23811021404,N,ST,26,15
0261397C,23820025214,N,ST,50,66
0261397C,23820025412,N,ST,20,19
0261397C,23210025225,N,ST,20,76
0261397C,23210025441,N,ST,10,14
0261397C,23810025222,N,ST,50,92
0261397C,23810025412,N,ST,20,24
0261148G,23820022106,N,ST,36,47
0261148G,23820033403,N,ST,36,29
0261148G,23210022146,N,ST,24,40
0261148G,23210033413,N,ST,24,23
0261148G,23810033404,N,ST,72,91
0260111E,23210033615,N,AP,999,10
0260111E,23210033616,N,AP,999,5
0260111E,23810033606,N,AP,999,4
0260037Z,23820023003,N,ST,15,16
0260037Z,23820024204,N,ST,24,32
0260037Z,23820030004,N,ST,48,50
0260037Z,23820033007,N,ST,32,35
0260037Z,23820033101,N,ST,15,18
0260037Z,23210024240,N,ST,12,12
0260037Z,23210024241,N,ST,12,4
0260037Z,23210031224,N,ST,24,45
0260037Z,23210033002,N,ST,12,16
0260037Z,23210033205,N,ST,12,52
0260037Z,23810023003,N,ST,15,30
0260037Z,23810024204,N,ST,24,35
0260037Z,23810030003,N,ST,48,21
0260037Z,23810033007,N,ST,32,58
0260037Z,23810033101,N,ST,15,17
0261100E,23820023407,N,ST,15,14
0261100E,23820031212,N,ST,15,10
0261100E,23820031213,N,ST,30,39
0261100E,23820031214,N,ST,30,37
0261100E,23210023447,N,ST,12,18
0261100E,23210031224,N,ST,18,29
0261100E,23810023409,N,ST,15,2
0261100E,23810031211,N,ST,75,92
0260116K,23820020102,N,ST,12,2
0260116K,23820025012,N,ST,15,10
0260116K,23820025406,N,ST,15,17
0260116K,23820025520,N,ST,24,16
0260116K,23210025439,N,ST,12,15
0260116K,23210025524,N,ST,12,33
0260116K,23810020006,N,ST,15,11
0260116K,23810020008,N,ST,24,11
0260116K,23810020104,N,ST,27,9
0261505V,23820020009,N,ST,15,12
0261505V,23820025006,N,ST,15,13
0261505V,23820025014,N,ST,15,14
0261505V,23820025519,N,ST,30,38
0261505V,23820025520,N,ST,15,32
0261505V,23810020008,N,ST,45,121
0261505V,23810020009,N,ST,15,20
0261505V,23810020103,N,ST,30,13
0260082Y,23210033205,N,ST,24,15
0260082Y,23810033007,N,ST,32,29
0261139X,23210031224,N,ST,15,16
0261139X,23210033615,N,ST,12,24
0261139X,23810030003,N,ST,39,19
0261139X,23810031211,N,ST,60,65
0261139X,23810032303,N,ST,15,21
0261253W,23210031224,N,AP,999,15
0261542K,23210020101,N,AP,999,2
0261542K,23210025438,N,AP,999,9
0261542K,23810025012,N,AP,999,1
0261542K,23810025014,N,AP,999,0
0261542K,23810025520,N,AP,999,4
Total établissements sélectionnés - département DROME,,,,65249,11944
0910628N,23820025012,N,ST,24,21
0910628N,23820025520,N,ST,24,23
0910628N,23820030004,N,ST,30,41
0910628N,23820031212,N,ST,15,5
0910628N,23820031213,N,ST,45,64
0910628N,23820031214,N,ST,30,25
0910628N,23820034403,N,ST,1,13
0910628N,23210033002,N,ST,12,14
0910628N,23210034405,N,ST,12,16
0910628N,23810020008,N,ST,24,29
0910628N,23810020104,N,ST,24,7
0910628N,23810030003,N,ST,30,40
0910628N,23810031211,N,ST,75,124
0910628N,23810034403,N,ST,48,72
0910676R,23820025012,N,ST,24,27
0910676R,23820025520,N,ST,48,47
0910676R,23210025524,N,ST,24,15
0910676R,23810020008,N,ST,48,22
0910676R,23810020104,N,ST,24,8
0911826R,23210025438,N,AP,999,4
0911826R,23810025012,N,AP,999,0
0911826R,23810025014,N,AP,999,0
0911826R,23810025411,N,AP,999,3
0910975R,23820023004,N,ST,12,20
0910975R,23820023005,N,ST,12,23
0910975R,23820023104,N,ST,24,22
0910975R,23820023205,N,ST,12,9
0910975R,23820023303,N,ST,12,9
0910975R,23820023304,N,ST,12,13
0910975R,23820025406,N,ST,12,13
0910975R,23820025411,N,ST,24,26
0910975R,23210023224,N,ST,12,12
0910975R,23210023329,N,ST,12,10
0910975R,23210025437,N,ST,12,8
0910975R,23810020006,N,ST,48,40
0910975R,23810020103,N,ST,24,19
0910975R,23810023007,N,ST,48,61
0911333E,23210022715,N,AP,999,4
0911333E,23210023224,N,AP,999,12
0911333E,23210023311,N,AP,999,1
0911333E,23210023324,N,AP,999,8
0911333E,23210023326,N,AP,999,0
0911333E,23210023327,N,AP,999,3
0911333E,23210023447,N,AP,999,1
0911333E,23210025436,N,AP,999,0
0911333E,23210025439,N,AP,999,2
0911333E,23210025524,N,AP,999,6
0911333E,23810022707,N,AP,999,8
0910843X,23810030003,N,ST,28,10
0910843X,23810033404,N,ST,24,14
0910843X,23810034403,N,ST,24,11
0910630R,23820025214,N,ST,10,21
0910630R,23820025302,N,ST,36,31
0910630R,23820025303,N,ST,35,73
0910630R,23820025305,N,ST,12,9
0910630R,23820025412,N,ST,0,0
0910630R,23820031106,N,ST,24,36
0910630R,23820031107,N,ST,0,0
0910630R,23210025225,N,ST,10,22
0910630R,23210025305,N,ST,12,33
0910630R,23210025440,N,ST,10,11
0910630R,23210031122,N,ST,24,15
0910630R,23210031124,N,ST,12,19
0910630R,23810025222,N,ST,10,31
0910630R,23810025307,N,ST,72,162
0910630R,23810025412,N,ST,10,38
0910630R,23810030003,N,ST,24,15
0910630R,23810031117,N,ST,24,60
0910620E,23820025014,N,ST,24,28
0910620E,23820025520,N,ST,24,46
0910620E,23820030004,N,ST,60,93
0910620E,23820031213,N,ST,30,49
0910620E,23820031214,N,ST,30,51
0910620E,23210025524,N,ST,12,21
0910620E,23810020008,N,ST,24,92
0910620E,23810020103,N,ST,24,24
0910620E,23810030003,N,ST,60,88
0910620E,23810031211,N,ST,60,145
0912161E,23810031211,N,ST,34,24
0912161E,23810031211,N,ST,0,0
0912364A,23820025012,N,ST,24,22
0912364A,23820025219,N,ST,8,11
0912364A,23820025220,N,ST,8,1
0912364A,23820025221,N,ST,8,3
0912364A,23820025519,N,ST,24,34
0912364A,23820025520,N,ST,24,19
0912364A,23820030004,N,ST,30,31
0912364A,23820031212,N,ST,20,27
0912364A,23820031213,N,ST,20,8
0912364A,23820031214,N,ST,20,31
0912364A,23810020008,N,ST,48,53
0912364A,23810020104,N,ST,24,12
0912364A,23810025222,N,ST,24,25
0912364A,23810030003,N,ST,30,16
0912364A,23810031211,N,ST,60,77
0910755B,23820031213,N,ST,15,6
0910755B,23820031214,N,ST,15,1
0910755B,23820025012,N,ST,24,13
0910755B,23820025520,N,ST,24,30
0910755B,23820031213,N,ST,30,43
0910755B,23820031214,N,ST,15,26
0910755B,23820034403,N,ST,12,25
0910755B,23210025524,N,ST,12,16
0910755B,23210031224,N,ST,15,19
0910755B,23210034405,N,ST,24,27
0910755B,23810020008,N,ST,24,34
0910755B,23810020104,N,ST,24,13
0910755B,23810031211,N,ST,60,61
0910755B,23810034403,N,ST,48,79
0912447R,23210022146,N,AP,999,0
0911401D,23820025012,N,ST,24,15
0911401D,23820025520,N,ST,24,22
0911401D,23820031213,N,ST,15,29
0911401D,23820031214,N,ST,15,18
0911401D,23820033006,N,ST,0,0
0911401D,23820033007,N,ST,0,0
0911401D,23110033205,N,ST,15,16
0911401D,23210022142,N,ST,12,5
0911401D,23210025524,N,ST,12,12
0911401D,23210031224,N,ST,15,25
0911401D,23210033002,N,ST,12,14
0911401D,23810020008,N,ST,24,25
0911401D,23810020104,N,ST,24,7
0911401D,23810031211,N,ST,30,73
0911401D,23810033006,N,ST,30,27
0911401D,23810033007,N,ST,30,39
0910622G,23820030004,N,ST,30,33
0910622G,23810030003,N,ST,30,39
0910629P,23820022105,N,ST,48,59
0910629P,23820022106,N,ST,48,68
0910629P,23820033403,N,ST,48,28
0910629P,23J00022110,N,ST,6,3
0910629P,23110022145,N,ST,6,8
0910629P,23210022141,N,ST,24,60
0910629P,23210022146,N,ST,24,42
0910629P,23210033413,N,ST,28,12
0910629P,23810022107,N,ST,48,74
0910629P,23810033404,N,ST,72,93
0911343R,23820022706,N,ST,48,31
0911343R,23820022707,N,ST,0,0
0911343R,23820023004,N,ST,15,17
0911343R,23820023203,N,ST,12,16
0911343R,23820023405,N,ST,24,18
0911343R,23820023407,N,ST,12,2
0911343R,23210022715,N,ST,12,12
0911343R,23210023006,N,ST,12,9
0911343R,23210023224,N,ST,12,10
0911343R,23210023324,N,ST,12,34
0911343R,23210023447,N,ST,12,10
0911343R,23810020006,N,ST,12,23
0911343R,23810020008,N,ST,48,32
0911343R,23810023007,N,ST,15,17
0911343R,23810023409,N,ST,24,9
0911254U,23820031212,N,ST,15,27
0911254U,23820031213,N,ST,60,50
0911254U,23820031214,N,ST,15,16
0911254U,23820033007,N,ST,0,0
0911254U,23820033604,N,ST,30,14
0911254U,23820033606,N,ST,44,48
0911254U,23210024008,N,AP,999,0
0911254U,23210024008,N,ST,12,2
0911254U,23210031224,N,ST,15,52
0911254U,23210033002,N,ST,24,30
0911254U,23210033205,N,ST,24,83
0911254U,23210033615,N,ST,14,71
0911254U,23810031211,N,ST,90,106
0911254U,23810033007,N,ST,30,128
0911254U,23810033605,N,ST,58,106
0911828T,23820025006,N,ST,24,17
0911828T,23820025519,N,ST,96,141
0911828T,23810020008,N,ST,72,125
0911828T,23810020103,N,ST,24,14
0912267V,23210022137,N,AP,999,6
0912267V,23210022141,N,AP,999,11
0912267V,23210022142,N,AP,999,0
0912267V,23210022146,N,AP,999,9
0912267V,23210025225,N,AP,999,21
0912267V,23210025440,N,AP,999,8
0912267V,23210025524,N,AP,999,5
0912267V,23210031224,N,AP,999,10
0912267V,23210033413,N,AP,999,5
0912267V,23210033616,N,AP,999,36
0912267V,23810022106,N,AP,999,11
0912267V,23810022706,N,AP,999,2
0912267V,23810025224,N,AP,999,17
0912267V,23810025412,N,AP,999,11
0912267V,23810025520,N,AP,999,10
0912267V,23810031213,N,AP,999,20
0912267V,23810031214,N,AP,999,5
0912267V,23810033403,N,AP,999,2
0912126S,23211021405,N,AP,999,2
0912126S,23211021405,N,ST,20,6
0912126S,23811021404,N,ST,20,3
0912126S,23811033001,N,ST,20,2
0912126S,23811033003,N,AP,999,3
0910631S,23820024204,N,ST,5,18
0910631S,23820024302,N,ST,0,0
0910631S,23820030004,N,ST,52,66
0910631S,23820031212,N,ST,25,20
0910631S,23820031213,N,ST,38,30
0910631S,23820031214,N,ST,13,28
0910631S,23820033007,N,ST,0,0
0910631S,23210024323,N,ST,12,8
0910631S,23810024204,N,ST,36,37
0910631S,23810024304,N,ST,12,7
0910631S,23810030003,N,ST,52,41
0910631S,23810031211,N,ST,52,94
0910631S,23810033007,N,ST,55,88
0912273B,23210033205,N,AP,999,13
0911492C,23820025012,N,ST,24,23
0911492C,23820025519,N,ST,24,39
0911492C,23820025520,N,ST,36,16
0911492C,23820030004,N,ST,30,34
0911492C,23210020101,N,AP,999,0
0911492C,23210020101,N,ST,6,3
0911492C,23210022142,N,ST,12,10
0911492C,23210025524,N,ST,12,13
0911492C,23810020008,N,ST,48,59
0911492C,23810020104,N,ST,24,14
0911492C,23810030003,N,ST,30,33
0910715H,23820020009,N,ST,0,0
0910715H,23820025012,N,ST,24,10
0910715H,23820025411,N,ST,12,7
0910715H,23820025520,N,ST,48,25
0910715H,23820030004,N,ST,30,40
0910715H,23820031212,N,ST,30,17
0910715H,23820031213,N,ST,27,50
0910715H,23820031214,N,ST,30,17
0910715H,23820033007,N,ST,15,40
0910715H,23J00033002,N,ST,0,0
0910715H,23210033205,N,ST,24,44
0910715H,23810020008,N,ST,48,27
0910715H,23810020009,N,ST,24,16
0910715H,23810020103,N,ST,12,9
0910715H,23810020104,N,ST,24,5
0910715H,23810030003,N,ST,30,16
0910715H,23810031211,N,ST,60,69
0910715H,23810033007,N,ST,45,47
0911551S,23210031223,N,AP,999,3
0911551S,23211021130,N,ST,14,8
0911551S,23211021405,N,AP,999,0
0911551S,23211021405,N,ST,14,11
0911551S,23211033003,N,ST,15,4
0911551S,23811021112,N,ST,12,3
0911551S,23811021404,N,ST,14,8
0911551S,23811033001,N,ST,14,2
0912263R,23810031213,N,AP,999,9
0912263R,23810031214,N,AP,999,2
0910632T,23820023203,N,ST,0,0
0910632T,23820022707,N,ST,24,29
0910632T,23820023003,N,ST,0,0
0910632T,23820023004,N,ST,12,9
0910632T,23820023005,N,ST,12,18
0910632T,23820023203,N,ST,24,25
0910632T,23820023405,N,ST,12,13
0910632T,23820023408,N,ST,12,15
0910632T,23820024204,N,ST,0,0
0910632T,23210023324,N,ST,24,34
0910632T,23210023325,N,ST,12,10
0910632T,23210023327,N,ST,12,17
0910632T,23210023446,N,ST,12,1
0910632T,23210024240,N,ST,12,26
0910632T,23810020006,N,ST,24,19
0910632T,23810020008,N,ST,24,18
0910632T,23810023003,N,ST,24,52
0910632T,23810023007,N,ST,24,23
0910632T,23810023409,N,ST,24,24
0910632T,23810024204,N,ST,24,38
0910727W,23820025006,N,ST,24,20
0910727W,23820025014,N,ST,12,6
0910727W,23820025519,N,ST,48,81
0910727W,23820025520,N,ST,24,37
0910727W,23820030004,N,ST,30,47
0910727W,23810020008,N,ST,84,115
0910727W,23810020103,N,ST,36,27
0910727W,23810030003,N,ST,30,49
0911962N,23820030004,N,ST,60,70
0911962N,23810030003,N,ST,60,55
0911353B,23210022142,N,ST,16,16
0911353B,23210025524,N,ST,8,11
0911353B,23210031224,N,ST,8,20
0911353B,23210033002,N,ST,8,9
0911945V,23820030004,N,ST,30,34
0911945V,23820031213,N,ST,30,32
0911945V,23820031214,N,ST,30,37
0911945V,23210031224,N,ST,15,17
0911945V,23810030003,N,ST,30,24
0911945V,23810031211,N,ST,60,83
0911037H,23820025519,N,ST,48,71
0911037H,23820025520,N,ST,60,52
0911037H,23210025524,N,ST,12,35
0911037H,23810020008,N,ST,120,109
0910429X,23210023224,N,ST,8,6
0910429X,23210023447,N,ST,8,9
0910429X,23210025223,N,ST,8,11
0910429X,23210025439,N,ST,8,4
0910429X,23211021405,N,ST,16,19
0912098L,23811022103,N,ST,0,0
0912433A,23810025518,N,ST,24,16
0912251C,23820031213,N,ST,45,41
0912251C,23820031214,N,ST,15,43
0912251C,23820033006,N,ST,0,0
0912251C,23820033007,N,ST,0,0
0912251C,23210031224,N,ST,15,19
0912251C,23810031211,N,ST,60,117
0912251C,23810033006,N,ST,30,36
0912251C,23810033007,N,ST,30,63
0912321D,23810031211,N,ST,25,5
0912321D,23810032303,N,ST,27,20
0912473U,23210022137,N,AP,999,2
0911493D,23820025014,N,ST,24,21
0911493D,23820025214,N,ST,40,52
0911493D,23820025520,N,ST,48,40
0911493D,23820033007,N,ST,0,0
0911493D,23210025225,N,ST,20,22
0911493D,23210025524,N,ST,24,17
0911493D,23810020008,N,ST,48,39
0911493D,23810020103,N,ST,24,29
0911493D,23810025222,N,ST,40,40
0911493D,23810033007,N,ST,60,77
0911578W,23820022707,N,ST,24,19
0911578W,23820025517,N,ST,24,15
0911578W,23820025520,N,ST,24,51
0911578W,23820030004,N,ST,0,0
0911578W,23820031212,N,ST,15,19
0911578W,23820031213,N,ST,45,53
0911578W,23820031214,N,ST,30,36
0911578W,23210022714,N,ST,12,12
0911578W,23210025524,N,ST,24,22
0911578W,23210031224,N,ST,15,28
0911578W,23810020008,N,ST,72,64
0911578W,23810031211,N,ST,90,73
0912163G,23820030004,N,ST,48,53
0912163G,23820031212,N,ST,30,24
0912163G,23820031213,N,ST,54,85
0912163G,23820031214,N,ST,30,39
0912163G,23210031224,N,ST,15,43
0912163G,23810030003,N,ST,48,34
0912163G,23810031211,N,ST,114,98
0911946W,23820025520,N,ST,24,30
0911946W,23820033006,N,ST,0,0
0911946W,23820033007,N,ST,0,0
0911946W,23820034304,N,ST,1,9
0911946W,23210022142,N,ST,11,21
0911946W,23210033002,N,ST,15,5
0911946W,23810020008,N,ST,24,46
0911946W,23810033006,N,ST,30,56
0911946W,23810033007,N,ST,30,74
0911946W,23810034306,N,ST,15,0
0912142J,23820025214,N,ST,60,74
0912142J,23820025412,N,ST,0,0
0912142J,23820031106,N,ST,45,61
0912142J,23820031114,N,ST,30,18
0912142J,23110025441,N,ST,10,6
0912142J,23210025225,N,AP,1,12
0912142J,23210025225,N,ST,10,65
0912142J,23210025440,N,AP,1,2
0912142J,23210025440,N,ST,10,30
0912142J,23210031122,N,ST,12,23
0912142J,23810025222,N,ST,60,91
0912142J,23810025412,N,AP,1,7
0912142J,23810025412,N,ST,20,42
0912142J,23810030003,N,ST,60,54
0910756C,23820030004,N,ST,60,57
0910756C,23820031212,N,ST,30,22
0910756C,23820031213,N,ST,60,65
0910756C,23820031214,N,ST,15,39
0910756C,23210031224,N,ST,36,23
0910756C,23810030003,N,ST,60,40
0910756C,23810031211,N,ST,90,74
0910838S,23810031211,N,ST,0,0
Total établissements sélectionnés - département ESSONNE,,,,68436,26821
0271581X,23820022106,N,ST,12,15
0271581X,23820025014,N,ST,15,9
0271581X,23820025411,N,ST,15,21
0271581X,23820025519,N,ST,30,35
0271581X,23820031213,N,ST,32,45
0271581X,23820033403,N,ST,12,11
0271581X,23210022142,N,ST,12,10
0271581X,23210022146,N,ST,12,12
0271581X,23210031224,N,ST,24,23
0271581X,23210033413,N,ST,15,11
0271581X,23810020008,N,ST,30,34
0271581X,23810020103,N,ST,30,21
0271581X,23810031211,N,ST,32,52
0271581X,23810033404,N,ST,24,30
0271074W,23210033002,N,ST,12,2
0271074W,23810033007,N,ST,26,27
0271074W,23810033605,N,ST,25,30
0271401B,23811033001,N,ST,30,22
0271606Z,23C10023412,N,ST,15,11
0271606Z,23820023405,N,ST,30,18
0271606Z,23820024302,N,ST,15,24
0271606Z,23210023445,N,ST,30,19
0271606Z,23210023449,N,ST,15,18
0271606Z,23210024238,N,ST,15,0
0271606Z,23210024239,N,ST,15,4
0271606Z,23210024318,N,ST,15,7
0271606Z,23810023409,N,ST,30,16
0271606Z,23810024304,N,ST,15,26
0271698Z,23211021405,N,AP,999,47
0279999X,41411041001,N,ST,0,0
0279999X,99990099902,O,ST,1,0
0279999X,99990099902,O,ST,1,88
0279999X,99990099902,O,ST,1,58
0271107G,23821021302,N,ST,27,1
0271107G,23821021405,N,ST,27,3
0271107G,23811021404,N,ST,29,18
0271107G,23811021404,N,ST,29,21
0271268G,23820030004,N,ST,32,32
0271268G,23820031106,N,ST,32,35
0271268G,23820031213,N,ST,48,80
0271268G,23820031214,N,ST,16,29
0271268G,23820034403,N,ST,15,36
0271268G,23810030003,N,ST,64,65
0271268G,23810031211,N,ST,64,151
0271268G,23810034403,N,ST,15,85
0270018Y,23820022706,N,ST,15,23
0270018Y,23820023004,N,ST,15,11
0270018Y,23820023203,N,ST,15,13
0270018Y,23820023304,N,ST,15,15
0270018Y,23820023404,N,ST,15,16
0270018Y,23820025517,N,ST,15,8
0270018Y,23820025520,N,ST,30,34
0270018Y,23210022715,N,ST,15,10
0270018Y,23210023006,N,ST,15,29
0270018Y,23210023224,N,ST,15,16
0270018Y,23210025439,N,ST,12,11
0270018Y,23210025524,N,ST,15,29
0270018Y,23810020006,N,ST,30,29
0270018Y,23810020008,N,ST,60,38
0270018Y,23810023007,N,ST,15,14
0270018Y,23810023404,N,ST,15,4
0270051J,23820025012,N,ST,30,21
0270051J,23820025014,N,ST,15,12
0270051J,23820025214,N,ST,30,42
0270051J,23820025519,N,ST,30,48
0270051J,23820032207,N,ST,15,12
0270051J,23820032208,N,ST,15,14
0270051J,23820032303,N,ST,15,26
0270051J,23820033007,N,ST,30,54
0270051J,23810020008,N,ST,30,75
0270051J,23810020103,N,ST,15,18
0270051J,23810020104,N,ST,30,10
0270051J,23810025222,N,ST,20,53
0270051J,23810032210,N,ST,30,26
0270051J,23810032303,N,ST,15,62
0270051J,23810033007,N,ST,30,72
0271070S,23210031224,N,ST,30,9
0271070S,23810030003,N,ST,22,6
0271070S,23810031211,N,ST,62,22
0271177H,23210022715,N,AP,999,6
0271177H,23210023223,N,AP,999,26
0271177H,23210023224,N,AP,999,31
0271177H,23210023324,N,AP,999,20
0271177H,23210023325,N,AP,999,6
0271177H,23210023327,N,AP,999,16
0271177H,23210023446,N,AP,999,4
0271177H,23210023447,N,AP,999,14
0271177H,23210023449,N,AP,999,6
0271177H,23210025439,N,AP,999,4
0271177H,23210025524,N,AP,999,15
0271177H,23810022707,N,AP,999,5
0271177H,23810025520,N,AP,999,5
0271415S,23810025012,N,AP,999,1
0271415S,23810025013,N,AP,999,3
0271415S,23810025411,N,AP,999,8
0271635F,23211021130,N,AP,999,18
0271635F,23811021405,N,AP,999,16
0270026G,23820025014,N,ST,15,10
0270026G,23820025520,N,ST,30,36
0270026G,23820030004,N,ST,16,18
0270026G,23820031114,N,ST,16,12
0270026G,23820031213,N,ST,32,37
0270026G,23820033007,N,ST,30,34
0270026G,23210022142,N,ST,24,18
0270026G,23810020008,N,ST,30,24
0270026G,23810020103,N,ST,15,10
0270026G,23810030003,N,ST,32,20
0270026G,23810031211,N,ST,32,35
0270026G,23810033007,N,ST,30,36
0271888F,23210023223,N,AP,999,4
0271888F,23210023224,N,AP,999,4
0271888F,23210023325,N,AP,999,0
0271888F,23210023447,N,AP,999,2
0271888F,23210023449,N,AP,999,1
0271108H,23821021004,N,ST,27,25
0271108H,23820025219,N,ST,16,15
0271108H,23811021112,N,ST,29,33
0271108H,23810025222,N,ST,22,27
0271473E,23211021130,N,AP,999,15
0271473E,23811021004,N,AP,999,13
0271585B,23820025214,N,ST,20,24
0271585B,23820025411,N,ST,24,22
0271585B,23820025412,N,ST,20,23
0271585B,23820025520,N,ST,30,21
0271585B,23820030004,N,ST,24,17
0271585B,23810020008,N,ST,15,19
0271585B,23810020103,N,ST,15,23
0271585B,23810025222,N,ST,20,40
0271585B,23810025412,N,ST,20,19
0271585B,23810030003,N,ST,24,19
0270029K,23820025012,N,ST,30,32
0270029K,23820025520,N,ST,30,40
0270029K,23210025524,N,ST,15,27
0270029K,23810020008,N,ST,30,45
0270029K,23810020104,N,ST,30,17
0271634E,23820022106,N,ST,24,30
0271634E,23820031213,N,ST,48,53
0271634E,23820033403,N,ST,24,26
0271634E,23210022146,N,AP,666,1
0271634E,23210022146,N,ST,12,48
0271634E,23210033205,N,ST,24,83
0271634E,23210033413,N,AP,999,2
0271634E,23210033413,N,ST,12,21
0271634E,23810031211,N,ST,48,81
0271634E,23810033404,N,ST,48,52
0271848M,23811021302,N,AP,999,1
0271060F,23210033205,N,AP,999,6
0271060F,23210033616,N,AP,999,1
0271382F,23211021130,N,AP,999,5
0271382F,23211021405,N,AP,999,7
0271382F,23211021405,N,ST,15,7
0271382F,23811021112,N,ST,30,11
0271382F,23811022103,N,ST,30,4
0271097W,23820025012,N,ST,30,24
0271097W,23820025214,N,ST,20,25
0271097W,23820025520,N,ST,30,24
0271097W,23820030004,N,ST,24,24
0271097W,23820031213,N,ST,32,42
0271097W,23820033007,N,ST,45,51
0271097W,23210023445,N,AP,999,1
0271097W,23210025221,N,AP,999,16
0271097W,23210025225,N,AP,999,25
0271097W,23210025440,N,AP,999,20
0271097W,23210025524,N,ST,15,15
0271097W,23210031224,N,AP,999,17
0271097W,23210033205,N,ST,15,42
0271097W,23810020008,N,ST,30,17
0271097W,23810020104,N,ST,30,15
0271097W,23810023405,N,AP,999,2
0271097W,23810025222,N,ST,20,39
0271097W,23810025224,N,AP,999,10
0271097W,23810025412,N,AP,999,11
0271097W,23810030003,N,ST,24,19
0271097W,23810031211,N,ST,32,58
0271097W,23810031213,N,AP,999,11
0271097W,23810033007,N,ST,30,46
0271081D,23210031224,N,ST,15,6
0271081D,23810031211,N,ST,27,14
0271400A,23211033003,N,ST,30,26
0271400A,23811033001,N,ST,30,27
0271124A,23210022137,N,AP,999,29
0271124A,23210022141,N,AP,999,80
0271124A,23210022142,N,AP,999,5
0271124A,23210022143,N,AP,999,25
0271124A,23210022144,N,AP,999,5
0271124A,23210022146,N,AP,999,62
0271124A,23210025225,N,AP,999,72
0271124A,23210031223,N,AP,999,24
0271124A,23210031224,N,AP,999,83
0271124A,23210033413,N,AP,999,27
0271124A,23210033616,N,AP,999,61
0271124A,23810022106,N,AP,999,5
0271124A,23810025224,N,AP,999,15
0271124A,23810031213,N,AP,999,22
0271124A,23810031214,N,AP,999,8
0271319M,23820025411,N,ST,15,21
0271319M,23820030004,N,ST,32,33
0271319M,23210025437,N,ST,15,7
0271319M,23210025524,N,ST,15,9
0271319M,23210031224,N,ST,15,26
0271319M,23810020103,N,ST,15,12
0271319M,23810030003,N,ST,32,39
0270052K,23820025012,N,ST,30,28
0270052K,23820025014,N,ST,15,14
0270052K,23820031212,N,ST,16,10
0270052K,23820031213,N,ST,32,45
0270052K,23820031214,N,ST,16,21
0270052K,23820033007,N,ST,30,43
0270052K,23210031224,N,ST,15,38
0270052K,23210033002,N,ST,24,14
0270052K,23810020103,N,ST,15,19
0270052K,23810020104,N,ST,30,18
0270052K,23810031211,N,ST,64,104
0270052K,23810033007,N,ST,30,72
0271073V,23210031224,N,ST,15,12
0271073V,23810031211,N,ST,27,28
Total établissements sélectionnés - département EURE,,,,66741,11108
0280942X,23211033003,N,ST,30,23
0280942X,23811022103,N,ST,20,9
0280942X,23811022104,N,ST,24,4
0280942X,23811033001,N,ST,30,20
0280942X,23811033003,N,AP,0,0
0280958P,23811021112,N,ST,30,5
0280958P,23811021112,N,ST,24,13
0289999S,,O,ST,0,86
0289999S,,O,ST,0,0
0289999S,,O,ST,0,51
0281150Y,23210033615,N,AP,999,6
0281150Y,23210033616,N,AP,999,5
0281177C,23210033615,N,AP,999,3
0280044W,23820025014,N,ST,24,14
0280044W,23820025214,N,ST,24,35
0280044W,23820025411,N,ST,24,27
0280044W,23820025520,N,ST,30,42
0280044W,23820031106,N,ST,30,47
0280044W,23820033007,N,ST,64,85
0280044W,23210031122,N,ST,15,26
0280044W,23810020008,N,ST,30,55
0280044W,23810020103,N,ST,48,44
0280044W,23810025222,N,ST,24,63
0280044W,23810030003,N,ST,30,45
0280044W,23810033007,N,ST,64,94
0280738A,23210022137,N,AP,999,16
0280738A,23210022141,N,AP,999,46
0280738A,23210022142,N,AP,999,5
0280738A,23210022143,N,AP,999,12
0280738A,23210022146,N,AP,999,27
0280738A,23210025225,N,AP,999,65
0280738A,23210025440,N,AP,999,19
0280738A,23210031224,N,AP,999,51
0280738A,23210033205,N,AP,999,36
0280738A,23210033413,N,AP,999,22
0280738A,23210033616,N,AP,999,43
0280738A,23810025224,N,AP,999,9
0280738A,23810031213,N,AP,999,16
0280904F,23210022715,N,AP,999,4
0280904F,23210023223,N,AP,999,18
0280904F,23210023224,N,AP,999,27
0280904F,23210023324,N,AP,999,11
0280904F,23210023325,N,AP,999,5
0280904F,23210023327,N,AP,999,12
0280904F,23210023447,N,AP,999,12
0280904F,23210023449,N,AP,999,4
0280904F,23210025524,N,AP,999,17
0280904F,23810023203,N,AP,999,1
0280944Z,23210023447,N,AP,999,2
0280944Z,23211021130,N,AP,999,8
0280944Z,23811021112,N,ST,32,33
0280944Z,23811033001,N,ST,32,34
0280700J,23820025012,N,ST,15,8
0280700J,23820025520,N,ST,24,13
0280700J,23820031213,N,ST,32,39
0280700J,23210022142,N,ST,15,25
0280700J,23210025524,N,ST,15,19
0280700J,23210033002,N,ST,15,17
0280700J,23810020008,N,ST,15,14
0280700J,23810020104,N,ST,15,11
0280700J,23810031211,N,ST,32,45
0281046K,23210025437,N,AP,999,4
0281046K,23210025438,N,AP,999,3
0281046K,23810025014,N,AP,999,1
0281046K,23810025411,N,AP,999,10
0280925D,23820025014,N,ST,15,7
0280925D,23820025214,N,ST,20,18
0280925D,23820025412,N,ST,20,18
0280925D,23820033606,N,ST,28,30
0280925D,23210022142,N,AP,0,0
0280925D,23210022142,N,ST,12,9
0280925D,23210025441,N,AP,0,0
0280925D,23210025441,N,ST,10,17
0280925D,23810020103,N,ST,15,10
0280925D,23810025222,N,ST,20,21
0280925D,23810025412,N,ST,20,13
0280925D,23810033605,N,ST,28,39
0280925D,23810033606,O,AP,0,0
0280022X,23820022005,N,ST,15,17
0280022X,23820030004,N,ST,24,31
0280022X,23820031213,N,ST,16,31
0280022X,23820031214,N,ST,16,32
0280022X,23820033007,N,ST,48,43
0280022X,23820034403,N,ST,24,33
0280022X,23210020101,N,ST,15,9
0280022X,23210031224,N,ST,15,11
0280022X,23810022005,N,ST,15,26
0280022X,23810030003,N,ST,24,27
0280022X,23810031211,N,ST,32,55
0280022X,23810033007,N,ST,48,52
0280022X,23810034403,N,ST,24,41
0280021W,23820025012,N,ST,24,24
0280021W,23820025519,N,ST,26,51
0280021W,23820025520,N,ST,26,51
0280021W,23210025524,N,ST,12,21
0280021W,23810020008,N,ST,52,124
0280021W,23810020104,N,ST,24,22
0280687V,23210031224,N,ST,15,4
0280687V,23810031211,N,ST,30,9
0280687V,23810033006,N,ST,15,16
0280687V,23810033007,N,ST,32,13
0281197Z,23820025519,N,ST,30,36
0281197Z,23820031213,N,ST,16,17
0281197Z,23820031214,N,ST,16,18
0281197Z,23810020008,N,ST,30,50
0281197Z,23810031211,N,ST,32,53
0281101V,23210025223,N,ST,15,2
0281101V,23210031223,N,ST,15,11
0281101V,23211021130,N,ST,15,4
0281101V,23211021405,N,ST,15,13
0281101V,23811021404,N,ST,15,7
0281101V,23811022103,N,ST,15,4
0280864M,23820030004,N,ST,32,34
0280864M,23820031212,N,ST,30,36
0280864M,23820031213,N,ST,30,50
0280864M,23820031214,N,ST,20,14
0280864M,23820033006,N,ST,18,24
0280864M,23210031224,N,ST,15,35
0280864M,23810030003,N,ST,32,26
0280864M,23810031211,N,ST,80,77
0280864M,23810033006,N,ST,18,42
0280009H,23820022706,N,ST,15,10
0280009H,23820023004,N,ST,15,9
0280009H,23820023005,N,ST,15,17
0280009H,23820023203,N,ST,15,10
0280009H,23820023304,N,ST,15,8
0280009H,23820023404,N,ST,15,10
0280009H,23820023405,N,ST,15,13
0280009H,23820025517,N,ST,15,13
0280009H,23210023122,N,AP,999,4
0280009H,23210023223,N,AP,999,3
0280009H,23210023223,N,ST,15,10
0280009H,23210023324,N,ST,15,13
0280009H,23210023327,N,ST,15,10
0280009H,23810020006,N,ST,30,19
0280009H,23810020008,N,ST,30,23
0280009H,23810023007,N,ST,30,18
0280009H,23810023203,N,AP,0,0
0280009H,23810023404,N,ST,15,4
0280009H,23810023409,N,ST,15,7
0281077U,23820031213,N,ST,16,41
0281077U,23820031214,N,ST,16,33
0281077U,23210031224,N,ST,15,20
0281077U,23810031211,N,ST,32,95
0280689X,23210031224,N,ST,12,2
0280689X,23810030003,N,ST,15,3
0280689X,23810031211,N,ST,36,5
0280659P,23210023224,N,ST,8,5
0280659P,23210023327,N,ST,8,11
0280659P,23210023449,N,ST,8,10
0280659P,23210025439,N,ST,8,6
0280946B,23210033205,N,AP,0,0
0280946B,23811033003,N,AP,0,0
0280967Z,23211033003,N,ST,24,8
0280967Z,23811033001,N,ST,32,18
0280947C,23811033001,N,ST,32,21
0281021H,23820025006,N,ST,15,6
0281021H,23820025012,N,ST,15,9
0281021H,23820025519,N,ST,24,33
0281021H,23820025520,N,ST,24,18
0281021H,23810020008,N,ST,48,31
0281021H,23810020103,N,ST,15,7
0281021H,23810020104,N,ST,15,13
0280036M,23820030004,N,ST,24,23
0280036M,23820031213,N,ST,32,45
0280036M,23210031224,N,ST,15,18
0280036M,23810030003,N,ST,24,16
0280036M,23810031211,N,ST,32,42
0280684S,23210022137,N,ST,15,9
0280684S,23210022141,N,ST,12,13
0280684S,23210022146,N,ST,15,11
0280684S,23210022715,N,ST,15,4
0280684S,23210023006,N,ST,15,4
0280684S,23210023327,N,ST,15,4
0280684S,23210023447,N,ST,15,2
0280684S,23210025226,N,ST,20,21
0280684S,23210025524,N,ST,10,9
0280684S,23210033413,N,ST,10,9
0280684S,23810020008,N,ST,15,3
0280684S,23810022107,N,ST,15,12
0280684S,23810033404,N,ST,28,13
0281149X,23210022137,N,AP,999,5
0281149X,23210022141,N,AP,999,4
0281149X,23210022146,N,AP,999,4
0281149X,23210022715,N,AP,999,1
0281149X,23210023006,N,AP,999,3
0281149X,23210023324,N,AP,999,0
0281149X,23210023327,N,AP,999,1
0281149X,23210033413,N,AP,999,2
0281149X,23211021405,N,AP,999,4
0280706R,23821021004,N,ST,1,3
0280706R,23820022005,N,ST,1,2
0280706R,23811021112,N,ST,19,24
0280706R,23811022104,N,ST,19,9
0281041E,23210022142,N,AP,999,2
0281041E,23211021130,N,AP,999,11
0281041E,23211021405,N,AP,999,17
0281041E,23811021405,N,AP,999,10
Total établissements sélectionnés - département EURE-ET-LOIR,,,,54786,8533
0292198G,23210033615,N,AP,999,3
0292198G,23210033616,N,AP,999,4
0290102D,23820024204,N,ST,30,33
0290102D,23820030004,N,ST,32,34
0290102D,23820031212,N,ST,32,34
0290102D,23820031213,N,ST,32,71
0290102D,23820031214,N,ST,32,42
0290102D,23210024240,N,ST,15,20
0290102D,23210031224,N,ST,45,59
0290102D,23810024204,N,ST,30,35
0290102D,23810030003,N,ST,32,25
0290102D,23810031211,N,ST,96,157
0290108K,23820022707,N,ST,24,23
0290108K,23820023004,N,ST,15,4
0290108K,23820023005,N,ST,15,16
0290108K,23820023104,N,ST,15,14
0290108K,23820023203,N,ST,15,9
0290108K,23820023304,N,ST,15,13
0290108K,23820023404,N,ST,15,14
0290108K,23820025520,N,ST,30,23
0290108K,23820033006,N,ST,15,25
0290108K,23820033007,N,ST,30,36
0290108K,23210023224,N,ST,15,20
0290108K,23210023327,N,ST,15,32
0290108K,23210025524,N,ST,15,24
0290108K,23810020006,N,ST,30,29
0290108K,23810020008,N,ST,54,28
0290108K,23810023007,N,ST,45,26
0290108K,23810023404,N,ST,15,9
0290108K,23810033006,N,ST,15,39
0290108K,23810033007,N,ST,30,39
0290012F,23820025012,N,ST,30,15
0290012F,23820025214,N,ST,20,26
0290012F,23820025411,N,ST,30,40
0290012F,23820025519,N,ST,30,35
0290012F,23820025520,N,ST,30,25
0290012F,23210022142,N,ST,12,41
0290012F,23210025439,N,ST,15,21
0290012F,23210033002,N,ST,15,25
0290012F,23810020008,N,ST,60,66
0290012F,23810020103,N,ST,30,30
0290012F,23810020104,N,ST,30,9
0290012F,23810025222,N,ST,20,33
0290340M,23210022146,N,ST,999,9
0290340M,23210033413,N,ST,999,1
0290340M,23810033007,N,ST,999,19
0290340M,23810033404,N,ST,999,23
0292139T,23810030003,N,ST,999,1
0292139T,23810031211,N,ST,999,14
0292140U,23210025225,N,ST,999,3
0292140U,23210025524,N,ST,999,3
0292140U,23210031122,N,ST,999,4
0292140U,23810020008,N,ST,999,10
0292140U,23810020104,N,ST,999,4
0292140U,23810024204,N,ST,999,8
0292140U,23810025222,N,ST,999,14
0292140U,23810030003,N,ST,999,6
0292140U,23810031211,N,ST,999,8
0291792R,23210022137,N,AP,999,20
0291792R,23210022141,N,AP,999,37
0291792R,23210022142,N,AP,999,4
0291792R,23210022143,N,AP,999,18
0291792R,23210022144,N,AP,999,1
0291792R,23210022146,N,AP,999,37
0291792R,23210025225,N,AP,999,37
0291792R,23210025440,N,AP,999,19
0291792R,23210031224,N,AP,999,33
0291792R,23210033413,N,AP,999,12
0291792R,23210033615,N,AP,999,19
0291792R,23210033616,N,AP,999,34
0291792R,23810031213,N,AP,999,9
0292258X,23210025437,N,AP,999,2
0292258X,23210025524,N,AP,999,1
0292258X,23810025012,N,AP,999,0
0292258X,23810025014,N,AP,999,0
0292258X,23810025411,N,AP,999,3
0292258X,23810025520,N,AP,999,4
0292137R,23810033006,N,ST,999,4
0290022S,23820025214,N,ST,20,17
0290022S,23820025215,N,ST,20,13
0290022S,23820025520,N,ST,15,7
0290022S,23820031106,N,ST,24,19
0290022S,23820031107,N,ST,24,25
0290022S,23210031122,N,ST,24,19
0290022S,23810020008,N,ST,15,5
0290022S,23810025222,N,ST,40,27
0290022S,23810030003,N,ST,24,11
0290022S,23810031117,N,ST,24,47
0290341N,23821021114,N,ST,10,0
0290341N,23821021405,N,ST,27,4
0290341N,23821021407,N,ST,9,1
0290341N,23821033003,N,ST,27,9
0290341N,23211033003,N,ST,27,21
0290341N,23811021404,N,ST,27,25
0290341N,23811021112,N,ST,16,4
0290341N,23811022103,N,ST,16,1
0290341N,23811033001,N,ST,27,26
0290030A,23820025223,N,ST,20,9
0290030A,23820025517,N,ST,24,12
0290030A,23820025520,N,ST,30,15
0290030A,23810020008,N,ST,54,23
0290030A,23810025223,N,ST,20,9
0292159P,23810025223,N,AP,999,5
0291808H,23210022137,N,ST,999,2
0291808H,23210022141,N,ST,999,12
0291808H,23210022146,N,ST,999,2
0291808H,23810022107,N,ST,999,10
0291808H,23810031211,N,ST,999,11
0291808H,23810033404,N,ST,999,9
0292157M,23210033002,N,ST,999,0
0292157M,23810030003,N,ST,999,1
0292157M,23810033007,N,ST,999,3
0291844X,23211021130,N,AP,999,2
0291844X,23211021130,N,ST,999,6
0291844X,23811021001,N,AP,999,7
0291844X,23811021112,N,ST,999,4
0291844X,23810025219,N,AP,999,0
0291844X,23810025220,N,AP,999,0
0291844X,23810025221,N,AP,999,1
0290018M,23821021004,N,ST,19,23
0290018M,23821021213,N,ST,19,9
0290018M,23211021130,N,AP,999,3
0290018M,23211021130,N,ST,19,1
0290018M,23811021112,N,ST,32,17
0290018M,23811021112,N,ST,19,7
0292009B,23211021314,N,AP,999,1
0292009B,23211021405,N,AP,999,9
0290044R,23820023405,N,ST,30,33
0290044R,23820023407,N,ST,24,22
0290044R,23820023408,N,ST,30,27
0290044R,23820030004,N,ST,30,29
0290044R,23820033007,N,ST,30,31
0290044R,23210023445,N,ST,12,9
0290044R,23210023447,N,ST,12,10
0290044R,23810023409,N,ST,84,85
0290044R,23810030003,N,ST,30,20
0290044R,23810033007,N,ST,30,48
0290184T,23810020006,N,ST,999,8
0290184T,23810020008,N,ST,999,11
0290184T,23810020104,N,ST,999,4
0290184T,23810023409,N,ST,999,9
0290184T,23810031211,N,ST,999,29
0290198H,23810033103,N,ST,999,3
0291843W,23211021236,N,ST,999,2
0291843W,23811021112,N,ST,999,32
0291843W,23811021112,N,ST,999,16
0292471D,23810033103,N,AP,999,0
0292471D,23810033104,N,AP,999,0
0291842V,23210031224,N,AP,999,4
0291842V,23811022108,N,AP,999,5
0291842V,23811022103,N,ST,999,11
0290324V,23211033003,N,ST,999,9
0290324V,23811033001,N,ST,999,12
0291790N,23811021112,N,ST,999,27
0291208F,23811021112,N,ST,999,10
0291208F,23811021404,N,ST,999,10
0290126E,23811021112,N,ST,12,8
0290126E,23811021112,N,ST,8,2
0290105G,23820025006,N,ST,24,16
0290105G,23820025302,N,ST,15,14
0290105G,23820025303,N,ST,28,34
0290105G,23820025304,N,ST,15,8
0290105G,23820025411,N,ST,30,27
0290105G,23820025520,N,ST,24,22
0290105G,23820033007,N,ST,30,33
0290105G,23810020008,N,ST,24,24
0290105G,23810020103,N,ST,54,33
0290105G,23810025307,N,ST,58,64
0290105G,23810033007,N,ST,30,44
0290200K,23210031224,N,ST,999,13
0290200K,23210033205,N,ST,999,19
0290200K,23810031211,N,ST,999,15
0290200K,23810033006,N,ST,999,23
0290200K,23810033007,N,ST,999,13
0291604L,23210023006,N,AP,999,6
0291604L,23210031223,N,AP,999,1
0291604L,23211021130,N,AP,999,4
0291604L,23211021130,N,ST,999,9
0291604L,23211021405,N,AP,999,6
0291604L,23211021405,N,ST,999,14
0291604L,23811021004,N,AP,999,2
0291604L,23811021114,N,AP,999,1
0291604L,23811021405,N,AP,999,9
0291604L,23811021404,N,ST,999,6
0291604L,23811021112,N,ST,999,12
0291604L,23811021112,N,ST,999,2
0290130J,23820022707,N,ST,24,8
0290130J,23820023404,N,ST,24,11
0290130J,23820023405,N,ST,30,15
0290130J,23210023224,N,ST,15,12
0290130J,23210023324,N,ST,14,19
0290130J,23210023325,N,ST,15,14
0290130J,23210023449,N,ST,15,17
0290130J,23810020008,N,ST,24,5
0290130J,23810023404,N,ST,24,15
0290130J,23810023409,N,ST,30,7
0291603K,23811021004,N,AP,999,1
0291603K,23811021112,N,ST,999,4
0291603K,23811033001,N,ST,999,12
0291603K,23811033003,N,AP,999,1
0292164V,23210023224,N,AP,999,0
0292164V,23210023324,N,AP,999,4
0292164V,23210023325,N,AP,999,2
0292164V,23210023446,N,AP,999,2
0292164V,23210023449,N,AP,999,2
0292164V,23810022707,N,AP,999,2
0292164V,23810023405,N,AP,999,0
0291574D,23211021130,N,ST,999,1
0291574D,23211021405,N,ST,999,17
0291574D,23811021404,N,ST,999,10
0291574D,23811021404,N,ST,999,12
0291575E,23211033003,N,ST,999,4
0291575E,23811033001,N,ST,999,4
0291815R,23811033001,N,ST,999,19
0290092T,23820025214,N,ST,20,29
0290092T,23820025412,N,ST,20,18
0290092T,23210025225,N,ST,10,40
0290092T,23210025440,N,ST,10,18
0290092T,23810025222,N,ST,20,34
0290092T,23810025412,N,ST,20,19
0290168A,23810025222,N,ST,999,17
0290168A,23810025223,N,ST,999,5
0290168A,23810030003,N,ST,999,2
0290168A,23810031117,N,ST,999,16
0290168A,23810034307,N,ST,999,0
0291633T,23820025520,N,ST,15,14
0291633T,23820033007,N,ST,45,48
0291633T,23210022142,N,ST,15,16
0291633T,23810020008,N,ST,15,15
0291633T,23810033007,N,ST,45,39
0291100N,23210022715,N,AP,999,1
0291100N,23210023223,N,AP,999,14
0291100N,23210023224,N,AP,999,21
0291100N,23210023225,N,AP,999,0
0291100N,23210023324,N,AP,999,14
0291100N,23210023325,N,AP,999,6
0291100N,23210023326,N,AP,999,5
0291100N,23210023327,N,AP,999,28
0291100N,23210023446,N,AP,999,4
0291100N,23210023447,N,AP,999,9
0291100N,23210023449,N,AP,999,11
0291100N,23210025524,N,AP,999,13
0291100N,23810022707,N,AP,999,0
0291915Z,23210022137,N,AP,999,20
0291915Z,23210022141,N,AP,999,13
0291915Z,23210022144,N,AP,999,3
0291915Z,23210022146,N,AP,999,11
0291915Z,23210025225,N,AP,999,26
0291915Z,23210025440,N,AP,999,4
0291915Z,23210031221,N,AP,999,2
0291915Z,23210031223,N,AP,999,7
0291915Z,23210031224,N,AP,999,21
0291915Z,23210033413,N,AP,999,11
0291915Z,23210033616,N,AP,999,22
0291915Z,23810025224,N,AP,999,3
0291915Z,23810031213,N,AP,999,9
0290347V,23210022142,N,ST,8,10
0290347V,23210022146,N,ST,8,26
0290347V,23210024008,N,ST,8,5
0290347V,23210033413,N,ST,8,8
0291751W,23211033003,N,ST,999,11
0291751W,23811022104,N,ST,999,2
0291751W,23811022103,N,ST,999,4
0291751W,23811033001,N,ST,999,20
0290072W,23820022106,N,ST,24,26
0290072W,23820030004,N,ST,30,27
0290072W,23820031213,N,ST,30,31
0290072W,23820031214,N,ST,30,33
0290072W,23820033403,N,ST,24,23
0290072W,23810030003,N,ST,30,31
0290072W,23810031211,N,ST,60,108
0290072W,23810033404,N,ST,48,62
0290071V,23820025012,N,ST,28,14
0290071V,23820025406,N,ST,15,10
0290071V,23820025411,N,ST,28,21
0290071V,23820025519,N,ST,41,41
0290071V,23810020006,N,ST,15,9
0290071V,23810020008,N,ST,42,54
0290071V,23810020103,N,ST,28,26
0290071V,23810020104,N,ST,28,10
0290186V,23210022146,N,ST,999,4
0290186V,23810022107,N,ST,999,10
0290186V,23810033404,N,ST,999,18
0292144Y,23210031224,N,ST,999,7
0292144Y,23810020008,N,ST,999,20
0292144Y,23810020103,N,ST,999,3
0292144Y,23810020104,N,ST,999,10
0292144Y,23810023007,N,ST,999,12
0292144Y,23810030003,N,ST,999,7
0292144Y,23810031211,N,ST,999,22
0292338J,23210025437,N,AP,999,1
0292338J,23210025524,N,AP,999,0
0290078C,23820024204,N,ST,24,26
0290078C,23820025012,N,ST,24,19
0290078C,23820025216,N,ST,20,20
0290078C,23820031213,N,ST,35,38
0290078C,23210033002,N,ST,24,12
0290078C,23810020104,N,ST,24,12
0290078C,23810024204,N,ST,24,24
0290078C,23810025222,N,ST,20,23
0290078C,23810031211,N,ST,35,44
0290207T,23810030003,N,ST,999,5
0290207T,23810031211,N,ST,999,16
0291601H,23211033003,N,ST,999,11
0291601H,23811033001,N,ST,999,11
0291107W,23210021308,N,ST,12,6
0291107W,23810020007,N,ST,12,8
0291107W,23810020007,N,ST,16,9
0291107W,23810020007,N,ST,8,8
Total établissements sélectionnés - département FINISTERE,,,,205828,10749
0300002P,23820022004,N,ST,24,22
0300002P,23820023405,N,ST,15,10
0300002P,23820024204,N,ST,15,15
0300002P,23820024302,N,ST,15,11
0300002P,23820025014,N,ST,15,2
0300002P,23820025214,N,ST,24,30
0300002P,23820025411,N,ST,15,20
0300002P,23820025520,N,ST,26,38
0300002P,23820033006,N,ST,15,27
0300002P,23820033007,N,ST,60,84
0300002P,23210022142,N,ST,24,23
0300002P,23210023006,N,ST,15,36
0300002P,23210025521,N,ST,15,20
0300002P,23210033002,N,ST,12,10
0300002P,23210033205,N,ST,15,54
0300002P,23210033616,N,ST,15,31
0300002P,23810020008,N,ST,26,31
0300002P,23810020103,N,ST,30,25
0300002P,23810020104,N,ST,24,21
0300002P,23810023409,N,ST,15,14
0300002P,23810024204,N,ST,15,16
0300002P,23810024304,N,ST,15,9
0300002P,23810025222,N,ST,24,52
0300002P,23810033006,N,ST,15,25
0300002P,23810033007,N,ST,60,74
0300125Y,23210031127,N,ST,12,14
0300125Y,23810020008,N,ST,90,50
0300125Y,23810020103,N,ST,15,4
0300125Y,23810020104,N,ST,15,9
0300125Y,23810025222,N,ST,45,37
0300125Y,23810031117,N,ST,12,14
0300028T,23210024240,N,ST,12,3
0300028T,23210031224,N,ST,18,7
0300028T,23810030003,N,ST,36,10
0300028T,23810031211,N,ST,30,9
0301875A,23210031224,N,AP,999,5
0301645A,23210022137,N,AP,999,8
0301645A,23210022146,N,AP,999,12
0301645A,23210025225,N,AP,999,25
0301645A,23210025440,N,AP,999,23
0301645A,23210025441,N,AP,999,0
0301645A,23210031224,N,AP,999,17
0301645A,23210033413,N,AP,999,7
0300950V,23820022005,N,ST,15,16
0300950V,23820025012,N,ST,30,30
0300950V,23820025014,N,ST,15,10
0300950V,23820025520,N,ST,30,26
0300950V,23820030004,N,ST,30,24
0300950V,23820031212,N,ST,18,10
0300950V,23820031213,N,ST,30,33
0300950V,23210022142,N,ST,24,32
0300950V,23210023006,N,AP,999,4
0300950V,23210023006,N,ST,15,42
0300950V,23210034308,N,ST,15,8
0300950V,23810020008,N,ST,30,42
0300950V,23810020103,N,ST,15,14
0300950V,23810020104,N,ST,30,28
0300950V,23810022005,N,ST,15,11
0300950V,23810030003,N,ST,30,31
0300950V,23810031211,N,ST,48,45
0300106C,23210031122,N,ST,15,9
0300106C,23210031224,N,ST,15,12
0300106C,23210033002,N,ST,15,10
0300106C,23810020006,N,ST,15,9
0300106C,23810020104,N,ST,15,12
0300106C,23810030003,N,ST,36,12
0300106C,23810031211,N,ST,30,18
0300106C,23810033007,N,ST,36,25
0300011Z,23820023303,N,ST,15,10
0300011Z,23820023404,N,ST,15,8
0300011Z,23820025012,N,ST,15,8
0300011Z,23820025411,N,ST,15,15
0300011Z,23820025520,N,ST,15,18
0300011Z,23820031212,N,ST,15,10
0300011Z,23820031213,N,ST,15,30
0300011Z,23210023329,N,ST,15,13
0300011Z,23210031224,N,ST,15,31
0300011Z,23810020006,N,ST,15,4
0300011Z,23810020008,N,ST,15,17
0300011Z,23810020103,N,ST,15,12
0300011Z,23810020104,N,ST,15,4
0300011Z,23810023404,N,ST,15,4
0300011Z,23810031211,N,ST,30,35
0301499S,23810033007,N,ST,18,33
0301499S,23810033101,N,ST,18,14
0301499S,23810034403,N,ST,18,29
0301807B,23210033205,N,AP,999,2
0301430S,23821033003,N,ST,48,7
0301430S,23211033003,N,AP,999,2
0301430S,23211033003,N,ST,20,31
0301430S,23811033001,N,ST,48,35
0301330H,23821033003,N,ST,60,8
0301330H,23210033205,N,AP,999,10
0301330H,23210033205,N,ST,10,5
0301330H,23211033003,N,AP,999,2
0301330H,23211033003,N,ST,20,14
0301330H,23811033001,N,ST,60,17
0301330H,23811033003,N,AP,999,11
0300109F,23210023224,N,AP,999,0
0300109F,23210023224,N,ST,15,4
0300109F,23210025133,N,AP,999,1
0300109F,23210025133,N,ST,15,5
0300109F,23210033205,N,ST,30,28
0300109F,23210034405,N,ST,15,31
0300109F,23810033006,N,ST,18,9
0300109F,23810033007,N,ST,30,20
0300109F,23810034403,N,ST,18,23
0301883J,23210023123,N,AP,999,5
0301883J,23210025222,N,AP,999,0
0301874Z,23810025411,N,AP,999,4
0300052U,23820031212,N,ST,15,16
0300052U,23820031213,N,ST,15,8
0300052U,23810031211,N,ST,30,25
0301431T,23821021203,N,ST,46,2
0301431T,23821022108,N,ST,5,1
0301431T,23811022108,N,AP,999,2
0301431T,23811022103,N,ST,25,8
0301431T,23811022103,N,ST,44,24
0301286K,23210022146,N,AP,999,27
0301286K,23210025225,N,AP,999,38
0301286K,23210025227,N,AP,999,13
0301286K,23210031224,N,AP,999,25
0301286K,23210033413,N,AP,999,9
0301786D,23210022715,N,AP,999,2
0301786D,23210023224,N,AP,999,8
0301786D,23210023324,N,AP,999,10
0301786D,23210023325,N,AP,999,2
0301786D,23210023327,N,AP,999,10
0301786D,23210025524,N,AP,999,13
0301324B,23821021214,N,ST,35,6
0301324B,23211021130,N,ST,16,11
0301324B,23811021112,N,ST,35,51
0301654K,23820033006,N,ST,15,27
0301654K,23820033007,N,ST,45,72
0301654K,23210033205,N,ST,30,71
0301654K,23810033006,N,ST,15,33
0301654K,23810033007,N,ST,45,88
0309999F,,O,AP,20,160
0309999F,,O,ST,20,105
0309999F,,O,ST,20,51
0309999F,,O,ST,20,74
0309999F,,O,ST,20,83
0301527X,23210033615,N,AP,999,7
0301527X,23210033616,N,AP,999,11
0301210C,23820022106,N,ST,24,24
0301210C,23820033403,N,ST,24,23
0301210C,23820033604,N,ST,15,15
0301210C,23820033606,N,ST,45,47
0301210C,23210022141,N,ST,24,51
0301210C,23210022142,N,ST,12,17
0301210C,23210022146,N,AP,999,7
0301210C,23210022146,N,ST,12,25
0301210C,23210033413,N,ST,12,11
0301210C,23210033616,N,ST,15,59
0301210C,23210034308,N,ST,15,10
0301210C,23810033404,N,ST,48,24
0301210C,23810033605,N,ST,60,85
0300058A,23820022403,N,ST,15,16
0300058A,23820022707,N,ST,30,35
0300058A,23820023004,N,ST,15,4
0300058A,23820023005,N,ST,15,14
0300058A,23820023104,N,ST,15,6
0300058A,23820023203,N,ST,15,8
0300058A,23820023304,N,ST,30,11
0300058A,23820025302,N,ST,15,16
0300058A,23820025303,N,ST,15,21
0300058A,23820025304,N,ST,15,8
0300058A,23820025517,N,ST,30,38
0300058A,23820025520,N,ST,30,51
0300058A,23C10023304,N,ST,15,19
0300058A,23210022714,N,ST,15,29
0300058A,23210023224,N,ST,12,13
0300058A,23210023225,N,ST,12,5
0300058A,23210023324,N,ST,15,20
0300058A,23210023325,N,ST,12,9
0300058A,23210023326,N,AP,999,3
0300058A,23210023327,N,ST,12,20
0300058A,23210023449,N,ST,12,7
0300058A,23210025524,N,ST,15,48
0300058A,23210032225,N,AP,999,1
0300058A,23210032225,N,ST,15,0
0300058A,23210032227,N,ST,15,23
0300058A,23810020006,N,ST,30,23
0300058A,23810020008,N,ST,90,64
0300058A,23810022403,N,ST,15,12
0300058A,23810023007,N,ST,45,25
0300058A,23810025307,N,ST,45,59
0300057Z,23820030004,N,ST,30,44
0300057Z,23820031106,N,ST,30,43
0300057Z,23820031114,N,ST,30,3
0300057Z,23820031212,N,ST,15,25
0300057Z,23820031213,N,ST,60,58
0300057Z,23820031214,N,ST,15,16
0300057Z,23820034403,N,ST,30,31
0300057Z,23210031122,N,ST,15,21
0300057Z,23210031224,N,ST,60,51
0300057Z,23210034405,N,ST,15,13
0300057Z,23810030003,N,ST,90,36
0300057Z,23810031211,N,ST,90,77
0300057Z,23810034403,N,ST,30,42
0301270T,23820025012,N,ST,24,14
0301270T,23820025214,N,ST,24,28
0301270T,23820025215,N,ST,24,24
0301270T,23820025220,N,ST,12,11
0301270T,23820025223,N,ST,12,9
0301270T,23820025412,N,ST,12,14
0301270T,23820025519,N,ST,60,64
0301270T,23820031107,N,ST,24,27
0301270T,23210025440,N,AP,999,3
0301270T,23210025440,N,ST,10,29
0301270T,23210031127,N,ST,12,44
0301270T,23810020008,N,ST,60,71
0301270T,23810020104,N,ST,24,14
0301270T,23810025222,N,ST,60,65
0301270T,23810025223,N,ST,12,8
0301270T,23810025412,N,ST,12,11
0301270T,23810031117,N,ST,24,62
0300027S,23820024204,N,ST,45,67
0300027S,23810024204,N,ST,45,63
0300080Z,23810020008,N,ST,30,17
0300112J,23810030003,N,ST,30,25
0300112J,23810031211,N,ST,90,102
0300112J,23810033007,N,ST,30,57
0300127A,23210031224,N,ST,15,22
0300127A,23210033002,N,ST,15,6
0300127A,23810024204,N,ST,15,15
0300127A,23810030003,N,ST,30,24
0300127A,23810031211,N,ST,60,78
0300127A,23810033007,N,ST,30,35
0301649E,23210033205,O,AP,999,1
0301649E,23211021237,N,AP,999,5
0301649E,23811021211,O,AP,1,4
0301649E,23810033101,N,AP,999,4
0301629H,23210022137,N,AP,999,9
0301629H,23210022141,N,AP,999,18
0301629H,23210022143,N,AP,999,13
0301629H,23210022361,N,AP,999,1
0301629H,23210022714,N,AP,999,4
0301629H,23210025524,N,AP,999,6
0301629H,23210031223,N,AP,999,0
0301629H,23210031224,N,AP,999,2
0301629H,23210033615,N,AP,999,8
0301629H,23210033616,N,AP,999,13
0301673F,23210031224,N,AP,999,6
0300139N,23821021113,N,ST,27,1
0300139N,23821021405,N,ST,27,6
0300139N,23811021112,N,ST,19,16
0300139N,23811021404,N,ST,32,31
0301435X,23211021130,N,AP,999,10
0301435X,23211021405,N,AP,999,18
0301435X,23811021405,N,AP,999,13
0301823U,23210033616,N,AP,999,14
0301778V,23820030004,N,ST,15,29
0301778V,23820031106,N,ST,15,22
0301778V,23820031114,N,ST,15,5
0301778V,23820031212,N,ST,15,13
0301778V,23820031213,N,ST,15,21
0301778V,23820031214,N,ST,15,20
0301778V,23210031122,N,ST,15,23
0301778V,23810030003,N,ST,45,44
0301778V,23810031211,N,ST,45,64
0300041G,23820022106,N,ST,48,49
0300041G,23820033403,N,ST,35,18
0300041G,23210022146,N,AP,999,1
0300041G,23210022146,N,ST,12,28
0300041G,23210033413,N,ST,12,7
0300041G,23810033404,N,ST,84,65
0301862L,23820034303,N,ST,24,19
0301862L,23210022006,N,ST,15,10
0301862L,23810034307,N,ST,24,11
0300047N,23820023208,N,ST,15,9
0300047N,23820024202,N,ST,15,11
0300047N,23C10023412,N,ST,15,14
0300047N,23210022349,N,AP,999,3
0300047N,23210023220,N,AP,999,3
0300047N,23210023220,N,ST,15,13
0300047N,23210023221,N,AP,999,0
0300047N,23210023430,N,AP,999,0
0300047N,23210023430,N,ST,15,7
0300047N,23210023432,N,AP,999,0
0300047N,23210023445,N,AP,999,0
0300047N,23210023445,N,ST,30,16
0300047N,23210024238,N,AP,999,0
0300047N,23210024239,N,ST,15,2
0300047N,23210025436,N,ST,15,25
0300047N,23810023208,N,ST,15,9
0300047N,23810024202,N,ST,15,12
0301433V,23821021114,N,ST,30,0
0301433V,23821021405,N,ST,30,0
0301433V,23210025223,N,AP,999,3
0301433V,23211021405,N,AP,999,7
0301433V,23211021405,N,ST,30,21
0301433V,23811021112,N,ST,30,0
0301433V,23811021114,N,AP,999,3
0301433V,23811021405,N,AP,999,3
0301433V,23811021404,N,ST,30,7
0301824V,23821021004,N,ST,10,1
0301824V,23811021112,N,ST,10,12
0301824V,23811021211,N,AP,999,3
0301432U,23821021004,N,ST,20,3
0301432U,23821021211,N,ST,20,4
0301432U,23211021130,N,AP,999,11
0301432U,23211021130,N,ST,40,10
0301432U,23811021004,N,AP,999,10
0301432U,23811021112,N,ST,20,9
0301432U,23811021112,O,AP,1,1
0301432U,23811021211,N,AP,999,5
0301432U,23811021112,N,ST,20,15
Total établissements sélectionnés - département GARD,,,,87888,16300
0320002D,23820022106,N,AP,999,0
0320002D,23820030004,N,AP,999,1
0320002D,23820033007,N,AP,999,0
0320002D,23820033403,N,AP,999,0
0320002D,23210022146,N,AP,999,0
0320002D,23210031224,N,AP,999,0
0320002D,23210033413,N,AP,999,2
0320040V,23820022106,N,ST,24,20
0320040V,23820030004,N,ST,16,19
0320040V,23820031212,N,AP,999,0
0320040V,23820031212,N,ST,16,11
0320040V,23820031213,N,AP,999,1
0320040V,23820031213,N,ST,24,36
0320040V,23820033007,N,ST,48,49
0320040V,23820033403,N,ST,24,20
0320040V,23210022146,N,ST,12,21
0320040V,23210031224,N,ST,15,28
0320040V,23210033413,N,ST,12,3
0320040V,23810030003,N,ST,16,15
0320040V,23810031211,N,ST,40,64
0320040V,23810033007,N,ST,48,49
0320040V,23810033404,N,ST,48,46
0320067Z,23820022707,N,AP,999,0
0320067Z,23820022707,N,ST,24,19
0320067Z,23820023004,N,AP,999,0
0320067Z,23820023004,N,ST,15,16
0320067Z,23820023205,N,AP,999,0
0320067Z,23820023205,N,ST,10,5
0320067Z,23820023206,N,ST,5,0
0320067Z,23820023206,O,AP,1,0
0320067Z,23820023404,N,AP,999,0
0320067Z,23820023404,N,ST,12,10
0320067Z,23820023405,N,AP,999,0
0320067Z,23820023405,N,ST,12,5
0320067Z,23820025220,N,ST,20,17
0320067Z,23820025406,N,AP,999,0
0320067Z,23820025406,N,ST,10,9
0320067Z,23210023224,N,ST,15,12
0320067Z,23810020006,N,ST,25,15
0320067Z,23810020008,N,ST,24,26
0320067Z,23810023007,N,ST,15,6
0320067Z,23810023404,N,ST,12,10
0320067Z,23810023409,N,ST,12,5
0320067Z,23810025222,N,ST,20,14
0320652K,23810033006,N,ST,15,5
0320652K,23810033007,N,ST,15,19
0320663X,23110033205,N,AP,999,0
0320663X,23821033003,N,ST,5,0
0320663X,23821033003,O,AP,999,0
0320663X,23211033003,N,AP,999,2
0320663X,23211033003,N,ST,18,15
0320663X,23811033001,N,ST,15,6
0320663X,23811033003,N,AP,999,1
0320015T,23820030004,N,ST,18,14
0320015T,23210033002,N,ST,15,13
0320015T,23810030003,N,ST,18,10
0320633P,23821021004,N,AP,999,0
0320633P,23821021213,N,ST,15,0
0320633P,23821033003,N,ST,15,0
0320633P,23821033003,N,AP,999,0
0320633P,23820022106,N,AP,999,0
0320633P,23820033403,N,AP,999,0
0320633P,23211021405,N,AP,999,0
0320633P,23811021004,N,AP,999,0
0320633P,23811021213,N,ST,20,8
0320633P,23811033001,N,ST,20,3
0320633P,23811033003,N,AP,999,2
0320633P,23810022106,N,AP,999,0
0320633P,23810033403,N,AP,999,1
0320557G,23821021214,N,ST,27,4
0320557G,23821021211,N,ST,27,6
0320557G,23820031214,N,ST,27,5
0320557G,23210024321,N,ST,19,8
0320557G,23211021236,N,ST,10,12
0320557G,23211021237,N,ST,9,10
0320557G,23811021213,N,ST,27,20
0320557G,23811021211,N,ST,27,32
0320023B,23820031213,N,ST,16,26
0320023B,23210031224,N,ST,15,10
0320023B,23810031211,N,ST,32,24
0320025D,23820025012,N,ST,12,6
0320025D,23820025214,N,AP,999,0
0320025D,23820025214,N,ST,20,26
0320025D,23820025520,N,AP,999,1
0320025D,23820025520,N,ST,12,11
0320025D,23820031213,N,AP,999,0
0320025D,23820031213,N,ST,24,26
0320025D,23210022142,N,AP,999,0
0320025D,23210022142,N,ST,12,2
0320025D,23210025225,N,AP,999,2
0320025D,23210025225,N,ST,10,21
0320025D,23810020008,N,ST,12,4
0320025D,23810020104,N,ST,12,3
0320025D,23810025222,N,ST,20,43
0320025D,23810031211,N,ST,24,29
0320530C,23821022105,N,ST,14,3
0320530C,23821033003,N,ST,32,5
0320530C,23820022005,N,ST,13,3
0320530C,23811022105,N,ST,27,22
0320530C,23811033001,N,ST,32,31
0320542R,23110025441,N,AP,999,0
0320542R,23820022707,N,AP,999,0
0320542R,23820025214,N,AP,999,0
0320542R,23820025219,N,AP,999,0
0320542R,23820025220,N,AP,999,0
0320542R,23820025221,N,AP,999,0
0320542R,23820025517,N,AP,999,0
0320542R,23820025520,N,AP,999,0
0320542R,23820031213,N,AP,999,0
0320542R,23820031214,N,AP,999,1
0320542R,23210022137,N,AP,999,4
0320542R,23210022141,N,AP,999,6
0320542R,23210022142,N,AP,999,0
0320542R,23210022143,N,AP,999,4
0320542R,23210022146,N,AP,999,3
0320542R,23210022714,N,AP,999,1
0320542R,23210022715,N,AP,999,0
0320542R,23210023123,N,AP,999,4
0320542R,23210023224,N,AP,999,8
0320542R,23210023324,N,AP,999,2
0320542R,23210023325,N,AP,999,0
0320542R,23210023326,N,AP,999,5
0320542R,23210023327,N,AP,999,1
0320542R,23210023446,N,AP,999,4
0320542R,23210023447,N,AP,999,0
0320542R,23210023449,N,AP,999,0
0320542R,23210025221,N,AP,999,7
0320542R,23210025222,N,AP,999,2
0320542R,23210025223,N,AP,999,1
0320542R,23210025225,N,AP,999,21
0320542R,23210025226,N,AP,999,4
0320542R,23210025440,N,AP,999,2
0320542R,23210025524,N,AP,999,3
0320542R,23210031224,N,AP,999,11
0320542R,23210033413,N,AP,999,4
0320542R,23210033615,N,AP,999,10
0320542R,23210033616,N,AP,999,5
0320542R,23810022707,O,AP,999,0
0320542R,23810025517,O,AP,999,0
0320677M,23821021213,O,AP,999,0
0320677M,23821022108,O,AP,999,0
0320677M,23211021130,N,AP,999,5
0320677M,23211021405,N,AP,999,4
0320677M,23211022107,N,AP,999,0
0320677M,23211022108,N,AP,999,0
0320677M,23211033003,N,AP,999,1
0320677M,23811021004,N,AP,999,8
0320677M,23811021213,O,AP,999,1
0320677M,23810022005,N,AP,999,0
0320646D,23821021213,N,ST,19,1
0320646D,23821021302,N,ST,27,3
0320646D,23811021112,N,ST,19,11
0320646D,23811021302,N,ST,27,16
0320030J,23820025012,N,AP,999,0
0320030J,23820025012,N,ST,15,14
0320030J,23820025014,N,ST,24,14
0320030J,23820025520,N,AP,999,0
0320030J,23820025520,N,ST,18,15
0320030J,23820031213,N,ST,12,15
0320030J,23820031214,N,ST,12,13
0320030J,23210025524,N,AP,999,1
0320030J,23210025524,N,ST,15,9
0320030J,23810020008,N,ST,18,17
0320030J,23810020103,N,ST,24,11
0320030J,23810020104,N,ST,15,8
0320030J,23810031211,N,ST,24,35
Total établissements sélectionnés - département GERS,,,,90289,2989
0332194F,23820022106,N,ST,24,35
0332194F,23820025520,N,ST,30,24
0332194F,23820030004,N,ST,30,18
0332194F,23820031213,N,ST,45,37
0332194F,23820031214,N,ST,15,17
0332194F,23820033007,N,ST,30,32
0332194F,23820033403,N,ST,24,19
0332194F,23210022146,N,ST,24,18
0332194F,23210033413,N,ST,24,6
0332194F,23810020008,N,ST,30,19
0332194F,23810030003,N,ST,30,12
0332194F,23810031211,N,ST,60,78
0332194F,23810033007,N,ST,30,46
0332194F,23810033404,N,ST,48,40
0333130Y,23210022006,N,AP,999,2
0332551U,23810025225,N,AP,999,4
0331683A,23821021004,N,ST,27,1
0331683A,23821021303,N,ST,16,1
0331683A,23211021405,N,AP,999,7
0331683A,23811021112,N,ST,32,16
0331683A,23811021404,N,ST,24,12
0330011H,23820030004,N,ST,15,13
0330011H,23820031212,N,ST,15,11
0330011H,23820031213,N,ST,15,40
0330011H,23820031214,N,ST,15,16
0330011H,23820033007,N,ST,30,28
0330011H,23210031224,N,ST,24,26
0330011H,23210033002,N,ST,15,17
0330011H,23810030003,N,ST,15,13
0330011H,23810031211,N,ST,45,54
0330011H,23810033007,N,ST,30,33
0331882S,23820031106,N,ST,42,25
0331882S,23820031114,N,ST,18,16
0331882S,23820034403,N,ST,24,63
0331882S,23210031122,N,ST,24,33
0331882S,23210034405,N,ST,24,34
0331882S,23810030003,N,ST,72,31
0331882S,23810034403,N,ST,21,83
0333273D,23820022005,N,ST,24,25
0333273D,23820024204,N,ST,24,31
0333273D,23810022005,N,ST,24,21
0333273D,23810024204,N,ST,24,29
0330018R,23820022707,N,ST,30,20
0330018R,23820023004,N,ST,12,11
0330018R,23820023005,N,ST,12,19
0330018R,23820023203,N,ST,15,12
0330018R,23820023208,N,ST,15,11
0330018R,23820023210,N,ST,30,25
0330018R,23820023304,N,ST,15,16
0330018R,23820023405,N,ST,24,16
0330018R,23820025220,N,ST,20,14
0330018R,23820031107,N,ST,24,29
0330018R,23210023123,N,ST,20,41
0330018R,23210023324,N,ST,15,40
0330018R,23210023447,N,ST,15,19
0330018R,23210025222,N,AP,999,2
0330018R,23810020006,N,ST,60,52
0330018R,23810020008,N,ST,30,32
0330018R,23810023007,N,ST,24,46
0330018R,23810023208,N,ST,15,9
0330018R,23810023409,N,ST,24,11
0330018R,23810025222,N,ST,20,18
0330018R,23810031117,N,ST,24,66
0332535B,23210023327,N,ST,15,8
0332535B,23210023447,N,ST,15,11
0332535B,23210031224,N,ST,12,14
0332535B,23210033616,N,ST,12,18
0332535B,23810020104,N,ST,12,6
0331548D,23210022137,N,ST,12,18
0331548D,23210022146,N,ST,15,16
0331548D,23210031224,N,ST,15,7
0331548D,23210033413,N,ST,12,4
0331548D,23810022107,N,ST,24,19
0331548D,23810031211,N,ST,15,17
0331548D,23810033006,N,ST,15,16
0331548D,23810033007,N,ST,30,22
0331548D,23810033404,N,ST,48,39
0332197J,23210022715,N,AP,999,11
0332197J,23210023122,N,AP,999,9
0332197J,23210023124,N,AP,999,8
0332197J,23210023223,N,AP,999,15
0332197J,23210023224,N,AP,999,16
0332197J,23210023324,N,AP,999,26
0332197J,23210023325,N,AP,999,8
0332197J,23210023326,N,AP,999,12
0332197J,23210023327,N,AP,999,27
0332197J,23210023329,N,AP,999,5
0332197J,23210023446,N,AP,999,11
0332197J,23210023447,N,AP,999,10
0332197J,23210023449,N,AP,999,3
0332197J,23210025439,N,AP,999,8
0332197J,23210025524,N,AP,999,12
0332709R,23210023451,N,AP,999,2
0332709R,23211021237,N,AP,999,17
0332709R,23211021405,N,AP,999,17
0332709R,23811021405,N,AP,999,9
0332781U,23820022106,N,ST,12,16
0332781U,23820022707,N,ST,12,12
0332781U,23820022708,N,ST,12,9
0332781U,23820025519,N,ST,24,24
0332781U,23820030004,N,ST,15,8
0332781U,23820031212,N,ST,15,16
0332781U,23820033403,N,ST,12,14
0332781U,23210022142,N,ST,12,16
0332781U,23210022715,N,ST,12,4
0332781U,23210023324,N,ST,12,12
0332781U,23210025437,N,ST,12,25
0332781U,23210033002,N,ST,12,11
0332781U,23810020008,N,ST,36,42
0332781U,23810022708,N,ST,12,19
0332781U,23810030003,N,ST,15,9
0332781U,23810031211,N,ST,15,25
0332781U,23810033404,N,ST,24,31
0330176M,23821021407,N,ST,22,0
0330176M,23821033003,N,ST,66,2
0330176M,23811021203,N,AP,999,5
0330176M,23811022103,N,ST,20,5
0330176M,23811033003,N,AP,999,9
0330176M,23811033003,N,ST,66,17
0331740M,23821021113,N,ST,12,0
0331740M,23821022108,N,ST,12,2
0331740M,23811021112,N,ST,10,6
0331740M,23811022103,N,ST,17,9
0339999P,,O,ST,0,11
0339999P,,O,ST,0,62
0339999P,,O,ST,0,1
0339999P,,O,AP,0,134
0339999P,,O,ST,0,398
0339999P,,O,ST,0,28
0339999P,,O,ST,0,16
0339999P,,O,ST,0,138
0332868N,23810033104,N,AP,999,1
0332880B,23210033615,N,AP,999,5
0331557N,23210033615,N,AP,999,16
0331557N,23210033616,N,AP,999,18
0331460H,23820030004,N,ST,30,32
0331460H,23820031212,N,ST,30,34
0331460H,23820031213,N,ST,30,64
0331460H,23210031224,N,ST,24,35
0331460H,23810030003,N,ST,30,22
0331460H,23810031211,N,ST,60,100
0330032F,23820030004,N,ST,30,38
0330032F,23820031213,N,ST,30,49
0330032F,23820031214,N,ST,30,41
0330032F,23810030003,N,ST,30,18
0330032F,23810031211,N,ST,60,59
0330142A,23820022403,N,ST,15,15
0330142A,23820025014,N,ST,15,3
0330142A,23820025520,N,ST,15,26
0330142A,23820031212,N,ST,24,31
0330142A,23820031213,N,ST,24,50
0330142A,23820031214,N,ST,24,28
0330142A,23820033007,N,ST,30,42
0330142A,23210025524,N,ST,24,19
0330142A,23210031224,N,ST,15,34
0330142A,23810020008,N,ST,15,21
0330142A,23810020103,N,ST,15,9
0330142A,23810022404,N,ST,15,21
0330142A,23810031211,N,ST,72,92
0330142A,23810033007,N,ST,30,55
0332445D,23820025214,N,ST,40,68
0332445D,23820025215,N,ST,20,16
0332445D,23820025216,N,ST,10,25
0332445D,23820025412,N,ST,20,31
0332445D,23210025226,N,ST,10,25
0332445D,23210025225,N,ST,10,74
0332445D,23210025440,N,ST,10,25
0332445D,23210025441,N,ST,10,7
0332445D,23810025222,N,ST,70,132
0332445D,23810025412,N,ST,20,34
0330031E,23820023003,N,ST,16,17
0330031E,23820024202,N,ST,24,29
0330031E,23820024204,N,ST,30,56
0330031E,23820032303,N,ST,30,42
0330031E,23820032304,N,ST,15,28
0330031E,23820033104,N,ST,15,20
0330031E,23210024240,N,ST,15,28
0330031E,23210024241,N,ST,15,11
0330031E,23810023003,N,ST,15,29
0330031E,23810024202,N,ST,24,17
0330031E,23810024204,N,ST,24,36
0330031E,23810032303,N,ST,15,79
0330031E,23810032304,N,ST,15,45
0330031E,23810033104,N,ST,15,28
0330033G,23820030004,N,ST,15,20
0330033G,23820031212,N,ST,24,31
0330033G,23820031213,N,ST,30,27
0330033G,23820033604,N,ST,14,17
0330033G,23210031224,N,ST,24,31
0330033G,23210033616,N,ST,24,45
0330033G,23810030003,N,ST,15,24
0330033G,23810031211,N,ST,54,47
0330033G,23810033605,N,ST,14,22
0330028B,23820025520,N,ST,30,60
0330028B,23210025524,N,AP,999,20
0330028B,23810020008,N,ST,30,50
0330028B,23810025520,N,AP,999,16
0330028B,23810030004,N,AP,999,11
0331561T,23810030003,N,ST,30,16
0331561T,23810031211,N,ST,90,35
0331561T,23810033007,N,ST,30,21
0331561T,23810034403,N,ST,24,27
0332496J,23210023006,N,ST,15,1
0332496J,23810020008,N,ST,20,6
0332496J,23810023007,N,ST,20,7
0332495H,23210033002,N,ST,15,3
0332495H,23810030003,N,ST,15,13
0332495H,23810031211,N,ST,30,39
0332495H,23810033006,N,ST,15,21
0332495H,23810033007,N,ST,45,27
0331585U,23210033615,N,ST,30,17
0331585U,23210033616,N,ST,14,8
0331585U,23810031211,N,ST,20,11
0331585U,23810033007,N,ST,30,10
0331585U,23810033605,N,ST,30,25
0332550T,23210025524,N,ST,15,4
0332550T,23810020008,N,ST,63,27
0332550T,23810030003,N,ST,15,0
0332550T,23810031211,N,ST,30,13
0332497K,23210022142,N,AP,999,3
0332497K,23210024240,N,ST,8,5
0332497K,23210033002,N,ST,16,9
0332497K,23810024204,N,ST,24,10
0332497K,23810030003,N,ST,18,2
0332497K,23810032210,N,ST,16,9
0332497K,23810032303,N,ST,32,36
0332497K,23810033006,N,ST,15,22
0332497K,23810033007,N,ST,32,26
0332882D,23210022137,N,AP,999,11
0332882D,23210022141,N,AP,999,21
0332882D,23210022714,N,AP,999,6
0332882D,23210023220,N,AP,999,3
0332882D,23210023224,N,AP,999,12
0332882D,23210023327,N,AP,999,4
0332882D,23210023446,N,AP,999,16
0332882D,23210025439,N,AP,999,5
0332882D,23810025411,N,AP,999,5
0332882D,23810025520,N,AP,999,14
0332813D,23210022142,N,AP,999,8
0332813D,23210022146,N,AP,999,36
0332813D,23210031224,N,AP,999,34
0332813D,23210033413,N,AP,999,11
0332813D,23810030004,N,AP,999,1
0332813D,23810031213,N,AP,999,25
0332813D,23810031214,N,AP,999,12
0333502C,23210025225,N,AP,999,45
0333502C,23210025227,N,AP,999,19
0333502C,23210025440,N,AP,999,31
0333502C,23210025441,N,AP,999,4
0333502C,23210033615,N,AP,999,21
0333502C,23210033616,N,AP,999,32
0333502C,23810025224,N,AP,999,9
0333450W,23810022106,N,AP,999,5
0333469S,23210033616,N,AP,999,14
0330150J,,O,ST,0,14
0330150J,,O,ST,0,10
0330150J,,O,ST,0,9
0330150J,,O,ST,0,14
0330150J,,O,ST,0,4
0330150J,,O,ST,0,15
0330150J,,O,ST,0,11
0330150J,,O,ST,0,8
0330150J,,O,ST,0,30
0330150J,,O,ST,0,2
0330150J,,O,ST,0,335
0330150J,,O,ST,0,16
0330150J,,O,ST,0,1
0330150J,,O,ST,0,411
0330150J,,O,ST,0,25
0330150J,,O,ST,0,16
0330150J,,O,ST,0,2
0330150J,,O,ST,0,5
0330150J,,O,ST,0,160
0330150J,,O,ST,0,18
0330150J,,O,ST,0,11
0330150J,,O,ST,0,22
0330150J,,O,ST,0,4
0330150J,,O,ST,0,8
0330150J,,O,ST,0,7
0330150J,,O,ST,0,7
0330150J,,O,ST,0,0
0330150J,,O,ST,0,0
0330150J,,O,ST,0,1
0330150J,,O,ST,0,3
0330150J,,O,ST,0,8
0330150J,23210033617,N,ST,0,0
0332333G,23210033617,N,ST,998,0
0333205E,23210022137,N,AP,999,21
0333205E,23210022141,N,AP,999,25
0333205E,23210022143,N,AP,999,29
0333205E,23210022144,N,AP,999,1
0332814E,23810025302,N,AP,999,1
0332814E,23810025303,N,AP,999,5
0332814E,23810025304,N,AP,999,0
0332814E,23810025305,N,AP,999,2
0332814E,23810025411,N,AP,999,5
0330060L,23820022106,N,ST,12,18
0330060L,23820025302,N,ST,12,16
0330060L,23820025303,N,ST,12,26
0330060L,23820025303,N,ST,15,19
0330060L,23820031213,N,ST,30,29
0330060L,23820033403,N,ST,12,12
0330060L,23820034304,N,ST,15,10
0330060L,23210022142,N,ST,12,13
0330060L,23210022146,N,ST,12,18
0330060L,23210031223,N,ST,24,25
0330060L,23210033413,N,ST,12,5
0330060L,23210034308,N,ST,12,4
0330060L,23810025307,N,ST,24,89
0330060L,23810025307,N,ST,15,36
0330060L,23810031211,N,ST,30,28
0330060L,23810033404,N,ST,24,31
0330060L,23810034306,N,ST,15,7
0330069W,23820030004,N,ST,15,25
0330069W,23820033006,N,ST,30,42
0330069W,23820033007,N,ST,30,43
0330069W,23820033604,N,ST,15,17
0330069W,23820033606,N,ST,48,55
0330069W,23210033002,N,ST,24,23
0330069W,23210033616,N,ST,28,69
0330069W,23810030003,N,ST,15,29
0330069W,23810033006,N,ST,30,58
0330069W,23810033007,N,ST,30,56
0330069W,23810033605,N,ST,62,130
0333583R,23210033002,N,ST,12,6
0333583R,23810020008,N,ST,24,16
0333583R,23810033007,N,ST,30,25
0332382K,23821033003,N,ST,30,0
0332382K,23211021130,N,ST,16,3
0332382K,23211021405,N,ST,16,6
0332382K,23811033003,N,ST,32,9
0331739L,23820031212,N,ST,8,3
0331739L,23820032207,N,ST,11,11
0331739L,23210020101,N,ST,4,6
0331739L,23210031224,N,ST,8,26
0331739L,23810031211,N,ST,8,2
0331739L,23810032210,N,ST,10,12
0330076D,23820025012,N,ST,24,19
0330076D,23820025519,N,ST,24,32
0330076D,23820025520,N,ST,24,26
0330076D,23210022361,N,AP,999,12
0330076D,23210024318,N,AP,999,1
0330076D,23210024320,N,AP,999,1
0330076D,23210024323,N,AP,999,0
0330076D,23210024323,N,ST,12,8
0330076D,23210025524,N,ST,24,18
0330076D,23810020008,N,ST,48,59
0330076D,23810020104,N,ST,24,2
0330076D,23810033104,N,AP,999,1
0333165L,23210031122,N,AP,999,7
0333301J,23210033615,N,AP,999,7
0333301J,23210033616,N,AP,999,1
0332870R,23821021213,N,ST,15,13
0332870R,23820021204,N,ST,12,8
0332870R,23820022503,N,ST,30,21
0332870R,23820023405,N,ST,24,28
0332870R,23820025223,N,ST,30,31
0332870R,23820031213,N,ST,15,17
0332870R,23820031214,N,ST,15,20
0332870R,23210023447,N,ST,15,19
0332870R,23811021112,N,ST,15,12
0332870R,23810021204,N,ST,12,6
0332870R,23810022503,N,ST,30,13
0332870R,23810023409,N,ST,24,21
0332870R,23810025223,N,ST,30,17
0332870R,23810031211,N,ST,30,46
0332376D,23821033003,N,ST,45,8
0332376D,23211033003,N,ST,22,23
0332376D,23811033003,N,ST,44,31
0330082K,23820023404,N,ST,15,13
0330082K,23820023405,N,ST,15,13
0330082K,23820025012,N,ST,15,14
0330082K,23820025411,N,ST,30,36
0330082K,23820025520,N,ST,30,29
0330082K,23210023447,N,ST,12,22
0330082K,23210025439,N,ST,12,10
0330082K,23810020008,N,ST,30,27
0330082K,23810020103,N,ST,30,14
0330082K,23810020104,N,ST,15,13
0330082K,23810023404,N,ST,15,17
0330082K,23810023409,N,ST,15,7
0333520X,23211021130,N,AP,999,4
0333520X,23211021405,N,AP,999,6
0332472H,23821021114,N,ST,25,0
0332472H,23821021405,N,ST,25,1
0332472H,23211021405,N,AP,999,7
0332472H,23811021112,N,ST,25,6
0332472H,23811021114,N,AP,999,4
0332472H,23811021404,N,ST,25,10
0332472H,23811021405,N,AP,999,13
0333521Y,23210021203,N,AP,999,2
0333521Y,23211021405,N,AP,999,16
0333521Y,23211033003,N,AP,999,7
0331708C,23210022146,N,AP,999,5
0331708C,23210025224,N,AP,999,5
0331708C,23210025225,N,AP,999,29
0331708C,23210031221,N,AP,999,2
0331708C,23210031224,N,AP,999,17
0331708C,23210033413,N,AP,999,2
0331708C,23210033616,N,AP,999,13
0333524B,23211021405,N,AP,999,2
0332380H,23821021114,N,ST,10,2
0332380H,23821021405,N,ST,10,7
0332380H,23211021405,N,ST,27,15
0332380H,23811021112,N,ST,13,8
0332380H,23811021404,N,ST,19,21
0332471G,23821033003,N,ST,50,2
0332471G,23210033205,N,AP,999,9
0332471G,23811033003,N,ST,50,28
0330174K,23821022108,N,ST,32,2
0330174K,23821033003,N,ST,48,3
0330174K,23811022103,N,ST,32,8
0330174K,23811022108,N,AP,999,2
0330174K,23811033003,N,AP,999,4
0330174K,23811033003,N,ST,32,6
0332344U,23820023304,N,ST,15,8
0332344U,23820023404,N,ST,15,12
0332344U,23820023405,N,ST,15,14
0332344U,23820030004,N,ST,30,36
0332344U,23820031212,N,ST,15,16
0332344U,23820031213,N,ST,30,30
0332344U,23820031214,N,ST,15,35
0332344U,23210023326,N,ST,12,14
0332344U,23210023447,N,ST,15,11
0332344U,23210023449,N,AP,999,2
0332344U,23210031224,N,ST,24,37
0332344U,23810020006,N,ST,15,21
0332344U,23810023404,N,ST,15,10
0332344U,23810023409,N,ST,15,16
0332344U,23810030003,N,ST,30,41
0332344U,23810031211,N,ST,60,116
0330089T,23820022106,N,ST,12,15
0330089T,23820025012,N,ST,15,15
0330089T,23820025014,N,ST,15,1
0330089T,23820025214,N,ST,20,22
0330089T,23820025411,N,ST,24,26
0330089T,23820025519,N,ST,24,44
0330089T,23820025520,N,ST,24,31
0330089T,23820033403,N,ST,12,10
0330089T,23210022146,N,ST,12,31
0330089T,23210025223,N,ST,10,9
0330089T,23210033413,N,ST,12,14
0330089T,23810020008,N,ST,48,85
0330089T,23810020103,N,ST,39,20
0330089T,23810020104,N,ST,15,5
0330089T,23810025222,N,ST,20,50
0330089T,23810033404,N,ST,24,34
0331719P,23210022146,N,AP,999,2
0331719P,23210031224,N,AP,999,29
0331719P,23210033413,N,AP,999,0
0332441Z,23820025012,N,ST,15,15
0332441Z,23820025012,N,ST,15,15
0332441Z,23820025012,N,ST,15,2
0332441Z,23820025519,N,ST,24,45
0332441Z,23820025520,N,ST,14,13
0332441Z,23820025520,N,ST,28,35
0332441Z,23820033101,N,ST,24,20
0332441Z,23210025524,N,ST,12,29
0332441Z,23810020008,N,ST,52,77
0332441Z,23810020104,N,ST,15,8
0332441Z,23810020104,N,ST,15,7
0332441Z,23810020104,N,ST,15,7
0332441Z,23810020008,N,ST,14,16
0332441Z,23810033101,N,ST,24,39
0332832Z,23820032207,N,ST,28,29
0332832Z,23820032208,N,ST,24,11
0332832Z,23810032210,N,ST,52,29
0331668J,23820022004,N,ST,24,9
0331668J,23820025014,N,ST,24,19
0331668J,23820025520,N,ST,30,34
0331668J,23820030004,N,ST,15,29
0331668J,23820031114,N,ST,15,11
0331668J,23820031212,N,ST,15,24
0331668J,23820031213,N,ST,30,52
0331668J,23820031214,N,ST,15,43
0331668J,23210025137,N,ST,24,31
0331668J,23810020008,N,ST,30,36
0331668J,23810020103,N,ST,30,26
0331668J,23810020104,N,ST,24,8
0331668J,23810030003,N,ST,30,30
0331668J,23810031211,N,ST,60,119
0333443N,23210033205,N,AP,999,12
0333522Z,23211021130,N,AP,999,2
0333522Z,23211021405,N,AP,999,9
0333522Z,23811021001,N,AP,999,2
0333522Z,23811021113,N,AP,999,1
0331863W,23821021113,N,ST,19,2
0331863W,23811021112,N,ST,19,8
0332373A,23211033003,N,ST,24,24
0330102G,23820020102,N,ST,15,11
0330102G,23820025219,N,ST,12,13
0330102G,23820030004,N,ST,15,24
0330102G,23820031212,N,ST,15,19
0330102G,23820033007,N,ST,24,29
0330102G,23210020101,N,ST,12,7
0330102G,23210025221,N,ST,12,10
0330102G,23810020104,N,ST,15,6
0330102G,23810025222,N,ST,12,12
0330102G,23810030003,N,ST,15,12
0330102G,23810031211,N,ST,15,35
0330102G,23810033007,N,ST,24,37
0332198K,23210022142,N,ST,8,28
0332198K,23210023224,N,ST,8,15
0332198K,23210023327,N,ST,8,21
0332198K,23210024008,N,ST,8,11
0332198K,23210025223,N,ST,10,10
0332198K,23211021405,N,ST,10,29
0332345V,23820020102,N,ST,12,6
0332345V,23820022706,N,ST,24,4
0332345V,23820025517,N,ST,12,15
0332345V,23820025519,N,ST,24,33
0332345V,23820025520,N,ST,24,26
0332345V,23820031213,N,ST,30,14
0332345V,23820031214,N,ST,15,19
0332345V,23210025524,N,ST,12,26
0332345V,23210031224,N,ST,24,45
0332345V,23810020008,N,ST,84,54
0332345V,23810020104,N,ST,12,4
0332345V,23810031211,N,ST,45,30
0333000G,23210034308,N,AP,999,4
0333000G,23810034306,N,AP,999,1
0333523A,23211021130,N,AP,999,4
0333523A,23211021405,N,AP,999,4
0333131Z,23210023224,N,AP,999,1
0333131Z,23210023225,N,AP,999,2
0333131Z,23210023325,N,AP,999,0
0333131Z,23210031224,N,AP,999,8
0333131Z,23810031213,N,AP,999,7
0332346W,23820025012,N,ST,24,21
0332346W,23820025520,N,ST,24,35
0332346W,23820031106,N,ST,30,23
0332346W,23820031213,N,ST,30,36
0332346W,23210020101,N,ST,12,4
0332346W,23210025524,N,ST,12,16
0332346W,23210031122,N,ST,12,19
0332346W,23210031224,N,ST,12,26
0332346W,23810020008,N,ST,24,32
0332346W,23810020104,N,ST,24,8
0332346W,23810030003,N,ST,30,21
0332346W,23810031211,N,ST,30,67
0330114V,23820031212,N,ST,15,12
0330114V,23820031213,N,ST,15,23
0330114V,23820031214,N,ST,15,13
0330114V,23820033007,N,ST,30,29
0330114V,23210031224,N,ST,15,13
0330114V,23210033002,N,ST,15,6
0330114V,23810031211,N,ST,45,45
0330114V,23810033007,N,ST,30,36
0331569B,23810020104,N,ST,12,7
0331569B,23810030003,N,ST,15,8
0331569B,23810033007,N,ST,24,25
0330119A,23820025303,N,ST,12,19
0330119A,23820025304,N,ST,15,11
0330119A,23820025411,N,ST,24,29
0330119A,23820025519,N,ST,25,35
0330119A,23820033007,N,ST,30,34
0330119A,23210033002,N,ST,24,20
0330119A,23810020008,N,ST,24,41
0330119A,23810020103,N,ST,24,24
0330119A,23810025307,N,ST,24,43
0330119A,23810033007,N,ST,30,42
0330175L,23821021113,N,ST,18,0
0330175L,23821021302,N,ST,24,0
0330175L,23210023006,N,AP,999,2
0330175L,23210023224,N,AP,999,1
0330175L,23811021113,N,AP,999,0
0330175L,23811021112,N,ST,20,1
0330175L,23811021404,N,ST,24,9
0330135T,23820025014,N,ST,30,10
0330135T,23820025411,N,ST,15,24
0330135T,23820025518,N,ST,15,16
0330135T,23820025519,N,ST,24,39
0330135T,23810020008,N,ST,24,55
0330135T,23810020103,N,ST,45,38
0330135T,23810025518,N,ST,15,15
0330126H,23820030004,N,ST,30,32
0330126H,23820031213,N,ST,30,48
0330126H,23820031214,N,ST,30,39
0330126H,23820033006,N,ST,30,36
0330126H,23810030003,N,ST,30,33
0330126H,23810031211,N,ST,30,92
0330126H,23810033006,N,ST,15,72
0332192D,23820022105,N,ST,24,27
0332192D,23820022106,N,ST,36,50
0332192D,23820033403,N,ST,36,32
0332192D,23210022141,N,ST,12,65
0332192D,23210022146,N,ST,12,29
0332192D,23210033413,N,ST,24,24
0332192D,23810022107,N,ST,24,56
0332192D,23810033404,N,ST,72,119
0332473J,23821022108,N,ST,16,2
0332473J,23811022103,N,ST,20,3
0332473J,23811022108,N,AP,999,8
0339996L,23210023224,N,AP,999,2
0339996L,23210023325,N,AP,999,0
0339996L,23210023327,N,AP,999,6
0339991F,23210033615,N,AP,999,2
Total établissements sélectionnés - département GIRONDE,,,,149241,30806
9710804X,23821021004,N,ST,6,26
9710804X,23821021114,N,ST,10,12
9710804X,23821021405,N,ST,10,10
9710804X,23811021112,N,ST,25,42
9710804X,23811021404,N,ST,25,9
9710746J,23820030004,N,ST,32,20
9710746J,23820031212,N,ST,32,35
9710746J,23820031213,N,ST,16,30
9710746J,23820031214,N,ST,16,18
9710746J,23810030003,N,ST,32,39
9710746J,23810030003,N,ST,1,0
9710746J,23810031211,N,ST,61,70
9710746J,23810031211,N,ST,3,5
9711032V,23820025012,N,ST,24,17
9711032V,23820025520,N,ST,30,36
9711032V,23810020008,N,ST,30,39
9711032V,23810020104,N,ST,14,6
9710593T,23820031213,O,ST,8,14
9710593T,23820031214,O,ST,8,1
9710593T,23820033006,O,ST,5,4
9710593T,23820033007,O,ST,16,21
9710593T,23810031211,O,ST,6,16
9710593T,23810033006,O,ST,5,4
9710593T,23810033007,O,ST,11,14
9711039C,23821021004,N,AP,999,2
9711039C,23821033003,N,AP,999,2
9711039C,23211021010,N,AP,999,12
9711039C,23211021405,N,AP,999,5
9711039C,23211033003,N,AP,999,2
9710884J,23820025519,N,ST,26,29
9710884J,23810020008,N,ST,24,25
9710055H,23820030004,O,ST,3,0
9710055H,23820031214,O,ST,10,0
9710055H,23810030003,O,ST,5,1
9710055H,23810031211,O,ST,7,0
9710775R,23820033006,O,ST,10,0
9710775R,,O,ST,0,0
9710775R,23810033006,O,ST,10,1
9710418C,23820025214,N,ST,10,14
9710418C,23820025215,N,ST,10,6
9710418C,23820025216,N,ST,10,3
9710418C,23820025219,N,ST,10,2
9710418C,23820025220,N,ST,10,2
9710418C,23820025520,N,ST,15,6
9710418C,23820025412,N,ST,10,1
9710418C,23820031114,N,ST,16,7
9710418C,23820031213,N,ST,16,19
9710418C,23820031214,N,ST,16,6
9710418C,23210025221,N,ST,6,4
9710418C,23210025223,N,ST,9,4
9710418C,23210025225,N,ST,4,25
9710418C,23210025226,N,ST,6,8
9710418C,23210025441,N,ST,9,6
9710418C,23210025441,N,ST,2,2
9710418C,23210025218,N,ST,6,4
9710418C,23210025219,N,ST,4,1
9710418C,23210025221,N,ST,5,3
9710418C,23210025223,N,ST,1,0
9710418C,23810020008,N,ST,15,6
9710418C,23810025222,N,ST,40,37
9710418C,23810025412,N,ST,10,9
9710418C,23810030003,N,ST,16,9
9710418C,23810031211,N,ST,30,16
9711015B,23821022108,N,ST,15,0
9711015B,23821033003,N,ST,15,0
9711015B,23811022103,N,ST,20,1
9711015B,23811033001,N,ST,20,2
9710067W,23820021304,O,ST,0,0
9710067W,23820025010,O,ST,0,0
9710067W,23820025214,O,ST,19,0
9710067W,23820025223,O,ST,26,0
9710067W,23820025303,O,ST,6,0
9710067W,23820025406,O,ST,4,0
9710067W,23820025517,O,ST,5,0
9710067W,23820025519,O,ST,6,1
9710067W,23820025520,O,ST,9,0
9710067W,23820031112,O,ST,0,0
9710067W,23210021308,O,ST,1,1
9710067W,23210025224,O,ST,0,0
9710067W,23210025225,O,ST,10,9
9710067W,23210025439,O,ST,0,0
9710067W,23210025524,O,ST,5,5
9710067W,23810020006,O,ST,6,1
9710067W,23810020007,O,ST,0,8
9710067W,23810020008,O,ST,16,7
9710067W,23810025222,O,ST,13,9
9710067W,23810025223,O,ST,21,7
9710067W,23810025307,O,ST,6,8
9711012Y,23820022106,N,ST,12,0
9711012Y,23820025223,N,ST,1,0
9711012Y,23820025520,N,ST,16,0
9711012Y,23820030004,N,ST,16,0
9711012Y,23820033006,N,ST,1,0
9711012Y,23820033403,N,ST,12,0
9711012Y,23210022146,N,ST,11,6
9711012Y,23210025224,N,ST,12,5
9711012Y,23210025224,N,ST,1,0
9711012Y,23210025524,N,ST,12,1
9711012Y,23210033205,N,ST,10,4
9711012Y,23210033413,N,ST,12,3
9711012Y,23210022146,N,ST,1,1
9711012Y,23210025524,N,ST,0,0
9711012Y,23210033205,N,ST,2,2
9711012Y,23210033413,N,ST,0,0
9711012Y,23810020008,N,ST,16,7
9711012Y,23810025223,N,ST,10,10
9711012Y,23810030003,N,ST,16,3
9711012Y,23810033006,N,ST,16,4
9711012Y,23810033404,N,ST,16,8
9710090W,23820023004,N,ST,15,7
9710090W,23820023005,N,ST,15,11
9710090W,23820023203,N,ST,15,6
9710090W,23820023304,N,ST,15,5
9710090W,23820023404,N,ST,0,0
9710090W,23820023405,N,ST,15,5
9710090W,23820025411,N,ST,15,2
9710090W,23820025517,N,ST,24,13
9710090W,23820025520,N,ST,24,16
9710090W,23820034403,N,ST,1,1
9710090W,23210023324,N,ST,9,10
9710090W,23210023447,N,ST,20,8
9710090W,23210025439,N,ST,15,6
9710090W,23210025524,N,ST,23,16
9710090W,23210023324,N,ST,1,0
9710090W,23210023447,N,ST,4,4
9710090W,23210025439,N,ST,0,0
9710090W,23210025524,N,ST,1,0
9710090W,23810020006,N,ST,30,13
9710090W,23810020008,N,ST,48,20
9710090W,23810020103,N,ST,15,7
9710090W,23810023007,N,ST,15,11
9710090W,23810023404,N,ST,15,6
9710090W,23810023409,N,ST,15,3
9710090W,23810034403,N,ST,32,38
9710994D,23821033003,N,ST,30,0
9710994D,23211021010,N,ST,30,3
9710994D,23211033003,N,ST,30,15
9710994D,23211033003,N,ST,1,1
9710994D,23811033001,N,ST,30,7
9711066G,23820022104,N,ST,12,10
9711066G,23820022105,N,ST,12,10
9711066G,23820022106,N,ST,24,24
9711066G,23820033403,N,ST,24,24
9711066G,23210022146,N,ST,21,21
9711066G,23210033413,N,ST,21,18
9711066G,23210022146,N,ST,4,3
9711066G,23210033413,N,ST,3,5
9711066G,23810022107,N,ST,24,21
9711066G,23810033404,N,ST,24,35
9710052E,23820023303,N,ST,30,17
9710052E,23820023405,N,ST,30,26
9710052E,23820025012,N,ST,15,14
9710052E,23820025411,N,ST,24,20
9710052E,23820025520,N,ST,30,27
9710052E,23820025519,N,ST,24,21
9710052E,23820030004,N,ST,31,38
9710052E,23820031212,N,ST,32,33
9710052E,23820034303,N,ST,0,0
9710052E,23820034304,N,ST,0,0
9710052E,23210025524,N,ST,7,17
9710052E,23210034308,N,ST,6,8
9710052E,23210025524,N,ST,9,6
9710052E,23210034307,N,ST,9,7
9710052E,23810031211,N,ST,1,0
9710052E,23810020006,N,ST,24,7
9710052E,23810020008,N,ST,46,48
9710052E,23810020103,N,ST,24,13
9710052E,23810020104,N,ST,15,4
9710052E,23810023409,N,ST,30,18
9710052E,23810030003,N,ST,30,21
9710052E,23810031211,N,ST,31,37
9710052E,23810034306,N,ST,15,11
9710052E,23810034307,N,ST,15,3
9711046K,23820024204,N,ST,2,3
9711046K,23820025214,N,ST,24,30
9711046K,23820025223,N,ST,2,3
9711046K,23820025519,N,ST,24,29
9711046K,23210024240,N,ST,26,14
9711046K,23210025224,N,ST,21,37
9711046K,23210024240,N,ST,4,3
9711046K,23210025224,N,ST,3,3
9711046K,26110041001,N,ST,15,3
9711046K,23810020008,N,ST,24,68
9711046K,23810024204,N,ST,30,28
9711046K,23810025222,N,ST,24,60
9711046K,23810025223,N,ST,24,39
9711080X,23210033615,O,ST,12,1
9711080X,23210033616,O,ST,12,0
9710646A,25110022108,N,AP,999,0
9710646A,25110022111,N,AP,999,3
9710646A,25110023408,N,AP,999,0
9710646A,25110023409,N,AP,999,0
9710646A,25110025517,N,AP,999,1
9710646A,25110033608,N,AP,999,4
9710646A,23210022137,N,AP,999,2
9710646A,23210022141,N,AP,999,6
9710646A,23210022143,N,AP,999,1
9710646A,23210022146,N,AP,999,7
9710646A,23210022714,N,AP,999,2
9710646A,23210023324,N,AP,999,0
9710646A,23210023327,N,AP,999,2
9710646A,23210023446,N,AP,999,3
9710646A,23210023447,N,AP,999,0
9710646A,23210025225,N,AP,999,4
9710646A,23210025439,O,AP,0,0
9710646A,23210025440,O,AP,0,1
9710646A,23210025441,N,AP,999,0
9710646A,23210025524,N,AP,999,1
9710646A,23210031224,O,AP,0,0
9710646A,23210033413,N,AP,999,0
9710646A,23210033616,N,AP,999,3
9711034X,,O,ST,0,13
9711034X,,O,ST,0,9
9711034X,,O,ST,0,4
9711034X,,O,ST,0,27
9711034X,,O,ST,0,2
9711034X,,O,ST,0,5
9711034X,,O,ST,0,6
9711034X,,O,ST,0,3
9711034X,,O,ST,0,10
9711034X,,O,ST,0,10
9711034X,,O,ST,0,3
9711034X,,O,ST,0,9
9711034X,,O,ST,0,7
9711034X,,O,ST,0,1
9711034X,,O,ST,0,10
9711034X,,O,ST,0,13
9711034X,,O,ST,0,4
9711034X,,O,ST,0,3
9711034X,,O,ST,0,5
9711034X,,O,ST,0,1
9711034X,,O,ST,0,5
9711034X,,O,ST,0,15
9711034X,,O,ST,0,19
9711034X,,O,ST,0,0
9711034X,,O,ST,0,1
9711034X,,O,ST,0,10
9711034X,,O,ST,0,1
9711034X,,O,ST,0,0
9711034X,,O,ST,0,0
9711034X,,O,ST,0,0
9711034X,,O,ST,0,7
9710709U,23820022706,N,ST,16,8
9710709U,23820023203,N,ST,16,13
9710709U,23820025517,N,ST,16,18
9710709U,23820025519,N,ST,16,12
9710709U,23820034403,N,ST,4,4
9710709U,23210022714,N,ST,12,9
9710709U,23210023224,N,ST,16,4
9710709U,23210023224,N,ST,1,0
9710709U,23210023324,N,ST,13,5
9710709U,23210023325,N,ST,12,4
9710709U,23210034405,N,ST,16,24
9710709U,23210022714,N,ST,4,3
9710709U,23210023324,N,ST,3,2
9710709U,23210023325,N,ST,4,0
9710709U,23210034405,N,ST,0,0
9710709U,23810020006,N,ST,16,10
9710709U,23810020008,N,ST,48,25
9710709U,23810034403,N,ST,16,23
9710997G,23821021405,N,ST,15,0
9710997G,23821033003,N,ST,15,0
9710997G,23211021405,N,ST,0,0
9710997G,23211021405,N,ST,20,9
9710997G,23811021404,N,ST,25,1
9710997G,23811033001,N,ST,27,3
9710722H,23820023003,N,ST,1,0
9710722H,23820030004,N,ST,32,30
9710722H,23820031213,N,ST,32,29
9710722H,23820031214,N,ST,32,25
9710722H,23210031224,N,ST,36,23
9710722H,23210031224,N,ST,12,11
9710722H,23810023003,N,ST,32,7
9710722H,23810030003,N,ST,32,19
9710722H,23810031211,N,ST,64,46
9710722H,23810031211,N,ST,1,0
9711291B,25110033608,N,AP,999,0
9711291B,23210022137,N,AP,999,0
9711291B,23210022141,N,AP,999,1
9711291B,23210022146,N,AP,999,2
9711291B,23210023324,N,AP,999,0
9711291B,23210024240,N,AP,999,0
9711291B,23210025225,N,AP,999,1
9711291B,23210025524,N,AP,999,0
9711291B,23210031224,N,AP,999,1
9711291B,23210033205,N,AP,999,1
9711291B,23210033615,N,AP,999,2
9711291B,23210033616,N,AP,999,2
9711033W,23820023304,N,ST,15,10
9711033W,23820025520,N,ST,16,15
9711033W,23820032303,N,ST,1,1
9711033W,22123132306,O,ST,0,0
9711033W,23210022142,N,ST,14,8
9711033W,23210023327,N,ST,15,5
9711033W,23210023447,N,ST,13,4
9711033W,23210033002,N,ST,12,5
9711033W,23210022142,N,ST,2,1
9711033W,23210023327,N,ST,0,0
9711033W,23210023447,N,ST,2,1
9711033W,23210033002,N,ST,3,2
9711033W,23810020006,N,ST,15,10
9711033W,23810020008,N,ST,16,8
9711033W,23810032303,N,ST,16,18
9711082Z,23820031106,N,ST,15,20
9711082Z,23820031114,N,ST,15,13
9711082Z,23820033006,N,ST,1,0
9711082Z,23820033007,N,ST,3,9
9711082Z,23820033604,N,ST,15,10
9711082Z,23820033606,N,ST,15,18
9711082Z,23210031122,N,ST,12,19
9711082Z,23210033002,N,ST,16,8
9711082Z,23210033205,N,ST,12,49
9711082Z,23210033615,N,ST,10,18
9711082Z,23210033616,N,ST,11,24
9711082Z,23210033002,N,ST,0,0
9711082Z,23210033205,N,ST,4,3
9711082Z,23210033615,N,ST,2,4
9711082Z,23210033616,N,ST,1,1
9711082Z,23810030003,N,ST,32,59
9711082Z,23810033006,N,ST,25,29
9711082Z,23810033007,N,ST,48,101
9711082Z,23810033605,N,ST,27,46
9710690Y,23820030004,N,ST,16,13
9710690Y,23820031212,N,ST,16,10
9710690Y,23820031213,N,ST,32,23
9710690Y,23820031214,N,ST,16,17
9710690Y,23820033006,N,ST,2,15
9710690Y,23820033007,N,ST,1,0
9710690Y,23820033604,N,ST,16,10
9710690Y,23820033606,N,ST,16,20
9710690Y,23210031224,N,ST,4,28
9710690Y,23210033616,N,ST,14,22
9710690Y,23210031224,N,ST,11,10
9710690Y,23210033616,N,ST,2,1
9710690Y,23810030003,N,ST,16,13
9710690Y,23810031211,N,ST,64,46
9710690Y,23810031211,N,ST,1,0
9710690Y,23810033006,N,ST,16,17
9710690Y,23810033007,N,ST,48,49
9710690Y,23810033605,N,ST,32,27
9710995E,23821022108,N,ST,0,0
9710995E,23821033003,N,ST,12,0
9710995E,23811021112,N,ST,14,0
9710995E,23811022103,N,ST,14,7
9710995E,23811033001,N,ST,25,6
9711169U,23210022141,N,AP,999,0
9710000Y,23821033003,O,ST,0,0
9710000Y,,O,ST,0,2
9710000Y,23210020006,O,ST,1,1
9710000Y,23810030002,O,ST,0,8
9719999S,,O,ST,0,0
9718888J,23210022142,O,ST,0,10
9718888J,23810030002,O,ST,0,1
Total établissements sélectionnés - département GUADELOUPE,,,,48906,9595
9730463R,23211021130,N,ST,10,5
9730463R,23211033003,N,ST,10,1
9730463R,23211021130,N,ST,5,3
9730463R,23211033003,N,ST,5,2
9730463R,23811033001,N,ST,15,0
9730003R,23820030004,N,ST,60,65
9730003R,23820031212,N,ST,30,44
9730003R,23820031213,N,ST,54,41
9730003R,23820031214,N,ST,30,48
9730003R,23210031224,N,ST,34,23
9730003R,23210031224,N,ST,19,11
9730003R,23810030003,N,ST,53,53
9730003R,23810031211,N,ST,84,100
9730094P,23820025012,N,ST,24,26
9730094P,23820025214,N,ST,40,38
9730094P,23820025411,N,ST,15,8
9730094P,23820025412,N,ST,15,10
9730094P,23820025519,N,ST,24,13
9730094P,23820025520,N,ST,48,62
9730094P,23210025223,N,ST,10,3
9730094P,23210025225,N,ST,20,29
9730094P,23210025227,N,ST,10,6
9730094P,23210025439,N,ST,12,6
9730094P,23210025440,N,ST,20,7
9730094P,23210025524,N,ST,19,27
9730094P,23210034405,N,ST,14,30
9730094P,23210025227,N,ST,4,5
9730094P,23210025223,N,ST,4,2
9730094P,23210025225,N,ST,8,13
9730094P,23210025439,N,ST,5,2
9730094P,23210025440,N,ST,5,9
9730094P,23210025524,N,ST,5,13
9730094P,23210034405,N,ST,8,8
9730094P,23810020008,N,ST,72,64
9730094P,23810020103,N,ST,12,7
9730094P,23810020104,N,ST,24,10
9730094P,23810025222,N,ST,40,54
9730094P,23810025412,N,ST,10,4
9730309Y,23820022106,N,ST,24,19
9730309Y,23820023003,N,ST,14,15
9730309Y,23820024204,N,ST,30,29
9730309Y,23820033006,N,ST,29,35
9730309Y,23820033007,N,ST,45,67
9730309Y,23820033403,N,ST,24,12
9730309Y,23210022142,N,ST,38,12
9730309Y,23210022146,N,ST,24,42
9730309Y,23210024240,N,ST,30,16
9730309Y,23210033002,N,ST,30,14
9730309Y,23210033205,N,ST,28,43
9730309Y,23210033413,N,ST,24,15
9730309Y,23210033002,N,ST,7,11
9730309Y,23210022142,N,ST,10,14
9730309Y,23210022146,N,ST,4,16
9730309Y,23210024240,N,ST,16,7
9730309Y,23210033205,N,ST,7,19
9730309Y,23210033413,N,ST,5,9
9730309Y,23810023003,N,ST,14,10
9730309Y,23810024204,N,ST,26,13
9730309Y,23810033006,N,ST,28,50
9730309Y,23810033007,N,ST,45,106
9730309Y,23810033404,N,ST,24,77
9730328U,23820030004,N,ST,56,0
9730328U,23820031212,N,ST,28,1
9730328U,23820031213,N,ST,28,1
9730328U,23820033007,N,ST,24,25
9730328U,23210031224,N,ST,30,0
9730328U,23210033205,N,ST,30,0
9730328U,23810030003,N,ST,56,2
9730328U,23810031211,N,ST,56,4
9730328U,23810033007,N,ST,24,2
9730142S,23210022141,N,AP,999,3
9730142S,23210022146,N,AP,999,1
9730142S,23210025225,N,AP,999,5
9730142S,23210025439,N,AP,999,0
9730142S,23210025524,N,AP,999,2
9730142S,23210033413,N,AP,999,4
9730298L,,O,ST,500,141
9730298L,99990099902,O,ST,1000,0
9730298L,99990099902,O,ST,0,8
9730298L,,O,ST,0,2
9730298L,,O,ST,0,1
9730298L,,O,ST,0,10
9730298L,,O,ST,0,0
9730298L,,O,ST,0,2
9730298L,,O,ST,0,4
9730298L,,O,ST,0,3
9730298L,,O,ST,0,3
9730298L,,O,ST,0,8
9730298L,,O,ST,0,2
9730298L,,O,ST,0,5
9730298L,,O,ST,0,7
9730298L,,O,ST,0,1
9730298L,,O,ST,0,8
9730298L,,O,ST,0,10
9730298L,,O,ST,0,7
9730298L,,O,ST,0,2
9730298L,,O,ST,0,1
9730298L,,O,ST,0,5
9730298L,,O,ST,0,4
9730298L,,O,ST,0,15
9730298L,,O,ST,0,12
9730298L,,O,ST,0,1
9730298L,,O,ST,0,2
9730298L,,O,ST,0,2
9730298L,,O,ST,0,5
9730298L,,O,ST,0,2
9730298L,,O,ST,0,1
9730298L,,O,ST,0,0
9730298L,,O,ST,0,2
9730108E,23820030004,N,ST,28,30
9730108E,23820031212,N,ST,28,19
9730108E,23820031213,N,ST,28,37
9730108E,23210031224,N,ST,34,12
9730108E,23210031224,N,ST,22,13
9730108E,23810030003,N,ST,28,26
9730108E,23810031211,N,ST,56,39
9730308X,23820022706,N,ST,15,13
9730308X,23820023405,N,ST,0,0
9730308X,23820025517,N,ST,30,24
9730308X,23820033006,N,ST,16,14
9730308X,23820033007,N,ST,16,19
9730308X,23820034403,N,ST,28,25
9730308X,23210022146,N,ST,12,16
9730308X,23210023006,N,ST,10,13
9730308X,23210023324,N,ST,15,15
9730308X,23210023445,N,ST,12,2
9730308X,23210023447,N,ST,15,7
9730308X,23210025524,N,ST,30,15
9730308X,23210033002,N,ST,14,2
9730308X,23210033205,N,ST,60,18
9730308X,23210033413,N,ST,12,5
9730308X,23210034405,N,ST,30,15
9730308X,23210033002,N,ST,6,1
9730308X,23210022146,N,ST,5,7
9730308X,23210023006,N,ST,5,7
9730308X,23210023324,N,ST,6,10
9730308X,23210023447,N,ST,5,5
9730308X,23210023445,N,ST,5,3
9730308X,23210025524,N,ST,7,11
9730308X,23210033205,N,ST,18,15
9730308X,23210033413,N,ST,5,4
9730308X,23210034405,N,ST,8,11
9730308X,23810020008,N,ST,45,37
9730308X,23810023409,N,ST,20,3
9730308X,23810033006,N,ST,18,11
9730308X,23810033007,N,ST,18,33
9730308X,23810034403,N,ST,28,31
9730364H,23821021004,N,ST,8,0
9730364H,23821021114,N,ST,6,0
9730364H,23821021405,N,ST,10,1
9730364H,23210021308,N,ST,16,3
9730364H,23211021010,N,ST,16,9
9730364H,23210021308,N,ST,0,0
9730364H,23211021010,N,ST,7,4
9730364H,23811021114,N,ST,24,4
9730364H,23811021112,N,ST,20,6
9730364H,23811021112,N,ST,44,6
9730364H,23811021404,N,ST,20,1
9730421V,23820022104,N,ST,12,9
9730421V,23820024005,N,ST,14,7
9730421V,23820024204,N,ST,12,15
9730421V,23820031209,N,ST,12,7
9730421V,23820031212,N,ST,30,28
9730421V,23820031213,N,ST,28,25
9730421V,23820031214,N,ST,14,12
9730421V,23210022143,N,ST,12,21
9730421V,23210024240,N,ST,12,6
9730421V,23210024241,N,ST,12,10
9730421V,23210031221,N,ST,12,12
9730421V,23210031224,N,ST,20,19
9730421V,23210033201,N,ST,15,2
9730421V,23210033201,N,ST,15,2
9730421V,23210022143,N,ST,5,7
9730421V,23210024240,N,ST,5,5
9730421V,23210024241,N,ST,4,2
9730421V,23210031224,N,ST,10,6
9730421V,23210031221,N,ST,5,5
9730421V,23210033201,N,ST,5,0
9730421V,23210033201,N,ST,5,1
9730421V,23810022107,N,ST,24,6
9730421V,23810024004,N,ST,12,3
9730421V,23810024204,N,ST,12,13
9730421V,23810031211,N,ST,60,45
9730367L,23211021130,N,ST,11,4
9730367L,23211021130,N,ST,5,0
9730367L,23811021112,N,ST,20,1
9730563Z,23820023408,N,ST,28,13
9730563Z,23820030004,N,ST,28,21
9730563Z,23820031114,N,ST,28,14
9730563Z,23820031214,N,ST,28,19
9730563Z,23820033006,N,ST,28,31
9730563Z,23820034403,N,ST,28,29
9730563Z,23210023006,N,ST,24,5
9730563Z,23210023324,N,ST,0,0
9730563Z,23210023327,N,ST,14,10
9730563Z,23210025224,N,ST,8,5
9730563Z,23210025225,N,ST,20,26
9730563Z,23210025524,N,ST,14,16
9730563Z,23210031224,N,ST,56,28
9730563Z,23210023006,N,ST,10,5
9730563Z,23210023324,N,ST,0,0
9730563Z,23210023327,N,ST,10,1
9730563Z,23210025224,N,ST,4,4
9730563Z,23210025225,N,ST,8,13
9730563Z,23210025524,N,ST,10,5
9730563Z,23210031224,N,ST,22,13
9730563Z,23810023409,N,ST,28,1
9730563Z,23810030003,N,ST,56,27
9730563Z,23810031211,N,ST,28,27
9730563Z,23810033006,N,ST,28,19
9730563Z,23810034403,N,ST,28,60
9730514W,23820023004,N,ST,15,11
9730514W,23820023005,N,ST,15,13
9730514W,23820023104,N,ST,14,9
9730514W,23820023203,N,ST,28,19
9730514W,23820023303,N,ST,12,9
9730514W,23820023304,N,ST,28,12
9730514W,23820023404,N,ST,14,13
9730514W,23820032303,N,ST,12,12
9730514W,23210023124,N,ST,10,8
9730514W,23210023224,N,ST,14,16
9730514W,23210023225,N,ST,14,3
9730514W,23210023324,N,ST,18,17
9730514W,23210023325,N,ST,28,10
9730514W,23210023326,N,ST,0,0
9730514W,23210023327,N,ST,26,16
9730514W,23210023329,N,ST,14,7
9730514W,23210023446,N,ST,14,8
9730514W,23210032227,N,ST,14,12
9730514W,23210023124,N,ST,5,2
9730514W,23210023224,N,ST,5,7
9730514W,23210023225,N,ST,5,1
9730514W,23210023324,N,ST,11,10
9730514W,23210023325,N,ST,11,5
9730514W,23210023327,N,ST,10,8
9730514W,23210023329,N,ST,5,1
9730514W,23210023326,N,ST,0,0
9730514W,23210023446,N,ST,5,6
9730514W,23210032227,N,ST,5,5
9730514W,23810020006,N,ST,56,23
9730514W,23810023007,N,ST,56,26
9730514W,23810023404,N,ST,14,5
9730514W,23810032303,N,ST,14,12
9730546F,23211021130,N,ST,16,1
9730546F,23211033003,N,ST,16,0
9730546F,23211021130,N,ST,7,0
9730546F,23211033003,N,ST,74,0
9730546F,23811021404,N,ST,0,0
9730430E,23211021130,N,ST,6,4
9730430E,23211033003,N,ST,13,6
9730430E,23211021130,N,ST,2,5
9730430E,23211033003,N,ST,15,2
9730430E,23811033001,N,ST,24,1
9730423X,23820022004,N,ST,14,8
9730423X,23820031106,N,ST,60,59
9730423X,23820034303,N,ST,14,14
9730423X,23820034304,N,ST,14,12
9730423X,23210022006,N,ST,14,1
9730423X,23210031122,N,ST,14,13
9730423X,23210034301,N,ST,14,10
9730423X,23210034308,N,ST,14,5
9730423X,23210022006,N,ST,5,0
9730423X,23210031122,N,ST,5,9
9730423X,23210034301,N,ST,5,5
9730423X,23210034308,N,ST,5,2
9730423X,23810020104,N,ST,14,6
9730423X,23810030003,N,ST,60,26
9730423X,23810034306,N,ST,14,7
9730423X,23810034307,N,ST,14,8
9730572J,23820025520,N,ST,24,9
9730572J,23820031213,N,ST,24,16
9730572J,23820031214,N,ST,0,0
9730572J,23210025524,N,ST,24,11
9730572J,23210031224,N,ST,28,10
9730572J,23210025524,N,ST,10,6
9730572J,23210031224,N,ST,11,7
9730572J,23810020008,N,ST,24,9
9730572J,23810031211,N,ST,28,20
9730464S,23211021010,N,ST,28,1
9730464S,23211033003,N,ST,28,0
9730464S,23211021010,N,ST,11,1
9730464S,23211033003,N,ST,11,1
9730464S,23811021112,N,ST,20,1
9730464S,23811022103,N,ST,28,4
9730464S,23811033001,N,ST,28,4
9730371R,23820030004,N,ST,56,56
9730371R,23820031114,N,ST,28,30
9730371R,23820031213,N,ST,28,27
9730371R,23820034304,N,ST,14,14
9730371R,23210022142,N,ST,14,4
9730371R,23210022146,N,ST,14,28
9730371R,23210033002,N,ST,14,12
9730371R,23210034308,N,ST,14,5
9730371R,23210033002,N,ST,5,3
9730371R,23210022142,N,ST,5,6
9730371R,23210022146,N,ST,5,8
9730371R,23210034308,N,ST,5,3
9730371R,23810030003,N,ST,84,58
9730371R,23810031211,N,ST,28,44
9730371R,23810034306,N,ST,14,5
9730513V,23820023004,N,ST,28,31
9730513V,23820025214,N,ST,20,21
9730513V,23820025215,N,ST,20,20
9730513V,23820025520,N,ST,28,31
9730513V,23820031212,N,ST,14,17
9730513V,23820031214,N,ST,14,17
9730513V,23210023006,N,ST,45,15
9730513V,23210023324,N,ST,24,23
9730513V,23210023327,N,ST,28,32
9730513V,23210025223,N,ST,10,7
9730513V,23210025225,N,ST,20,30
9730513V,23210025227,N,ST,10,14
9730513V,23210025524,N,ST,28,32
9730513V,23210031224,N,ST,56,29
9730513V,23210023006,N,ST,11,5
9730513V,23210023324,N,ST,10,8
9730513V,23210023327,N,ST,11,17
9730513V,23210025227,N,ST,4,3
9730513V,23210025223,N,ST,4,1
9730513V,23210025225,N,ST,8,22
9730513V,23210025524,N,ST,11,21
9730513V,23210031224,N,ST,22,2
9730513V,23810020008,N,ST,28,21
9730513V,23810023007,N,ST,28,9
9730513V,23810025222,N,ST,40,34
9730513V,23810031211,N,ST,28,22
9730235T,23820022106,N,ST,12,14
9730235T,23820023203,N,ST,14,20
9730235T,23820023205,N,ST,14,8
9730235T,23820023404,N,ST,14,16
9730235T,23820023405,N,ST,14,17
9730235T,23820033006,N,ST,28,39
9730235T,23820033007,N,ST,28,42
9730235T,23820033403,N,ST,12,17
9730235T,23210022141,N,ST,12,31
9730235T,23210022146,N,ST,12,39
9730235T,23210023224,N,ST,14,28
9730235T,23210023325,N,ST,14,20
9730235T,23210023446,N,ST,14,19
9730235T,23210023447,N,ST,14,11
9730235T,23210033205,N,ST,28,71
9730235T,23210033413,N,ST,24,20
9730235T,23210022141,N,ST,5,5
9730235T,23210022146,N,ST,5,21
9730235T,23210023224,N,ST,5,4
9730235T,23210023325,N,ST,5,4
9730235T,23210023446,N,ST,5,4
9730235T,23210023447,N,ST,5,11
9730235T,23210033205,N,ST,12,17
9730235T,23210033413,N,ST,10,6
9730235T,23810020006,N,ST,28,26
9730235T,23810023404,N,ST,14,12
9730235T,23810023409,N,ST,14,18
9730235T,23810033006,N,ST,28,39
9730235T,23810033007,N,ST,28,82
9730235T,23810033404,N,ST,24,85
9730584X,23211021130,N,ST,25,0
9730584X,23211021130,N,ST,25,0
9730584X,23811021302,N,AP,25,0
9730599N,23210022142,N,ST,15,7
9730599N,23210023006,N,ST,15,16
9730599N,23210023327,N,ST,15,4
9730599N,23210031224,N,ST,15,6
9730599N,23210033205,N,ST,15,9
9730600P,23210033615,N,ST,15,10
9730599N,23210022142,N,ST,6,2
9730599N,23210023006,N,ST,6,4
9730599N,23210023327,N,ST,6,2
9730599N,23210031224,N,ST,6,2
9730599N,23210033205,N,ST,6,4
9730600P,23210033615,N,ST,3,0
9730600P,23810025307,N,ST,15,13
9730599N,23810030003,N,ST,30,15
9730600P,23810033605,N,ST,15,15
9730597L,23210022006,N,ST,15,1
9730597L,23210034405,N,ST,15,14
9730597L,23210022006,N,ST,6,1
9730597L,23210034405,N,ST,6,5
9730597L,23810034307,N,ST,15,0
9730597L,23810034403,N,ST,15,8
Total établissements sélectionnés - département GUYANE,,,,19177,8622
7209999F,,O,ST,9999,8
7209999F,,O,ST,999,5
7209999F,,O,ST,9999,8
7209999F,44110099901,O,ST,999,0
7209999F,,O,ST,9999,12
7200093N,23820030004,N,ST,36,42
7200093N,23820031106,N,ST,15,6
7200093N,23820031212,N,ST,12,0
7200093N,23820031213,N,ST,24,41
7200093N,23820031214,N,ST,24,22
7200093N,23210031224,N,ST,15,20
7200093N,23210034405,N,ST,15,10
7200093N,23810030003,N,ST,51,25
7200093N,23810031211,N,ST,60,49
7200093N,23810034403,N,ST,16,18
7200011Z,23820022106,N,ST,24,24
7200011Z,23820024204,N,ST,12,1
7200011Z,23820025012,N,ST,12,1
7200011Z,23820025214,N,ST,20,23
7200011Z,23820025406,N,ST,12,1
7200011Z,23820025519,N,ST,24,17
7200011Z,23820025520,N,ST,24,29
7200011Z,23820033007,N,ST,48,2
7200011Z,23820033403,N,ST,24,10
7200011Z,23210022142,N,ST,12,12
7200011Z,23210022146,N,ST,12,15
7200011Z,23210023006,N,ST,12,20
7200011Z,23210023329,N,ST,12,5
7200011Z,23210024240,N,ST,12,7
7200011Z,23210025439,N,ST,12,5
7200011Z,23210033002,N,ST,12,7
7200011Z,23210033413,N,ST,12,6
7200011Z,23810020006,N,ST,12,10
7200011Z,23810020008,N,ST,48,64
7200011Z,23810020104,N,ST,12,10
7200011Z,23810024204,N,ST,12,25
7200011Z,23810025222,N,ST,20,25
7200011Z,23810033007,N,ST,48,55
7200011Z,23810033404,N,ST,48,36
7200118R,23210021308,N,ST,12,20
7200118R,23810020007,N,ST,48,60
7200599N,23821021004,N,ST,17,1
7200599N,23821021405,N,ST,16,3
7200599N,23821033003,N,ST,12,1
7200599N,23211021130,N,AP,999,4
7200599N,23211021237,N,AP,999,1
7200599N,23211021405,N,AP,999,9
7200599N,23811021112,N,ST,14,14
7200599N,23811021404,N,ST,19,15
7200599N,23811033001,N,ST,14,8
7200675W,23210022137,N,AP,999,2
7200675W,23210022141,N,AP,999,3
7200675W,23210022143,N,AP,999,3
7200675W,23210022145,N,AP,999,1
7200675W,23210022146,N,AP,999,4
7200675W,23210022714,N,AP,999,0
7200675W,23210022715,N,AP,999,1
7200675W,23210023224,N,AP,999,2
7200675W,23210023324,N,AP,999,5
7200675W,23210023327,N,AP,999,1
7200675W,23210023329,N,AP,999,0
7200675W,23210023445,N,AP,999,0
7200675W,23210023447,N,AP,999,4
7200675W,23210023449,N,AP,999,1
7200675W,23210025225,N,AP,999,6
7200675W,23210025227,N,AP,999,3
7200675W,23210025440,N,AP,999,8
7200675W,23210025441,N,AP,999,0
7200675W,23210025524,N,AP,999,10
7200675W,23210031224,N,AP,999,5
7200675W,23210033205,N,AP,999,1
7200675W,23210033413,N,AP,999,1
7200675W,23210033615,N,AP,999,3
7200675W,23210033616,N,AP,999,4
7200675W,23810022106,N,AP,999,2
7200675W,23810030004,N,AP,999,0
7200675W,23810033403,N,AP,999,0
7200123W,23820022106,N,ST,12,11
7200123W,23820025223,N,ST,12,0
7200123W,23820033403,N,ST,12,9
7200123W,23210025224,N,AP,999,3
7200123W,23210031224,N,ST,12,14
7200123W,23810025223,N,ST,12,8
7200123W,23810033404,N,ST,24,13
7200719U,23210031224,N,ST,15,10
Total établissements sélectionnés - département HAUTE-CORSE,,,,66253,2378
0313228R,23210033002,N,ST,15,19
0313228R,23810033007,N,ST,30,43
0311334G,23820023406,N,ST,15,10
0311334G,23820023406,O,AP,999,0
0311334G,23820023407,N,ST,15,10
0311334G,23820023407,O,AP,999,0
0311334G,23210023446,N,AP,999,0
0311334G,23210023446,N,ST,15,7
0311334G,23810023404,N,ST,30,12
0311716X,23820025303,N,AP,999,2
0311716X,23820025304,N,AP,999,0
0311716X,23210025437,N,AP,999,2
0311716X,23210025438,N,AP,999,0
0311716X,23210025524,N,AP,999,4
0311716X,23810025012,N,AP,999,0
0311716X,23810025014,N,AP,999,1
0311716X,23810025303,N,AP,999,1
0311716X,23810025411,N,AP,999,0
0311716X,23810025517,N,AP,999,0
0311716X,23810025519,N,AP,999,2
0311716X,23810025520,N,AP,999,3
0312945H,23110023121,N,AP,999,1
0312945H,23210023123,N,AP,999,20
0312945H,23210025222,N,AP,999,6
0312686B,23820025012,N,ST,24,32
0312686B,23820025014,N,ST,24,14
0312686B,23820025302,N,AP,999,0
0312686B,23820025302,N,ST,24,25
0312686B,23820025303,N,AP,999,3
0312686B,23820025303,N,ST,24,55
0312686B,23820025304,N,AP,999,2
0312686B,23820025304,N,ST,24,32
0312686B,23810020103,N,ST,24,31
0312686B,23810020104,N,ST,24,13
0312686B,23810025307,N,ST,72,230
0311717Y,23110022138,N,AP,999,0
0311717Y,23110022146,N,AP,999,2
0311717Y,23110031223,N,AP,999,2
0311717Y,23210022140,N,AP,999,1
0311717Y,23210022141,N,AP,999,6
0311717Y,23210022142,N,AP,999,6
0311717Y,23210022146,N,AP,999,27
0311717Y,23210031222,N,AP,999,1
0311717Y,23210031223,N,AP,999,5
0311717Y,23210031224,N,AP,999,33
0311717Y,23210033413,N,AP,999,10
0311717Y,23810022106,N,AP,999,2
0311717Y,23810030004,N,AP,999,6
0311717Y,23810031213,N,AP,999,21
0311717Y,23810031214,N,AP,999,13
0311717Y,23810033403,N,AP,999,4
0311262D,23811021405,N,AP,999,10
0312331R,23821021405,O,AP,999,2
0312331R,23211021405,N,AP,999,7
0312995M,23210022421,N,AP,999,0
0312995M,23210022421,N,ST,12,15
0312995M,23210022422,N,AP,999,1
0312995M,23210022422,N,ST,12,8
0311092U,23820025012,N,AP,999,0
0311092U,23820025012,N,ST,24,9
0311092U,23820025411,N,ST,48,45
0311092U,23820025519,N,ST,24,41
0311092U,23820025520,N,ST,48,23
0311092U,23210025437,N,ST,15,29
0311092U,23210025524,N,ST,24,35
0311092U,23810020008,N,ST,72,83
0311092U,23810020103,N,ST,48,28
0311092U,23810020104,N,ST,24,7
0312191N,23820025520,N,ST,18,0
0312191N,23820030004,N,ST,18,4
0312191N,23820031213,N,ST,18,2
0312191N,23810020008,N,ST,18,7
0312191N,23810030003,N,ST,18,8
0312191N,23810031211,N,ST,18,29
0312239R,23820025411,N,AP,999,0
0312239R,23210022715,N,AP,999,11
0312239R,23210025437,N,AP,999,9
0312239R,23210025439,N,AP,999,5
0312239R,23210025440,N,AP,999,8
0312239R,23810025014,N,AP,999,2
0312239R,23810025411,O,AP,999,0
0311879Z,23821021214,N,ST,10,6
0311879Z,23821033003,N,ST,10,0
0311879Z,23211021130,N,AP,999,8
0311879Z,23211033003,N,AP,999,6
0311879Z,23811021214,N,ST,40,41
0311879Z,23811033001,N,ST,20,13
0310017A,23820022707,N,ST,15,14
0310017A,23820023210,N,ST,24,20
0310017A,23820025012,N,ST,15,13
0310017A,23820025214,N,ST,20,20
0310017A,23820025520,N,AP,999,0
0310017A,23820025520,N,ST,24,13
0310017A,23210022715,N,ST,15,7
0310017A,23210025440,N,AP,999,0
0310017A,23210025440,N,ST,10,17
0310017A,23810020006,N,ST,24,21
0310017A,23810020008,N,ST,39,15
0310017A,23810020104,N,ST,15,5
0310017A,23810025222,N,ST,20,28
0311348X,23210022137,N,AP,999,7
0311348X,23210022141,N,AP,999,7
0311348X,23210022143,O,AP,999,10
0311348X,23210022146,O,AP,999,7
0311348X,23210023006,O,AP,999,1
0311348X,23210023224,N,AP,999,3
0311348X,23210023324,N,AP,999,3
0311348X,23210023327,N,AP,999,2
0311348X,23210023446,N,AP,999,5
0311348X,23210025225,N,AP,999,14
0311348X,23210025439,N,AP,999,4
0311348X,23210025524,N,AP,999,3
0311348X,23210031224,N,AP,999,4
0311348X,23210033413,O,AP,999,6
0311348X,23210033615,N,AP,999,7
0311348X,23210033616,N,AP,999,8
0311348X,23211021236,O,AP,999,0
0311348X,23810031213,O,AP,999,0
0311348X,23810031213,N,AP,999,0
0311348X,23810031214,N,AP,999,1
0313083H,23820025519,N,ST,30,30
0313083H,23810020008,N,ST,48,53
0311270M,23821021114,N,ST,10,0
0311270M,23821021405,N,ST,6,2
0311270M,23211021130,N,ST,16,9
0311270M,23211021405,N,ST,18,13
0311270M,23811021114,N,ST,16,2
0311270M,23811021405,N,ST,20,11
0311270M,23811021407,N,ST,1,3
0313021R,23820031213,N,AP,999,0
0313021R,23210023006,N,AP,999,5
0313021R,23210031122,N,AP,999,1
0313021R,23210031224,N,AP,999,2
0312063Z,23210022142,N,ST,8,2
0312063Z,23210025439,N,ST,6,1
0312063Z,23210031224,N,ST,8,4
0312063Z,23211021130,N,ST,8,3
0312058U,23821033003,N,ST,10,2
0312058U,23811033001,N,ST,25,15
0311842J,23821033003,N,ST,15,1
0311842J,23210033205,O,AP,999,0
0311842J,23211033003,N,ST,23,18
0311842J,23811033001,N,ST,60,26
0311240E,23210022142,N,ST,16,38
0311240E,23211021130,N,ST,8,13
0311240E,23211021405,N,AP,999,1
0311240E,23211021405,N,ST,8,17
0310024H,23820030004,N,ST,32,40
0310024H,23820031213,N,ST,32,44
0310024H,23820031214,N,ST,32,49
0310024H,23210031224,N,ST,24,32
0310024H,23810030003,N,ST,32,50
0310024H,23810031211,N,ST,64,133
0312822Z,23820022706,N,AP,999,0
0312822Z,23820022706,N,ST,30,25
0312822Z,23820025012,N,ST,15,9
0312822Z,23820025517,N,AP,999,0
0312822Z,23820025517,N,ST,15,13
0312822Z,23820025520,N,ST,45,45
0312822Z,23210022714,N,ST,15,10
0312822Z,23210025524,N,AP,999,4
0312822Z,23210025524,N,ST,15,22
0312822Z,23810020008,N,ST,90,117
0312822Z,23810020104,N,ST,15,14
0311729L,23110022137,N,AP,999,0
0311729L,23110022141,N,AP,999,0
0311729L,23110022143,N,AP,999,0
0311729L,23110022144,N,AP,999,0
0311729L,23110022145,N,AP,999,0
0311729L,23110025219,N,AP,999,0
0311729L,23110025220,N,AP,999,0
0311729L,23110025440,N,AP,999,1
0311729L,23110025441,N,AP,999,0
0311729L,23110031224,N,AP,999,2
0311729L,23820025214,N,AP,999,5
0311729L,23820025215,N,AP,999,0
0311729L,23820025216,N,AP,999,0
0311729L,23210022137,N,AP,999,15
0311729L,23210022141,N,AP,999,27
0311729L,23210022143,N,AP,999,17
0311729L,23210025225,N,AP,999,35
0311729L,23210025226,N,AP,999,4
0311729L,23210025227,N,AP,999,13
0311729L,23210025440,N,AP,999,11
0311729L,23210031224,N,AP,999,17
0311729L,23810025224,N,AP,999,7
0311729L,23810025225,N,AP,999,2
0311729L,23810025226,N,AP,999,1
0311729L,23810025412,N,AP,999,5
0311729L,23810031213,N,AP,999,8
0312354R,23821021405,N,ST,27,2
0312354R,23820025219,N,ST,19,2
0312354R,23820025220,N,ST,8,0
0312354R,23811021405,N,ST,27,36
0312354R,23810025222,N,ST,32,30
0312744P,23820031212,N,ST,24,23
0312744P,23810031211,N,ST,24,27
0312504D,23210022715,N,AP,999,3
0312504D,23210023224,N,AP,999,8
0312504D,23210023324,N,AP,999,6
0312504D,23210023446,N,AP,999,11
0312504D,23210023447,N,AP,999,5
0312504D,23210025439,N,AP,999,4
0312984A,23110033205,N,AP,999,0
0312984A,23820025520,N,AP,999,0
0312984A,23210033205,O,AP,999,0
0310088C,23820023405,N,ST,12,16
0310088C,23820023407,N,AP,999,1
0310088C,23820023407,N,ST,12,2
0310088C,23820023408,N,ST,15,17
0310088C,23820024202,N,ST,15,9
0310088C,23210023430,N,ST,15,9
0310088C,23210023445,N,ST,24,20
0310088C,23810023409,N,ST,39,39
0310088C,23810024202,N,ST,15,9
0311843K,23821033003,N,ST,10,1
0311843K,23821033003,N,AP,999,0
0311843K,23211033003,N,ST,20,13
0311843K,23811033001,N,ST,30,17
0310033T,23820031212,N,AP,999,0
0310033T,23820031212,N,ST,18,16
0310033T,23820031213,N,AP,999,1
0310033T,23820031213,N,ST,24,19
0310033T,23820031214,N,AP,999,2
0310033T,23820031214,N,ST,24,15
0310033T,23820033007,N,AP,999,0
0310033T,23820033007,N,ST,30,28
0310033T,23210022142,N,AP,999,2
0310033T,23210022142,N,ST,12,12
0310033T,23210031224,N,AP,999,1
0310033T,23210031224,N,ST,15,26
0310033T,23210033002,N,AP,999,0
0310033T,23210033002,N,ST,12,7
0310033T,23810031211,N,ST,72,49
0310033T,23810033007,N,ST,30,28
0311268K,25211021304,N,AP,999,0
0311268K,23821021214,N,ST,24,0
0311268K,23821022108,N,ST,8,1
0311268K,23821033003,N,ST,32,5
0311268K,23211021314,N,AP,999,1
0311268K,23211033003,N,ST,19,22
0311268K,23811021213,N,ST,24,27
0311268K,23811022108,N,ST,8,1
0311268K,23811033001,N,ST,32,21
0311131L,23820022106,N,AP,999,0
0311131L,23820022106,N,ST,24,1
0311131L,23820033403,N,AP,999,0
0311131L,23820033403,N,ST,24,0
0311131L,23210022146,N,AP,999,0
0311131L,23210022146,N,ST,12,5
0311131L,23810033404,N,ST,24,12
0312330P,23110033205,N,AP,999,0
0312330P,23211021130,N,AP,999,12
0312330P,23211021405,N,AP,999,5
0312251D,23110033615,N,AP,999,0
0312251D,23110033616,N,AP,999,1
0312745R,23820033606,N,AP,999,2
0312251D,23210033615,N,AP,999,15
0312251D,23210033616,N,AP,999,8
0311994Z,23211021130,N,AP,999,1
0311324W,23820023003,N,ST,24,25
0311324W,23820031212,N,ST,24,18
0311324W,23820031212,O,AP,999,0
0311324W,23820031213,N,AP,999,4
0311324W,23820031213,N,ST,24,50
0311324W,23820031214,N,ST,24,29
0311324W,23820032304,N,ST,24,30
0311324W,23210031224,N,ST,24,59
0311324W,23810023003,N,ST,24,40
0311324W,23810031211,N,ST,72,153
0311324W,23810032304,N,ST,12,36
0310051M,23820022403,N,ST,12,11
0310051M,23820025012,N,ST,24,17
0310051M,23820025520,N,ST,24,24
0310051M,23820030004,N,ST,24,24
0310051M,23820034403,N,ST,24,44
0310051M,23810020008,N,ST,24,25
0310051M,23810020104,N,ST,24,6
0310051M,23810022404,N,ST,12,8
0310051M,23810030003,N,ST,24,20
0310051M,23810034403,N,ST,24,78
0310054R,23820020009,N,ST,24,32
0310054R,23820022104,N,AP,999,0
0310054R,23820022104,N,ST,12,11
0310054R,23820022105,N,AP,999,2
0310054R,23820022105,N,ST,24,25
0310054R,23820022106,N,AP,999,1
0310054R,23820022106,N,ST,24,27
0310054R,23820025014,N,AP,999,0
0310054R,23820025014,N,ST,15,8
0310054R,23820025519,N,ST,30,31
0310054R,23820033403,N,AP,999,0
0310054R,23820033403,N,ST,24,13
0310054R,23210022137,N,AP,999,7
0310054R,23210022141,N,AP,999,16
0310054R,23210022142,N,ST,24,22
0310054R,23210022143,N,AP,999,7
0310054R,23210022146,N,ST,24,32
0310054R,23210031221,N,AP,999,1
0310054R,23210033413,N,ST,12,28
0310054R,23810020008,N,ST,30,45
0310054R,23810020009,N,ST,39,23
0310054R,23810020103,N,ST,15,6
0310054R,23810022107,N,ST,36,64
0310054R,23810033404,N,ST,48,56
0310091F,23820025014,N,ST,24,23
0310091F,23820025519,N,ST,30,59
0310091F,23820025520,N,ST,48,36
0310091F,23820031212,N,AP,999,0
0310091F,23820032207,N,AP,999,0
0310091F,23820032207,N,ST,12,20
0310091F,23820032208,N,AP,999,0
0310091F,23820032208,N,ST,12,6
0310091F,23820032303,N,ST,30,33
0310091F,23210032225,N,AP,999,1
0310091F,23210032225,N,ST,15,24
0310091F,23210032227,N,AP,999,3
0310091F,23810020008,N,ST,78,126
0310091F,23810020103,N,ST,24,20
0310091F,23810032207,O,AP,999,0
0310091F,23810032208,O,AP,999,1
0310091F,23810032210,N,ST,24,24
0310091F,23810032303,N,ST,30,103
0310056T,23820024204,N,ST,24,36
0310056T,23820031213,N,ST,45,38
0310056T,23820031214,N,ST,45,58
0310056T,23210024008,N,ST,15,6
0310056T,23210031223,N,ST,15,25
0310056T,23210031224,N,AP,999,10
0310056T,23210031224,N,ST,15,59
0310056T,23810024204,N,ST,24,56
0310056T,23810031211,N,ST,60,122
0310057U,23820033006,N,ST,15,23
0310057U,23820033007,N,ST,90,102
0310057U,23820033602,N,AP,999,0
0310057U,23820033604,N,ST,45,33
0310057U,23820033606,N,ST,30,52
0310057U,23820033606,N,ST,30,3
0310057U,23210033205,N,AP,999,24
0310057U,23210033616,N,AP,999,11
0310057U,23210033616,N,ST,24,67
0310057U,23810033006,N,ST,15,71
0310057U,23810033007,N,ST,75,155
0310057U,23810033605,N,ST,90,148
0310052N,23820022106,N,AP,0,0
0310052N,23820022503,N,ST,15,4
0310052N,23820025012,N,AP,999,0
0310052N,23820025012,N,ST,24,15
0310052N,23820025013,N,ST,15,4
0310052N,23820025216,N,ST,30,31
0310052N,23820030004,N,ST,48,41
0310052N,23210022510,N,ST,12,12
0310052N,23810020103,N,ST,15,14
0310052N,23810020104,N,ST,24,6
0310052N,23810022503,N,ST,15,2
0310052N,23810025222,N,ST,30,33
0310052N,23810030003,N,ST,48,26
0310053P,23820022706,N,AP,999,1
0310053P,23820022707,N,AP,999,0
0310053P,23820022707,N,ST,30,21
0310053P,23820023004,N,AP,999,0
0310053P,23820023004,N,ST,24,10
0310053P,23820023005,N,AP,999,0
0310053P,23820023005,N,ST,15,27
0310053P,23820023203,N,AP,999,0
0310053P,23820023203,N,ST,15,11
0310053P,23820023303,N,ST,12,4
0310053P,23820023304,N,AP,999,0
0310053P,23820023304,N,ST,12,15
0310053P,23820023404,N,AP,999,0
0310053P,23820023404,N,ST,12,10
0310053P,23820023405,N,AP,999,0
0310053P,23820025520,N,AP,999,2
0310053P,23210022714,N,AP,999,0
0310053P,23210022715,N,AP,999,2
0310053P,23210023224,N,ST,15,23
0310053P,23210023324,N,ST,15,43
0310053P,23210023327,N,AP,999,3
0310053P,23210023329,N,ST,12,8
0310053P,23210023446,N,ST,12,15
0310053P,23210025524,N,ST,24,43
0310053P,23810020006,N,ST,39,36
0310053P,23810020008,N,ST,30,34
0310053P,23810023007,N,ST,39,48
0310053P,23810023404,N,ST,12,9
0310038Y,23820030004,N,ST,30,38
0310038Y,23820031212,N,AP,999,0
0310038Y,23820031213,N,ST,77,93
0310038Y,23210031224,N,ST,15,41
0310038Y,23810030003,N,ST,32,40
0310038Y,23810031211,N,ST,82,110
0310040A,23820030004,N,ST,48,51
0310040A,23820031212,N,ST,24,24
0310040A,23820031213,N,ST,27,54
0310040A,23820031214,N,ST,27,32
0310040A,23820033007,N,ST,24,33
0310040A,23810030003,N,ST,30,51
0310040A,23810031211,N,ST,70,159
0310040A,23810033007,N,ST,24,90
0310044E,23820020102,N,ST,12,2
0310044E,23820025012,N,ST,24,28
0310044E,23820025519,N,ST,24,68
0310044E,23820025520,N,ST,36,39
0310044E,23810020008,N,ST,63,165
0310044E,23810020104,N,ST,36,25
0310046G,23820022106,N,AP,999,6
0310046G,23820022106,N,ST,24,33
0310046G,23820033403,N,AP,999,0
0310046G,23820033403,N,ST,24,26
0310046G,23210022146,N,AP,999,5
0310046G,23210022146,N,ST,12,22
0310046G,23210033413,N,AP,999,4
0310046G,23210033413,N,ST,12,17
0310046G,23810033404,N,ST,48,106
0312759F,23820025214,N,AP,999,6
0312759F,23820025214,N,ST,50,64
0312759F,23820025215,N,AP,999,3
0312759F,23820025215,N,ST,20,6
0312759F,23820025412,N,AP,999,3
0312759F,23820025412,N,ST,20,20
0312759F,23820030004,N,ST,30,34
0312759F,23820031106,N,AP,999,1
0312759F,23820031106,N,ST,36,28
0312759F,23820031107,N,ST,24,30
0312759F,23820031114,N,AP,999,1
0312759F,23820031114,N,ST,24,27
0312759F,23210024318,N,AP,999,0
0312759F,23210024318,N,ST,15,12
0312759F,23210025225,N,AP,999,7
0312759F,23210025225,N,ST,20,83
0312759F,23210025226,N,AP,999,2
0312759F,23210025226,N,ST,10,21
0312759F,23210025440,N,AP,999,3
0312759F,23210025440,N,ST,10,38
0312759F,23210031127,N,ST,12,34
0312759F,23810025222,N,ST,70,90
0312759F,23810025412,N,ST,20,25
0312759F,23810030003,N,ST,90,73
0312759F,23810031117,N,ST,24,51
0311134P,23820033007,N,ST,4,28
0311134P,23810033007,N,ST,26,20
0311190A,23820033604,N,ST,10,0
0311190A,23820033606,N,ST,15,2
0311190A,23210033615,N,ST,24,15
0311190A,23210033616,N,ST,24,6
0311190A,23810033605,N,ST,24,13
0311971Z,23820025519,N,ST,36,23
0311971Z,23810020008,N,ST,36,26
0311970Y,23820030004,N,ST,35,3
0311970Y,23820033006,N,ST,35,1
0311970Y,23820033007,N,ST,35,2
0311970Y,23210033002,N,ST,15,3
0311970Y,23810030003,N,ST,30,25
0311970Y,23810033006,N,ST,30,27
0311970Y,23810033007,N,ST,90,41
0311219G,23820030004,N,AP,999,0
0311219G,23820031212,N,AP,999,0
0311219G,23820031213,N,AP,999,1
0311219G,23820031214,N,AP,999,1
0311219G,23210031224,N,ST,24,16
0311219G,23810030003,N,ST,18,7
0311219G,23810030004,O,AP,0,0
0311219G,23810031211,N,ST,88,40
0311219G,23810031212,O,AP,0,0
0311219G,23810031213,O,AP,0,0
0311219G,23810031214,O,AP,0,0
0312065B,23820022707,N,AP,999,0
0312065B,23820022707,N,ST,20,1
0312065B,23820025012,N,ST,20,0
0312065B,23820025520,N,AP,999,1
0312065B,23820025520,N,ST,20,4
0312065B,23210025524,N,AP,999,4
0312065B,23210025524,N,ST,18,4
0312065B,23810020008,N,ST,40,16
0312065B,23810020104,N,ST,20,11
0311200L,23820025014,O,ST,24,2
0311200L,23820025302,O,ST,24,4
0311200L,23820025303,O,ST,24,4
0311200L,23820025304,O,ST,24,1
0311200L,23820025411,O,ST,24,2
0311200L,23810020103,O,ST,24,36
0311200L,23810025307,O,ST,96,89
0312064A,23820024204,N,ST,7,17
0312064A,23820031212,N,AP,999,0
0312064A,23820031212,N,ST,10,2
0312064A,23820031213,N,AP,999,0
0312064A,23820031213,N,ST,5,5
0312064A,23210022142,N,ST,12,3
0312064A,23210024240,N,ST,16,14
0312064A,23210031224,N,AP,999,0
0312064A,23210031224,N,ST,18,7
0312064A,23210033002,N,AP,999,0
0312064A,23210033002,N,ST,15,4
0312064A,23210033205,N,AP,999,2
0312064A,23810024204,N,ST,15,5
0312064A,23810031211,N,ST,39,10
0312062Y,23810030003,N,ST,18,8
0312062Y,23810031211,N,ST,48,18
0312240S,23820031106,N,AP,999,1
0312240S,23210031119,N,AP,999,1
0312240S,23210031122,N,AP,999,6
0312240S,23210031126,N,AP,999,3
0312505E,23820022106,N,AP,0,0
0312912X,23820025012,N,AP,999,0
0312912X,23820025220,N,AP,999,0
0312912X,23820025221,N,AP,999,0
0312912X,23210023224,O,AP,999,1
0312912X,23210023449,O,AP,999,1
0312912X,23810022706,O,AP,999,0
0312912X,23810022707,O,AP,999,2
0312912X,23810025012,O,AP,999,1
0312912X,23810025014,O,AP,999,0
0312912X,23810030004,O,AP,999,0
0312738H,23210033205,O,AP,999,0
0312738H,23811021001,O,AP,1,0
0312738H,23811022108,O,AP,1,0
0311341P,23820023210,N,AP,999,1
0311341P,23820025520,N,AP,999,1
0311341P,23210022715,N,AP,999,2
0311341P,23210023006,N,AP,999,4
0311341P,23210023122,N,AP,999,3
0311341P,23210023124,N,AP,999,2
0311341P,23210023224,N,AP,999,4
0311341P,23210023324,N,AP,999,7
0311341P,23210023325,N,AP,999,5
0311341P,23210023326,N,AP,999,3
0311341P,23210023327,N,AP,999,7
0311341P,23210023329,N,AP,999,2
0311341P,23210023447,N,AP,999,0
0311341P,23210023449,N,AP,999,0
0311341P,23210025439,N,AP,999,2
0311341P,23210025524,N,AP,999,12
0311341P,23210023411,O,AP,999,0
0311341P,23810022707,N,AP,999,3
0311341P,23810023210,N,AP,999,7
0311375B,23110033615,N,AP,999,2
0311375B,23210033615,N,AP,999,19
0311375B,23210033616,N,AP,999,40
0312999S,23110033205,N,AP,999,0
0313041M,23110031117,N,AP,999,0
0312895D,23110033205,N,AP,999,0
0312895D,23210033205,O,AP,999,0
0312238P,23210023223,N,AP,999,5
0312238P,23210023326,N,AP,999,5
0312238P,23210023445,N,AP,999,7
0312238P,23210023446,N,AP,999,16
0312746S,23820030004,N,ST,24,30
0312746S,23820031212,N,ST,32,17
0312746S,23820031213,N,ST,32,46
0312746S,23820031214,N,ST,32,39
0312746S,23820034403,N,AP,999,0
0312746S,23820034403,N,ST,24,33
0312746S,23210031224,N,ST,30,39
0312746S,23810030003,N,ST,24,69
0312746S,23810031211,N,ST,96,165
0312746S,23810034403,N,ST,24,40
0312915A,23820031212,N,ST,24,27
0312915A,23810031211,N,ST,24,29
Total établissements sélectionnés - département HAUTE-GARONNE,,,,274458,27092
0430844J,23210022137,N,AP,999,16
0430844J,23210022141,N,AP,999,20
0430844J,23210022142,N,AP,999,6
0430844J,23210022143,N,AP,999,11
0430844J,23210022144,N,AP,999,2
0430844J,23210022145,N,AP,999,0
0430844J,23210022146,N,AP,999,20
0430844J,23210023445,N,AP,999,1
0430844J,23210025221,N,AP,999,0
0430844J,23210025223,N,AP,999,4
0430844J,23210025440,N,AP,999,12
0430844J,23210025441,N,AP,999,0
0430844J,23210031224,N,AP,999,14
0430844J,23210033413,N,AP,999,6
0430844J,23210033615,N,AP,999,9
0430844J,23210033616,N,AP,999,21
0430844J,23810025412,N,AP,999,3
0430844J,23810031213,N,AP,999,3
0430855W,23210022715,N,AP,999,0
0430855W,23210023224,N,AP,999,13
0430855W,23210023324,N,AP,999,12
0430855W,23210023326,N,AP,999,12
0430855W,23210023327,N,AP,999,7
0430855W,23210023446,N,AP,999,7
0430855W,23210023447,N,AP,999,2
0430855W,23210025524,N,AP,999,9
0430109K,23210023224,N,AP,999,0
0430109K,23210023224,N,ST,8,3
0430109K,23210023327,N,AP,999,0
0430109K,23210023327,N,ST,8,5
0430109K,23210033002,N,AP,999,1
0430109K,23210033002,N,ST,12,7
0430053Z,23820022106,N,ST,12,10
0430053Z,23820033403,N,ST,12,4
0430053Z,23810033404,N,ST,24,13
0430101B,23820025012,N,ST,12,8
0430101B,23820025517,N,ST,12,10
0430101B,23820025519,N,ST,28,22
0430101B,23210023006,N,AP,999,1
0430101B,23210023006,N,ST,12,12
0430101B,23210034405,N,ST,0,0
0430101B,23810020008,N,ST,40,27
0430101B,23810020104,N,ST,12,13
0430101B,23810034403,N,ST,15,22
0430023S,23820022707,N,ST,15,10
0430023S,23820023404,N,ST,15,8
0430023S,23210023447,N,AP,999,1
0430023S,23210023447,N,ST,12,12
0430023S,23210025439,N,AP,999,5
0430023S,23210025439,N,ST,12,6
0430023S,23810020008,N,ST,15,5
0430023S,23810022707,N,AP,999,0
0430023S,23810023404,N,AP,999,0
0430023S,23810023404,N,ST,15,6
0431012S,23211021130,N,AP,999,17
0431012S,23811021001,N,AP,999,8
0430112N,23821021001,N,ST,32,1
0430112N,23821021004,N,ST,32,0
0430112N,23811021112,N,ST,32,38
0430112N,23811021112,N,ST,32,20
0430021P,23810030004,N,AP,999,0
0430024T,23820022106,N,ST,12,11
0430024T,23820030004,N,ST,24,16
0430024T,23820031213,N,ST,15,21
0430024T,23820031214,N,ST,15,17
0430024T,23820033007,N,ST,30,29
0430024T,23820033403,N,ST,12,11
0430024T,23210022142,N,AP,999,0
0430024T,23210022142,N,ST,12,19
0430024T,23210022146,N,AP,999,0
0430024T,23210031224,N,ST,24,33
0430024T,23210033205,N,AP,999,0
0430024T,23210033413,N,AP,999,0
0430024T,23810022106,N,AP,999,0
0430024T,23810030003,N,ST,24,17
0430024T,23810031211,N,ST,30,36
0430024T,23810031212,N,AP,999,0
0430024T,23810031213,N,AP,999,0
0430024T,23810031214,N,AP,999,0
0430024T,23810033007,N,ST,30,37
0430024T,23810033403,N,AP,999,0
0430024T,23810033404,N,ST,24,22
0430020N,23820025014,N,ST,15,9
0430020N,23820025214,N,ST,20,24
0430020N,23820025520,N,ST,15,14
0430020N,23810020008,N,ST,15,15
0430020N,23810020009,N,ST,10,13
0430020N,23810020103,N,ST,15,14
0430020N,23810025222,N,ST,20,30
0430020N,23810031212,N,AP,999,0
0430098Y,23820030004,N,ST,18,7
0430098Y,23820031213,N,ST,12,9
0430098Y,23820031214,N,ST,12,0
0430098Y,23820033007,N,ST,30,0
0430098Y,23210031224,N,ST,24,15
0430098Y,23210033002,N,ST,15,11
0430098Y,23810030003,N,ST,18,15
0430098Y,23810031211,N,ST,24,43
0430098Y,23810033007,N,ST,30,33
0431049G,23210024130,N,AP,999,0
0430103D,23820025411,N,ST,20,16
0430103D,23820025520,N,ST,20,18
0430103D,23820030004,N,ST,10,19
0430103D,23820031106,N,ST,10,10
0430103D,23210023006,N,ST,12,12
0430103D,23210025437,N,ST,12,10
0430103D,23810020008,N,ST,20,26
0430103D,23810020103,N,ST,20,26
0430103D,23810022503,N,ST,12,3
0430103D,23810025014,N,AP,999,0
0430103D,23810030003,N,ST,20,35
0430886E,23821033003,N,ST,32,14
0430886E,23811033001,N,ST,30,13
0431017X,23211021314,N,AP,999,3
0430132K,23821021303,N,ST,18,2
0430132K,23811021404,N,ST,23,17
0431000D,23821021004,N,ST,24,3
0431000D,23821021407,N,ST,16,0
0431000D,23821022105,N,ST,16,0
0431000D,23211021130,N,AP,999,20
0431000D,23811021112,N,ST,30,25
0431000D,23811022103,N,ST,0,0
0431000D,23811022104,N,ST,16,9
0430958H,23210031224,N,AP,999,0
0430958H,23211021405,N,AP,999,8
0430958H,23211022108,N,AP,999,0
0430842G,23821033003,N,ST,24,0
0430842G,23211033003,N,ST,32,24
0430842G,23811033001,N,ST,32,15
0430113P,23821021004,N,ST,18,2
0430113P,23821021211,N,ST,18,0
0430113P,23821021405,N,ST,32,5
0430113P,23821033003,N,ST,32,7
0430113P,23211021237,N,ST,19,19
0430113P,23211021405,N,ST,19,23
0430113P,23811021112,N,ST,24,30
0430113P,23811021211,N,ST,19,30
0430113P,23811021404,N,ST,24,23
0430113P,23811033001,N,ST,28,45
0430953C,23820022106,N,ST,12,8
0430953C,23820025012,N,ST,24,12
0430953C,23820031212,N,ST,15,13
0430953C,23820031213,N,ST,8,16
0430953C,23820031214,N,ST,7,5
0430953C,23820033403,N,ST,12,14
0430953C,23210020101,N,AP,999,1
0430953C,23210022142,N,AP,999,0
0430953C,23210022142,N,ST,12,9
0430953C,23210025524,N,AP,999,0
0430953C,23810020104,N,ST,24,19
0430953C,23810025012,N,AP,999,1
0430953C,23810031211,N,ST,24,49
0430953C,23810033404,N,ST,24,27
Total établissements sélectionnés - département HAUTE-LOIRE,,,,66206,3909
0520939N,23211033003,N,ST,24,12
0520939N,23811021302,N,AP,999,4
0520939N,23811033003,N,AP,999,1
0520939N,23811021302,N,ST,24,9
0520727H,23811021004,N,ST,27,20
0520727H,23811021203,N,ST,27,18
0520922V,23211021130,N,AP,999,8
0520922V,23211021405,N,AP,999,1
0520922V,23811021004,N,AP,999,10
0529999L,,O,ST,300,21
0529999L,,O,AP,9999,3
0529999L,,O,ST,300,15
0520008B,23820023210,N,ST,30,26
0520008B,23820025012,N,ST,15,10
0520008B,23820025014,N,ST,15,14
0520008B,23820025214,N,ST,30,27
0520008B,23820025412,N,ST,10,10
0520008B,23820025519,N,ST,30,16
0520008B,23820025520,N,ST,15,11
0520008B,23210023123,N,ST,20,25
0520008B,23210025524,N,ST,15,7
0520008B,23810020006,N,ST,24,11
0520008B,23810020008,N,ST,45,40
0520008B,23810020103,N,ST,15,10
0520008B,23810020104,N,ST,15,3
0520008B,23810025222,N,ST,30,33
0520008B,23810025412,N,ST,10,6
0520844K,23820030004,N,ST,18,11
0520844K,23820031212,N,ST,18,9
0520844K,23820031213,N,ST,18,27
0520844K,23820031214,N,ST,18,29
0520844K,23820033007,N,ST,30,34
0520844K,23210033002,N,ST,15,9
0520844K,23810030003,N,ST,18,4
0520844K,23810031211,N,ST,54,72
0520844K,23810033007,N,ST,30,36
0521032P,23820023404,N,ST,15,5
0521032P,23820023405,N,ST,15,3
0521032P,23210023446,N,AP,999,2
0521032P,23810023404,N,ST,15,5
0521032P,23810023409,N,ST,15,9
0520758S,23210022715,N,AP,999,1
0520758S,23210023006,N,AP,999,1
0520758S,23210023223,N,AP,999,1
0520758S,23210023224,N,AP,999,4
0520758S,23210023324,N,AP,999,4
0520758S,23210023325,N,AP,999,0
0520758S,23210023326,N,AP,999,6
0520758S,23210023327,N,AP,999,6
0520758S,23210025524,N,AP,999,0
0520752K,23210022137,N,AP,999,4
0520752K,23210022141,N,AP,999,10
0520752K,23210022143,N,AP,999,3
0520752K,23210022146,N,AP,999,5
0520752K,23210025225,N,AP,999,14
0520752K,23210025440,N,AP,999,5
0520752K,23210031224,N,AP,999,12
0520752K,23210033413,N,AP,999,1
0520752K,23210033616,N,AP,999,11
0520901X,23811033001,N,ST,24,5
0520741Y,23210031223,N,ST,20,8
0520741Y,23211021405,N,ST,20,15
0520741Y,23811021405,N,ST,15,6
0520741Y,23811021114,N,ST,14,3
0520021R,23820022106,N,ST,12,13
0520021R,23820031114,N,ST,18,14
0520021R,23820033403,N,ST,12,13
0520021R,23210022146,N,ST,12,14
0520021R,23210033413,N,ST,12,5
0520021R,23810030003,N,ST,18,13
0520021R,23810031117,N,ST,12,13
0520021R,23810033404,N,ST,24,24
0521134A,23210020101,O,ST,0,4
0521117G,23210031224,N,AP,999,6
0521117G,23210033205,N,AP,999,1
0520028Y,23820022708,N,ST,15,12
0520028Y,23820025012,N,ST,15,6
0520028Y,23820025520,N,ST,30,16
0520028Y,23210025437,N,ST,15,14
0520028Y,23810020008,N,ST,30,14
0520028Y,23810020104,N,ST,15,7
0520028Y,23810022708,N,ST,15,4
0520027X,23820022106,N,ST,12,17
0520027X,23820030004,N,ST,18,15
0520027X,23820031213,N,ST,9,19
0520027X,23820031214,N,ST,9,10
0520027X,23820033007,N,ST,30,41
0520027X,23820033403,N,ST,12,5
0520027X,23210022146,N,ST,12,10
0520027X,23210031224,N,ST,15,28
0520027X,23810030003,N,ST,18,8
0520027X,23810031211,N,ST,18,24
0520027X,23810033007,N,ST,30,47
0520027X,23810033404,N,ST,24,28
0520692V,23210033205,N,ST,15,10
0520692V,23810020008,N,ST,45,10
0520692V,23810031211,N,ST,18,4
0520692V,23810033007,N,ST,15,13
0520892M,23210025437,N,AP,999,0
0520892M,23810025012,N,AP,999,0
0520892M,23810025014,N,AP,999,1
0520892M,23810025411,N,AP,999,1
0520892M,23810025520,N,AP,999,1
0520709N,23210023224,N,ST,12,10
0520709N,23210023327,N,ST,12,11
0520709N,23210023449,N,ST,12,4
0520032C,23820031213,N,ST,18,12
0520032C,23820031214,N,ST,18,7
0520032C,23820034403,N,ST,18,25
0520032C,23210033002,N,ST,15,5
0520032C,23210034405,N,ST,15,13
0520032C,23810031211,N,ST,18,10
0520032C,23810034403,N,ST,18,40
Total établissements sélectionnés - département HAUTE-MARNE,,,,44668,2656
0050003B,23820025012,N,ST,15,13
0050003B,23820030004,N,ST,15,18
0050003B,23210022142,N,ST,6,8
0050003B,23210023006,N,ST,8,10
0050003B,23810020104,N,ST,15,12
0050003B,23810030003,N,ST,15,12
0050666X,23210022141,N,AP,999,0
0050666X,23210022146,N,AP,999,1
0050005D,23820023404,N,ST,15,13
0050005D,23820023405,N,ST,15,3
0050005D,23820025520,N,ST,15,12
0050005D,23820023405,N,ST,15,3
0050005D,23820023404,N,ST,15,2
0050005D,23210023446,N,ST,15,4
0050005D,23210025524,N,AP,999,1
0050005D,23210025524,N,ST,15,7
0050005D,23810023409,N,ST,15,14
0050005D,23810023405,N,ST,15,16
0050005D,23810020008,N,ST,15,7
0050005D,23810023404,N,ST,15,7
0050005D,23810023409,N,ST,15,11
0050005D,23810025520,N,AP,999,1
0050648C,23211021405,N,AP,999,0
0050621Y,23210033205,N,AP,999,2
0050012L,23821021004,N,ST,24,1
0050012L,23821022105,N,ST,24,3
0050012L,23821033003,N,ST,24,5
0050012L,23211021130,N,AP,999,4
0050012L,23211033003,N,AP,999,0
0050012L,23211033003,N,ST,16,10
0050012L,23811021211,N,AP,999,4
0050012L,23811021407,N,AP,999,0
0050012L,23811022108,N,AP,999,1
0050012L,23811033001,N,ST,24,19
0050012L,23811022105,N,ST,24,4
0050012L,23811021004,N,ST,24,31
0050008G,23820023004,N,ST,15,14
0050008G,23820023005,N,ST,15,16
0050008G,23820025214,N,ST,20,23
0050008G,23820025215,N,ST,10,11
0050008G,23820031107,N,ST,24,21
0050008G,23210025225,N,ST,10,21
0050008G,23210025226,N,ST,10,15
0050008G,23810023007,N,ST,30,42
0050008G,23810025222,N,ST,30,29
0050008G,23810031117,N,ST,24,34
0050009H,23820022106,N,ST,24,23
0050009H,23820030004,N,ST,15,17
0050009H,23820033006,N,ST,15,18
0050009H,23820033007,N,ST,30,34
0050009H,23820033403,N,ST,24,17
0050009H,23210022142,N,AP,999,0
0050009H,23210022142,N,ST,12,19
0050009H,23210022146,N,AP,999,0
0050009H,23210022146,N,ST,12,16
0050009H,23210033002,N,ST,15,8
0050009H,23210033413,N,AP,999,0
0050009H,23210033413,N,ST,12,6
0050009H,23810022106,N,AP,999,0
0050009H,23810030003,N,ST,15,22
0050009H,23810030004,N,AP,999,1
0050009H,23810033006,N,ST,15,28
0050009H,23810033007,N,ST,30,29
0050009H,23810033404,N,ST,24,39
0050503V,23210022137,N,AP,999,1
0050503V,23210022141,N,AP,999,4
0050503V,23210022142,N,AP,999,6
0050503V,23210022143,N,AP,999,2
0050503V,23210022146,N,AP,999,4
0050503V,23210022715,N,AP,999,0
0050503V,23210023224,N,AP,999,7
0050503V,23210023324,N,AP,999,3
0050503V,23210023327,N,AP,999,6
0050503V,23210023447,N,AP,999,3
0050503V,23210025225,N,AP,999,10
0050503V,23210025227,N,AP,999,2
0050503V,23210025440,N,AP,999,3
0050503V,23210025524,N,AP,999,0
0050503V,23210031224,N,AP,999,6
0050503V,23210033413,N,AP,999,2
0050503V,23210033616,N,AP,999,4
0050503V,23810025224,N,AP,999,5
0050503V,23810031213,N,AP,999,2
0050039R,23820022707,N,ST,9,0
0050039R,23820023405,N,ST,15,1
0050039R,23820025519,N,ST,9,1
0050039R,23210023006,N,ST,15,1
0050039R,23210023324,N,ST,15,4
0050039R,23810020008,N,ST,18,16
0050039R,23810023409,N,ST,15,6
0050606G,23821021114,N,ST,16,0
0050606G,23821021405,N,ST,16,0
0050606G,23821022108,N,ST,16,1
0050606G,23210033205,N,AP,999,6
0050606G,23211021130,N,ST,16,0
0050606G,23211021130,N,ST,16,0
0050606G,23211021237,N,AP,999,0
0050606G,23211021237,N,ST,16,6
0050606G,23211021405,N,AP,999,1
0050606G,23211021405,N,ST,16,5
0050606G,23811021114,N,AP,999,0
0050606G,23811021405,N,AP,999,0
0050606G,23811022108,N,AP,999,0
0050606G,23811021114,N,ST,16,1
0050606G,23811021404,N,ST,16,1
0050606G,23810031211,N,ST,16,1
0050027C,23820025519,N,ST,30,33
0050027C,23820025520,N,ST,15,12
0050027C,23820031212,N,ST,15,12
0050027C,23820031213,N,ST,15,17
0050027C,23820031214,N,ST,15,17
0050027C,23210031224,N,ST,15,16
0050027C,23810020008,N,ST,45,25
0050027C,23810031211,N,ST,45,34
Total établissements sélectionnés - département HAUTES-ALPES,,,,43609,2314
0700957K,23211021314,N,AP,999,4
0700957K,23211021314,N,ST,16,5
0700957K,23211033003,N,AP,999,5
0700957K,23211033003,N,ST,30,10
0700957K,23811021303,N,AP,999,7
0700957K,23811021404,N,ST,30,7
0701053P,23210023006,N,AP,999,3
0701053P,23211021130,N,AP,999,2
0701053P,23211021130,N,ST,18,0
0701053P,23211021405,N,AP,999,2
0701053P,23811021114,N,AP,999,1
0701053P,23811021405,N,AP,999,2
0701053P,23811021404,N,ST,24,4
0701053P,23811021114,N,ST,18,1
0700954G,23210031224,N,AP,999,5
0700954G,23211021130,N,AP,999,5
0700954G,23211021130,N,ST,20,16
0700954G,23811022108,N,AP,999,0
0700954G,23811022103,N,ST,20,2
0700954G,23810031213,N,AP,999,5
0700958L,23811021004,N,AP,999,2
0700958L,23811021112,N,ST,24,4
0700958L,23811033001,N,ST,24,3
0700958L,23811033003,N,AP,999,3
0700947Z,23211033003,N,ST,22,21
0700947Z,23811033001,N,ST,39,16
0700011G,23820025214,N,ST,60,59
0700011G,23820025216,N,ST,20,23
0700011G,23820025412,N,ST,20,19
0700011G,23820031107,N,ST,60,61
0700011G,23110025441,N,ST,10,6
0700011G,23210025440,N,ST,10,25
0700011G,23210025440,N,ST,0,0
0700011G,23810025222,N,ST,80,106
0700011G,23810025412,N,ST,20,27
0700011G,23810031117,N,ST,60,103
0700009E,23820030004,N,ST,18,17
0700009E,23810030003,N,ST,18,9
0701001H,23210031224,N,AP,999,0
0701001H,23210031224,N,ST,16,9
0701001H,23810031211,N,ST,32,9
0701035V,23820022706,N,ST,15,18
0701035V,23820022707,N,ST,15,11
0701035V,23810020008,N,ST,30,24
0701035V,23810022706,N,AP,999,1
0701035V,23810022707,N,AP,999,5
0700018P,23820025012,N,ST,24,25
0700018P,23820025520,N,ST,24,27
0700018P,23210025524,N,AP,999,0
0700018P,23210025524,N,ST,15,14
0700018P,23810020008,N,ST,24,34
0700018P,23810020104,N,ST,24,13
0700076C,23810030003,N,ST,15,14
0700076C,23810030004,N,AP,999,0
0700076C,23810031211,N,ST,23,17
0700076C,23810031212,N,AP,999,0
0700076C,23810033007,N,ST,28,14
0701078S,23820022106,N,ST,12,15
0701078S,23820023405,N,ST,12,7
0701078S,23820023407,N,ST,12,3
0701078S,23820030004,N,ST,15,15
0701078S,23820031213,N,ST,15,17
0701078S,23820031214,N,ST,15,13
0701078S,23820033007,N,ST,15,17
0701078S,23820033403,N,ST,12,12
0701078S,23210022142,N,ST,12,17
0701078S,23210023224,N,AP,999,1
0701078S,23210023224,N,ST,12,3
0701078S,23210023325,N,AP,999,0
0701078S,23210023325,N,ST,12,5
0701078S,23210033002,N,ST,12,7
0701078S,23210022142,N,ST,0,0
0701078S,23210033002,N,ST,0,0
0701078S,23810023409,N,ST,15,3
0701078S,23810030003,N,ST,15,7
0701078S,23810031211,N,ST,30,42
0701078S,23810033007,N,ST,15,27
0701078S,23810033404,N,ST,24,25
0700955H,23210025221,N,AP,999,9
0700955H,23210025222,N,AP,999,2
0700955H,23811021001,N,AP,999,3
0700955H,23811021004,N,AP,999,5
0700955H,23811021112,N,ST,25,18
0700955H,23811021112,N,ST,35,14
0700955H,23810025219,N,AP,999,13
0700955H,23810025220,N,AP,999,3
0700955H,23810025221,N,AP,999,0
0700956J,23211021405,N,ST,16,12
0700956J,23811033001,N,ST,24,6
0700827U,23811021112,N,ST,15,28
0700827U,23811033001,N,ST,27,45
0700827U,23811021112,N,ST,15,20
0700038L,23820025012,N,ST,12,9
0700038L,23820025411,N,ST,24,20
0700038L,23820025517,N,ST,12,14
0700038L,23820025519,N,ST,24,15
0700038L,23820025520,N,ST,12,9
0700038L,23210022714,N,ST,12,8
0700038L,23210025437,N,ST,6,8
0700038L,23210025438,N,ST,6,4
0700038L,23210025439,N,ST,12,7
0700038L,23810020008,N,ST,48,42
0700038L,23810020103,N,ST,12,12
0700038L,23810020104,N,ST,12,2
0700882D,23820022106,N,ST,24,23
0700882D,23820030004,N,ST,18,10
0700882D,23820031212,N,ST,15,6
0700882D,23820031213,N,ST,30,33
0700882D,23820031214,N,ST,15,12
0700882D,23820033007,N,ST,30,31
0700882D,23820033403,N,ST,12,11
0700882D,23210022146,N,ST,12,29
0700882D,23210033413,N,ST,12,15
0700882D,23210022146,N,ST,0,0
0700882D,23210033413,N,ST,0,0
0700882D,23810030003,N,ST,18,9
0700882D,23810031211,N,ST,60,80
0700882D,23810033007,N,ST,30,44
0700882D,23810033404,N,ST,36,34
0700905D,23820025014,N,ST,24,23
0700905D,23810020103,N,ST,24,13
0700905D,23810025014,N,AP,999,0
0700796K,23210022137,N,AP,999,10
0700796K,23210022141,N,AP,999,7
0700796K,23210022142,N,AP,999,1
0700796K,23210022143,N,AP,999,7
0700796K,23210022144,N,AP,999,0
0700796K,23210022146,N,AP,999,7
0700796K,23210025225,N,AP,999,9
0700796K,23210025440,N,AP,999,3
0700796K,23210031224,N,AP,999,13
0700796K,23210032227,N,AP,999,0
0700796K,23210033205,N,AP,999,8
0700796K,23210033413,N,AP,999,4
0700796K,23210033615,N,AP,999,6
0700796K,23210033616,N,AP,999,12
0700796K,23810025224,N,AP,999,7
0700796K,23810031213,N,AP,999,0
0701029N,23211021130,N,AP,999,5
0701029N,23211021405,N,AP,999,0
0701029N,23811021001,N,AP,999,4
0701029N,23811021004,N,AP,999,5
0701029N,23810025219,N,AP,999,13
0701029N,23810025221,N,AP,999,0
0701147S,23210025524,N,AP,999,3
0701147S,23810025520,N,AP,999,1
0700077D,23210031224,N,AP,999,0
0700077D,23210031224,N,ST,17,4
0700077D,23210033205,N,AP,999,3
0700077D,23210033205,N,ST,21,11
Total établissements sélectionnés - département HAUTE-SAONE,,,,59559,3479
0741789T,23210033615,N,AP,999,20
0741789T,23210033616,N,AP,999,1
0740062R,23820020009,N,ST,15,14
0740062R,23820025014,N,ST,15,2
0740062R,23820025214,N,ST,30,40
0740062R,23820025411,N,ST,15,9
0740062R,23820025412,N,ST,20,19
0740062R,23210025439,N,ST,12,11
0740062R,23810020009,N,ST,15,14
0740062R,23810020103,N,ST,30,10
0740062R,23810025222,N,ST,30,48
0740062R,23810025412,N,ST,20,17
0740054G,23820020102,N,ST,15,2
0740054G,23820024204,N,ST,30,49
0740054G,23820025012,N,ST,15,23
0740054G,23820025520,N,ST,45,41
0740054G,23820033006,N,ST,24,31
0740054G,23820033007,N,ST,32,38
0740054G,23210022142,N,ST,24,32
0740054G,23210024240,N,ST,12,28
0740054G,23810020008,N,ST,45,56
0740054G,23810020104,N,ST,30,15
0740054G,23810024204,N,ST,30,82
0740054G,23810033006,N,ST,24,44
0740054G,23810033007,N,ST,32,59
0741164N,23820030004,N,ST,48,41
0741164N,23820031212,N,ST,30,26
0741164N,23820031213,N,ST,30,39
0741164N,23820031214,N,ST,30,50
0741164N,23210031224,N,ST,24,76
0741164N,23810030003,N,ST,48,49
0741164N,23810031211,N,ST,90,162
0741101V,23210022142,N,ST,12,5
0741101V,23210031122,N,ST,12,4
0741101V,23210033205,N,ST,30,35
0741101V,23810030003,N,ST,45,44
0741101V,23810033006,N,ST,15,15
0741101V,23810033007,N,ST,32,29
0741251H,23210025440,N,AP,999,28
0741251H,23210025441,N,AP,999,1
0740290N,23210033616,N,AP,999,58
0741557R,23210023223,N,AP,999,3
0741557R,23210023224,N,AP,999,1
0741557R,23210023327,N,AP,999,5
0741557R,23210023446,N,AP,999,13
0741557R,23210023447,N,AP,999,11
0741557R,23210023449,N,AP,999,1
0741758J,23810022706,N,AP,999,0
0741758J,23810025012,N,AP,999,0
0741709F,23210033615,N,AP,999,16
0741709F,23210033616,N,AP,999,16
0740009H,23820030004,N,ST,30,43
0740009H,23820031212,N,ST,15,13
0740009H,23820031213,N,ST,30,56
0740009H,23820031214,N,ST,15,29
0740009H,23810030003,N,ST,30,51
0740009H,23810031211,N,ST,60,144
0741476C,23820023304,N,ST,15,15
0741476C,23820023404,N,ST,15,12
0741476C,23820023405,N,ST,15,17
0741476C,23210022142,N,ST,12,9
0741476C,23210022146,N,ST,12,26
0741476C,23210023006,N,ST,12,39
0741476C,23210023325,N,AP,999,3
0741476C,23210023326,N,AP,999,7
0741476C,23210023327,N,AP,999,7
0741476C,23210023445,N,ST,12,6
0741476C,23210023446,N,ST,12,8
0741476C,23210033413,N,ST,12,23
0741476C,23210034405,N,ST,15,25
0741476C,23810020006,N,ST,15,9
0741476C,23810023404,N,ST,15,9
0741476C,23810023409,N,ST,15,4
0740006E,23820023203,N,ST,15,12
0740006E,23820023407,N,ST,15,19
0740006E,23810020006,N,ST,15,5
0740006E,23810020008,N,ST,15,43
0740006E,23810023409,N,ST,15,17
0741236S,23211021130,N,ST,20,0
0741236S,23211021405,N,AP,999,6
0741236S,23811021404,N,ST,25,14
0741236S,23811033001,N,ST,25,23
0740014N,23820022106,N,ST,48,44
0740014N,23820033403,N,ST,36,37
0740014N,23210022140,N,ST,12,8
0740014N,23210022146,N,ST,12,34
0740014N,23210033413,N,ST,12,22
0740014N,23810033404,N,ST,72,77
0740013M,23820030004,N,ST,30,32
0740013M,23820031213,N,ST,30,28
0740013M,23210031224,N,ST,24,62
0740013M,23810030003,N,ST,30,28
0740013M,23810031211,N,ST,30,65
0741669M,23820033007,N,ST,24,26
0741669M,23810031211,N,ST,7,8
0741669M,23810031211,N,ST,2,3
0741669M,23810031211,N,ST,6,7
0741669M,23810033007,N,ST,24,15
0741689J,23211021405,N,ST,25,17
0741689J,23811021404,N,ST,28,24
0741689J,23811021404,N,ST,28,26
0741689J,23811021404,N,ST,24,18
0741285V,23210023006,N,ST,15,14
0741285V,23210023447,N,ST,12,11
0741285V,23210023449,N,ST,12,12
0741285V,23810020006,N,ST,15,7
0741285V,23810020008,N,ST,30,38
0741285V,23810020103,N,ST,15,25
0741285V,23810020104,N,ST,15,12
0741285V,23810023409,N,ST,15,15
0740017S,23820020009,N,ST,12,15
0740017S,23820025006,N,ST,24,41
0740017S,23820025013,N,ST,12,6
0740017S,23820025014,N,ST,24,13
0740017S,23210025123,N,ST,24,18
0740017S,23810020009,N,ST,12,14
0740017S,23810020103,N,ST,60,40
0740143D,23210031224,N,ST,15,16
0740143D,23210033616,N,AP,999,14
0740143D,23810030003,N,ST,24,17
0740143D,23810031211,N,ST,30,37
0740144E,23210031224,N,ST,12,17
0740144E,23810020008,N,ST,60,59
0740144E,23810031211,N,ST,30,42
0741219Y,23211033003,N,ST,25,9
0741219Y,23811033001,N,ST,35,13
0741548F,23211021236,N,AP,999,2
0741548F,23211021405,N,AP,999,20
0740276Y,23211021237,N,ST,19,16
0740276Y,23811021112,N,ST,27,20
0740276Y,23811021112,N,ST,27,51
0740276Y,23811021404,N,ST,19,9
0741630V,23210022715,N,AP,999,7
0741630V,23210023324,N,AP,999,25
0741408D,23811021112,N,ST,44,28
0741525F,23810025302,N,AP,999,4
0741525F,23810025303,N,AP,999,6
0741120R,23210025225,N,AP,999,23
0741120R,23810025224,N,AP,999,34
0740051D,23820031213,N,ST,15,22
0740051D,23820031214,N,ST,15,16
0740051D,23810031211,N,ST,30,80
0740148J,23210031224,N,ST,15,7
0740148J,23210033002,N,ST,12,2
0740148J,23210033615,N,ST,15,24
0740148J,23210033616,N,ST,15,8
0740148J,23810031211,N,ST,30,12
0740148J,23810032303,N,ST,30,36
0740148J,23810033007,N,ST,24,13
0740148J,23810033605,N,ST,27,21
0741453C,23210023006,N,AP,999,5
0741453C,23210023124,N,AP,999,12
0741453C,23210023224,N,AP,999,5
0741453C,23210023225,N,AP,999,0
0741453C,23210023326,N,AP,999,1
0741453C,23210023327,N,AP,999,6
0741158G,23210022137,N,AP,999,18
0741158G,23210022140,N,AP,999,0
0741158G,23210022141,N,AP,999,64
0741158G,23210022143,N,AP,999,29
0741158G,23210022144,N,AP,999,4
0741158G,23210022146,N,AP,999,46
0741158G,23210031222,N,AP,999,0
0741158G,23210031223,N,AP,999,10
0741158G,23210033413,N,AP,999,39
0741238U,23210022142,N,AP,999,3
0741238U,23210033205,N,AP,999,3
0741238U,23211033003,N,ST,35,14
0741238U,23811033001,N,ST,35,14
0741670N,23211022108,N,AP,999,3
0740927F,23811022104,N,ST,28,20
0740092Y,23210034405,N,ST,15,15
0740092Y,23810030003,N,ST,15,18
0740092Y,23810033007,N,ST,32,20
0740092Y,23810034403,N,ST,24,36
0740293S,23210023446,N,AP,999,11
0740293S,23210023447,N,AP,999,7
0740293S,23210023449,N,AP,999,2
0740293S,23210025225,N,AP,999,10
0740027C,23820025012,N,ST,15,18
0740027C,23820025014,N,ST,15,14
0740027C,23820025520,N,ST,15,15
0740027C,23820031212,N,ST,15,19
0740027C,23210031224,N,ST,12,17
0740027C,23810020008,N,ST,15,26
0740027C,23810020103,N,ST,15,5
0740027C,23810020104,N,ST,15,5
0740027C,23810031211,N,ST,15,23
0741775C,23211021130,N,AP,999,27
0741739N,23811021303,N,AP,999,8
0741739N,23811021405,N,AP,999,11
0741739N,23810031213,N,AP,999,15
0740283F,23211033003,N,ST,25,14
0740283F,23811021112,N,ST,30,11
0740283F,23811022103,N,ST,30,6
0740283F,23811033001,N,ST,30,14
0741556P,23211033003,N,ST,40,41
0741556P,23811022103,N,ST,16,4
0741556P,23811022103,N,ST,40,22
0741556P,23811033001,N,ST,40,36
0740031G,23820022707,N,ST,24,19
0740031G,23820023004,N,ST,12,13
0740031G,23820023203,N,ST,12,3
0740031G,23820023210,N,ST,12,15
0740031G,23820023404,N,ST,24,14
0740031G,23820023405,N,ST,12,9
0740031G,23820025220,N,ST,10,7
0740031G,23820025221,N,ST,12,2
0740031G,23820025520,N,ST,12,14
0740031G,23210022715,N,AP,999,8
0740031G,23210023124,N,ST,12,11
0740031G,23210023327,N,ST,12,13
0740031G,23210025524,N,ST,12,27
0740031G,23810020006,N,ST,24,24
0740031G,23810020008,N,ST,36,22
0740031G,23810023007,N,ST,12,13
0740031G,23810023404,N,ST,24,13
0740031G,23810023409,N,ST,12,10
0740031G,23810025222,N,ST,22,12
0741469V,23810031211,N,ST,30,48
0740152N,23210023329,N,AP,999,1
0740152N,23210023447,N,ST,12,7
0740152N,23210025524,N,ST,12,17
0740152N,23810020006,N,ST,12,8
0740152N,23810020008,N,ST,12,7
0740152N,23810020103,N,ST,12,6
0740152N,23810023409,N,ST,15,11
0740155S,23210023006,N,ST,12,9
0740155S,23210023224,N,ST,15,8
0740155S,23810020008,N,ST,30,22
0740155S,23810023404,N,ST,15,10
0740155S,23810023409,N,ST,15,9
0741240W,23811022108,N,AP,999,8
0741240W,23811022103,N,ST,35,3
0741240W,23811033001,N,ST,40,20
0740296V,23210023447,N,AP,999,7
0740296V,23210023449,N,AP,999,3
0740296V,23210025225,N,AP,999,25
0740296V,23210025524,N,AP,999,9
0740296V,23810023405,N,AP,999,2
0740296V,23810025520,N,AP,999,9
0741632X,23811021404,N,ST,24,18
0741438L,23811033001,N,ST,40,25
0741237T,23811021404,N,ST,30,39
0741437K,23811033001,N,ST,30,22
0741502F,23810031212,N,AP,999,7
0741224D,23210033616,N,AP,999,20
0741224D,23211033003,N,ST,50,48
0741224D,23811033001,N,ST,50,51
0740059M,23820023405,N,ST,15,14
0740059M,23820025012,N,ST,15,14
0740059M,23820025520,N,ST,15,11
0740059M,23820030004,N,ST,24,28
0740059M,23210023447,N,ST,12,11
0740059M,23210025225,N,ST,20,44
0740059M,23210025439,N,ST,12,10
0740059M,23810020008,N,ST,15,39
0740059M,23810020104,N,ST,15,9
0740059M,23810023409,N,ST,15,4
0740059M,23810030003,N,ST,24,28
0740047Z,23820022106,N,ST,12,15
0740047Z,23820033403,N,ST,12,15
0740047Z,23210022141,N,ST,12,42
0740047Z,23210033413,N,ST,12,17
0740047Z,23810033404,N,ST,24,82
0741307U,23210031224,N,ST,15,20
0741307U,23810030003,N,ST,30,24
0741307U,23810031211,N,ST,30,44
0741307U,23810033007,N,ST,32,34
0740298X,23210025224,N,AP,999,5
0740298X,23210025225,N,AP,999,25
0740298X,23210025227,N,AP,999,8
0740298X,23810025223,N,AP,999,2
0740298X,23810025224,N,AP,999,5
0740298X,23810025226,N,AP,999,8
0741677W,23810025012,N,AP,999,2
0741677W,23810025013,N,AP,999,5
0741677W,23810025014,N,AP,999,5
0741677W,23810025520,N,AP,999,13
0741328S,23210031224,N,AP,999,19
0741328S,23810031213,N,AP,999,29
Total établissements sélectionnés - département HAUTE SAVOIE,,,,94870,18856
0650028C,23820022705,N,AP,999,0
0650028C,23820022706,N,AP,999,0
0650028C,23820022707,N,ST,15,9
0650028C,23820023005,N,AP,999,1
0650028C,23820023005,N,ST,24,22
0650028C,23820023303,N,ST,12,5
0650028C,23820023405,N,AP,999,0
0650028C,23820023405,N,ST,12,8
0650028C,23820025214,N,AP,999,0
0650028C,23820025214,N,ST,30,25
0650028C,23820025412,N,ST,10,9
0650028C,23210022715,N,AP,999,0
0650028C,23210022715,N,ST,15,18
0650028C,23210023223,N,AP,999,3
0650028C,23210023223,N,ST,15,4
0650028C,23210023324,N,AP,999,2
0650028C,23210023446,N,AP,999,0
0650028C,23210023446,N,ST,15,10
0650028C,23210025225,N,AP,999,6
0650028C,23210025225,N,ST,10,38
0650028C,23810020006,N,ST,12,3
0650028C,23810020008,N,ST,15,9
0650028C,23810023007,N,ST,24,19
0650028C,23810023303,N,AP,999,0
0650028C,23810023409,N,ST,12,7
0650028C,23810025222,N,ST,30,33
0650028C,23810025412,N,ST,10,10
0650005C,23820025012,N,AP,999,0
0650005C,23820025012,N,ST,15,14
0650005C,23820025109,N,AP,999,0
0650005C,23820025109,N,ST,12,5
0650005C,23820025520,N,AP,999,0
0650005C,23820025520,N,ST,15,14
0650005C,23820033007,N,AP,999,0
0650005C,23820033007,N,ST,30,30
0650005C,23820034403,N,ST,24,30
0650005C,23210033002,N,AP,999,0
0650005C,23210033002,N,ST,12,9
0650005C,23820025109,O,AP,999,0
0650005C,23810020008,N,ST,15,17
0650005C,23810020104,N,ST,15,10
0650005C,23810025109,N,ST,15,5
0650005C,23810033007,N,ST,30,39
0650005C,23810034403,N,ST,24,44
0650014M,23820022106,N,AP,999,0
0650014M,23820022106,N,ST,12,9
0650014M,23820031213,N,AP,999,0
0650014M,23820031213,N,ST,12,13
0650014M,23820031214,N,AP,999,0
0650014M,23820031214,N,ST,12,12
0650014M,23820033403,N,AP,999,0
0650014M,23820033403,N,ST,12,5
0650014M,23210031224,N,AP,999,1
0650014M,23210031224,N,ST,24,10
0650014M,23810031211,N,ST,24,16
0650014M,23810033404,N,ST,24,14
0650885J,23820030004,N,ST,30,10
0650885J,23820030004,O,AP,999,0
0650885J,23820031213,N,ST,30,14
0650885J,23820031213,O,AP,999,0
0650885J,23820031214,O,AP,999,0
0650885J,23820033007,O,AP,999,0
0650885J,23810030003,N,ST,6,5
0650885J,23810031211,N,ST,24,9
0650885J,23810031213,O,AP,999,0
0650885J,23810031214,O,AP,999,0
0650885J,23810033007,O,AP,999,2
0650971C,23820030004,N,AP,999,0
0650971C,23820031213,N,AP,999,0
0650971C,23820031214,N,AP,999,0
0650971C,23820033007,N,AP,999,0
0650971C,23810033007,N,AP,999,3
0651103W,23110022146,N,AP,999,0
0651103W,23110033413,N,AP,999,0
0651107A,23210025223,N,AP,999,0
0651107A,23211021130,N,AP,999,1
0651107A,23211021405,N,AP,999,7
0650027B,23820022302,N,AP,999,0
0650027B,23820025014,N,AP,999,0
0650027B,23820025304,N,AP,999,0
0650027B,23820025411,N,AP,999,0
0650027B,23810025520,N,AP,999,3
0650138X,23821021114,N,ST,9,1
0650138X,23821021203,N,ST,27,2
0650138X,23821021405,N,ST,27,5
0650138X,23821021407,N,ST,1,1
0650138X,23210025223,N,AP,999,4
0650138X,23211021405,N,ST,19,32
0650138X,23811021114,N,ST,10,5
0650138X,23811021405,N,ST,19,13
0650138X,23811021407,N,ST,9,3
0650138X,23811021203,N,ST,19,14
0650041S,23820022302,N,ST,9,2
0650041S,23820025014,N,ST,12,13
0650041S,23820025108,N,ST,12,13
0650041S,23820025304,N,ST,24,24
0650041S,23820025411,N,ST,12,20
0650041S,23820025520,N,ST,24,28
0650041S,23820025014,N,AP,9999,0
0650041S,23820025108,O,AP,9999,0
0650041S,23820025304,N,AP,9999,0
0650041S,23820025411,N,AP,9999,0
0650041S,23810020008,N,ST,24,20
0650041S,23810020103,N,ST,48,44
0650041S,23810025307,N,ST,24,44
0650874X,23820022105,N,ST,24,30
0650874X,23820022106,N,AP,999,0
0650874X,23820022106,N,ST,24,20
0650874X,23820030004,N,ST,18,21
0650874X,23820031212,N,ST,24,17
0650874X,23820033403,N,AP,999,0
0650874X,23820033403,N,ST,24,20
0650874X,23210022140,N,AP,999,0
0650874X,23210022140,N,ST,12,4
0650874X,23210022146,N,AP,999,6
0650874X,23210022146,N,ST,12,25
0650874X,23210033413,N,AP,999,1
0650874X,23210033413,N,ST,12,9
0650874X,23810022107,N,ST,24,33
0650874X,23810030003,N,ST,18,9
0650874X,23810031211,N,ST,24,18
0650874X,23810033404,N,ST,48,29
0650029D,23820024204,N,ST,12,15
0650029D,23820031213,N,AP,999,0
0650029D,23820031213,N,ST,36,46
0650029D,23820031214,N,AP,999,0
0650029D,23820031214,N,ST,12,27
0650029D,23820033007,N,AP,999,0
0650029D,23820033007,N,ST,45,47
0650029D,23820033604,N,AP,999,0
0650029D,23820033604,N,ST,28,14
0650029D,23820033606,N,AP,999,0
0650029D,23820033606,N,ST,28,34
0650029D,23210033616,N,ST,30,47
0650029D,23810024204,N,ST,12,26
0650029D,23810031211,N,ST,48,55
0650029D,23810033007,N,ST,45,66
0650029D,23810033605,N,ST,56,77
0650067V,23820033007,N,ST,50,27
0650067V,23210022142,N,ST,15,5
0650067V,23210031224,N,ST,12,18
0650067V,23210033002,N,ST,18,13
0650067V,23210034308,N,ST,15,3
0650067V,23810033007,N,ST,30,8
0650886K,23820025519,N,ST,45,40
0650886K,23820034403,N,ST,18,24
0650886K,23810020008,N,ST,45,24
0650886K,23810034403,N,ST,18,52
0651104X,23110031117,N,AP,999,0
0650593S,23210022146,O,AP,10,3
0651109C,23110033205,N,AP,999,0
0651109C,23110033615,N,AP,999,0
0651109C,23110033616,N,AP,999,0
0650953H,23110025307,N,AP,999,1
0650953H,23210025437,N,AP,999,7
0650953H,23810025012,N,AP,999,2
0650953H,23810025014,N,AP,999,2
0650953H,23810025303,N,AP,999,1
0650953H,23810025304,N,AP,999,3
0650953H,23810025411,N,AP,999,1
0651115J,23210033615,N,AP,999,1
0651108B,23211021130,N,AP,999,4
0651108B,23211021314,N,AP,999,1
0650139Y,23821021214,N,ST,27,0
0650139Y,23821021303,N,ST,16,4
0650139Y,23811021213,N,ST,32,27
0650139Y,23811021404,N,ST,19,17
0650035K,23820025519,N,AP,999,0
0650035K,23820025519,N,ST,15,17
0650035K,23820025520,N,AP,999,0
0650035K,23820025520,N,ST,15,7
0650035K,23820031106,N,ST,18,18
0650035K,23820033104,N,ST,15,15
0650035K,23210031122,N,AP,999,0
0650035K,23210031122,N,ST,12,8
0650035K,23820031106,O,AP,9999,0
0650035K,23820033104,O,AP,9999,1
0650035K,23810020008,N,ST,30,28
0650035K,23810030003,N,ST,18,6
0650035K,23810033104,N,ST,15,17
Total établissements sélectionnés - département HAUTES-PYRENEES,,,,140668,4087
0870004G,23820022706,N,ST,12,9
0870004G,23820023004,N,ST,15,8
0870004G,23820025517,N,ST,12,5
0870004G,23210022715,N,ST,12,17
0870004G,23210023224,N,ST,12,10
0870004G,23210023327,N,ST,12,31
0870004G,23210023446,N,ST,12,5
0870004G,23810020008,N,ST,18,5
0870004G,23810023007,N,ST,15,4
0870875D,23821021211,N,ST,10,2
0870875D,23821021303,N,ST,10,0
0870875D,23821033003,N,ST,10,2
0870875D,23211021130,N,AP,999,5
0870875D,23211021130,N,ST,25,9
0870875D,23211021237,N,AP,999,6
0870875D,23211033003,N,AP,999,0
0870875D,23211033003,N,ST,25,14
0870875D,23811021404,O,ST,0,0
0870875D,23811033003,N,ST,25,12
0870875D,23811021112,N,ST,25,17
0870013S,23820033007,N,ST,30,2
0870013S,23210033002,N,AP,999,0
0870013S,23210033002,N,ST,12,8
0870013S,23810033007,N,ST,30,8
0870634S,23210033616,N,AP,999,5
0870773T,23210022137,N,AP,999,9
0870773T,23210022141,N,AP,999,12
0870773T,23210022143,N,AP,999,8
0870773T,23210022144,N,AP,999,1
0870773T,23210025225,N,AP,999,23
0870773T,23210025440,N,AP,999,4
0870773T,23210033205,N,AP,999,9
0870773T,23210033616,N,AP,999,11
0870773T,23810025224,N,AP,999,3
0870773T,23810025412,N,AP,999,1
0879999W,,O,ST,1,3
0879999W,,O,ST,1,1
0879999W,,O,ST,1,113
0870913V,23210033615,N,AP,999,4
0875057Z,23210033616,N,AP,999,7
0870119G,23820020102,N,ST,12,9
0870119G,23820022004,N,ST,12,16
0870119G,23820025012,N,ST,24,31
0870119G,23810020104,N,ST,48,41
0870058R,23820025214,N,ST,20,25
0870058R,23820025215,N,ST,10,7
0870058R,23820025216,N,ST,10,7
0870058R,23820025412,N,ST,10,3
0870058R,23820031106,N,ST,12,19
0870058R,23820031107,O,ST,24,5
0870058R,23820031114,N,ST,12,7
0870058R,23110031117,N,ST,10,13
0870058R,23110031124,N,ST,12,1
0870058R,23210025223,N,AP,999,2
0870058R,23210025225,N,AP,999,5
0870058R,23210025225,N,ST,10,42
0870058R,23210025226,N,AP,999,7
0870058R,23210025226,N,ST,10,11
0870058R,23210025227,N,AP,999,7
0870058R,23210025440,N,AP,999,4
0870058R,23210025440,N,ST,10,14
0870058R,23210025441,N,ST,10,2
0870058R,23210031122,N,AP,999,2
0870058R,23210031122,N,ST,12,18
0870058R,23210031127,N,ST,24,41
0870058R,23810025222,N,ST,40,53
0870058R,23810025412,N,ST,10,9
0870058R,23810030003,N,ST,24,20
0870058R,23810031117,N,ST,24,64
0870748R,23820023407,N,ST,15,18
0870748R,23820024204,N,ST,24,2
0870748R,23820025108,N,ST,15,15
0870748R,23110022425,N,ST,8,14
0870748R,23110023329,N,ST,15,4
0870748R,23210022420,N,AP,999,0
0870748R,23210022420,N,ST,15,2
0870748R,23210022422,N,AP,999,1
0870748R,23210022422,N,ST,15,19
0870748R,23210023445,N,ST,15,7
0870748R,23210023447,N,AP,999,0
0870748R,23210023447,N,ST,12,11
0870748R,23210023449,N,AP,999,0
0870748R,23810020103,N,ST,15,3
0870748R,23810023409,N,ST,15,5
0870748R,23810024204,N,ST,24,34
0870730W,23820030004,N,ST,24,31
0870730W,23820031212,N,ST,32,24
0870730W,23820031213,N,ST,32,60
0870730W,23820031214,N,ST,32,41
0870730W,23210031224,N,AP,999,16
0870730W,23210031224,N,ST,24,62
0870730W,23810030003,N,ST,24,29
0870730W,23810031211,N,ST,96,149
0870730W,23810031213,N,AP,999,10
0870730W,23810031214,N,AP,999,4
0875023M,23820025519,N,ST,48,51
0875023M,23820025520,N,ST,48,48
0875023M,23820032207,N,ST,12,16
0875023M,23820032208,N,ST,12,12
0875023M,23210025524,N,ST,12,23
0875023M,23810020008,N,ST,96,116
0875023M,23810032210,N,ST,24,29
0870019Y,23820033007,N,ST,54,24
0870019Y,23810033007,N,ST,54,131
0870056N,23820025014,N,ST,24,21
0870056N,23810020103,N,ST,24,17
0870056N,23810025014,N,AP,999,2
0871030X,23820022104,N,ST,24,11
0871030X,23820022105,N,ST,24,27
0871030X,23820022106,N,ST,24,31
0871030X,23820033403,N,ST,24,26
0871030X,23210022142,N,ST,12,40
0871030X,23210022146,N,AP,999,12
0871030X,23210033413,N,AP,999,3
0871030X,23210033413,N,ST,12,17
0871030X,23810022107,N,ST,48,72
0871030X,23810033404,N,ST,48,68
0870097H,23210033002,N,AP,999,0
0870097H,23210033002,N,ST,10,5
0870097H,23210033205,N,AP,999,2
0870097H,23210033205,N,ST,20,28
0870097H,23810033006,N,ST,15,13
0870097H,23810033007,N,ST,15,5
0870919B,23210022146,N,AP,999,1
0870919B,23210022146,N,ST,1,3
0870919B,23210031223,N,AP,999,1
0870919B,23210031223,N,ST,15,6
0870919B,23810022106,N,AP,999,0
0870919B,23810033403,N,AP,999,1
0870919B,23810033404,N,ST,24,15
0870987A,23210022715,N,AP,999,4
0870987A,23210023223,N,AP,999,1
0870987A,23210023224,N,AP,999,3
0870987A,23210023324,N,AP,999,4
0870987A,23210023325,N,AP,999,1
0870987A,23210023326,N,AP,999,1
0870987A,23210023327,N,AP,999,8
0870987A,23210023447,N,AP,999,1
0870987A,23210023449,N,AP,999,0
0870987A,23210025524,N,AP,999,5
0870059S,,O,ST,0,4
0870059S,,O,ST,0,1
0870059S,,O,ST,0,4
0870059S,,O,ST,0,139
0870059S,,O,ST,0,187
0870059S,,O,ST,0,12
0870059S,,O,ST,0,8
0870059S,,O,ST,0,2
0870059S,,O,ST,0,4
0870059S,,O,ST,0,6
0870059S,,O,ST,0,0
0870059S,,O,ST,0,97
0870059S,,O,ST,0,2
0870059S,,O,ST,0,1
0870059S,,O,ST,0,95
0870059S,,O,ST,0,7
0870059S,,O,ST,0,50
0870059S,,O,ST,0,1
0870059S,,O,ST,0,0
0870059S,,O,ST,0,3
0870059S,,O,ST,0,0
0870059S,,O,ST,0,1
0870059S,,O,ST,0,0
0870059S,,O,ST,0,3
0870059S,,O,ST,0,0
0870059S,,O,ST,0,2
0870059S,,O,ST,0,0
0870059S,,O,ST,0,0
0870059S,,O,ST,0,0
0870059S,,O,ST,0,1
0870059S,,O,ST,0,1
0870590U,23821021203,N,ST,46,4
0870590U,23211021130,N,AP,999,4
0870590U,23811021004,N,AP,999,7
0870590U,23811021203,N,ST,54,44
0870623E,23210023223,N,AP,999,2
0870623E,23210023224,N,AP,999,1
0870623E,23210023325,N,AP,999,0
0870623E,23210023445,N,AP,999,0
0870623E,23210023446,N,AP,999,3
0870623E,23210023447,N,AP,999,2
0870623E,23210023449,N,AP,999,0
0870041X,23820025013,N,ST,12,4
0870041X,23820025411,N,ST,15,21
0870041X,23820025520,N,ST,15,9
0870041X,23820030004,N,ST,18,13
0870041X,23820031213,N,ST,24,27
0870041X,23210025439,N,AP,999,0
0870041X,23210025439,N,ST,10,14
0870041X,23210031224,N,AP,999,1
0870041X,23210031224,N,ST,12,17
0870041X,23810020008,N,ST,15,5
0870041X,23810020009,N,ST,15,9
0870041X,23810020103,N,ST,15,19
0870041X,23810030003,N,ST,18,11
0870041X,23810031211,N,ST,24,27
0871058C,23211021130,N,AP,999,8
0870051H,23820022106,N,ST,12,10
0870051H,23820033403,N,ST,12,9
0870051H,23210022142,N,ST,15,17
0870051H,23210033002,N,ST,15,9
0870051H,23810033404,N,ST,24,25
0870671G,23821021001,N,ST,19,0
0870671G,23821022108,N,ST,4,0
0870671G,23821021004,N,ST,22,3
0870671G,23811021112,N,ST,27,30
0870671G,23811021112,N,ST,32,29
0870671G,23811022108,N,ST,5,6
0870581J,23821033003,N,ST,32,10
0870581J,23821021004,N,ST,27,0
0870581J,23211021236,N,ST,16,7
0870581J,23811021112,N,ST,32,29
0870581J,23811033003,N,ST,32,40
0870974L,23211021130,N,AP,999,3
0870974L,23211021236,N,AP,999,1
0870974L,23211021405,N,AP,999,16
Total établissements sélectionnés - département HAUTE-VIENNE,,,,71922,6789
0680001G,23820025012,N,ST,20,3
0680001G,23820025520,N,ST,22,0
0680001G,23820030004,N,ST,0,0
0680001G,23820031213,N,ST,23,0
0680001G,23820033006,N,ST,22,0
0680001G,23820033007,N,ST,21,0
0680001G,23210022142,N,ST,12,13
0680001G,23210025524,N,ST,15,10
0680001G,23210031224,N,ST,15,16
0680001G,23810020008,N,ST,30,19
0680001G,23810020104,N,ST,24,22
0680001G,23810031211,N,ST,24,46
0680001G,23810033006,N,ST,24,36
0680001G,23810033007,N,ST,24,34
0680154Y,23210031224,N,AP,999,4
0680154Y,23210033002,N,ST,1,0
0680154Y,23210034405,N,AP,999,1
0680154Y,23211021405,N,AP,999,6
0680154Y,23811021405,N,AP,999,3
0680154Y,23810031211,N,ST,1,16
0680154Y,23810031212,N,AP,999,0
0680154Y,23810031213,N,AP,999,0
0680154Y,23810033006,N,AP,999,0
0680154Y,23810033006,N,ST,1,5
0680154Y,23810033007,N,AP,999,1
0680154Y,23810033007,N,ST,1,7
0681810Y,23820022706,N,ST,11,5
0681810Y,23820022707,N,ST,12,4
0681810Y,23820023004,N,ST,13,4
0681810Y,23820023005,N,ST,15,5
0681810Y,23820023203,N,ST,6,0
0681810Y,23820023210,N,ST,7,0
0681810Y,23820023404,N,ST,9,3
0681810Y,23820023405,N,ST,12,2
0681810Y,23820025411,N,ST,21,7
0681810Y,23210022715,N,AP,999,0
0681810Y,23210022715,N,ST,12,9
0681810Y,23210023006,N,AP,999,0
0681810Y,23210023122,N,AP,999,5
0681810Y,23210023124,N,AP,999,3
0681810Y,23210023223,N,AP,999,1
0681810Y,23210023224,N,AP,999,7
0681810Y,23210023224,N,ST,12,11
0681810Y,23210023324,N,AP,999,2
0681810Y,23210023324,N,ST,8,36
0681810Y,23210023325,N,AP,999,4
0681810Y,23210023325,N,ST,8,23
0681810Y,23210023326,N,AP,999,3
0681810Y,23210023327,N,AP,999,4
0681810Y,23210023327,N,ST,20,51
0681810Y,23210023329,N,AP,999,2
0681810Y,23210023446,N,AP,999,1
0681810Y,23210023446,N,ST,12,12
0681810Y,23210023447,N,AP,999,2
0681810Y,23210023449,N,AP,999,1
0681810Y,23210023449,N,ST,8,20
0681810Y,23210025437,N,ST,12,17
0681810Y,23210025439,N,AP,999,0
0681810Y,23210025524,N,AP,999,2
0681810Y,23810020006,N,ST,20,29
0681810Y,23810020008,N,ST,24,31
0681810Y,23810020103,N,ST,24,27
0681810Y,23810022706,N,AP,999,0
0681810Y,23810022707,N,AP,999,4
0681810Y,23810023007,N,ST,27,26
0681810Y,23810023210,N,AP,999,11
0681810Y,23810023404,N,ST,12,6
0681810Y,23810023409,N,ST,15,19
0681810Y,23810025520,N,AP,999,0
0682029L,23810025014,N,AP,999,4
0681498J,23210022137,N,AP,999,18
0681498J,23210022141,N,AP,999,18
0681498J,23210022143,N,AP,999,2
0681498J,23210022144,N,AP,999,0
0681498J,23210022715,N,AP,999,3
0681498J,23210023324,N,AP,999,5
0681498J,23210025225,N,AP,999,20
0681498J,23210025226,N,AP,999,5
0681498J,23210025439,N,AP,999,5
0681498J,23210025524,N,AP,999,16
0681498J,23210031224,N,AP,999,16
0681498J,23210033615,N,AP,999,9
0681498J,23210033616,N,AP,999,20
0681983L,23210022142,N,AP,999,2
0681983L,23210022146,N,AP,999,13
0681983L,23210033413,N,AP,999,6
0681983L,23810022106,N,AP,999,2
0681983L,23810033403,N,AP,999,12
0689999Z,,O,AP,0,51
0689999Z,,O,ST,0,161
0689999Z,,O,ST,0,483
0689999Z,,O,ST,0,16
0689999Z,23810020005,O,ST,0,1
0689999Z,23810030002,O,ST,0,0
0682022D,23810025012,N,AP,999,4
0682022D,23810025013,N,AP,999,2
0682022D,23810025520,N,AP,999,5
0680010S,23820022005,N,ST,21,2
0680010S,23820023405,N,ST,19,5
0680010S,23820024204,N,ST,23,0
0680010S,23820025014,N,ST,10,1
0680010S,23820025411,N,ST,18,1
0680010S,23820033007,N,ST,27,10
0680010S,23J00033002,N,ST,18,4
0680010S,23210022142,N,ST,24,37
0680010S,23210023447,N,ST,8,16
0680010S,23210025437,N,ST,7,19
0680010S,23210033002,N,ST,12,30
0680010S,23810020103,N,ST,30,34
0680010S,23810022005,N,ST,24,41
0680010S,23810023409,N,ST,24,16
0680010S,23810024204,N,ST,24,22
0680010S,23810033007,N,ST,30,62
0681882B,23820030004,N,ST,22,7
0681882B,23820031212,N,ST,11,5
0681882B,23820031213,N,ST,50,19
0681882B,23820031214,N,ST,14,4
0681882B,23820033006,N,ST,23,11
0681882B,23210031224,N,ST,48,72
0681882B,23810030003,N,ST,24,37
0681882B,23810031211,N,ST,96,135
0681882B,23810033006,N,ST,24,42
0681656F,23810020008,N,ST,1,0
0681656F,23810030003,N,ST,1,0
0681656F,23810031211,N,ST,1,0
0681656F,23810033007,N,ST,1,0
0681656F,23810033101,N,ST,1,0
0680016Y,23820025012,N,ST,21,2
0680016Y,23820025013,N,ST,8,1
0680016Y,23820025520,N,ST,13,6
0680016Y,23210025524,N,ST,12,18
0680016Y,23810020008,N,ST,14,43
0680016Y,23810020103,N,ST,12,11
0680016Y,23810020104,N,ST,24,21
0681839E,23820022106,N,ST,19,4
0681839E,23820030004,N,ST,18,0
0681839E,23820031213,N,ST,29,12
0681839E,23820033007,N,ST,29,5
0681839E,23820033403,N,ST,13,4
0681839E,23210022142,N,ST,12,18
0681839E,23210022146,N,AP,999,11
0681839E,23210031224,N,ST,30,33
0681839E,23210033413,N,AP,999,8
0681839E,23810030003,N,ST,18,15
0681839E,23810031211,N,ST,30,24
0681839E,23810033007,N,ST,30,26
0681839E,23810033404,N,ST,48,75
0681809X,23820025214,N,ST,50,16
0681809X,23820025215,N,ST,8,1
0681809X,23820025412,N,ST,18,7
0681809X,23820031106,N,ST,10,9
0681809X,23820031107,N,ST,24,0
0681809X,23820031114,N,ST,11,2
0681809X,23110031117,N,ST,12,16
0681809X,23110031124,N,ST,12,12
0681809X,23210025225,N,ST,20,104
0681809X,23210025440,N,ST,20,21
0681809X,23210025441,N,ST,20,22
0681809X,23210031122,N,ST,15,32
0681809X,23210031127,N,ST,24,52
0681809X,23810025222,N,ST,72,68
0681809X,23810025412,N,ST,18,24
0681809X,23810030003,N,ST,24,18
0681809X,23810031117,N,ST,24,44
0681817F,23820022503,N,ST,10,3
0681817F,23820025012,N,ST,10,1
0681817F,23820025520,N,ST,20,8
0681817F,23210025524,N,ST,15,35
0681817F,23810020008,N,ST,24,23
0681817F,23810020104,N,ST,10,12
0681817F,23810022503,N,ST,12,3
0681817F,23810022503,O,AP,999,0
0680027K,23820025520,N,ST,10,0
0680027K,23820030004,N,ST,0,0
0680027K,23820033007,N,ST,26,1
0680027K,23210025524,N,ST,15,7
0680027K,23210033002,N,ST,15,8
0680027K,23810020008,N,ST,12,5
0680027K,23810033007,N,ST,30,16
0682065A,23210033205,N,AP,999,0
0682065A,23210033615,N,AP,999,2
0682065A,23810033606,N,AP,999,0
0681832X,23810025012,N,AP,999,3
0681832X,23810025411,N,AP,999,5
0681832X,23810025520,N,AP,999,4
0681710P,23210025440,N,AP,999,16
0681710P,23210025441,N,AP,999,0
0681710P,23210025442,N,AP,999,3
0681710P,23210031224,N,AP,999,2
0681710P,23210033616,N,AP,999,19
0681710P,23810025224,N,AP,999,18
0681710P,23810025225,N,AP,999,3
0681710P,23810025226,N,AP,999,3
0681710P,23810025412,N,AP,999,1
0681710P,23810025413,N,AP,999,0
0681710P,23810031213,N,AP,999,2
0681962N,23210033615,N,AP,999,7
0681962N,23210033616,N,AP,999,3
0681962N,23810033604,N,AP,999,0
0681962N,23810033606,N,AP,999,3
0680037W,23820025012,N,ST,22,2
0680037W,23820025014,N,ST,14,1
0680037W,23820025519,N,ST,23,14
0680037W,23820025520,N,ST,42,34
0680037W,23820031213,N,ST,24,7
0680037W,23210025439,N,ST,15,13
0680037W,23210025524,N,ST,30,57
0680037W,23810020008,N,ST,72,115
0680037W,23810020103,N,ST,15,8
0680037W,23810020104,N,ST,24,11
0680037W,23810031211,N,ST,26,33
0680041A,23820024204,N,ST,15,0
0680041A,23820033006,N,ST,15,0
0680041A,23820033007,N,ST,59,27
0680041A,23820033104,N,ST,15,3
0680041A,23820033604,N,ST,23,13
0680041A,23820033606,N,ST,20,11
0680041A,23110033205,N,ST,15,30
0680041A,23210022142,N,ST,16,34
0680041A,23210024008,N,ST,15,12
0680041A,23810024204,N,ST,15,48
0680041A,23810033006,N,ST,15,63
0680041A,23810033007,N,ST,60,111
0680041A,23810033104,N,ST,15,25
0680041A,23810033605,N,ST,48,137
0680039Y,23820030004,N,ST,35,32
0680039Y,23820031212,N,ST,25,0
0680039Y,23820031213,N,ST,49,52
0680039Y,23820031214,N,ST,34,14
0680039Y,23210022137,N,AP,999,4
0680039Y,23210022141,N,AP,999,19
0680039Y,23210022143,N,AP,999,4
0680039Y,23210022144,N,AP,999,1
0680039Y,23210022146,O,AP,999,0
0680039Y,23210023447,O,AP,999,0
0680039Y,23210031122,N,AP,999,4
0680039Y,23210031223,N,AP,999,2
0680039Y,23210031224,N,AP,999,7
0680039Y,23210031224,N,ST,48,119
0680039Y,23210033205,N,AP,999,11
0680039Y,23210033413,O,AP,999,1
0680039Y,23810030003,N,ST,36,51
0680039Y,23810030004,N,AP,999,3
0680039Y,23810031116,N,AP,999,1
0680039Y,23810031211,N,ST,120,182
0680039Y,23810031213,N,AP,999,7
0680039Y,23810031214,N,AP,999,3
0681768C,23820022004,N,ST,25,0
0681768C,23810020104,N,ST,24,65
0680034T,23820034403,N,ST,23,0
0680034T,23810034403,N,ST,24,45
0680159D,23810030003,N,ST,28,8
0680159D,23810031211,N,ST,56,12
0682003H,23210022142,N,AP,999,0
0682003H,23210034308,N,AP,999,1
0680003J,23821021004,N,ST,32,1
0680003J,23821021113,N,ST,19,1
0680003J,23811021004,N,ST,32,31
0680003J,23811021113,N,ST,19,4
0681750H,23211021130,N,AP,999,14
0681750H,23211021405,N,AP,999,21
0681750H,23811021004,N,AP,999,10
0681750H,23811021113,N,AP,999,2
0681750H,23811021203,N,AP,999,5
0681750H,23811021405,N,AP,999,15
0680068E,23821021303,N,ST,12,2
0680068E,23820025519,N,ST,14,7
0680068E,23820031212,N,ST,0,0
0680068E,23820031213,N,ST,11,2
0680068E,23820033006,N,ST,9,5
0680068E,23820033007,N,ST,8,3
0680068E,23210022142,N,ST,12,3
0680068E,23811021404,N,ST,16,12
0680068E,23810020008,N,ST,15,12
0680068E,23810031211,N,ST,17,3
0680068E,23810033006,N,ST,12,13
0680068E,23810033007,N,ST,12,6
0680066C,23820025012,N,ST,24,0
0680066C,23820025014,N,ST,12,0
0680066C,23820025520,N,ST,22,0
0680066C,23820030004,N,ST,48,0
0680066C,23820031106,N,ST,0,0
0680066C,23820031212,N,ST,10,0
0680066C,23820031213,N,ST,12,0
0680066C,23820031214,N,ST,0,0
0680066C,23820033006,N,ST,22,0
0680066C,23210022142,N,AP,999,0
0680066C,23210022142,N,ST,12,14
0680066C,23210025521,N,AP,999,1
0680066C,23210025524,N,AP,999,1
0680066C,23210025524,N,ST,15,24
0680066C,23210031224,N,AP,999,0
0680066C,23210031224,N,ST,15,30
0680066C,23210033002,N,ST,15,11
0680066C,23810020008,N,ST,24,36
0680066C,23810020103,N,ST,12,12
0680066C,23810020104,N,ST,24,14
0680066C,23810025012,N,AP,999,1
0680066C,23810025014,N,AP,999,0
0680066C,23810025520,N,AP,999,1
0680066C,23810030003,N,ST,48,43
0680066C,23810031211,N,ST,24,58
0680066C,23810031213,N,AP,999,2
0680066C,23810033006,N,ST,24,24
0680074L,23820022106,N,ST,11,7
0680074L,23820025012,N,ST,9,1
0680074L,23820025519,N,ST,30,7
0680074L,23820030004,N,ST,14,7
0680074L,23820031213,N,ST,26,8
0680074L,23820031214,N,ST,12,1
0680074L,23820033403,N,ST,10,1
0680074L,23210022142,N,ST,12,15
0680074L,23210022146,N,AP,999,5
0680074L,23210022146,N,ST,12,29
0680074L,23210031224,N,AP,999,0
0680074L,23210031224,N,ST,15,31
0680074L,23210033413,N,AP,999,4
0680074L,23210033413,N,ST,12,17
0680074L,23810020008,N,ST,36,35
0680074L,23810020104,N,ST,12,9
0680074L,23810030003,N,ST,15,6
0680074L,23810031211,N,ST,45,29
0680074L,23810031213,N,AP,999,2
0680074L,23810033404,N,ST,24,24
0681222J,23821021114,N,ST,19,1
0681222J,23821021302,N,ST,27,5
0681222J,23821021405,N,ST,27,5
0681222J,23821022105,N,ST,19,2
0681222J,23811021404,N,ST,27,40
0681222J,23811021114,N,ST,19,10
0681222J,23811021404,N,ST,27,26
0681222J,23811022104,N,ST,19,19
0681888H,23820031212,N,ST,15,3
0681888H,23820031213,N,ST,28,0
0681888H,23820034304,N,ST,9,1
0681888H,23210022142,N,ST,12,19
0681888H,23210031224,N,ST,24,29
0681888H,23810031211,N,ST,47,43
0681888H,23810034306,N,ST,10,8
0680161F,23210022142,N,AP,999,3
0680161F,23210022142,N,ST,1,0
0680161F,23210031224,N,AP,999,1
0680161F,23210031224,N,ST,1,0
0680161F,23210033002,N,AP,999,1
0680161F,23210033002,N,ST,1,0
0680161F,23810030003,N,ST,1,0
0680161F,23810031211,N,ST,1,0
0680161F,23810033007,N,ST,1,0
Total établissements sélectionnés - département HAUT-RHIN,,,,124312,12186
0921676X,23820022106,N,ST,24,39
0921676X,23820031212,N,ST,30,25
0921676X,23820031213,N,ST,30,40
0921676X,23820031214,N,ST,15,26
0921676X,23820033007,N,ST,4,21
0921676X,23820033403,N,ST,24,17
0921676X,23J00033002,N,ST,12,12
0921676X,23110022140,N,ST,0,0
0921676X,23110033205,N,ST,12,12
0921676X,23210022146,N,AP,999,3
0921676X,23210022146,N,ST,12,13
0921676X,23210031224,N,ST,15,15
0921676X,23210033002,N,ST,24,12
0921676X,23210033413,N,ST,12,7
0921676X,23810031211,N,ST,60,73
0921676X,23810033007,N,ST,60,38
0921676X,23810033404,N,ST,48,33
0920429S,23210022142,N,ST,8,9
0920429S,23210023324,N,ST,8,10
0920429S,23210025437,N,ST,8,2
0920429S,23210025524,N,ST,8,11
0920429S,23210031224,N,ST,8,12
0920429S,23210033002,N,ST,8,6
0920150N,23C10023412,N,ST,6,2
0920150N,23820023005,N,ST,24,37
0920150N,23820023405,N,ST,12,21
0920150N,23820023408,N,ST,24,23
0920150N,23820030004,N,ST,36,26
0920150N,23820031212,N,ST,24,24
0920150N,23820031213,N,ST,12,49
0920150N,23820031214,N,ST,12,15
0920150N,23110023445,N,ST,0,0
0920150N,23210023445,N,ST,24,6
0920150N,23210031224,N,ST,24,26
0920150N,23810023007,N,ST,24,34
0920150N,23810023405,N,AP,999,3
0920150N,23810023409,N,ST,36,15
0920150N,23810030003,N,ST,26,20
0920150N,23810031211,N,ST,48,80
0920680P,23820025012,N,ST,24,19
0920680P,23820025519,N,ST,48,52
0920680P,23820025520,N,ST,24,31
0920680P,23210025524,N,AP,999,1
0920680P,23210025524,N,ST,12,28
0920680P,23210034405,N,ST,12,6
0920680P,23810020008,N,ST,72,79
0920680P,23810020104,N,ST,24,10
0921595J,23820030004,N,ST,31,21
0921595J,23820031213,N,ST,31,25
0921595J,23820031214,N,ST,31,46
0921595J,23210031224,N,ST,15,24
0921595J,23810030003,N,ST,25,21
0921595J,23810031211,N,ST,62,61
0922443F,23820030004,N,ST,30,52
0922443F,23820033006,N,ST,0,0
0922443F,23820033007,N,ST,0,0
0922443F,23210033205,N,ST,24,31
0922443F,23810030003,N,ST,30,44
0922443F,23810032304,N,ST,24,45
0922443F,23810033006,N,ST,30,38
0922443F,23810033007,N,ST,60,43
0921166T,23820025520,N,ST,24,23
0921166T,23820033006,N,ST,1,8
0921166T,23820033007,N,ST,0,0
0921166T,23210022142,N,ST,12,6
0921166T,23210025524,N,ST,12,18
0921166T,23810020008,N,ST,24,53
0921166T,23810033006,N,ST,30,14
0921166T,23810033007,N,ST,30,42
0922942Y,23210022146,N,AP,999,0
0920136Y,23820025519,N,ST,60,85
0920136Y,23820025520,N,ST,36,36
0920136Y,23210025524,N,ST,12,19
0920136Y,23810020008,N,ST,84,130
0922149L,23820022106,N,ST,36,52
0922149L,23820030004,N,ST,30,43
0922149L,23820033007,N,ST,0,0
0922149L,23820033403,N,ST,36,36
0922149L,23210022141,N,AP,999,6
0922149L,23210022141,N,ST,12,39
0922149L,23210022146,N,AP,999,6
0922149L,23210022146,N,ST,12,36
0922149L,23210033413,N,AP,999,5
0922149L,23210033413,N,ST,12,13
0922149L,23810030003,N,ST,31,71
0922149L,23810033007,N,ST,60,83
0922149L,23810033404,N,ST,72,64
0921229L,23820025520,N,ST,36,32
0921229L,23820034304,N,ST,1,12
0921229L,23210022142,N,ST,12,13
0921229L,23210025524,N,ST,24,23
0921229L,23210033002,N,ST,24,10
0921229L,23810020008,N,ST,48,31
0921229L,23810034306,N,ST,12,13
0922427N,23820032206,N,ST,12,4
0922427N,23820032207,N,ST,36,46
0922427N,23820032208,N,ST,12,9
0922427N,23820032303,N,ST,2,22
0922427N,23810032303,N,ST,24,21
0922427N,23810032210,N,ST,60,30
0922427N,23810032303,N,ST,36,108
0921625S,23820030004,N,ST,30,31
0921625S,23820031212,N,ST,30,16
0921625S,23820031213,N,ST,60,54
0921625S,23820031214,N,ST,15,25
0921625S,23810030003,N,ST,31,25
0921625S,23810031211,N,ST,93,74
0920963X,23210031224,N,ST,18,4
0920963X,23210033205,N,ST,0,0
0920963X,23810030003,N,ST,0,0
0920963X,23810031211,N,ST,40,8
0920963X,23810033007,N,ST,16,2
0920810F,23210024320,N,ST,8,1
0920810F,23210031224,N,ST,12,2
0920810F,23810020008,N,ST,12,5
0920810F,23810030003,N,ST,12,2
0920810F,23810031211,N,ST,12,4
0920810F,23810032210,N,ST,12,4
0922653J,23210025225,N,ST,20,9
0922653J,23210025440,N,AP,999,8
0922653J,23210034405,N,ST,24,12
0922653J,23210025524,N,ST,10,4
0922653J,23810020008,N,ST,16,14
0922653J,23810020104,N,ST,16,4
0922653J,23810025222,N,ST,22,8
0922653J,23810034403,N,ST,32,17
0920158X,23820025519,N,ST,72,84
0920158X,23820030004,N,ST,31,28
0920158X,23820031212,N,ST,30,21
0920158X,23820031213,N,ST,15,35
0920158X,23820031214,N,ST,16,22
0920158X,23210025524,N,AP,999,2
0920158X,23210025524,N,ST,24,11
0920158X,23810020008,N,ST,72,102
0920158X,23810030003,N,ST,31,18
0920158X,23810031211,N,ST,62,42
0921230M,23820025006,N,ST,24,19
0921230M,23820030004,N,ST,30,34
0921230M,23820033101,N,ST,0,0
0921230M,23810020103,N,ST,24,17
0921230M,23810030003,N,ST,31,50
0921230M,23810033101,N,ST,24,33
0920163C,23820022706,N,ST,12,1
0920163C,23820022707,N,ST,12,14
0920163C,23820025108,N,ST,24,12
0920163C,23820025214,N,ST,20,25
0920163C,23210025225,N,ST,10,31
0920163C,23810020008,N,ST,24,16
0920163C,23810020103,N,ST,24,11
0920163C,23810025222,N,ST,20,17
0922688X,23210023446,N,AP,999,1
0922688X,23210023447,N,AP,999,1
0922688X,23210031223,N,AP,999,2
0922688X,23211021130,N,ST,20,3
0922688X,23211021405,N,AP,999,3
0922688X,23211021405,N,ST,20,1
0922688X,23211033003,N,ST,20,5
0922688X,23811021404,N,ST,20,4
0922688X,23811033001,N,ST,20,3
0921592F,23820022106,N,ST,6,0
0921592F,23820033403,N,ST,6,1
0921592F,23820022105,N,ST,24,26
0921592F,23820022106,N,ST,6,18
0921592F,23820025519,N,ST,48,63
0921592F,23820025520,N,ST,24,16
0921592F,23820031213,N,ST,46,39
0921592F,23820031214,N,ST,15,20
0921592F,23820033403,N,ST,6,12
0921592F,23210022137,N,AP,999,7
0921592F,23210022141,N,AP,999,9
0921592F,23210022146,N,AP,999,1
0921592F,23210022146,N,ST,12,21
0921592F,23210031224,N,ST,15,13
0921592F,23210033413,N,AP,999,1
0921592F,23210033413,N,ST,12,6
0921592F,23810020008,N,ST,72,66
0921592F,23810022107,N,ST,24,21
0921592F,23810031211,N,ST,60,47
0921592F,23810033404,N,ST,36,27
0920981S,23210023447,N,ST,16,2
0920981S,23210025524,N,ST,16,9
0920981S,23810020008,N,ST,24,9
0920164D,23820030004,N,ST,12,10
0920164D,23820023004,N,ST,12,5
0920164D,23820023005,N,ST,12,14
0920164D,23820023203,N,ST,12,7
0920164D,23820023205,N,ST,6,2
0920164D,23820030004,N,ST,12,13
0920164D,23210022715,N,AP,999,3
0920164D,23210022715,N,ST,12,24
0920164D,23210023223,N,AP,999,0
0920164D,23210023223,N,ST,12,3
0920164D,23210023224,N,ST,12,6
0920164D,23210023327,N,AP,999,1
0920164D,23210023327,N,ST,12,15
0920164D,23810030003,N,ST,26,20
0920164D,23810020006,N,ST,12,7
0920164D,23810023007,N,ST,24,28
0921626T,23820025214,N,ST,20,39
0921626T,23820025216,N,ST,20,9
0921626T,23820025519,N,ST,24,32
0921626T,23820025520,N,ST,24,22
0921626T,23210025225,N,ST,10,37
0921626T,23210025227,N,ST,10,17
0921626T,23210025524,N,ST,12,23
0921626T,23810020008,N,ST,48,57
0921626T,23810025222,N,ST,40,26
0920141D,23820034403,N,ST,0,0
0920141D,23210034405,N,ST,24,20
0920141D,23810034403,N,ST,24,50
0922464D,23820024204,N,ST,0,0
0922464D,23820031213,N,ST,45,49
0922464D,23820031214,N,ST,15,20
0922464D,23J00024201,N,ST,8,12
0922464D,23210024240,N,ST,12,17
0922464D,23810024204,N,ST,48,34
0922464D,23810031211,N,ST,62,42
0922275Y,23210033615,N,AP,999,15
0922275Y,23210033616,N,AP,999,17
0920166F,23820033007,N,ST,1,19
0920166F,23820033606,N,ST,24,32
0920166F,23210033205,N,ST,22,24
0920166F,23810033007,N,ST,44,24
0920166F,23810033605,N,ST,24,47
0920985W,23810031211,N,ST,10,8
0921500F,23820031212,N,ST,30,15
0921500F,23820031213,N,ST,31,44
0921500F,23820031214,N,ST,31,27
0921500F,23210031224,N,ST,24,27
0921500F,23810031211,N,ST,93,59
0922398G,23820030004,N,ST,31,32
0922398G,23820031213,N,ST,15,32
0922398G,23820031214,N,ST,16,27
0922398G,23820033007,N,ST,0,0
0922398G,23810030003,N,ST,30,27
0922398G,23810031211,N,ST,30,83
0922398G,23810033007,N,ST,60,72
0921932A,23810020008,N,ST,28,13
0921379Z,23210022715,N,AP,999,5
0921379Z,23210023324,N,AP,999,11
0921379Z,23210023327,N,AP,999,0
0921379Z,23210023447,N,AP,999,1
0921379Z,23210023449,N,AP,999,1
0921379Z,23210025439,N,AP,999,1
0921379Z,23210025524,N,AP,999,6
0921379Z,23810022707,N,AP,999,3
0921379Z,23810023304,N,AP,999,2
0921379Z,23810023405,N,AP,999,1
0921379Z,23810025406,N,AP,999,1
0921379Z,23810025520,N,AP,999,5
0922276Z,23820022106,N,ST,24,14
0922276Z,23820030004,N,ST,30,17
0922276Z,23820031212,N,ST,15,13
0922276Z,23820031213,N,ST,30,33
0922276Z,23820031214,N,ST,15,34
0922276Z,23820033403,N,ST,24,18
0922276Z,23210022146,N,AP,999,2
0922276Z,23210022146,N,ST,12,18
0922276Z,23210031224,N,ST,15,16
0922276Z,23210033413,N,AP,999,1
0922276Z,23210033413,N,ST,12,4
0922276Z,23810022106,N,AP,999,2
0922276Z,23810030003,N,ST,31,9
0922276Z,23810031211,N,ST,60,52
0922276Z,23810033403,N,AP,999,3
0922276Z,23810033404,N,ST,24,28
0920170K,23820030004,N,ST,30,32
0920170K,23820031213,N,ST,45,60
0920170K,23820031214,N,ST,15,31
0920170K,23820033604,N,ST,30,22
0920170K,23820033606,N,ST,45,44
0920170K,23210031224,N,ST,15,22
0920170K,23210033615,N,ST,30,43
0920170K,23810030003,N,ST,31,30
0920170K,23810031211,N,ST,62,90
0920170K,23810033605,N,ST,60,56
0920802X,22113132302,N,ST,11,11
0920171L,23820022707,N,ST,24,39
0920171L,23820023405,N,ST,12,11
0920171L,23820025520,N,ST,36,27
0920171L,23210023324,N,AP,999,4
0920171L,23210023324,N,ST,12,51
0920171L,23210023447,N,AP,999,4
0920171L,23210023447,N,ST,12,8
0920171L,23210025524,N,ST,12,21
0920171L,23810020008,N,ST,60,41
0920171L,23810023409,N,ST,12,5
0921505L,23820031213,N,ST,6,6
0921505L,23820031214,N,ST,6,8
0921505L,23820030004,N,ST,24,23
0921505L,23820031212,N,ST,24,18
0921505L,23820031213,N,ST,6,29
0921505L,23820031214,N,ST,6,16
0921505L,23820033007,N,ST,0,0
0921505L,23210033205,N,ST,15,18
0921505L,23810030003,N,ST,26,15
0921505L,23810031211,N,ST,52,79
0921505L,23810033007,N,ST,28,34
0922277A,23820025214,N,ST,30,40
0922277A,23820025220,N,ST,10,5
0922277A,23820025412,N,ST,0,0
0922277A,23820025413,N,ST,0,0
0922277A,23820031106,N,ST,24,16
0922277A,23820031213,N,ST,15,13
0922277A,23820031214,N,ST,15,13
0922277A,23110025441,N,ST,0,0
0922277A,23210025225,N,ST,30,19
0922277A,23210025440,N,ST,15,15
0922277A,23810025222,N,ST,30,20
0922277A,23810025412,N,ST,10,6
0922277A,23810025413,N,ST,10,6
0922277A,23810030003,N,ST,24,13
0922277A,23810031211,N,ST,30,15
0921667M,23210025225,N,AP,999,6
0921667M,23210025440,N,AP,999,1
0921667M,23810025224,N,AP,999,3
0921667M,23810025412,N,AP,999,1
Total établissements sélectionnés - département HAUTS-DE-SEINE,,,,64065,21008
0340002T,23820033007,N,ST,30,27
0340002T,23210022142,N,ST,12,14
0340002T,23210033205,N,ST,15,34
0340002T,23810033007,N,ST,30,39
0341919B,23210025437,N,AP,999,3
0341919B,23210025438,N,AP,999,3
0341919B,23210025524,N,AP,999,4
0341919B,23810025012,N,AP,999,3
0341919B,23810025014,N,AP,999,2
0341919B,23810025411,N,AP,999,4
0341919B,23810025519,N,AP,999,18
0341919B,23810025520,N,AP,999,6
0340006X,23820022707,N,ST,15,17
0340006X,23820023004,N,ST,15,14
0340006X,23820023210,N,ST,15,19
0340006X,23820023304,N,ST,15,9
0340006X,23820025520,N,ST,15,6
0340006X,23C10023305,N,ST,15,9
0340006X,23C10023410,N,ST,15,13
0340006X,23210022715,N,ST,15,9
0340006X,23210023006,N,ST,15,12
0340006X,23210023122,N,AP,999,5
0340006X,23210023124,N,AP,999,4
0340006X,23210023124,N,ST,15,4
0340006X,23210023446,N,ST,15,3
0340006X,23210032227,N,ST,15,16
0340006X,23210032313,N,ST,15,8
0340006X,23810020006,N,ST,30,26
0340006X,23810020008,N,ST,30,13
0340006X,23810023007,N,ST,15,0
0340923U,23210033205,N,ST,18,8
0340923U,23810033006,N,ST,18,3
0340923U,23810033007,N,ST,18,6
0341607M,23211021130,N,AP,999,4
0341607M,23211021405,N,AP,999,10
0341541R,23210033205,N,AP,999,7
0340012D,23820023405,N,ST,30,23
0340012D,23820025214,N,ST,24,28
0340012D,23820025223,N,ST,24,28
0340012D,23820031212,N,ST,30,22
0340012D,23820031213,N,ST,30,44
0340012D,23820031214,N,ST,30,42
0340012D,23210023447,N,ST,15,14
0340012D,23210031224,N,ST,45,70
0340012D,23810023409,N,ST,30,6
0340012D,23810025222,N,ST,24,37
0340012D,23810025223,N,AP,999,1
0340012D,23810025223,N,ST,24,7
0340012D,23810025224,N,AP,999,4
0340012D,23810031211,N,ST,90,86
0340011C,23820020009,N,ST,15,18
0340011C,23820020102,N,ST,15,13
0340011C,23820022106,N,ST,24,25
0340011C,23820024204,N,ST,30,29
0340011C,23820025014,N,ST,15,13
0340011C,23820025519,N,ST,30,34
0340011C,23820025520,N,ST,30,56
0340011C,23820033006,N,ST,30,48
0340011C,23820033007,N,ST,60,82
0340011C,23820033403,N,ST,24,31
0340011C,23210022142,N,ST,12,16
0340011C,23210022144,N,ST,12,1
0340011C,23210022146,N,ST,24,38
0340011C,23210024240,N,ST,15,29
0340011C,23210025524,N,ST,30,71
0340011C,23210033205,N,ST,30,94
0340011C,23210033413,N,ST,12,15
0340011C,23810020008,N,ST,60,169
0340011C,23810020009,N,ST,15,20
0340011C,23810020103,N,ST,15,9
0340011C,23810020104,N,ST,15,7
0340011C,23810024204,N,ST,30,28
0340011C,23810033006,N,ST,30,55
0340011C,23810033007,N,ST,60,102
0340011C,23810033404,N,ST,48,49
0340992U,23210023006,N,AP,999,1
0340992U,23210023006,N,ST,18,3
0340992U,23210031224,N,ST,18,1
0340992U,23810020008,N,ST,30,18
0340992U,23810030003,N,ST,18,6
0340992U,23810031211,N,ST,30,13
0342156J,23210022146,N,AP,999,18
0342156J,23210025225,N,AP,999,61
0342156J,23210025226,N,AP,999,11
0342156J,23210025440,N,AP,999,28
0342156J,23210025441,N,AP,999,3
0342156J,23210025524,N,AP,999,31
0342156J,23210031224,N,AP,999,56
0342156J,23210033413,N,AP,999,31
0342156J,23210033616,N,AP,999,45
0341471P,23821033003,N,ST,25,0
0341471P,23811033001,N,ST,25,18
0341001D,23821021114,N,ST,27,2
0341001D,23821021407,N,ST,27,2
0341001D,23821022105,N,ST,27,3
0341001D,23820022005,N,ST,19,3
0341001D,23210031223,N,AP,999,8
0341001D,23811021112,N,ST,27,14
0341001D,23811022103,N,ST,27,5
0341001D,23811022104,N,ST,27,18
0341001D,23811022104,N,ST,27,7
0341921D,23820030004,N,ST,60,54
0341921D,23820031213,N,ST,60,60
0341921D,23820034403,N,ST,30,38
0341921D,23210034405,N,ST,15,33
0341921D,23810030003,N,ST,60,35
0341921D,23810031211,N,ST,60,98
0341921D,23810034403,N,ST,30,80
0342449C,23210022146,N,AP,999,6
0341472R,23821021203,N,ST,34,0
0341472R,23210022141,N,AP,999,3
0341472R,23210022142,N,AP,999,3
0341472R,23211033003,N,ST,26,11
0341472R,23811022103,N,ST,16,10
0341472R,23810022106,N,AP,999,4
0341606L,23821022108,N,ST,45,2
0341606L,23821033003,N,ST,45,11
0341606L,23211033003,N,ST,45,12
0341606L,23811022103,N,ST,45,10
0341606L,23811033001,N,ST,45,32
0341473S,23821033003,N,ST,24,2
0341473S,23211033003,N,AP,999,1
0341473S,23211033003,N,ST,24,11
0341473S,23811033001,N,ST,24,10
0341474T,23821033003,N,ST,32,4
0341474T,23211033003,N,ST,30,7
0341474T,23811033001,N,ST,32,15
0341470N,23821021001,N,ST,10,0
0341470N,23821021114,N,ST,10,0
0341470N,23821021405,N,ST,20,2
0341470N,23821033003,N,ST,30,3
0341470N,23210023123,N,AP,999,13
0341470N,23210023224,N,AP,999,11
0341470N,23211021130,N,ST,10,10
0341470N,23211021405,N,ST,15,22
0341470N,23211033003,N,ST,30,34
0341470N,23811021112,N,ST,10,7
0341470N,23811021112,N,ST,10,3
0341470N,23811021404,N,ST,20,10
0341470N,23811033001,N,ST,30,19
0342436N,23820025520,N,ST,15,21
0342436N,23820031214,N,ST,30,45
0342436N,23820034403,N,ST,18,23
0342436N,23810020008,N,ST,15,38
0342436N,23810031211,N,ST,30,60
0342436N,23810034403,N,ST,18,39
0342333B,23210033616,N,AP,999,14
0342175E,23810031211,N,ST,18,28
0342175E,23810033007,N,ST,36,14
0341794R,23820023003,N,ST,15,16
0341794R,23820025519,N,ST,50,53
0341794R,23820025519,N,ST,25,37
0341794R,23820032207,N,ST,15,21
0341794R,23820032208,N,ST,15,11
0341794R,23820032303,N,ST,45,60
0341794R,23820032304,N,ST,15,30
0341794R,23810020008,N,ST,75,104
0341794R,23810023003,N,ST,15,23
0341794R,23810032210,N,ST,30,15
0341794R,23810032303,N,ST,30,54
0341794R,23810032304,N,ST,15,40
0342512W,23210023123,N,AP,999,4
0340028W,23820025520,N,ST,15,8
0340028W,23820030004,N,ST,15,10
0340028W,23820031212,N,ST,15,6
0340028W,23820031213,N,ST,30,37
0340028W,23820032303,N,ST,30,37
0340028W,23820033007,N,ST,30,32
0340028W,23210024231,N,AP,999,0
0340028W,23210031224,N,ST,15,10
0340028W,23810020008,N,ST,15,12
0340028W,23810030003,N,ST,15,8
0340028W,23810031211,N,ST,45,16
0340028W,23810032303,N,ST,30,45
0340028W,23810033007,N,ST,30,26
0340030Y,23820030004,N,ST,48,55
0340030Y,23820031212,N,ST,15,9
0340030Y,23820031213,N,ST,30,49
0340030Y,23820031214,N,ST,15,26
0340030Y,23210031224,N,ST,15,26
0340030Y,23810030003,N,ST,48,56
0340030Y,23810031211,N,ST,60,94
0342090M,23820025520,N,ST,30,28
0342090M,23820033007,N,ST,30,33
0342090M,23210022142,N,ST,24,15
0342090M,23810020008,N,ST,30,54
0342090M,23810033007,N,ST,30,45
0341521U,23810020008,N,ST,30,21
0341521U,23810033007,N,ST,15,6
0349999J,,O,AP,20,211
0349999J,,O,ST,20,213
0349999J,,O,ST,20,43
0349999J,,O,ST,20,57
0349999J,,O,ST,20,165
0340833W,23210023326,N,ST,8,7
0340833W,23210023327,N,ST,8,21
0340833W,23210023447,N,AP,999,0
0340833W,23210023447,N,ST,8,4
0340833W,23210023449,N,ST,0,0
0340833W,23210033002,N,ST,8,13
0340833W,23211021405,N,ST,8,11
0340045P,23820031212,N,ST,15,20
0340045P,23820031213,N,ST,30,77
0340045P,23820031214,N,ST,15,34
0340045P,23820033007,N,ST,30,44
0340045P,23820033604,N,ST,24,26
0340045P,23820033606,N,ST,28,32
0340045P,23820034304,N,ST,15,3
0340045P,23210022142,N,ST,24,22
0340045P,23210031224,N,AP,999,11
0340045P,23210031224,N,ST,30,64
0340045P,23210033205,N,ST,15,66
0340045P,23210033615,N,AP,999,10
0340045P,23210033615,N,ST,14,75
0340045P,23210033616,N,AP,999,13
0340045P,23210033616,N,ST,24,63
0340045P,23210034308,N,ST,15,5
0340045P,23810031211,N,ST,60,135
0340045P,23810033007,N,ST,30,62
0340045P,23810033605,N,ST,52,86
0340045P,23810034306,N,ST,15,8
0341385W,23820022707,N,ST,30,32
0341385W,23820023004,N,ST,15,11
0341385W,23820023005,N,ST,15,13
0341385W,23820023203,N,ST,15,22
0341385W,23820023404,N,ST,24,16
0341385W,23820025406,N,ST,15,3
0341385W,23820025520,N,ST,30,28
0341385W,23210022715,N,ST,12,29
0341385W,23210023224,N,ST,12,16
0341385W,23210023324,N,ST,24,35
0341385W,23210023329,N,ST,0,0
0341385W,23210023329,N,ST,24,17
0341385W,23210023446,N,ST,12,6
0341385W,23210025524,N,ST,24,24
0341385W,23810020006,N,ST,30,13
0341385W,23810020008,N,ST,60,56
0341385W,23810023007,N,ST,30,18
0341385W,23810023404,N,ST,24,4
0340043M,23820020102,N,ST,15,3
0340043M,23820025012,N,ST,15,11
0340043M,23820025214,N,ST,48,61
0340043M,23820025216,N,ST,24,20
0340043M,23820025412,N,ST,12,7
0340043M,23820025520,N,ST,60,38
0340043M,23820030004,N,ST,30,23
0340043M,23820031106,N,ST,30,26
0340043M,23820031212,N,ST,18,19
0340043M,23820031213,N,ST,60,34
0340043M,23820031214,N,ST,30,33
0340043M,23210025225,N,AP,999,29
0340043M,23210025225,N,ST,10,56
0340043M,23210025227,N,ST,10,21
0340043M,23210025440,N,AP,999,15
0340043M,23210025440,N,ST,10,31
0340043M,23210025524,N,ST,15,42
0340043M,23210031122,N,ST,30,21
0340043M,23210031224,N,ST,15,26
0340043M,23810020008,N,ST,60,32
0340043M,23810020104,N,ST,30,8
0340043M,23810025222,N,ST,72,92
0340043M,23810025412,N,ST,12,16
0340043M,23810030003,N,ST,60,35
0340043M,23810031211,N,ST,108,58
0340042L,23820022706,N,ST,24,37
0340042L,23820025517,N,ST,24,48
0340042L,23820033101,N,ST,24,26
0340042L,23820033104,N,ST,15,27
0340042L,23810020008,N,ST,48,117
0340042L,23810033101,N,ST,24,38
0340042L,23810033104,N,ST,15,68
0340040J,23820030004,N,ST,30,72
0340040J,23820031114,N,ST,30,34
0340040J,23810030003,N,ST,60,107
0342225J,23820022105,N,ST,24,46
0342225J,23820022106,N,ST,36,50
0342225J,23820033403,N,ST,36,23
0342225J,23210022137,N,ST,12,13
0342225J,23210022140,N,ST,12,3
0342225J,23210022141,N,ST,24,49
0342225J,23210022146,N,ST,24,55
0342225J,23210033413,N,ST,24,14
0342225J,23810022107,N,ST,24,40
0342225J,23810033404,N,ST,72,70
0340991T,23810030003,N,ST,18,21
0340991T,23810031211,N,ST,48,49
0340920R,23210033205,N,ST,15,16
0340920R,23810033006,N,ST,32,12
0340920R,23810033007,N,ST,32,23
0341621C,23211021405,N,AP,999,19
0341493N,23210022715,N,AP,999,8
0341493N,23210023006,N,AP,999,3
0341493N,23210023224,N,AP,999,4
0341493N,23210023324,N,AP,999,9
0341493N,23210023325,N,AP,999,3
0341493N,23210023327,N,AP,999,8
0341493N,23210023447,N,AP,999,3
0341493N,23210023449,N,AP,999,1
0341493N,23210025439,N,AP,999,3
0341493N,23210025524,N,AP,999,4
0342347S,23210022141,N,AP,999,5
0342347S,23210033615,N,AP,999,6
0342347S,23210033616,N,AP,999,5
0340094T,,O,ST,0,12
0340094T,,O,ST,0,426
0340094T,,O,ST,0,8
0340094T,,O,ST,0,33
0340094T,,O,ST,0,93
0340094T,,O,ST,0,15
0340094T,,O,ST,0,115
0340094T,,O,ST,0,8
0340094T,,O,ST,0,29
0340094T,,O,ST,0,6
0340094T,,O,ST,0,13
0340094T,,O,ST,0,11
0340094T,,O,ST,0,10
0340094T,,O,ST,0,521
0340094T,,O,ST,0,9
0340094T,,O,ST,0,11
0340094T,,O,ST,0,9
0340094T,,O,ST,0,6
0340094T,,O,ST,0,11
0340094T,,O,ST,0,27
0340094T,,O,ST,0,16
0340094T,,O,ST,0,20
0340094T,,O,ST,0,5
0340094T,,O,ST,0,8
0340094T,,O,ST,0,1
0340094T,,O,ST,0,6
0340094T,,O,ST,0,5
0340094T,,O,ST,0,1
0340094T,,O,ST,0,2
0340094T,,O,ST,0,0
0340094T,,O,ST,0,11
0341692E,23210022142,N,AP,999,2
0341692E,23210022146,N,AP,999,5
0341692E,23210033413,N,AP,999,5
0341985Y,23210031122,N,AP,999,4
0341477W,23821021113,N,ST,24,0
0341477W,23821033003,N,ST,35,0
0341477W,23211021130,N,ST,24,14
0341477W,23211033003,N,ST,35,15
0341477W,23811021112,N,ST,24,6
0341477W,23811033001,N,ST,35,16
0341059S,23821021405,N,ST,27,11
0341059S,23821033003,N,ST,32,9
0341059S,23811021404,N,ST,27,29
0341059S,23811033001,N,ST,32,35
0340061G,23820023408,N,ST,15,19
0340061G,23820025219,N,ST,15,12
0340061G,23820025220,N,ST,15,12
0340061G,23820030004,N,ST,30,35
0340061G,23820031212,N,ST,15,13
0340061G,23820031213,N,ST,30,36
0340061G,23820031214,N,ST,15,24
0340061G,23210023123,N,ST,18,46
0340061G,23210023445,N,ST,15,7
0340061G,23210023447,N,ST,15,13
0340061G,23210025223,N,ST,10,9
0340061G,23810023409,N,ST,15,15
0340061G,23810025222,N,ST,30,25
0340061G,23810030003,N,ST,30,15
0340061G,23810031211,N,ST,60,106
0342066L,23820033006,N,ST,15,27
0342066L,23820033007,N,ST,75,74
0342066L,23810033006,N,ST,15,27
0342066L,23810033007,N,ST,75,49
0340069R,23820025216,N,ST,24,26
0340069R,23820025406,N,ST,15,9
0340069R,23820031212,N,ST,18,9
0340069R,23820033007,N,ST,30,18
0340069R,23210025227,N,ST,10,15
0340069R,23210025439,N,ST,15,12
0340069R,23210033205,N,ST,15,17
0340069R,23810020006,N,ST,15,4
0340069R,23810025222,N,ST,24,7
0340069R,23810031211,N,ST,18,2
0340069R,23810033007,N,ST,30,14
0342091N,23820030004,N,ST,60,65
0342091N,23810030003,N,ST,60,71
0340078A,23820022106,N,ST,12,13
0340078A,23820024204,N,ST,15,19
0340078A,23820024303,N,ST,15,9
0340078A,23820030004,N,ST,30,33
0340078A,23820031213,N,ST,30,32
0340078A,23820033403,N,ST,12,13
0340078A,23210022142,N,ST,12,12
0340078A,23210022146,N,ST,12,21
0340078A,23210031224,N,ST,30,32
0340078A,23210033413,N,ST,12,7
0340078A,23810024204,N,ST,15,23
0340078A,23810024304,N,ST,15,3
0340078A,23810030003,N,ST,30,27
0340078A,23810031211,N,ST,30,55
0340078A,23810033404,N,ST,24,20
0341699M,23820021204,N,ST,24,16
0341699M,23210021203,N,ST,12,4
0341699M,23210021308,N,ST,12,14
0341699M,23810020007,N,ST,24,22
0341699M,23810020007,N,ST,24,34
0341699M,23810020007,N,ST,24,21
0341699M,23810021204,N,ST,24,10
0340076Y,23820025012,N,ST,30,21
0340076Y,23820025214,N,ST,24,22
0340076Y,23820025411,N,ST,30,20
0340076Y,23820025519,N,ST,30,29
0340076Y,23820025520,N,ST,30,37
0340076Y,23820034303,N,ST,15,8
0340076Y,23210025225,N,ST,10,33
0340076Y,23210025437,N,ST,15,21
0340076Y,23810020008,N,ST,60,79
0340076Y,23810020103,N,ST,30,20
0340076Y,23810020104,N,ST,30,10
0340076Y,23810025222,N,ST,24,37
0340076Y,23810034307,N,ST,15,4
0341523W,23810030003,N,ST,18,21
0341024D,23210022137,N,AP,999,11
0341024D,23210022141,N,AP,999,12
0341024D,23210022143,N,AP,999,13
0341024D,23210022146,N,AP,999,9
0341024D,23210025224,N,AP,999,8
0341024D,23210031224,N,AP,999,10
0341024D,23210033413,N,AP,999,1
0341024D,23210033616,N,AP,999,16
Total établissements sélectionnés - département HERAULT,,,,95451,29774
0351943X,23211033003,N,ST,999,19
0351943X,23811022103,N,ST,999,9
0351943X,23811033001,N,ST,999,30
0352027N,23811033001,N,ST,999,7
0350998V,23210022137,N,AP,999,15
0350998V,23210022141,N,AP,999,29
0350998V,23210022143,N,AP,999,22
0350998V,23210022144,N,AP,999,1
0350998V,23210025225,N,AP,999,34
0350998V,23210025440,N,AP,999,18
0350998V,23210025524,N,AP,999,6
0350998V,23210033616,N,AP,999,34
0350998V,23810025224,N,AP,999,18
0350998V,23810025226,N,AP,999,8
0350998V,23810025519,N,AP,999,6
0351884H,23210022142,N,AP,999,7
0351884H,23210022146,N,AP,999,38
0351884H,23210031224,N,AP,999,36
0351884H,23210033413,N,AP,999,20
0352579N,23810031116,N,AP,999,1
0352503F,23210025437,N,AP,999,2
0352503F,23210025524,N,AP,999,2
0352503F,23810025012,N,AP,999,2
0352503F,23810025411,N,AP,999,3
0352503F,23810025520,N,AP,999,0
0350793X,23210025524,N,ST,999,8
0350793X,23210031224,N,ST,999,15
0350793X,23810020008,N,ST,999,11
0350793X,23810020104,N,ST,999,9
0350793X,23810023409,N,ST,999,33
0350793X,23810025222,N,ST,999,40
0350793X,23810031211,N,ST,999,53
0350793X,23810034307,N,ST,999,0
0352864Y,23210022142,N,AP,999,0
0350005R,23820022106,N,ST,48,71
0350005R,23820033403,N,ST,48,38
0350005R,23210022146,N,ST,24,37
0350005R,23210033413,N,ST,12,18
0350005R,23810033404,N,ST,96,131
0350918H,23211021130,N,ST,999,19
0350918H,23211033003,N,ST,999,20
0350918H,23811021112,N,ST,999,19
0350918H,23811021112,N,ST,999,35
0350918H,23811022103,N,ST,999,8
0350918H,23811033001,N,ST,999,23
0350009V,23820023405,N,ST,15,18
0350009V,23820033604,N,ST,30,26
0350009V,23820033606,N,ST,30,31
0350009V,23210023446,N,ST,12,5
0350009V,23210023447,N,ST,12,15
0350009V,23210025524,N,ST,15,16
0350009V,23210033616,N,ST,12,26
0350009V,23810023409,N,ST,15,18
0350009V,23810033605,N,ST,30,31
0350009V,23810033605,N,ST,30,49
0352043F,23210022137,N,AP,999,11
0352043F,23210022141,N,AP,999,15
0352043F,23210023224,N,AP,999,4
0352043F,23210023325,N,AP,999,0
0352043F,23210023326,N,AP,999,12
0352043F,23210023446,N,AP,999,13
0352043F,23210023447,N,AP,999,10
0352043F,23210023449,N,AP,999,1
0352043F,23210025225,N,AP,999,17
0352043F,23210031224,N,AP,999,2
0352043F,23210033616,N,AP,999,11
0352804H,23210033615,N,AP,999,9
0352804H,23210033616,N,AP,999,5
0351947B,23211033003,N,ST,999,11
0351947B,23811021404,N,ST,999,10
0351947B,23811033001,N,ST,999,27
0350761M,23820024204,N,ST,18,19
0350761M,23820024302,N,ST,15,14
0350761M,23820030004,N,ST,18,24
0350761M,23820033101,N,ST,30,31
0350761M,23210022142,N,ST,12,27
0350761M,23210033002,N,ST,12,9
0350761M,23810020008,N,ST,15,28
0350761M,23810024204,N,ST,15,11
0350761M,23810024304,N,ST,15,11
0350761M,23810030003,N,ST,18,15
0350761M,23810033101,N,ST,30,29
0350769W,23210031224,N,ST,999,10
0350769W,23810020008,N,ST,999,11
0350769W,23810031211,N,ST,999,42
0350769W,23810033007,N,ST,999,20
0350769W,23810034403,N,ST,999,17
0352025L,23211021130,N,AP,999,12
0352025L,23811021112,N,ST,999,10
0351975G,23211033003,N,ST,999,14
0351975G,23811033001,N,ST,999,8
0351974F,23811021302,N,AP,999,7
0351974F,23811021405,N,AP,999,3
0351974F,23811021404,N,ST,999,11
0351973E,23211021130,N,ST,999,9
0351973E,23811021112,N,ST,999,14
0352026M,23211021130,N,AP,999,0
0352026M,23211021130,N,ST,999,6
0352026M,23811021112,N,ST,999,7
0352026M,23811022103,N,ST,999,15
0351949D,23211033003,N,ST,999,16
0351949D,23811033001,N,ST,999,4
0352446U,23210022142,N,ST,999,1
0352446U,23210022146,N,ST,999,10
0352446U,23210033413,N,ST,999,6
0352446U,23810033404,N,ST,999,21
0351980M,23210023220,N,AP,999,4
0351980M,23210023221,N,AP,999,1
0351980M,23210025222,N,AP,999,2
0351980M,23810025220,N,AP,999,2
0351953H,23211033003,N,ST,999,14
0351953H,23811022103,N,ST,999,14
0351953H,23811033001,N,ST,999,28
0351930H,23810020008,N,ST,999,12
0351972D,23210025221,N,AP,999,9
0351972D,23210025222,N,AP,999,0
0351972D,23210025226,N,AP,999,1
0351972D,23211021130,N,AP,999,7
0351972D,23211021130,N,ST,999,15
0351972D,23811021001,N,AP,999,19
0351972D,23811021112,N,ST,999,11
0351972D,23810025219,N,AP,999,10
0351972D,23810025220,N,AP,999,1
0351972D,23810025225,N,AP,999,1
0352512R,23811021004,N,AP,999,2
0352512R,23811021112,N,ST,999,6
0351002Z,23210022714,N,AP,999,2
0351002Z,23210022715,N,AP,999,2
0351002Z,23210023223,N,AP,999,14
0351002Z,23210023224,N,AP,999,9
0351002Z,23210023324,N,AP,999,16
0351002Z,23210023325,N,AP,999,7
0351002Z,23210023327,N,AP,999,10
0351002Z,23210023447,N,AP,999,3
0351002Z,23210023449,N,AP,999,7
0351002Z,23210025524,N,AP,999,12
0351002Z,23810022707,N,AP,999,8
0351002Z,23810023203,N,AP,999,7
0350732F,23210022146,N,ST,8,16
0350732F,23210025440,N,ST,8,15
0350732F,23210025441,N,ST,8,6
0350732F,23210033413,N,ST,8,16
0351958N,23211021130,N,AP,999,22
0351958N,23211021405,N,AP,999,7
0351958N,23211033003,N,ST,999,6
0351958N,23811021112,N,ST,999,9
0351958N,23811021404,N,ST,999,10
0351958N,23811021112,N,ST,999,14
0351958N,23811022104,N,ST,999,5
0351958N,23811033001,N,ST,999,10
0350102W,23820023404,N,ST,15,15
0350102W,23820023405,N,ST,15,15
0350102W,23820025012,N,ST,15,17
0350102W,23820025519,N,ST,15,25
0350102W,23820030004,N,ST,35,27
0350102W,23820033007,N,ST,30,27
0350102W,23210022142,N,ST,12,15
0350102W,23210023224,N,ST,15,8
0350102W,23210023447,N,ST,12,20
0350102W,23210033002,N,ST,15,9
0350102W,23810020008,N,ST,15,29
0350102W,23810020104,N,ST,15,14
0350102W,23810023404,N,ST,15,12
0350102W,23810023409,N,ST,15,29
0350102W,23810030003,N,ST,30,16
0350102W,23810033007,N,ST,24,28
0350791V,23210025225,N,ST,999,7
0350791V,23210020101,N,ST,999,3
0350791V,23810020008,N,ST,999,4
0350791V,23810020103,N,ST,999,6
0350791V,23810020104,N,ST,999,8
0350791V,23810025222,N,ST,999,15
0350791V,23810025307,N,ST,999,8
0350790U,23210031224,N,ST,999,10
0350790U,23810031211,N,ST,999,38
0350805K,23210033616,N,AP,999,16
0350747X,23210022142,N,ST,8,17
0350747X,23210023224,N,ST,8,10
0350747X,23210023325,N,ST,8,13
0350747X,23210023327,N,ST,8,27
0350747X,23210024008,N,ST,8,7
0351047Y,23211021405,N,AP,999,5
0351047Y,23211021405,N,ST,999,3
0351047Y,23211033003,N,ST,999,5
0351047Y,23811021404,N,ST,999,21
0351047Y,23811022103,N,ST,999,11
0351047Y,23811033001,N,ST,999,8
0350059Z,23820031213,N,ST,32,74
0350059Z,23820031214,N,ST,32,40
0350059Z,23820033006,N,ST,24,48
0350059Z,23820033007,N,ST,60,81
0350059Z,23810031211,N,ST,64,181
0350059Z,23810033006,N,ST,24,71
0350059Z,23810033007,N,ST,60,98
0351054F,23820020009,N,ST,24,11
0351054F,23820025014,N,ST,24,13
0351054F,23820025519,N,ST,45,53
0351054F,23820030004,N,ST,30,44
0351054F,23820031212,N,ST,30,25
0351054F,23820031213,N,ST,30,48
0351054F,23820034403,N,ST,15,16
0351054F,23810020008,N,ST,45,67
0351054F,23810020009,N,ST,15,12
0351054F,23810020103,N,ST,24,9
0351054F,23810030003,N,ST,30,43
0351054F,23810031211,N,ST,54,60
0351054F,23810034403,N,ST,15,38
0351878B,23820025519,N,ST,48,63
0351878B,23820025520,N,ST,48,31
0351878B,23820030004,N,ST,60,82
0351878B,23820031213,N,ST,32,38
0351878B,23820031214,N,ST,16,21
0351878B,23820032207,N,ST,24,38
0351878B,23820032208,N,ST,24,16
0351878B,23820033007,N,ST,60,76
0351878B,23210031224,N,ST,36,82
0351878B,23210033205,N,ST,24,100
0351878B,23810020008,N,ST,96,73
0351878B,23810030003,N,ST,60,42
0351878B,23810031211,N,ST,48,72
0351878B,23810032210,N,ST,48,40
0351878B,23810033007,N,ST,60,65
0350031U,23820025012,N,ST,28,22
0350031U,23820025214,N,ST,20,47
0350031U,23820025216,N,ST,10,18
0350031U,23820025520,N,ST,24,42
0350031U,23C10025101,N,ST,12,26
0350031U,23210025137,N,ST,15,23
0350031U,23210025225,N,ST,10,76
0350031U,23210025227,N,ST,10,17
0350031U,23210025524,N,ST,24,41
0350031U,23810020008,N,ST,24,22
0350031U,23810020104,N,ST,28,13
0350031U,23810025222,N,ST,30,70
0350031U,23810025222,N,ST,10,13
0350032V,23820022105,N,ST,24,38
0350032V,23820022106,N,ST,24,24
0350032V,23820024204,N,ST,60,52
0350032V,23820031212,N,ST,32,36
0350032V,23820031213,N,ST,32,69
0350032V,23820033403,N,ST,24,38
0350032V,23210022141,N,ST,12,0
0350032V,23210022142,N,ST,12,45
0350032V,23210033002,N,ST,12,17
0350032V,23210033413,N,ST,12,32
0350032V,23810022107,N,ST,24,68
0350032V,23810024204,N,ST,48,52
0350032V,23810031211,N,ST,64,88
0350032V,23810033404,N,ST,48,75
0350030T,23820022706,N,ST,15,11
0350030T,23820022707,N,ST,15,16
0350030T,23820023004,N,ST,15,7
0350030T,23820023005,N,ST,15,33
0350030T,23820023104,N,ST,30,9
0350030T,23820023203,N,ST,30,7
0350030T,23820023303,N,ST,5,4
0350030T,23820023404,N,ST,15,10
0350030T,23820023405,N,ST,15,17
0350030T,23820025406,N,ST,10,9
0350030T,23210022715,N,ST,24,33
0350030T,23210023224,N,ST,15,19
0350030T,23210023447,N,ST,15,22
0350030T,23210025439,N,ST,15,14
0350030T,23810020006,N,ST,30,34
0350030T,23810020008,N,ST,30,18
0350030T,23810020103,N,ST,15,7
0350030T,23810023007,N,ST,45,50
0350030T,23810023404,N,ST,15,9
0350030T,23810023409,N,ST,15,17
0350776D,23210022142,N,ST,999,5
0350776D,23210031224,N,ST,999,8
0350795Z,23810030003,N,ST,999,8
0350795Z,23810031211,N,ST,999,62
0350797B,23810033006,N,ST,999,21
0350797B,23810033007,N,ST,999,31
0350063D,,N,ST,0,630
0350063D,,O,ST,0,12
0350063D,,O,ST,0,17
0350063D,,O,ST,0,11
0350063D,,O,ST,0,17
0350063D,,O,ST,0,2
0350063D,,O,ST,0,1
0350063D,,O,ST,0,9
0350063D,,O,ST,0,10
0350063D,,O,ST,0,7
0350063D,,O,ST,0,14
0350063D,,O,ST,0,4
0350063D,,O,ST,0,21
0350063D,,O,ST,0,3
0350063D,,O,ST,0,13
0350063D,,O,ST,0,272
0350063D,,O,ST,0,12
0350063D,,O,ST,0,3
0350063D,,O,ST,0,7
0350063D,,O,ST,0,2
0350063D,,O,ST,0,10
0350063D,,O,ST,0,11
0350063D,,O,ST,0,21
0350063D,,O,ST,0,2
0350063D,,O,ST,0,8
0350063D,,O,ST,0,2
0350063D,,O,ST,0,7
0350063D,,O,ST,0,3
0350063D,,O,ST,0,1
0350063D,,O,ST,0,3
0350063D,,O,ST,0,4
0350063D,,O,ST,0,100
0353017P,23210023224,N,AP,999,2
0351978K,23210022146,N,AP,999,12
0351978K,23210033413,N,AP,999,6
0351978K,23811033001,N,ST,999,10
0351978K,23811033003,N,AP,999,4
0351960R,23811022103,N,ST,999,0
0351960R,23811033001,N,ST,999,8
0350940G,23821021004,N,ST,27,22
0350940G,23821021302,N,ST,27,23
0350940G,23821021405,N,ST,19,19
0350940G,23211021405,N,ST,19,20
0350940G,23811021404,N,ST,27,20
0350940G,23811021112,N,ST,27,12
0350940G,23811021404,N,ST,27,14
0352193U,23211021130,N,AP,999,9
0351976H,23211021130,N,AP,999,1
0351976H,23211021130,N,ST,999,3
0351976H,23211021405,N,AP,999,13
0351976H,23211021405,N,ST,999,10
0351976H,23811021114,N,AP,999,2
0351976H,23811021405,N,AP,999,3
0351976H,23811021404,N,ST,999,9
0351976H,23811021112,N,ST,999,2
0352475A,23210023006,N,AP,999,6
0351883G,23210022146,N,AP,999,11
0351883G,23210031224,N,AP,999,20
0351883G,23210033413,N,AP,999,13
0352049M,23210022137,N,AP,999,9
0352049M,23210022141,N,AP,999,6
0352049M,23210023327,N,AP,999,9
0352049M,23210025223,N,AP,999,9
0352049M,23210025225,N,AP,999,22
0352049M,23210033616,N,AP,999,12
0352049M,23810025221,N,AP,999,0
0350062C,23820025012,N,ST,30,31
0350062C,23820025411,N,ST,15,14
0350062C,23820025520,N,ST,30,27
0350062C,23210033002,N,ST,15,13
0350062C,23810020008,N,ST,30,25
0350062C,23810020103,N,ST,15,25
0350062C,23810020104,N,ST,30,20
0351914R,23210021308,N,ST,12,11
0351914R,23810020007,N,ST,24,11
0351914R,23810020007,N,ST,12,13
0351914R,23810020007,N,ST,12,16
0351914R,23810021204,N,ST,12,9
0350048M,23820030004,N,ST,25,21
0350048M,23820031212,N,ST,18,17
0350048M,23820031213,N,ST,35,49
0350048M,23820031214,N,ST,18,27
0350048M,23210031224,N,ST,15,47
0350048M,23810030003,N,ST,25,13
0350048M,23810031211,N,ST,70,91
0352072M,23210031224,N,ST,999,4
0352072M,23810020008,N,ST,999,14
0352072M,23810023007,N,ST,999,15
0352072M,23810031211,N,ST,999,41
0350807M,23210022146,N,ST,999,9
0350807M,23810033404,N,ST,999,46
0352028P,23210031122,N,AP,999,9
0352028P,23811022108,N,AP,999,1
0352028P,23811022103,N,ST,999,1
0352028P,23811033001,N,ST,999,4
0352028P,23811033003,N,AP,999,1
0352960C,23210022146,N,AP,999,2
0352960C,23210033413,N,AP,999,0
0351962T,23211033003,N,ST,999,21
0351962T,23811033001,N,ST,999,16
0350050P,23820025214,N,ST,10,17
0350050P,23820025215,N,ST,20,7
0350050P,23820025412,N,ST,20,14
0350050P,23820031106,N,ST,24,11
0350050P,23820031107,N,ST,24,28
0350050P,23210025440,N,ST,10,28
0350050P,23210031122,N,ST,24,27
0350050P,23210031126,N,ST,12,46
0350050P,23210031127,N,ST,12,11
0350050P,23810025222,N,ST,30,22
0350050P,23810025412,N,ST,20,13
0350050P,23810030003,N,ST,24,6
0350050P,23810031117,N,ST,24,65
0352423U,23810022104,N,AP,999,2
0351963U,23811033001,N,ST,999,29
0350709F,23820023304,N,ST,15,19
0350709F,23820023405,N,ST,15,16
0350709F,23820025520,N,ST,15,16
0350709F,23820030004,N,ST,18,13
0350709F,23820031213,N,ST,30,32
0350709F,23C10023305,N,ST,15,19
0350709F,23210022715,N,ST,10,3
0350709F,23210023324,N,ST,5,18
0350709F,23210023327,N,ST,15,24
0350709F,23210023447,N,ST,15,11
0350709F,23210025524,N,ST,15,12
0350709F,23810020006,N,ST,15,13
0350709F,23810020008,N,ST,15,18
0350709F,23810023409,N,ST,15,16
0350709F,23810030003,N,ST,18,10
0350709F,23810031211,N,ST,30,30
0350808N,23810020008,N,ST,999,16
0350808N,23810023007,N,ST,999,17
0350808N,23810030003,N,ST,999,17
0350808N,23810031211,N,ST,999,22
0352505H,23210023327,N,AP,999,2
Total établissements sélectionnés - département ILLE-ET-VILAINE,,,,226942,19794
0360003H,23820022105,N,ST,12,11
0360003H,23820022106,N,ST,24,26
0360003H,23820025520,N,ST,24,18
0360003H,23820031213,N,ST,18,22
0360003H,23820031214,N,ST,18,21
0360003H,23820033403,N,ST,24,8
0360003H,23210022146,N,ST,12,23
0360003H,23210033413,N,ST,12,8
0360003H,23810020008,N,ST,24,7
0360003H,23810022107,N,ST,12,30
0360003H,23810031211,N,ST,36,38
0360003H,23810033404,N,ST,48,39
0369999Y,,O,ST,0,48
0369999Y,,O,ST,0,0
0369999Y,,O,ST,0,16
0360846Z,23210033615,N,AP,999,2
0360846Z,23210033616,N,AP,999,3
0360050J,23210023224,N,ST,8,9
0360050J,23210023327,N,ST,8,12
0360050J,23210023447,N,ST,4,7
0360050J,23210023449,N,ST,4,1
0360050J,23210025439,N,ST,8,12
0360050J,23210031224,N,ST,8,12
0360050J,23210034308,N,ST,8,5
0360017Y,23821021004,N,ST,1,3
0360017Y,23821021405,N,ST,1,1
0360017Y,23811021112,N,ST,54,52
0360017Y,23811021404,N,ST,27,33
0360011S,23820024204,N,ST,15,13
0360011S,23820030004,N,ST,32,27
0360011S,23820031212,N,ST,18,11
0360011S,23820031213,N,ST,16,33
0360011S,23820031214,N,ST,16,34
0360011S,23820033007,N,ST,64,69
0360011S,23210031224,N,ST,15,31
0360011S,23810024204,N,ST,15,20
0360011S,23810030003,N,ST,32,28
0360011S,23810031211,N,ST,50,92
0360011S,23810033007,N,ST,64,84
0360043B,23820025012,N,ST,15,13
0360043B,23820025304,N,ST,15,20
0360043B,23820025411,N,ST,15,11
0360043B,23820025520,N,ST,30,32
0360043B,23210025524,N,ST,12,25
0360043B,23810020008,N,ST,30,41
0360043B,23810020103,N,ST,15,18
0360043B,23810020104,N,ST,15,14
0360043B,23810025307,N,ST,15,30
0360766M,23211021130,N,AP,999,13
0360766M,23211021405,N,AP,999,13
0360766M,23811021004,N,AP,999,9
0360766M,23811021405,N,AP,999,3
0360548A,23210022137,N,AP,999,10
0360548A,23210022141,N,AP,999,12
0360548A,23210022142,N,AP,999,1
0360548A,23210022143,N,AP,999,3
0360548A,23210022144,N,AP,999,3
0360548A,23210022146,N,AP,999,17
0360548A,23210025225,N,AP,999,25
0360548A,23210025440,N,AP,999,8
0360548A,23210031224,N,AP,999,30
0360548A,23210033413,N,AP,999,7
0360548A,23210033615,N,AP,999,3
0360548A,23210033616,N,AP,999,8
0360709A,23210022715,N,AP,999,3
0360709A,23210023122,N,AP,999,2
0360709A,23210023124,N,AP,999,2
0360709A,23210023223,N,AP,999,3
0360709A,23210023224,N,AP,999,13
0360709A,23210023324,N,AP,999,5
0360709A,23210023325,N,AP,999,2
0360709A,23210023327,N,AP,999,7
0360709A,23210023447,N,AP,999,2
0360709A,23210025439,N,AP,999,2
0360709A,23210025524,N,AP,999,5
0360709A,23810023203,N,AP,999,0
0360709A,23810025520,N,AP,999,1
0360024F,23820024302,N,ST,30,27
0360024F,23820025214,N,ST,24,27
0360024F,23820031106,N,ST,18,25
0360024F,23820031107,N,ST,24,22
0360024F,23820031114,N,ST,18,11
0360024F,23210024323,N,ST,15,10
0360024F,23210031122,N,AP,0,0
0360024F,23210031122,N,ST,15,18
0360024F,23810024302,O,AP,0,2
0360024F,23810024304,N,ST,30,22
0360024F,23810025222,N,ST,24,31
0360024F,23810025224,N,AP,999,5
0360024F,23810030003,N,ST,18,16
0360024F,23810031114,N,AP,0,0
0360024F,23810031116,N,AP,999,1
0360024F,23810031117,N,ST,24,67
0360505D,23810031211,N,ST,23,5
0360019A,23820023404,N,ST,15,7
0360019A,23820023405,N,ST,15,7
0360019A,23820033006,N,ST,16,20
0360019A,23820033007,N,ST,16,16
0360019A,23210022142,N,ST,15,14
0360019A,23810023404,N,AP,999,2
0360019A,23810023404,N,ST,15,14
0360019A,23810023405,N,AP,999,1
0360019A,23810023409,N,ST,15,7
0360019A,23810033006,N,ST,16,36
0360019A,23810033007,N,ST,16,23
0360005K,23820022503,N,ST,15,14
0360005K,23820025214,N,ST,24,16
0360005K,23820025219,N,ST,12,9
0360005K,23820025221,N,ST,12,9
0360005K,23210025223,N,AP,999,0
0360005K,23210025223,N,ST,6,10
0360005K,23210025225,N,AP,999,1
0360005K,23210025225,N,ST,6,9
0360005K,23210033002,N,AP,999,4
0360005K,23210033002,N,ST,12,16
0360005K,23810022503,N,ST,15,5
0360005K,23810025219,N,AP,999,1
0360005K,23810025221,N,AP,999,1
0360005K,23810025222,N,ST,48,31
0360005K,23810025224,N,AP,999,1
0360686A,23211021237,N,AP,999,1
0360686A,23211021237,N,ST,24,6
0360686A,23811021112,N,ST,19,8
0360686A,23811021112,N,ST,32,18
Total établissements sélectionnés - département INDRE,,,,45072,3422
0371123V,23820022106,N,ST,12,15
0371123V,23820022503,N,ST,15,10
0371123V,23820025013,N,ST,15,12
0371123V,23820031212,N,ST,18,13
0371123V,23820031213,N,ST,18,27
0371123V,23820033007,N,ST,32,34
0371123V,23820033403,N,ST,12,15
0371123V,23210022146,N,ST,12,18
0371123V,23210033413,N,ST,15,8
0371123V,23810020103,N,ST,15,15
0371123V,23810022503,N,ST,15,9
0371123V,23810031211,N,ST,36,58
0371123V,23810033007,N,ST,32,44
0371123V,23810033404,N,ST,24,19
0370878D,23821021113,N,ST,1,1
0370878D,23821021211,N,ST,0,0
0370878D,23811021112,N,ST,13,8
0370878D,23811021112,N,ST,14,27
0371438M,23810025012,N,AP,999,4
0371438M,23810025014,N,AP,999,3
0371438M,23810025520,N,AP,999,4
0371395R,23211033003,N,AP,999,3
0371395R,23211033003,N,ST,25,7
0371395R,23811022103,N,ST,25,1
0371395R,23811022108,N,AP,999,1
0371395R,23811033001,N,ST,25,6
0371395R,23811033003,N,AP,999,4
0371423W,23211033003,N,AP,999,1
0371423W,23211033003,N,ST,25,8
0370794M,23821022108,N,ST,1,2
0370794M,23821033003,N,ST,1,11
0370794M,23211033003,N,ST,16,48
0370794M,23811022103,N,ST,27,6
0370794M,23811033001,N,ST,27,28
0371211R,23820025012,N,ST,15,8
0371211R,23820025520,N,ST,24,20
0371211R,23820031213,N,ST,16,17
0371211R,23820031214,N,ST,16,7
0371211R,23210025524,N,AP,999,1
0371211R,23210025524,N,ST,15,14
0371211R,23210031224,N,AP,999,0
0371211R,23210031224,N,ST,15,12
0371211R,23810020008,N,ST,24,10
0371211R,23810020104,N,ST,15,5
0371211R,23810031211,N,ST,32,15
0371211R,23810031214,N,AP,0,0
0371100V,23820025012,N,ST,24,12
0371100V,23820025214,N,ST,24,19
0371100V,23820031106,N,ST,15,10
0371100V,23820031107,N,ST,24,25
0371100V,23820034403,N,ST,24,24
0371100V,23210022146,N,ST,15,12
0371100V,23210025440,N,ST,15,13
0371100V,23210031122,N,ST,12,15
0371100V,23810020104,N,ST,24,14
0371100V,23810025222,N,ST,24,19
0371100V,23810030003,N,ST,15,9
0371100V,23810031117,N,ST,24,43
0371100V,23810034403,N,ST,24,50
0370009J,23820030004,N,ST,18,15
0370009J,23820031213,N,ST,18,30
0370009J,23810030003,N,ST,18,15
0370009J,23810031211,N,ST,18,54
0370781Y,23821021004,N,ST,1,2
0370781Y,23821021114,N,ST,1,1
0370781Y,23811021112,N,ST,19,9
0370781Y,23811021112,N,ST,27,23
0371436K,23211021130,N,AP,999,8
0371436K,23211021236,N,AP,999,2
0371436K,23211021237,N,AP,999,8
0371436K,23211021405,N,AP,999,37
0371436K,23811021004,N,AP,999,9
0371436K,23811021211,N,AP,999,10
0371436K,23811021405,N,AP,999,25
0371800F,23210031223,N,AP,999,4
0370888P,23820023304,N,ST,24,16
0370888P,23820023408,N,ST,15,16
0370888P,23820024202,N,ST,15,13
0370888P,23210023445,N,ST,15,17
0370888P,23210025521,N,AP,999,5
0370888P,23810020006,N,ST,24,41
0370888P,23810022404,N,ST,12,14
0370888P,23810023003,N,ST,15,29
0370888P,23810023409,N,ST,15,34
0370888P,23810024202,N,ST,15,14
0370888P,23810032303,N,ST,12,41
0370748M,23210023006,N,ST,15,9
0370748M,23810020008,N,ST,45,13
0370748M,23810023007,N,ST,15,5
0371701Y,23810023104,N,AP,999,1
0371701Y,23810025520,N,AP,999,1
0370811F,23210022137,N,AP,999,27
0370811F,23210022141,N,AP,999,60
0370811F,23210022143,N,AP,999,13
0370811F,23210022144,N,AP,999,10
0370811F,23210022324,N,AP,999,0
0370811F,23210022349,N,AP,999,0
0370811F,23210022350,N,AP,999,1
0370811F,23210022351,N,AP,999,0
0370811F,23210022425,N,AP,999,1
0370811F,23210024238,N,AP,999,0
0370811F,23210024239,N,AP,999,2
0370811F,23210024318,N,AP,999,1
0370811F,23210024320,N,AP,999,2
0370811F,23210024321,N,AP,999,0
0370811F,23210025136,N,AP,999,1
0370811F,23210025137,N,AP,999,6
0370811F,23210025225,N,AP,999,52
0370811F,23210025227,N,AP,999,11
0370811F,23210031224,N,AP,999,27
0370811F,23210033107,N,AP,999,0
0370811F,23210033615,N,AP,999,41
0370811F,23210033616,N,AP,999,53
0370811F,23810025224,N,AP,999,16
0370811F,23810031213,N,AP,999,12
0370811F,23810031214,N,AP,999,1
0371422V,23211033003,N,ST,25,6
0371259T,23211021405,N,AP,999,7
0371259T,23211021405,N,ST,20,13
0371259T,23211033003,N,ST,15,12
0371259T,23811021404,N,ST,15,7
0370016S,23820023405,N,ST,15,9
0370016S,23820025014,N,ST,12,11
0370016S,23820025519,N,ST,15,18
0370016S,23820031212,N,ST,16,16
0370016S,23820031213,N,ST,18,22
0370016S,23820033007,N,ST,15,15
0370016S,23210031224,N,ST,15,16
0370016S,23210033002,N,ST,15,6
0370016S,23810020008,N,ST,15,26
0370016S,23810020103,N,ST,12,7
0370016S,23810023409,N,ST,15,12
0370016S,23810031211,N,ST,34,37
0370016S,23810033007,N,ST,15,20
0371486P,23211021314,N,AP,999,6
0371486P,23211021314,N,ST,15,4
0371486P,23811021404,N,ST,20,8
0371486P,23811033001,N,ST,23,19
0371256P,23811021203,N,AP,999,10
0371256P,23811022103,N,ST,25,12
0371256P,23811021407,N,AP,999,0
0371256P,23811022103,N,ST,12,0
0371409F,23211021130,N,AP,999,5
0371409F,23211021130,N,ST,25,2
0371409F,23211021237,N,AP,999,2
0371409F,23211021237,N,ST,25,14
0371409F,23211021405,N,AP,999,5
0371409F,23811021001,N,AP,999,0
0371409F,23811021004,N,AP,999,5
0371409F,23811021112,N,ST,25,4
0371409F,23811021112,N,ST,25,10
0371409F,23811021404,N,ST,25,2
0371409F,23811021405,N,AP,999,2
0370054H,23820022706,N,ST,15,9
0370054H,23820023004,N,ST,15,14
0370054H,23820023005,N,ST,15,18
0370054H,23820023203,N,ST,15,10
0370054H,23820023210,N,ST,15,23
0370054H,23820023303,N,ST,15,13
0370054H,23820023405,N,ST,15,9
0370054H,23820025517,N,ST,15,16
0370054H,23210023324,N,ST,15,27
0370054H,23210023447,N,ST,15,14
0370054H,23810020006,N,ST,45,32
0370054H,23810020008,N,ST,30,16
0370054H,23810022706,N,AP,999,2
0370054H,23810023007,N,ST,30,34
0370054H,23810023203,N,AP,999,3
0370054H,23810023210,N,AP,999,2
0370054H,23810023303,N,AP,999,1
0370054H,23810023409,N,ST,15,7
0370054H,23810025517,N,AP,999,0
0370984U,23210022715,N,AP,999,5
0370984U,23210023006,N,AP,999,2
0370984U,23210023122,N,AP,999,13
0370984U,23210023124,N,AP,999,13
0370984U,23210023220,N,AP,999,4
0370984U,23210023223,N,AP,999,12
0370984U,23210023224,N,AP,999,16
0370984U,23210023324,N,AP,999,15
0370984U,23210023325,N,AP,999,5
0370984U,23210023327,N,AP,999,21
0370984U,23210023446,N,AP,999,2
0370984U,23210023447,N,AP,999,11
0370984U,23210023449,N,AP,999,3
0370984U,23210025524,N,AP,999,12
0370984U,23810023210,N,AP,999,8
0370984U,23810025520,N,AP,999,3
0370983T,23210025221,N,AP,999,11
0370983T,23210025222,N,AP,999,4
0370983T,23210025223,N,AP,999,10
0370983T,23210025225,N,AP,999,10
0370983T,23810025219,N,AP,999,16
0370983T,23810025220,N,AP,999,4
0370983T,23810025221,N,AP,999,3
0370983T,23810025224,N,AP,999,9
0379999T,,O,ST,0,138
0379999T,,O,ST,0,3
0379999T,,O,ST,0,91
0371411H,23210033615,N,AP,999,8
0370040T,23820022106,N,ST,36,37
0370040T,23820025214,N,ST,45,47
0370040T,23820025412,N,ST,12,12
0370040T,23820031106,N,ST,24,21
0370040T,23820032207,N,ST,24,35
0370040T,23820032208,N,ST,24,8
0370040T,23820033403,N,ST,36,37
0370040T,23210022146,N,ST,12,37
0370040T,23210025227,N,ST,12,30
0370040T,23210025440,N,ST,12,33
0370040T,23210033413,N,ST,12,24
0370040T,23810025222,N,ST,45,87
0370040T,23810025412,N,ST,12,21
0370040T,23810030003,N,ST,24,24
0370040T,23810032210,N,ST,48,35
0370040T,23810033404,N,ST,72,67
0370032J,23820024204,N,ST,30,45
0370032J,23820030004,N,ST,24,32
0370032J,23820031212,N,ST,32,17
0370032J,23820031213,N,ST,32,46
0370032J,23820031214,N,ST,16,50
0370032J,23820033006,N,ST,32,44
0370032J,23820033007,N,ST,64,82
0370032J,23810024204,N,ST,30,53
0370032J,23810030003,N,ST,24,30
0370032J,23810031211,N,ST,80,140
0370032J,23810033006,N,ST,32,85
0370032J,23810033007,N,ST,64,120
0370053G,23820020009,N,ST,15,13
0370053G,23820025012,N,ST,24,24
0370053G,23820025014,N,ST,15,7
0370053G,23820025411,N,ST,24,35
0370053G,23210020101,N,AP,999,0
0370053G,23210020101,N,ST,15,8
0370053G,23210025439,N,AP,999,1
0370053G,23210025439,N,ST,12,21
0370053G,23810020009,N,ST,15,28
0370053G,23810020103,N,ST,39,27
0370053G,23810020104,N,ST,24,14
0371099U,23820025519,N,ST,48,72
0371099U,23820025520,N,ST,48,34
0371099U,23210022142,N,ST,36,27
0371099U,23810020008,N,ST,96,140
0370771M,23820030004,N,ST,32,45
0370771M,23820031212,N,ST,16,18
0370771M,23820031213,N,ST,48,73
0370771M,23820031214,N,ST,32,53
0370771M,23210031224,N,ST,30,78
0370771M,23810030003,N,ST,32,43
0370771M,23810031211,N,ST,96,154
0370771M,23810032304,N,ST,24,37
0370771M,23810033104,N,ST,15,40
0371532P,23810033605,N,ST,30,34
0370757X,23210031224,N,ST,24,13
0370757X,23810020008,N,ST,15,23
0370757X,23810030003,N,ST,15,7
0370757X,23810031211,N,ST,105,40
0370757X,23810033404,N,ST,30,15
0370757X,,N,ST,24,21
0371328T,23210033002,N,ST,12,0
0371328T,23810033007,N,ST,45,33
0371253L,23211033003,N,ST,25,31
0371253L,23811033001,N,ST,40,13
0371561W,23210033615,N,AP,999,6
0371561W,23210033616,N,AP,999,30
0371437L,23210023446,N,AP,999,27
0371437L,23210025439,N,AP,999,9
0371515W,23210034308,N,AP,999,7
0371515W,23810034306,N,AP,999,0
0370825W,23210022142,N,AP,999,14
0370825W,23210022146,N,AP,999,20
0370825W,23210025440,N,AP,999,24
0370825W,23210025441,N,AP,999,1
0370825W,23210031224,N,AP,999,24
0370825W,23210033413,N,AP,999,11
0370825W,23810022106,N,AP,999,6
0370825W,23810025412,N,AP,999,2
0370825W,23810031213,N,AP,999,7
0370825W,23810033403,N,AP,999,4
Total établissements sélectionnés - département INDRE-ET-LOIRE,,,,113063,11455
0381741L,23210022146,N,ST,12,6
0381741L,23210033413,N,ST,12,5
0381741L,23810031211,N,ST,15,13
0381741L,23810033007,N,ST,24,13
0381867Y,23210025437,N,AP,999,11
0381867Y,23210025438,N,AP,999,4
0381867Y,23210025524,N,AP,999,1
0381867Y,23810025012,N,AP,999,2
0381867Y,23810025013,N,AP,999,2
0381867Y,23810025014,N,AP,999,2
0381867Y,23810025411,N,AP,999,8
0381867Y,23810025520,N,AP,999,5
0380010E,23820030004,N,ST,48,62
0380010E,23820031213,N,ST,30,39
0380010E,23820031214,N,ST,30,51
0380010E,23820033007,N,ST,24,33
0380010E,23820034403,N,ST,18,29
0380010E,23210022142,N,ST,24,29
0380010E,23210031224,N,ST,12,51
0380010E,23210033002,N,ST,12,11
0380010E,23210033205,N,ST,12,53
0380010E,23810030003,N,ST,48,42
0380010E,23810031211,N,ST,60,124
0380010E,23810033007,N,ST,24,48
0380010E,23810034403,N,ST,18,68
0382271M,23820024202,N,ST,15,13
0382271M,23820024204,N,ST,15,17
0382271M,23820025012,N,ST,24,28
0382271M,23820025014,N,ST,24,7
0382271M,23820025214,N,ST,30,30
0382271M,23820025411,N,ST,15,18
0382271M,23820025412,N,ST,20,17
0382271M,23820025520,N,ST,30,33
0382271M,23210023445,N,ST,12,10
0382271M,23210023447,N,ST,12,14
0382271M,23210024240,N,ST,12,15
0382271M,23210025437,N,ST,12,12
0382271M,23210025439,N,ST,15,12
0382271M,23210025524,N,ST,12,31
0382271M,23810020008,N,ST,15,56
0382271M,23810020103,N,ST,39,23
0382271M,23810020104,N,ST,24,13
0382271M,23810024202,N,ST,15,8
0382271M,23810024204,N,ST,15,22
0382271M,23810025222,N,ST,30,57
0382271M,23810025412,N,ST,20,25
0382432M,23210031224,N,AP,999,7
0382436S,23211021130,N,ST,24,20
0382432M,23211033003,N,ST,25,16
0382436S,23811021112,N,ST,24,8
0382432M,23811022108,N,AP,999,7
0382432M,23811022103,N,ST,50,35
0382436S,23811021112,N,ST,36,24
0383249A,23210022715,N,AP,999,14
0383249A,23210023124,N,AP,999,25
0383249A,23210023224,N,AP,999,23
0383249A,23210023324,N,AP,999,25
0383249A,23210023325,N,AP,999,6
0383249A,23210023326,N,AP,999,11
0383249A,23210023327,N,AP,999,14
0383249A,23210023446,N,AP,999,4
0383249A,23210023447,N,AP,999,3
0383249A,23210023449,N,AP,999,1
0383249A,23210025439,N,AP,999,5
0383249A,23210025524,N,AP,999,20
0383249A,23810025520,N,AP,999,4
0382441X,23210022137,N,AP,999,21
0382441X,23210022141,N,AP,999,23
0382441X,23210022143,N,AP,999,16
0382441X,23210022144,N,AP,999,3
0382441X,23210022146,N,AP,999,21
0382441X,23210025225,N,AP,999,33
0382441X,23210025440,N,AP,999,16
0382441X,23210031224,N,AP,999,27
0382441X,23210033413,N,AP,999,18
0382441X,23210033615,N,AP,999,36
0382441X,23210033616,N,AP,999,59
0382441X,23810025224,N,AP,999,20
0382369U,23211033003,N,ST,35,5
0382439V,23210023006,N,AP,999,6
0382439V,23210023224,N,AP,999,4
0382439V,23210023324,N,AP,999,14
0382439V,23210023446,N,AP,999,3
0382439V,23811021112,N,ST,30,15
0382107J,23210023006,N,ST,8,14
0382107J,23210023447,N,ST,8,4
0382107J,23211021130,N,ST,8,5
0382107J,23211021405,N,ST,8,15
0383208F,23210033205,N,ST,15,12
0383208F,23810030003,N,ST,24,23
0383208F,23810033007,N,ST,48,26
0381809K,23210031224,N,AP,999,5
0381809K,23210031224,N,ST,12,11
0381809K,23210033205,N,ST,12,19
0381809K,23810031211,N,ST,15,17
0381809K,23810033007,N,ST,24,15
0382437T,23211021237,N,ST,25,24
0382437T,23811021112,N,ST,60,53
0382442Y,23210025221,N,AP,999,4
0382442Y,23210025222,N,AP,999,3
0382442Y,23210025223,N,AP,999,3
0382442Y,23810025219,N,AP,999,16
0382442Y,23810025220,N,AP,999,3
0382442Y,23810025221,N,AP,999,4
0382031B,23820025012,N,ST,15,14
0382031B,23820025519,N,ST,30,22
0382031B,23820025520,N,ST,30,51
0382031B,23210025524,N,ST,24,20
0382031B,23810020008,N,ST,60,40
0382031B,23810020104,N,ST,15,6
0383174U,23210023326,N,AP,999,2
0383174U,23210023327,N,AP,999,5
0383174U,23210023328,N,AP,999,0
0383174U,23210023446,N,AP,999,3
0383174U,23210023447,N,AP,999,7
0383174U,23810023404,N,AP,999,1
0383174U,23810023405,N,AP,999,0
0382433N,23210031223,N,AP,999,13
0382433N,23211021405,N,AP,999,25
0382433N,23211021405,N,ST,40,8
0382433N,23811022103,N,ST,25,7
0382433N,23811021405,N,AP,999,6
0382433N,23811021404,N,ST,25,14
0380023U,23820024204,N,ST,30,23
0380023U,23820030004,N,ST,24,27
0380023U,23820033604,N,ST,12,15
0380023U,23820033606,N,ST,28,36
0380023U,23820034304,N,ST,15,4
0380023U,23210022142,N,ST,24,26
0380023U,23210024008,N,ST,12,1
0380023U,23210033615,N,ST,12,39
0380023U,23210033616,N,ST,12,36
0380023U,23210034308,N,ST,12,9
0380023U,23810024204,N,ST,30,10
0380023U,23810030003,N,ST,24,20
0380023U,23810033605,N,ST,40,75
0380023U,23810034306,N,ST,15,3
0382274R,23820025006,N,ST,12,10
0382274R,23820025411,N,ST,12,15
0382274R,23820025520,N,ST,12,23
0382274R,23820033007,N,ST,24,30
0382274R,23210025437,N,ST,12,8
0382274R,23210025439,N,ST,12,9
0382274R,23210025524,N,ST,12,15
0382274R,23210033002,N,ST,12,11
0382274R,23210033205,N,ST,12,34
0382274R,23810020008,N,ST,12,13
0382274R,23810020103,N,ST,24,22
0382274R,23810033007,N,ST,24,31
0383053M,23210033615,N,AP,999,17
0383053M,23210033616,N,AP,999,7
0380036H,23820025214,N,ST,60,53
0380036H,23820025220,N,ST,20,14
0380036H,23820025412,N,ST,20,19
0380036H,23820034403,N,ST,24,29
0380036H,23210025225,N,ST,10,57
0380036H,23210025441,N,ST,10,22
0380036H,23210034405,N,ST,15,12
0380036H,23810025222,N,ST,80,56
0380036H,23810025412,N,ST,20,23
0380036H,23810034403,N,ST,24,62
0381603L,23820022004,N,ST,24,19
0381603L,23820024204,N,ST,30,43
0381603L,23820030004,N,ST,30,41
0381603L,23820031106,N,ST,24,12
0381603L,23820032207,N,ST,12,14
0381603L,23820032208,N,ST,12,10
0381603L,23820032303,N,ST,30,33
0381603L,23820033101,N,ST,30,28
0381603L,23210024240,N,ST,24,19
0381603L,23210031122,N,ST,12,18
0381603L,23810020104,N,ST,24,3
0381603L,23810024204,N,ST,30,25
0381603L,23810030003,N,ST,54,48
0381603L,23810032210,N,ST,24,9
0381603L,23810032303,N,ST,30,55
0381603L,23810033101,N,ST,30,21
0380032D,23820031212,N,ST,30,34
0380032D,23820031213,N,ST,60,76
0380032D,23820031214,N,ST,30,43
0380032D,23210031224,N,ST,48,73
0380032D,23810031211,N,ST,120,210
0380035G,23820022105,N,ST,24,27
0380035G,23820022106,N,ST,36,41
0380035G,23820033403,N,ST,36,35
0380035G,23210022141,N,ST,12,35
0380035G,23210022146,N,ST,24,41
0380035G,23210033413,N,ST,24,15
0380035G,23810022107,N,ST,24,47
0380035G,23810033404,N,ST,72,108
0380033E,23820020102,N,ST,15,12
0380033E,23820025012,N,ST,60,42
0380033E,23820025014,N,ST,15,9
0380033E,23820025519,N,ST,45,52
0380033E,23210020101,N,ST,24,13
0380033E,23810020008,N,ST,45,92
0380033E,23810020103,N,ST,15,10
0380033E,23810020104,N,ST,75,24
0380034F,23820030004,N,ST,15,27
0380034F,23820033006,N,ST,24,31
0380034F,23820033007,N,ST,60,85
0380034F,23210033205,N,ST,24,54
0380034F,23810030003,N,ST,15,47
0380034F,23810033006,N,ST,24,23
0380034F,23810033007,N,ST,60,86
0381806G,23210033002,N,ST,12,0
0381806G,23810033007,N,ST,24,17
0381758E,23210023006,N,ST,12,4
0381758E,23210031224,N,AP,999,0
0381758E,23210031224,N,ST,12,10
0381758E,23810023007,N,ST,27,14
0381758E,23810030003,N,ST,15,11
0381758E,23810031211,N,ST,60,30
0381861S,23210022137,N,AP,999,9
0381861S,23210022141,N,AP,999,16
0381861S,23210022143,N,AP,999,7
0381861S,23210022144,N,AP,999,2
0381861S,23210022145,N,AP,999,1
0381861S,23210022146,N,AP,999,17
0381861S,23210022715,N,AP,999,9
0381861S,23210023224,N,AP,999,7
0381861S,23210023324,N,AP,999,8
0381861S,23210023325,N,AP,999,3
0381861S,23210023327,N,AP,999,4
0381861S,23210023446,N,AP,999,1
0381861S,23210023447,N,AP,999,3
0381861S,23210023449,N,AP,999,4
0381861S,23210025225,N,AP,999,25
0381861S,23210025227,N,AP,999,11
0381861S,23210025439,N,AP,999,4
0381861S,23210025440,N,AP,999,10
0381861S,23210025524,N,AP,999,7
0381861S,23210031223,N,AP,999,9
0381861S,23210031224,N,AP,999,19
0381861S,23210033413,N,AP,999,4
0381861S,23210033615,N,AP,999,14
0381861S,23210033616,N,AP,999,32
0381861S,23210034301,N,AP,999,1
0381861S,23810025224,N,AP,999,12
0381861S,23810030004,N,AP,999,5
0380105H,,O,ST,0,13
0380105H,,O,ST,0,219
0380105H,,O,ST,0,66
0380105H,,O,ST,0,16
0380105H,,O,ST,0,79
0380105H,,O,ST,0,37
0380105H,,O,ST,0,13
0380105H,,O,ST,0,721
0380105H,,O,ST,0,116
0380105H,,O,ST,0,4
0380105H,,O,ST,0,10
0380105H,,O,ST,0,13
0380105H,,O,ST,0,9
0380105H,,O,ST,0,18
0380105H,,O,ST,0,10
0380105H,,O,ST,0,8
0380105H,,O,ST,0,4
0380105H,,O,ST,0,2
0380105H,,O,ST,0,26
0380105H,,O,ST,0,26
0380105H,,O,ST,0,16
0380105H,,O,ST,0,23
0380105H,,O,ST,0,1
0380105H,,O,ST,0,9
0380105H,,O,ST,0,1
0380105H,,O,ST,0,2
0380105H,,O,ST,0,3
0380105H,,O,ST,0,0
0380105H,,O,ST,0,2
0380105H,,O,ST,0,3
0380105H,,O,ST,0,13
0383166K,23811021004,N,AP,999,9
0381819W,23211021130,N,ST,16,12
0381819W,23811021112,N,ST,27,36
0380014J,23820023405,N,ST,15,14
0380014J,23820025012,N,ST,15,15
0380014J,23820025406,N,ST,10,8
0380014J,23820030004,N,ST,15,16
0380014J,23820031213,N,ST,15,18
0380014J,23210022715,N,ST,12,23
0380014J,23210023327,N,ST,12,18
0380014J,23210023447,N,ST,12,10
0380014J,23210025439,N,ST,12,6
0380014J,23210031224,N,ST,12,16
0380014J,23810020006,N,ST,14,9
0380014J,23810020104,N,ST,15,15
0380014J,23810023409,N,ST,15,9
0380014J,23810030003,N,ST,15,15
0380014J,23810031211,N,ST,15,34
0382893N,23210023006,N,ST,12,6
0382893N,23210025227,N,ST,12,11
0382370V,23811033001,N,ST,32,14
0380049X,23820025012,N,ST,10,10
0380049X,23820031212,N,ST,15,9
0380049X,23820031213,N,ST,7,12
0380049X,23820031214,N,ST,8,9
0380049X,23210020101,N,ST,12,2
0380049X,23210031224,N,ST,12,4
0380049X,23810020104,N,ST,12,8
0380049X,23810031211,N,ST,30,10
0380049X,23810031211,N,ST,0,0
0381888W,23211021130,N,ST,19,21
0381888W,23811021112,N,ST,19,6
0381888W,23811022103,N,ST,19,4
0381888W,23811022103,N,ST,27,21
0380073Y,23820020102,N,ST,12,4
0380073Y,23820024204,N,ST,12,16
0380073Y,23820025012,N,ST,15,13
0380073Y,23210020101,N,ST,12,4
0380073Y,23210024240,N,ST,12,14
0380073Y,23810020104,N,ST,15,9
0381733C,23210033616,N,ST,15,13
0381733C,23810030003,N,ST,15,14
0381733C,23810033605,N,ST,24,25
0381732B,23810020104,N,ST,24,17
0382373Y,23211033003,N,ST,35,21
0382373Y,23811022103,N,ST,35,5
0382373Y,23811033001,N,ST,35,20
0380053B,23820025012,N,ST,15,13
0380053B,23820025216,N,ST,10,19
0380053B,23820025519,N,ST,15,11
0380053B,23820025520,N,ST,15,19
0380053B,23820030004,N,ST,24,26
0380053B,23210025223,N,ST,10,15
0380053B,23210025227,N,ST,10,26
0380053B,23210031224,N,ST,24,21
0380053B,23810020008,N,ST,30,42
0380053B,23810020104,N,ST,15,11
0380053B,23810025222,N,ST,10,22
0380053B,23810030003,N,ST,24,27
0383247Y,23210022142,N,AP,999,1
0383247Y,23210022146,N,AP,999,4
0383247Y,23210031221,N,AP,999,1
0383247Y,23210031224,N,AP,999,8
0382895R,23820031106,N,ST,30,29
0382895R,23820031114,N,ST,15,17
0382895R,23210031122,N,AP,999,6
0382895R,23210031122,N,ST,24,25
0382895R,23810030003,N,ST,45,31
0382863F,23820025303,N,ST,12,18
0382863F,23810025307,N,ST,12,43
0382938M,23811022104,N,ST,15,0
0383057S,23810025012,N,AP,999,2
0383057S,23810025013,N,AP,999,1
0383057S,23810025014,N,AP,999,2
0383057S,23810025411,N,AP,999,11
0383057S,23810025520,N,AP,999,6
0383173T,23210023123,N,AP,999,152
0383173T,23210023220,N,AP,999,1
0383173T,23210023221,N,AP,999,3
0383173T,23210025222,N,AP,999,8
0382908E,23811033001,N,ST,45,45
0383072H,23810020008,N,ST,30,36
0383072H,23810033007,N,ST,24,22
0382169B,23810020104,N,ST,15,1
0381602K,23820025012,N,ST,12,13
0381602K,23820025517,N,ST,12,16
0381602K,23820025519,N,ST,24,24
0381602K,23820025520,N,ST,24,17
0381602K,23820030004,N,ST,24,29
0381602K,23210022714,N,ST,12,32
0381602K,23210031224,N,ST,24,19
0381602K,23810020008,N,ST,60,63
0381602K,23810020104,N,ST,12,15
0381602K,23810030003,N,ST,24,26
0381599G,23820025012,N,ST,24,25
0381599G,23820025520,N,ST,24,20
0381599G,23820030004,N,ST,24,29
0381599G,23820031213,N,ST,15,22
0381599G,23820031214,N,ST,15,18
0381599G,23210025524,N,ST,24,31
0381599G,23210031224,N,ST,12,21
0381599G,23810020008,N,ST,24,31
0381599G,23810020104,N,ST,24,14
0381599G,23810030003,N,ST,24,33
0381599G,23810031211,N,ST,30,54
0382435R,23210025524,N,AP,999,5
0382435R,23811021112,N,ST,35,52
0382435R,23810025520,N,AP,999,7
0382275S,23210023447,N,AP,999,11
0382275S,23210025225,N,AP,999,26
0382275S,23810025224,N,AP,999,13
0382434P,23211033003,N,ST,20,11
0382434P,23811033001,N,ST,35,18
0383232G,23810022706,N,AP,999,2
0383232G,23810025519,N,AP,999,20
0383354P,23211021405,N,AP,999,9
0383354P,23811021405,N,AP,999,10
0381817U,23811021404,N,ST,32,32
0381817U,23811021404,N,ST,32,17
0382375A,23211021405,N,AP,999,4
0382375A,23211033003,N,ST,35,16
0382375A,23811033001,N,ST,35,22
0382376B,23211033003,N,ST,25,15
0382376B,23811033001,N,ST,32,15
0380063M,23820025012,N,ST,15,17
0380063M,23820025520,N,ST,12,16
0380063M,23820031212,N,ST,15,11
0380063M,23820031213,N,ST,15,23
0380063M,23210025524,N,ST,12,4
0380063M,23210031224,N,ST,12,15
0380063M,23810020008,N,ST,12,8
0380063M,23810020104,N,ST,15,4
0380063M,23810031211,N,ST,30,40
0382203N,23820020009,N,ST,15,17
0382203N,23820025411,N,ST,15,15
0382203N,23820025520,N,ST,30,42
0382203N,23210025437,N,ST,12,6
0382203N,23210025524,N,ST,24,23
0382203N,23810020008,N,ST,30,60
0382203N,23810020009,N,ST,15,13
0382203N,23810020103,N,ST,15,10
0382910G,23210031126,N,AP,999,5
0382910G,23810031114,N,AP,999,1
0382910G,23810031116,N,AP,999,1
0382910G,23810031117,N,AP,999,10
0382378D,23811022103,N,ST,15,6
0382378D,23811033001,N,ST,29,23
0383590W,23210031224,N,AP,999,0
0383590W,23210033205,N,AP,999,1
0382099A,23820022706,N,ST,15,9
0382099A,23820022707,N,ST,30,17
0382099A,23820023004,N,ST,15,9
0382099A,23820023203,N,ST,15,11
0382099A,23820023404,N,ST,15,7
0382099A,23820025517,N,ST,15,15
0382099A,23210022715,N,ST,12,31
0382099A,23210023224,N,ST,12,14
0382099A,23210023327,N,ST,12,28
0382099A,23810020006,N,ST,30,19
0382099A,23810020008,N,ST,60,46
0382099A,23810023007,N,ST,15,10
0382099A,23810023404,N,ST,15,11
0381886U,23811021404,N,ST,30,29
0380081G,23820030004,N,ST,24,27
0380081G,23820031212,N,ST,15,13
0380081G,23820031214,N,ST,15,37
0380081G,23820033007,N,ST,32,43
0380081G,23210031224,N,ST,24,38
0380081G,23810030003,N,ST,24,30
0380081G,23810031211,N,ST,30,81
0380081G,23810033007,N,ST,32,50
0380083J,23820025014,N,ST,15,12
0380083J,23820025411,N,ST,15,21
0380083J,23820025520,N,ST,30,40
0380083J,23210022142,N,ST,24,37
0380083J,23210023006,N,ST,12,29
0380083J,23210023447,N,ST,12,7
0380083J,23210024240,N,ST,12,9
0380083J,23210025437,N,ST,12,11
0380083J,23210025439,N,ST,12,9
0380083J,23810020008,N,ST,30,41
0380083J,23810020103,N,ST,30,27
0381678T,23210022146,N,ST,12,9
0381678T,23210033205,N,ST,24,18
0381678T,23210033413,N,ST,12,6
0381678T,23810031211,N,ST,30,36
0381678T,23810033007,N,ST,32,29
0381678T,23810033404,N,ST,24,31
0382438U,23211021405,N,AP,999,8
0382438U,23811021404,N,ST,35,2
0382440W,23820023004,N,ST,15,19
0382440W,23820031212,N,ST,15,20
0382440W,23820031213,N,ST,7,14
0382440W,23820031214,N,ST,8,18
0382440W,23210031224,N,ST,24,38
0382440W,23810023007,N,ST,15,23
0382440W,23810031211,N,ST,30,65
0382371W,23211033003,N,ST,35,18
0382371W,23811022103,N,ST,35,24
0382371W,23811033001,N,ST,35,30
0380089R,23820025012,N,ST,15,14
0380089R,23820025519,N,ST,24,25
0380089R,23820025520,N,ST,15,18
0380089R,23820030004,N,ST,15,10
0380089R,23820031213,N,ST,30,34
0380089R,23210025524,N,ST,12,11
0380089R,23210031224,N,ST,15,9
0380089R,23810020008,N,ST,39,37
0380089R,23810020104,N,ST,15,6
0380089R,23810030003,N,ST,15,14
0380089R,23810031211,N,ST,30,33
0381818V,23210033205,N,AP,999,26
0381818V,23211033003,N,ST,19,15
0381818V,23811033001,N,ST,12,6
0381818V,23811022103,N,ST,27,10
0381818V,23811033001,N,ST,17,17
0380091T,23820030004,N,ST,30,36
0380091T,23820031213,N,ST,15,23
0380091T,23820031214,N,ST,15,21
0380091T,23210031224,N,ST,24,26
0380091T,23810030003,N,ST,30,24
0380091T,23810031211,N,ST,30,76
0380092U,23820020009,N,ST,15,14
0380092U,23820023005,N,ST,15,25
0380092U,23820023405,N,ST,15,14
0380092U,23820025012,N,ST,30,34
0380092U,23820025013,N,ST,7,16
0380092U,23820025014,N,ST,8,0
0380092U,23820025520,N,ST,15,19
0380092U,23210023006,N,ST,15,27
0380092U,23210023224,N,ST,12,15
0380092U,23210023327,N,ST,12,12
0380092U,23810020006,N,ST,12,17
0380092U,23810020008,N,ST,15,34
0380092U,23810020009,N,ST,15,29
0380092U,23810020103,N,ST,15,16
0380092U,23810020104,N,ST,30,25
0380092U,23810023007,N,ST,15,33
0380092U,23810023409,N,ST,15,17
0381805F,23210022137,N,ST,24,7
0381805F,23210022141,N,ST,24,12
0381805F,23210022146,N,ST,12,13
0381805F,23210033413,N,ST,12,6
0381805F,23810022107,N,ST,36,29
0381805F,23810031211,N,ST,45,18
0381805F,23810033404,N,ST,36,31
Total établissements sélectionnés - département ISERE,,,,148749,32564
0391213G,23210025223,N,AP,999,13
0391213G,23811021004,N,AP,999,2
0391213G,23811021112,N,ST,28,10
0391213G,23811033001,N,ST,32,16
0391213G,23811033003,N,AP,999,6
0391092A,23820025012,N,ST,15,16
0391092A,23820025014,N,ST,15,12
0391092A,23820033007,N,ST,30,33
0391092A,23210025123,N,ST,12,12
0391092A,23810020103,N,ST,15,12
0391092A,23810020104,N,ST,15,18
0391092A,23810033007,N,ST,30,26
0391001B,23210031224,N,ST,8,0
0391001B,23810030003,N,ST,10,11
0391001B,23810031211,N,ST,26,22
0390055Y,23210022142,N,ST,5,4
0390055Y,23210023006,N,ST,5,6
0390055Y,23210023327,N,ST,5,2
0390055Y,23210025439,N,ST,5,6
0390015E,23820024204,N,ST,24,26
0390015E,23820031213,N,ST,15,23
0390015E,23820031214,N,ST,15,10
0390015E,23820033604,N,ST,14,12
0390015E,23820033606,N,ST,24,22
0390015E,23210022142,N,ST,12,18
0390015E,23210024240,N,ST,12,15
0390015E,23210031224,N,AP,999,14
0390015E,23210033002,N,ST,12,9
0390015E,23810024204,N,ST,24,26
0390015E,23810031211,N,ST,30,46
0390015E,23810033605,N,ST,36,86
0390013C,23820022004,N,ST,24,15
0390013C,23820025012,N,ST,24,20
0390013C,23820025520,N,ST,24,31
0390013C,23210023447,N,ST,15,19
0390013C,23810020008,N,ST,24,41
0390013C,23810020104,N,ST,48,33
0391146J,23810020008,N,ST,24,12
0391146J,23810020104,N,ST,16,4
0391146J,23810030003,N,ST,24,16
0391146J,23810033006,N,ST,15,15
0391146J,23810033007,N,ST,48,27
0391172M,23810025012,N,AP,999,3
0391243P,23210025221,N,AP,999,2
0391243P,23211021130,N,AP,999,6
0391243P,23211021130,N,ST,12,2
0390799G,23210022137,N,AP,999,19
0390799G,23210022141,N,AP,999,23
0390799G,23210022142,N,AP,999,3
0390799G,23210022143,N,AP,999,11
0390799G,23210022144,N,AP,999,3
0390799G,23210022146,N,AP,999,15
0390799G,23210025225,N,AP,999,35
0390799G,23210025440,N,AP,999,18
0390799G,23210031224,N,AP,999,26
0390799G,23210033413,N,AP,999,12
0390799G,23210033616,N,AP,999,25
0390799G,23810025012,N,AP,999,3
0390799G,23810025224,N,AP,999,9
0390799G,23810025411,N,AP,999,1
0390799G,23810031213,N,AP,999,7
0390027T,23820025006,N,ST,24,24
0390027T,23820025518,N,ST,30,9
0390027T,23820033101,N,ST,30,29
0390027T,23810020103,N,ST,24,16
0390027T,23810025518,N,ST,15,5
0390027T,23810033101,N,ST,30,37
0391222S,23210033615,N,AP,999,6
0391222S,23210033616,N,AP,999,1
0390809T,23211021237,N,AP,999,5
0390809T,23211021237,N,ST,16,17
0390809T,23211033003,N,AP,999,4
0390809T,23211033003,N,ST,19,22
0390809T,23811021211,N,AP,999,14
0390809T,23811033001,N,ST,27,15
0390809T,23811033003,N,AP,999,4
0390809T,23811021112,N,ST,27,26
0390020K,23820022707,N,ST,15,18
0390020K,23820023005,N,ST,14,14
0390020K,23210022715,N,ST,12,20
0390020K,23210023224,N,AP,999,1
0390020K,23210023224,N,ST,8,10
0390020K,23210023327,N,ST,12,16
0390020K,23210023449,N,ST,8,4
0390020K,23210025524,N,ST,12,17
0390020K,23810020008,N,ST,15,13
0390020K,23810023007,N,ST,14,7
0390021L,23820030004,N,ST,30,29
0390021L,23820031213,N,ST,30,48
0390021L,23820033007,N,ST,32,30
0390021L,23210031224,N,ST,24,25
0390021L,23210031224,N,ST,0,0
0390021L,23810030003,N,ST,30,28
0390021L,23810031211,N,ST,30,66
0390021L,23810033007,N,ST,30,33
0390094R,23810020008,N,ST,48,31
0390024P,23C10023412,N,ST,15,11
0390024P,23110023430,N,ST,4,0
0390024P,23110023431,N,ST,4,0
0390024P,23110023432,N,ST,4,7
0390024P,23210023445,N,ST,24,17
0390810U,23811021112,N,ST,27,31
0390810U,23811021404,N,ST,27,51
0391038S,23211021130,N,AP,999,16
0391038S,23211021405,N,AP,999,16
0391038S,23811021004,N,AP,999,16
0391038S,23811021405,N,AP,999,6
0390029V,23820023404,N,ST,28,25
0390029V,23820023407,N,ST,28,20
0390029V,23810023404,N,ST,28,27
0390029V,23810023409,N,ST,28,32
0391131T,23210022715,N,AP,999,1
0391131T,23210023223,N,AP,999,2
0391131T,23210023224,N,AP,999,1
0391131T,23210023311,N,AP,999,0
0391131T,23210023324,N,AP,999,0
0391131T,23210023326,N,AP,999,1
0391131T,23210023445,N,AP,999,11
0391131T,23210023446,N,AP,999,6
0391131T,23210023446,N,ST,20,9
0391131T,23210023447,N,AP,999,5
0391131T,23210023447,N,ST,20,7
0391131T,23810020006,N,ST,28,19
0391131T,23810020008,N,ST,20,6
0391131T,23810023304,N,AP,999,4
0391131T,23810023404,N,ST,20,14
0391131T,23810023409,N,ST,20,17
0390812W,23810022005,N,ST,24,13
0390033Z,23820022106,N,ST,36,46
0390033Z,23820033403,N,ST,36,28
0390033Z,,N,ST,4,3
0390033Z,23210022146,N,AP,999,1
0390033Z,23210022146,N,ST,12,14
0390033Z,23210033413,N,AP,999,0
0390033Z,23210033413,N,ST,12,8
0390033Z,23810033404,N,ST,72,69
0390914G,23820025411,N,ST,24,27
0390914G,23210022350,N,ST,6,4
0390914G,23210025436,N,ST,12,12
0390914G,23210032222,N,ST,6,4
0390914G,23810020103,N,ST,24,20
0390914G,23810025406,N,AP,999,2
0390786T,23820025012,N,ST,12,8
0390786T,23820025520,N,ST,12,15
0390786T,23820031212,N,ST,12,9
0390786T,23820031213,N,ST,24,29
0390786T,23210022142,N,AP,999,0
0390786T,23210022142,N,ST,12,13
0390786T,23210031224,N,ST,12,14
0390786T,23210022142,N,ST,0,0
0390786T,23810020008,N,ST,12,9
0390786T,23810020104,N,ST,12,11
0390786T,23810031211,N,ST,36,46
0390786T,23810031213,N,AP,999,0
0391212F,23211033003,N,AP,999,5
0391212F,23811033001,N,ST,30,8
0391212F,23811033003,N,AP,999,2
Total établissements sélectionnés - département JURA,,,,54497,4520
0400047J,23820022106,N,ST,12,13
0400047J,23820030004,N,ST,15,11
0400047J,23820033403,N,ST,12,13
0400047J,23820033604,N,ST,14,13
0400047J,23210022146,N,ST,12,13
0400047J,23210033413,N,ST,12,5
0400047J,23210033616,N,ST,14,17
0400047J,23810030003,N,ST,16,12
0400047J,23810033404,N,ST,25,18
0400047J,23810033605,N,ST,14,12
0400002K,23820020009,N,ST,13,9
0400002K,23820025014,N,ST,12,8
0400002K,23820025520,N,ST,24,21
0400002K,23810020008,N,ST,24,25
0400002K,23810020009,N,ST,13,19
0400002K,23810020103,N,ST,12,8
0400803F,23821021004,N,ST,20,2
0400803F,23821033003,N,ST,32,2
0400803F,23211021130,N,AP,999,4
0400803F,23811021004,N,AP,999,7
0400803F,23811021112,N,ST,28,18
0400803F,23811033003,N,AP,999,3
0400803F,23811033003,N,ST,30,18
0400004M,23820022106,N,ST,12,16
0400004M,23820031213,N,ST,30,41
0400004M,23820033403,N,ST,12,14
0400004M,23210022146,N,ST,12,8
0400004M,23210031224,N,ST,24,27
0400004M,23210033413,N,ST,12,5
0400004M,23810031211,N,ST,30,31
0400004M,23810033404,N,ST,24,27
0400753B,23211033003,N,AP,999,1
0400753B,23211033003,N,ST,20,8
0400007R,23820025520,N,ST,24,28
0400007R,23820030004,N,ST,15,18
0400007R,23820031212,N,ST,15,26
0400007R,23820031213,N,ST,15,38
0400007R,23820031214,N,ST,15,26
0400007R,23210022146,N,AP,999,20
0400007R,23210033413,N,AP,999,11
0400007R,23810020008,N,ST,24,22
0400007R,23810030003,N,ST,15,10
0400007R,23810031211,N,ST,45,129
0400883T,23810020008,N,ST,30,33
0401118Y,23810031213,N,AP,999,3
0409999B,,O,ST,0,1
0409999B,,O,ST,0,7
0409999B,,O,ST,0,0
0409999B,,O,AP,0,47
0409999B,,O,ST,0,74
0409999B,,O,ST,0,6
0409999B,,O,ST,0,7
0409999B,,O,ST,0,58
0400786M,23821021211,N,ST,26,0
0400786M,23211021235,N,AP,999,5
0400786M,23211021235,N,ST,15,2
0400786M,23211021237,N,AP,999,4
0400786M,23811021211,N,AP,999,10
0400786M,23811021112,N,ST,32,16
0400019D,23820025214,N,ST,30,35
0400019D,23820025215,N,ST,20,21
0400019D,23820025216,N,ST,10,10
0400019D,23820025412,N,ST,20,19
0400019D,23820031107,N,ST,24,26
0400019D,23210025226,N,ST,10,18
0400019D,23210025225,N,ST,10,40
0400019D,23210025440,N,ST,11,21
0400019D,23810025222,N,ST,60,89
0400019D,23810025412,N,ST,20,20
0400019D,23810031117,N,ST,24,37
0400020E,23820030004,N,ST,15,12
0400020E,23820031212,N,ST,30,28
0400020E,23820031213,N,ST,30,46
0400020E,23820033006,N,ST,15,22
0400020E,23820033007,N,ST,30,28
0400020E,23210022142,N,ST,12,8
0400020E,23210031224,N,ST,15,27
0400020E,23810030003,N,ST,15,17
0400020E,23810031211,N,ST,60,63
0400020E,23810033006,N,ST,15,50
0400020E,23810033007,N,ST,30,26
0400100S,23210022137,N,AP,999,16
0400100S,23210022141,N,AP,999,22
0400100S,23210022143,N,AP,999,14
0400100S,23210025223,N,AP,999,3
0400100S,23210025225,N,AP,999,29
0400100S,23210025440,N,AP,999,15
0400100S,23210031222,N,AP,999,0
0400100S,23210031223,N,AP,999,9
0400100S,23210031224,N,AP,999,15
0400100S,23210033615,N,AP,999,17
0400100S,23210033616,N,AP,999,18
0400100S,23810025221,N,AP,999,5
0400100S,23810025224,N,AP,999,18
0400100S,23810025225,N,AP,999,3
0400100S,23810031213,N,AP,999,5
0400097N,23820022706,N,ST,15,2
0400097N,23820022707,N,ST,15,12
0400097N,23820023004,N,ST,12,7
0400097N,23820023203,N,ST,12,8
0400097N,23820023207,N,ST,15,3
0400097N,23820023304,N,ST,12,14
0400097N,23210022714,N,AP,999,1
0400097N,23210023326,N,AP,999,6
0400097N,23210023327,N,ST,12,17
0400097N,23210023446,N,ST,8,9
0400097N,23810020006,N,ST,39,13
0400097N,23810020008,N,ST,30,13
0400097N,23810023007,N,ST,12,1
0400751Z,23210023006,N,AP,999,0
0400751Z,23210023224,N,AP,999,12
0400751Z,23210023324,N,AP,999,7
0400751Z,23210023325,N,AP,999,2
0400751Z,23210023327,N,AP,999,7
0400751Z,23210023446,N,AP,999,6
0400751Z,23210023447,N,AP,999,6
0400751Z,23210025524,N,AP,999,8
0400751Z,23810025520,N,AP,999,1
0400780F,23210022609,N,AP,999,1
0400780F,23210023443,N,AP,999,1
0400780F,23810020102,N,AP,999,1
0400780F,23810023406,N,AP,999,0
0400780F,23810025012,N,AP,999,2
0401105J,23810025219,N,AP,999,11
0400139J,23821021001,N,ST,27,0
0400139J,23821033003,N,ST,19,1
0400139J,23811021112,N,ST,27,17
0400139J,23811033003,N,ST,27,22
0400800C,23821021407,N,ST,24,0
0400800C,23210031223,N,AP,999,3
0400800C,23210031224,N,AP,999,6
0400800C,23811021203,N,AP,999,1
0400800C,23811021407,N,AP,999,1
0400800C,23811022103,N,ST,28,9
0400898J,23211021130,N,AP,999,12
0400898J,23211021405,N,AP,999,19
0400898J,23811021405,N,AP,999,13
0400046H,23820025012,N,ST,12,6
0400046H,23820025519,N,ST,24,27
0400046H,23820025520,N,ST,24,22
0400046H,23820033007,N,ST,30,30
0400046H,23210025439,N,ST,15,11
0400046H,23810020008,N,ST,48,51
0400046H,23810020104,N,ST,12,10
0400046H,23810033007,N,ST,30,42
0400027M,23820025302,N,ST,12,19
0400027M,23820025303,N,ST,28,42
0400027M,23820025304,N,ST,24,17
0400027M,23820025411,N,ST,14,17
0400027M,23810020103,N,ST,12,24
0400027M,23810025307,N,ST,64,81
0400802E,23821033003,N,ST,50,4
0400802E,23820031213,N,ST,50,2
0400802E,23811033003,N,ST,40,21
0400802E,23810025519,N,AP,999,7
0400802E,23810031211,N,ST,40,12
0400802E,23810031213,N,AP,999,2
0400141L,23821021302,N,ST,24,5
0400141L,23821021303,N,ST,24,0
0400141L,23811021404,N,ST,24,20
0400141L,23811021404,N,ST,24,41
0400918F,23211021130,N,AP,999,1
0400918F,23211021314,N,AP,999,14
0400783J,23821033003,N,ST,30,4
0400783J,23210033205,N,ST,12,29
0400783J,23811033003,N,ST,30,16
0401002X,23820023404,N,ST,24,29
0401002X,23820023405,N,ST,24,20
0401002X,23820031106,N,ST,24,23
0401002X,23820033007,N,ST,30,33
0401002X,23210023446,N,ST,12,9
0401002X,23210031122,N,ST,12,18
0401002X,23810023404,N,ST,24,20
0401002X,23810023409,N,ST,24,18
0401002X,23810030003,N,ST,24,10
0401002X,23810033007,N,ST,30,50
0400094K,23210022142,N,ST,8,26
0400094K,23210023224,N,ST,8,11
0400094K,23210023327,N,ST,8,13
0400094K,23210025223,N,ST,8,10
0400094K,23210033002,N,ST,8,10
0400094K,23210034308,N,ST,8,7
0400094K,23211021130,N,ST,8,5
0400094K,23211021405,N,ST,8,19
0400080V,23210033002,N,ST,12,3
0400080V,23210033615,N,ST,12,20
0400080V,23810030003,N,ST,15,15
0400080V,23810033007,N,ST,30,18
0400080V,23810033605,N,ST,15,17
0400916D,23210025524,N,AP,999,1
0400916D,23210025524,N,ST,15,3
0400916D,23210031224,N,AP,999,2
0400916D,23210031224,N,ST,15,12
0400916D,23210033616,N,AP,999,2
0400916D,23210033616,N,ST,12,16
0400916D,23810020008,N,ST,15,3
0400916D,23810031211,N,ST,30,10
0400784K,23821033003,N,ST,45,1
0400784K,23811033003,N,ST,45,18
0400049L,23820025214,N,ST,20,25
0400049L,23820025411,N,ST,15,11
0400049L,23820025519,N,ST,24,31
0400049L,23820025520,N,ST,24,21
0400049L,23820034403,N,ST,24,39
0400049L,23210025225,N,ST,10,21
0400049L,23210034405,N,ST,15,18
0400049L,23810020008,N,ST,48,38
0400049L,23810020103,N,ST,15,20
0400049L,23810025222,N,ST,20,40
0400049L,23810034403,N,ST,18,57
0401007C,23210025437,N,AP,999,3
0401007C,23810025012,N,AP,999,3
0401007C,23810025411,N,AP,999,3
0401080G,23810025014,N,AP,999,0
Total établissements sélectionnés - département LANDES,,,,66750,6944
9741051Z,23820022706,N,ST,12,3
9741051Z,23820022707,N,ST,12,14
9741051Z,23820023004,N,ST,12,4
9741051Z,23820023005,N,ST,12,17
9741051Z,23820023104,N,ST,12,8
9741051Z,23820023203,N,ST,12,15
9741051Z,23820023304,N,ST,12,10
9741051Z,23210022714,N,ST,0,3
9741051Z,23210022714,N,ST,12,11
9741051Z,23210023224,N,ST,0,5
9741051Z,23210023224,N,ST,12,10
9741051Z,23210023324,N,ST,0,2
9741051Z,23210023327,N,ST,0,6
9741051Z,23210023324,N,ST,12,1
9741051Z,23210023327,N,ST,12,7
9741051Z,23810020006,N,ST,24,13
9741051Z,23810020008,N,ST,24,17
9741051Z,23810023007,N,ST,36,25
9741058G,23211033003,N,ST,25,15
9741058G,23811021112,N,ST,25,8
9741173G,23820031106,N,ST,44,41
9741173G,23820031106,N,ST,1,2
9741173G,23820031114,N,ST,14,16
9741173G,23820031114,N,ST,1,0
9741173G,23210031122,N,ST,0,11
9741173G,23210031122,N,ST,24,20
9741173G,23810030003,N,ST,45,67
9740552G,23820025012,N,ST,36,39
9740552G,23820025214,N,ST,20,32
9740552G,23820025215,N,ST,10,6
9740552G,23820025223,N,ST,12,13
9740552G,23820025411,N,ST,24,3
9740552G,23820025412,N,ST,20,28
9740552G,23820025520,N,ST,24,31
9740552G,23820030004,N,ST,90,80
9740552G,23820031213,N,ST,30,27
9740552G,23820033007,N,ST,60,80
9740552G,23820034403,N,ST,24,28
9740552G,23210021308,N,ST,16,24
9740552G,23210021308,N,ST,0,9
9740552G,23210022142,N,ST,0,7
9740552G,23210022142,N,ST,24,10
9740552G,23210022361,N,ST,0,1
9740552G,23210022361,N,ST,12,9
9740552G,23210025225,N,ST,0,15
9740552G,23210025227,N,ST,0,2
9740552G,23210025223,N,ST,10,6
9740552G,23210025225,N,ST,10,28
9740552G,23210025227,N,ST,10,15
9740552G,23210025223,N,ST,0,3
9740552G,23210025437,N,ST,0,9
9740552G,23210025437,N,ST,12,14
9740552G,23210025440,N,ST,0,3
9740552G,23210025440,N,ST,20,16
9740552G,23210025441,N,ST,10,16
9740552G,23210025441,N,ST,0,5
9740552G,23210025524,N,ST,24,9
9740552G,23210025524,N,ST,0,4
9740552G,23210031224,N,ST,0,6
9740552G,23210031224,N,ST,24,26
9740552G,23210033205,N,ST,28,35
9740552G,23210033205,N,ST,0,17
9740552G,23810020008,N,ST,24,31
9740552G,23810020103,N,ST,24,15
9740552G,23810020104,N,ST,36,7
9740552G,23810025222,N,ST,30,19
9740552G,23810025223,N,ST,12,28
9740552G,23810025412,N,ST,20,10
9740552G,23810030003,N,ST,90,60
9740552G,23810031211,N,ST,30,45
9740552G,23810033007,N,ST,60,59
9740552G,23810034403,N,ST,24,39
9740552G,23810025222,N,ST,0,22
9740552G,23810025412,N,ST,0,9
9740552G,23810033007,N,ST,0,42
9740552G,23810034403,N,ST,0,42
9740979W,23820023004,N,ST,12,6
9740979W,23820023005,N,ST,12,16
9740979W,23820023104,N,ST,12,10
9740979W,23820023203,N,ST,12,11
9740979W,23820023207,N,ST,12,11
9740979W,23820023404,N,ST,12,12
9740979W,23210023225,N,ST,0,4
9740979W,23210023223,N,ST,12,7
9740979W,23210023225,N,ST,12,16
9740979W,23210023223,N,ST,0,0
9740979W,23210023446,N,ST,0,3
9740979W,23210023446,N,ST,12,9
9740979W,23810020006,N,ST,24,14
9740979W,23810023007,N,ST,36,52
9740979W,23810023404,N,ST,12,6
9741308D,23210023006,N,ST,15,1
9741308D,23210023326,N,ST,15,2
9741308D,23210023327,N,ST,15,4
9741308D,23210033002,N,ST,12,1
9741308D,23210033205,N,ST,12,5
9741308D,23210034405,N,ST,15,10
9741308D,23810023007,N,ST,12,3
9741308D,23810033006,N,ST,18,4
9740045F,23820030004,N,ST,45,46
9740045F,23820031213,N,ST,30,31
9740045F,23820031214,N,ST,15,18
9740045F,23210031224,N,ST,0,6
9740045F,23210031224,N,ST,24,23
9740045F,23810030003,N,ST,45,33
9740045F,23810031211,N,ST,45,53
9741186W,23820025519,N,ST,24,27
9741186W,23810020008,N,ST,24,25
9741087N,23820025012,N,ST,48,33
9741087N,23820025406,N,ST,12,12
9741087N,23820025411,N,ST,12,10
9741087N,23820030004,N,ST,60,57
9741087N,23820031212,N,ST,30,28
9741087N,23820031213,N,ST,45,42
9741087N,23820031214,N,ST,15,22
9741087N,23210025439,N,ST,24,22
9741087N,23210025439,N,ST,0,5
9741087N,23210031224,N,ST,0,13
9741087N,23210031224,N,ST,24,27
9741087N,23810020006,N,ST,12,24
9741087N,23810020103,N,ST,12,14
9741087N,23810020104,N,ST,48,13
9741087N,23810030003,N,ST,60,38
9741087N,23810031211,N,ST,90,71
9741263E,23820034403,N,ST,24,43
9741263E,23210034405,N,ST,24,28
9741263E,23210034405,N,ST,0,9
9741263E,23810034403,N,ST,24,72
9741263E,23810034403,N,ST,0,25
9740002J,23820025520,N,ST,36,41
9740002J,23820033007,N,ST,30,51
9740002J,23210025524,N,ST,36,15
9740002J,23210025524,N,ST,0,6
9740002J,23210033205,N,ST,28,65
9740002J,23210033205,N,ST,0,14
9740002J,23810020008,N,ST,48,61
9740002J,23810033007,N,ST,30,72
9740002J,23810033007,N,ST,0,46
9741056E,23811022103,N,ST,25,5
9741056E,23811033001,N,ST,25,11
9741745D,23210033616,N,AP,999,2
9740910W,23820023407,N,ST,24,16
9740910W,23820025519,N,ST,60,42
9740910W,23820025520,N,ST,24,39
9740910W,23820030004,N,ST,75,58
9740910W,23820031106,N,ST,30,50
9740910W,23820031114,N,ST,15,19
9740910W,23820031213,N,ST,45,53
9740910W,23820031214,N,ST,15,15
9740910W,23210023445,N,ST,24,9
9740910W,23210023445,N,ST,0,4
9740910W,23210025524,N,ST,24,20
9740910W,23210025524,N,ST,0,3
9740910W,23210031122,N,ST,0,5
9740910W,23210031122,N,ST,12,4
9740910W,23210031224,N,ST,0,10
9740910W,23210031224,N,ST,48,36
9740910W,23810020008,N,ST,84,61
9740910W,23810023409,N,ST,24,12
9740910W,23810030003,N,ST,120,70
9740910W,23810031211,N,ST,60,70
9741057F,23211021010,N,AP,999,0
9741057F,23211021010,N,ST,20,4
9741057F,23211021130,N,ST,20,2
9741057F,23811021114,N,ST,20,0
9741057F,23811022103,N,ST,20,1
9740987E,23210023006,N,AP,999,1
9740987E,23210023122,N,AP,999,0
9740987E,23210023124,N,AP,999,0
9740987E,23210023224,N,AP,999,0
9740987E,23210023324,N,AP,999,0
9740987E,23210023325,N,AP,999,0
9740987E,23210023326,N,AP,999,0
9740987E,23210023327,N,AP,999,0
9740987E,23210023328,N,AP,999,0
9740987E,23210023446,N,AP,999,0
9740987E,23210023447,N,AP,999,0
9740987E,23810023210,N,AP,999,0
9740472V,23820023404,N,ST,15,7
9740472V,23820023405,N,ST,15,19
9740472V,23820025012,N,ST,24,13
9740472V,23820025214,N,ST,40,40
9740472V,23820025219,N,ST,10,13
9740472V,23820025220,N,ST,10,3
9740472V,23820025221,N,ST,10,6
9740472V,23820025412,N,ST,20,23
9740472V,23820025520,N,ST,48,36
9740472V,23820031213,N,ST,30,23
9740472V,23820034403,N,ST,24,37
9740472V,23210023446,N,ST,0,0
9740472V,23210023446,N,ST,12,3
9740472V,23210023447,N,ST,12,8
9740472V,23210023447,N,ST,0,3
9740472V,23210024240,N,ST,24,10
9740472V,23210024240,N,ST,0,1
9740472V,23210025225,N,ST,0,13
9740472V,23210025221,N,ST,0,0
9740472V,23210025221,N,ST,10,7
9740472V,23210025223,N,ST,10,5
9740472V,23210025225,N,ST,20,23
9740472V,23210025223,N,ST,0,0
9740472V,23210025440,N,ST,0,3
9740472V,23210025440,N,ST,10,9
9740472V,23210025441,N,ST,10,7
9740472V,23210025441,N,ST,0,1
9740472V,23210031224,N,ST,0,9
9740472V,23210031224,N,ST,24,12
9740472V,23210034405,N,ST,48,40
9740472V,23210034405,N,ST,0,8
9740472V,23810020008,N,ST,48,12
9740472V,23810020104,N,ST,24,5
9740472V,23810023404,N,ST,12,3
9740472V,23810023409,N,ST,12,1
9740472V,23810025222,N,ST,64,37
9740472V,23810025412,N,ST,20,7
9740472V,23810031211,N,ST,30,16
9740472V,23810034403,N,ST,24,46
9740472V,23810025222,N,ST,0,25
9740472V,23810025412,N,ST,0,2
9740472V,23810034403,N,ST,0,38
9741231V,23820033006,N,ST,15,18
9741231V,23820033007,N,ST,30,41
9741231V,23210033002,N,ST,12,5
9741231V,23210033205,N,ST,28,45
9741231V,23210033205,N,ST,0,10
9741231V,23210033002,N,ST,0,2
9741231V,23810033006,N,ST,15,27
9741231V,23810033007,N,ST,30,49
9741231V,23810033007,N,ST,0,28
9741233X,23820030004,N,ST,60,46
9741233X,23820031212,N,ST,30,40
9741233X,23210031224,N,ST,0,2
9741233X,23210031224,N,ST,24,21
9741233X,23810030003,N,ST,60,21
9741233X,23810031211,N,ST,30,21
9740479C,23820020009,N,ST,15,7
9740479C,23820020102,N,ST,12,11
9740479C,23820022503,N,ST,12,12
9740479C,23820025012,N,ST,24,18
9740479C,23820025014,N,ST,12,11
9740479C,23820025519,N,ST,12,17
9740479C,23820025520,N,ST,33,18
9740479C,23820025520,N,ST,3,4
9740479C,23210020101,N,ST,12,10
9740479C,23210020101,N,ST,0,0
9740479C,23210025524,N,ST,24,15
9740479C,23210025524,N,ST,0,12
9740479C,23210034405,N,ST,24,41
9740479C,23210034405,N,ST,0,17
9740479C,23810020008,N,ST,36,14
9740479C,23810020009,N,ST,12,10
9740479C,23810020103,N,ST,12,9
9740479C,23810020104,N,ST,36,4
9740479C,23810022503,N,ST,12,6
9740082W,23820030004,N,ST,90,88
9740082W,23820031212,N,ST,30,35
9740082W,23820031213,N,ST,15,20
9740082W,23820031214,N,ST,15,13
9740082W,23820033006,N,ST,30,34
9740082W,23820033007,N,ST,30,47
9740082W,23820034304,N,ST,12,11
9740082W,23210022142,N,ST,0,5
9740082W,23210022142,N,ST,24,40
9740082W,23210031224,N,ST,0,11
9740082W,23210031224,N,ST,24,47
9740082W,23210033205,N,ST,28,37
9740082W,23210033205,N,ST,0,9
9740082W,23210034308,N,ST,12,9
9740082W,23210034308,N,ST,0,1
9740082W,23810030003,N,ST,90,53
9740082W,23810031211,N,ST,60,81
9740082W,23810033006,N,ST,30,61
9740082W,23810033007,N,ST,30,71
9740082W,23810034306,N,ST,12,14
9740082W,23810033007,N,ST,0,21
9740737H,23820022707,N,ST,12,3
9740737H,23820023004,N,ST,12,12
9740737H,23820023005,N,ST,12,13
9740737H,23820023104,N,ST,12,5
9740737H,23820023203,N,ST,12,12
9740737H,23820023206,N,ST,12,8
9740737H,23820023210,N,ST,12,17
9740737H,23820023405,N,ST,12,17
9740737H,23820023408,N,ST,12,7
9740737H,23820025517,N,ST,12,15
9740737H,23820025520,N,ST,24,24
9740737H,23820030004,N,ST,30,29
9740737H,23820031212,N,ST,15,17
9740737H,23820031213,N,ST,30,30
9740737H,23210022714,N,ST,0,3
9740737H,23210022714,N,ST,12,8
9740737H,23210023123,N,ST,20,23
9740737H,23210023124,N,ST,12,4
9740737H,23210023124,N,ST,0,0
9740737H,23210023123,N,ST,0,12
9740737H,23210023324,N,ST,0,0
9740737H,23210023324,N,ST,12,3
9740737H,23210023325,N,ST,12,8
9740737H,23210023325,N,ST,0,3
9740737H,23210023446,N,ST,0,1
9740737H,23210023446,N,ST,12,4
9740737H,23210023447,N,ST,12,11
9740737H,23210023447,N,ST,0,0
9740737H,23210031224,N,ST,0,5
9740737H,23210031224,N,ST,24,28
9740737H,23810020006,N,ST,36,21
9740737H,23810020008,N,ST,48,28
9740737H,23810023007,N,ST,36,24
9740737H,23810023409,N,ST,24,11
9740737H,23810030003,N,ST,30,37
9740737H,23810031211,N,ST,45,43
9741620T,23820025519,N,ST,24,26
9741620T,23820031212,N,ST,15,23
9741620T,23820031213,N,ST,30,22
9741620T,23820031214,N,ST,15,15
9741620T,23210031224,N,ST,0,1
9741620T,23210031224,N,ST,24,4
9741620T,23810020008,N,ST,24,22
9741620T,23810031211,N,ST,60,36
9740053P,23820025214,N,ST,25,21
9740053P,23820025214,N,ST,5,2
9740053P,23820025412,N,ST,20,23
9740053P,23820025519,N,ST,12,18
9740053P,23820025520,N,ST,12,14
9740053P,23210025225,N,ST,0,7
9740053P,23210025225,N,ST,20,16
9740053P,23210025440,N,ST,0,3
9740053P,23210025440,N,ST,10,10
9740053P,23210025441,N,ST,10,11
9740053P,23210025441,N,ST,0,7
9740053P,23210031122,N,ST,0,2
9740053P,23210031122,N,ST,24,4
9740053P,23810020008,N,ST,24,32
9740053P,23810025222,N,ST,20,42
9740053P,23810025412,N,ST,20,18
9740053P,23810025222,N,ST,0,22
9740053P,23810025412,N,ST,0,17
9741685N,23210033616,N,AP,999,1
9740986D,23210022137,N,AP,999,1
9740986D,23210022138,N,AP,999,0
9740986D,23210022141,N,AP,999,3
9740986D,23210022143,N,AP,999,1
9740986D,23210022144,N,AP,999,1
9740986D,23210022145,N,AP,999,0
9740986D,23210022714,N,AP,999,0
9740986D,23210025439,N,AP,999,2
9740986D,23210025524,N,AP,999,0
9740986D,23210031221,N,AP,999,0
9740986D,23210033616,N,AP,999,1
9740986D,23210034308,N,AP,999,0
9740986D,23810025406,N,AP,999,1
9740986D,23810025520,N,AP,999,0
9741834A,23210033413,N,AP,999,1
9741833Z,23210033615,N,AP,999,2
9740049K,,O,ST,0,4
9740049K,,O,ST,0,15
9740049K,,O,ST,0,3
9740049K,,O,ST,0,25
9740049K,,O,ST,0,5
9740049K,,O,ST,0,11
9740049K,,O,ST,0,16
9740049K,,O,ST,0,4
9740049K,,O,ST,0,17
9740049K,,O,ST,0,17
9740049K,,O,ST,0,2
9740049K,,O,ST,0,19
9740049K,,O,ST,0,18
9740049K,,O,ST,0,7
9740049K,,O,ST,0,24
9740049K,,O,ST,0,14
9740049K,,O,ST,0,18
9740049K,,O,ST,0,2
9740049K,,O,ST,0,7
9740049K,,O,ST,0,4
9740049K,,O,ST,0,8
9740049K,,O,ST,0,16
9740049K,,O,ST,0,17
9740049K,,O,ST,0,1
9740049K,,O,ST,0,0
9740049K,,O,ST,0,0
9740049K,,O,ST,0,0
9740049K,,O,ST,0,0
9740049K,,O,ST,0,1
9740049K,,O,ST,0,19
9740049K,,O,ST,0,7
9741592M,23210022142,N,AP,999,0
9740921H,23820024204,N,ST,22,22
9740921H,23820024204,N,ST,14,22
9740921H,23820030004,N,ST,30,18
9740921H,23820031106,N,ST,15,30
9740921H,23820031114,N,ST,15,16
9740921H,23820031212,N,ST,30,28
9740921H,23820031213,N,ST,45,48
9740921H,23820033604,N,ST,12,24
9740921H,23820033606,N,ST,24,27
9740921H,23210024240,N,ST,24,8
9740921H,23210024240,N,ST,0,2
9740921H,23210031224,N,ST,0,7
9740921H,23210031224,N,ST,48,13
9740921H,23210033615,N,ST,0,12
9740921H,23210033615,N,ST,12,46
9740921H,23210033616,N,ST,24,54
9740921H,23210033616,N,ST,0,6
9740921H,23810024204,N,ST,24,13
9740921H,23810030003,N,ST,60,39
9740921H,23810031211,N,ST,75,37
9740921H,23810033605,N,ST,36,62
9740921H,23810033605,N,ST,0,40
9741060J,23211033003,N,ST,24,7
9741060J,23811022103,N,ST,16,3
9741060J,23811033001,N,ST,48,5
9741270M,23820023303,N,ST,24,18
9741270M,23820025406,N,ST,24,28
9741270M,23210023329,N,ST,24,11
9741270M,23210023329,N,ST,0,3
9741270M,23210025436,N,ST,0,1
9741270M,23210025436,N,ST,12,5
9741270M,23210025439,N,ST,24,9
9741270M,23210025439,N,ST,0,4
9741270M,23810020006,N,ST,48,29
9740679V,23210031224,N,ST,15,5
9740679V,23810030003,N,ST,15,2
9740679V,23810031211,N,ST,24,5
9740934X,23820023303,N,ST,12,11
9740934X,23820023404,N,ST,12,6
9740934X,23820023405,N,ST,12,12
9740934X,23820025519,N,ST,48,47
9740934X,23820025520,N,ST,48,33
9740934X,23820030004,N,ST,60,32
9740934X,23820031212,N,ST,30,15
9740934X,23820031213,N,ST,30,35
9740934X,23210023329,N,ST,12,6
9740934X,23210023329,N,ST,0,1
9740934X,23210023446,N,ST,0,2
9740934X,23210023446,N,ST,12,2
9740934X,23210023447,N,ST,12,10
9740934X,23210023447,N,ST,0,0
9740934X,23210025524,N,ST,24,15
9740934X,23210025524,N,ST,0,2
9740934X,23210031224,N,ST,0,12
9740934X,23210031224,N,ST,24,38
9740934X,23810020006,N,ST,12,8
9740934X,23810020008,N,ST,96,34
9740934X,23810023404,N,ST,12,3
9740934X,23810023409,N,ST,12,9
9740934X,23810030003,N,ST,45,20
9740934X,23810031211,N,ST,60,41
9740097M,23211021010,N,ST,20,42
9740097M,23811021001,N,ST,16,6
9740097M,23811021114,N,ST,16,11
9740097M,23811021112,N,ST,28,40
9740097M,23811022104,N,ST,24,4
9741230U,23820033101,N,ST,16,15
9741230U,23810033101,N,ST,16,17
9740922J,23211021010,N,AP,999,7
9740922J,23211022108,N,AP,999,0
9741052A,23820025214,N,ST,30,35
9741052A,23820025303,N,ST,24,33
9741052A,23210025225,N,ST,0,8
9741052A,23210025225,N,ST,40,21
9741052A,23810025222,N,ST,30,18
9741052A,23810025307,N,ST,24,47
9741052A,23810025222,N,ST,0,19
9741052A,23810025307,N,ST,0,25
9740004L,23820022706,N,ST,12,10
9740004L,23820023004,N,ST,12,6
9740004L,23820023005,N,ST,12,10
9740004L,23820023104,N,ST,12,16
9740004L,23820023203,N,ST,12,11
9740004L,23820023205,N,ST,12,17
9740004L,23820023304,N,ST,24,18
9740004L,23820023405,N,ST,12,8
9740004L,23820023408,N,ST,12,11
9740004L,23820025406,N,ST,12,18
9740004L,23820025517,N,ST,24,23
9740004L,23820025520,N,ST,24,29
9740004L,23C10023412,N,ST,10,8
9740004L,23210022714,N,ST,0,2
9740004L,23210022714,N,ST,12,4
9740004L,23210023006,N,ST,24,6
9740004L,23210023006,N,ST,0,0
9740004L,23210023224,N,ST,0,4
9740004L,23210023224,N,ST,24,16
9740004L,23210023324,N,ST,0,2
9740004L,23210023327,N,ST,0,4
9740004L,23210023324,N,ST,12,7
9740004L,23210023325,N,ST,24,7
9740004L,23210023327,N,ST,24,15
9740004L,23210023325,N,ST,0,2
9740004L,23210023430,N,ST,10,5
9740004L,23210023445,N,ST,24,6
9740004L,23210023447,N,ST,12,3
9740004L,23210023449,N,ST,12,5
9740004L,23210023447,N,ST,0,2
9740004L,23210023445,N,ST,0,1
9740004L,23210023430,N,ST,0,1
9740004L,23210023449,N,ST,0,0
9740004L,23210025439,N,ST,12,4
9740004L,23210025439,N,ST,0,0
9740004L,23210025524,N,ST,12,19
9740004L,23210025524,N,ST,0,1
9740004L,23810020006,N,ST,72,25
9740004L,23810020008,N,ST,60,37
9740004L,23810023007,N,ST,36,17
9740004L,23810023409,N,ST,24,10
9740020D,23820030004,N,ST,45,35
9740020D,23820031106,N,ST,30,26
9740020D,23820031114,N,ST,15,19
9740020D,23820031212,N,ST,30,30
9740020D,23820031213,N,ST,45,39
9740020D,23820031214,N,ST,15,7
9740020D,23820033006,N,ST,15,19
9740020D,23820033007,N,ST,45,50
9740020D,23820034303,N,ST,12,11
9740020D,23820034304,N,ST,12,11
9740020D,23210022006,N,ST,12,2
9740020D,23210022006,N,ST,0,0
9740020D,23210022142,N,ST,0,6
9740020D,23210022142,N,ST,24,23
9740020D,23210031224,N,ST,0,5
9740020D,23210031224,N,ST,24,33
9740020D,23210033205,N,ST,14,41
9740020D,23210033205,N,ST,0,4
9740020D,23210034308,N,ST,24,10
9740020D,23210034308,N,ST,0,4
9740020D,23810030003,N,ST,90,50
9740020D,23810031211,N,ST,90,49
9740020D,23810033006,N,ST,15,29
9740020D,23810033007,N,ST,45,47
9740020D,23810034306,N,ST,12,8
9740020D,23810034307,N,ST,12,5
9740020D,23810033007,N,ST,0,32
9741182S,23820023404,N,ST,24,21
9741182S,23810023404,N,ST,24,12
9741674B,23210023325,N,AP,999,1
9741674B,23210023327,N,AP,999,0
9740078S,23811021404,N,ST,24,25
9740738J,23820022105,N,ST,24,30
9740738J,23820022106,N,ST,24,27
9740738J,23820033403,N,ST,24,34
9740738J,23210022137,N,ST,12,9
9740738J,23210022141,N,ST,36,54
9740738J,23210022146,N,ST,48,27
9740738J,23210022137,N,ST,0,5
9740738J,23210022146,N,ST,0,22
9740738J,23210022141,N,ST,0,21
9740738J,23210031224,N,ST,0,3
9740738J,23210031224,N,ST,12,7
9740738J,23210033413,N,ST,0,8
9740738J,23210033413,N,ST,48,22
9740738J,23810022107,N,ST,24,45
9740738J,23810033404,N,ST,48,86
9740738J,23810033404,N,ST,0,60
9740738J,23810022107,N,ST,0,42
9740015Y,23820030004,N,ST,60,27
9740015Y,23820031212,N,ST,30,23
9740015Y,23820031213,N,ST,45,58
9740015Y,23820031214,N,ST,15,14
9740015Y,23820033006,N,ST,15,19
9740015Y,23820033007,N,ST,30,36
9740015Y,23210022142,N,ST,0,10
9740015Y,23210022142,N,ST,24,18
9740015Y,23210024240,N,ST,24,11
9740015Y,23210024240,N,ST,0,0
9740015Y,23210031224,N,ST,0,15
9740015Y,23210031224,N,ST,48,18
9740015Y,23210033002,N,ST,24,14
9740015Y,23210033205,N,ST,28,27
9740015Y,23210033205,N,ST,0,8
9740015Y,23210033002,N,ST,0,3
9740015Y,23810030003,N,ST,60,26
9740015Y,23810031211,N,ST,90,64
9740015Y,23810033006,N,ST,15,17
9740015Y,23810033007,N,ST,30,24
9740015Y,23810033007,N,ST,0,11
9741380G,23820022004,N,ST,15,19
9741380G,23820022005,N,ST,30,27
9741380G,23210034301,N,ST,24,14
9741380G,23210034301,N,ST,0,2
9741380G,23810020104,N,ST,15,3
9741380G,23810022005,N,ST,30,14
9741059H,23211033003,N,ST,30,7
9741059H,23811021404,N,ST,25,9
9741084K,23210022141,N,AP,999,2
9741084K,23210022142,N,AP,999,3
9741084K,23210022146,N,AP,999,12
9741084K,23210033413,N,AP,999,3
9741089R,23210024240,N,AP,999,1
9741089R,23210024318,N,AP,999,0
9741089R,23210031122,N,AP,999,1
9741089R,23210031223,N,AP,999,2
9741089R,23210032225,N,AP,999,0
9741090S,23211021010,N,AP,999,2
9741090S,23211021237,N,AP,999,2
9741090S,23211021405,N,AP,999,3
9740575G,23820023003,N,ST,12,13
9740575G,23820024204,N,ST,4,5
9740575G,23820024204,N,ST,8,12
9740575G,23820025214,N,ST,40,54
9740575G,23820025216,N,ST,20,14
9740575G,23820025412,N,ST,20,17
9740575G,23820030004,N,ST,90,80
9740575G,23820031213,N,ST,45,50
9740575G,23820031214,N,ST,15,30
9740575G,23820032207,N,ST,12,11
9740575G,23820032208,N,ST,24,20
9740575G,23820032303,N,ST,24,31
9740575G,23210022142,N,ST,0,18
9740575G,23210022142,N,ST,48,41
9740575G,23210024007,N,AP,999,0
9740575G,23210024240,N,ST,24,24
9740575G,23210024240,N,ST,0,5
9740575G,23210025225,N,ST,0,8
9740575G,23210025225,N,ST,20,56
9740575G,23210025440,N,ST,0,6
9740575G,23210025440,N,ST,10,21
9740575G,23210025441,N,ST,10,12
9740575G,23210025441,N,ST,0,5
9740575G,23210031224,N,ST,0,11
9740575G,23210031224,N,ST,60,38
9740575G,23810023003,N,ST,12,17
9740575G,23810025222,N,ST,50,49
9740575G,23810025412,N,ST,20,20
9740575G,23810030003,N,ST,90,63
9740575G,23810031211,N,ST,60,70
9740575G,23810032210,N,ST,36,13
9740575G,23810032303,N,ST,24,40
9740575G,23810025222,N,ST,0,58
9740575G,23810025412,N,ST,0,15
9741206T,23820023203,N,ST,12,6
9741206T,23820023210,N,ST,12,16
9741206T,23820023304,N,ST,24,14
9741206T,23C10023304,N,ST,15,7
9741206T,23210023124,N,ST,12,4
9741206T,23210023124,N,ST,0,1
9741206T,23210023326,N,ST,12,4
9741206T,23210023326,N,ST,0,6
9741206T,23210032227,N,ST,12,16
9741206T,23210032227,N,ST,0,1
9741206T,23810020006,N,ST,48,33
9741255W,23810030003,N,ST,26,7
9741255W,23810031211,N,ST,52,25
9741306B,23211021130,N,ST,20,8
9741306B,23211021405,N,ST,20,16
9741306B,23811021404,N,ST,15,9
9741843K,23210022137,N,AP,999,0
9741843K,23210022141,N,AP,999,1
9741843K,23210031122,N,AP,999,1
9741843K,23210031224,N,AP,999,4
9741843K,23810031116,N,AP,999,0
9740988F,23210022141,N,AP,999,3
9740988F,23210023224,N,AP,999,3
9740988F,23210025222,N,AP,999,0
9740988F,23210025225,N,AP,999,3
9740988F,23210025226,N,AP,999,0
9740988F,23210025227,N,AP,999,7
9740988F,23210025440,N,AP,999,1
9740988F,23210025441,N,AP,999,0
9740988F,23210033615,N,AP,999,5
9740988F,23210033616,N,AP,999,7
9740988F,23810025224,N,AP,999,2
9740988F,23810025225,N,AP,999,0
9740988F,23810025412,N,AP,999,0
9741829V,23210033616,N,AP,999,3
Total établissements sélectionnés - département LA REUNION,,,,90840,22236
0421691K,23820023303,N,ST,12,11
0421691K,23820025517,N,ST,15,21
0421691K,23820025519,N,ST,45,49
0421691K,23820025520,N,ST,15,22
0421691K,23210022714,N,ST,12,9
0421691K,23210025439,N,ST,12,11
0421691K,23210025524,N,ST,12,15
0421691K,23810020006,N,ST,12,3
0421691K,23810020008,N,ST,75,86
0420008F,23820023003,N,ST,15,14
0420008F,23820025520,N,ST,15,8
0420008F,23810020008,N,ST,15,5
0420008F,23810023003,N,ST,15,15
0420998G,23210031122,N,ST,12,7
0420998G,23210031224,N,ST,12,10
0420998G,23810024204,N,ST,15,13
0420998G,23810030003,N,ST,42,17
0420998G,23810031211,N,ST,32,23
0421674S,23210031224,N,AP,999,13
0421674S,23811022104,N,ST,15,6
0421674S,23811033001,N,ST,45,24
0420074C,23820030004,N,ST,32,36
0420074C,23820033007,N,ST,30,39
0420074C,23820034304,N,ST,15,12
0420074C,23210022142,N,ST,12,17
0420074C,23210022146,N,ST,12,19
0420074C,23210033205,N,ST,12,35
0420074C,23210033413,N,ST,12,6
0420074C,23810030003,N,ST,32,49
0420074C,23810033007,N,ST,15,52
0420073B,23820025012,N,ST,24,23
0420073B,23820025520,N,ST,24,36
0420073B,23210020101,N,ST,15,9
0420073B,23210025524,N,ST,15,22
0420073B,23810020008,N,ST,24,35
0420073B,23810020104,N,ST,24,10
0421875K,23210022715,N,AP,999,8
0421875K,23210025439,N,AP,999,10
0421875K,23810025013,N,AP,999,3
0421606T,23820031213,N,ST,9,25
0421606T,23820031214,N,ST,9,2
0421606T,23210024008,N,ST,12,4
0421606T,23210024240,N,ST,12,14
0421606T,23810024204,N,ST,30,23
0421606T,23810031211,N,ST,18,23
0420992A,23210031224,N,ST,15,5
0420992A,23810031211,N,ST,32,7
0421489R,23820023405,N,ST,13,10
0421489R,23820023407,N,ST,11,9
0421489R,23820025406,N,ST,15,17
0421489R,23820033007,N,ST,30,43
0421489R,23210022142,N,ST,12,17
0421489R,23210025439,N,ST,15,20
0421489R,23210033205,N,ST,15,40
0421489R,23810020006,N,ST,15,8
0421489R,23810023409,N,ST,24,12
0421489R,23810033007,N,ST,30,27
0422264H,23210025437,N,AP,999,19
0422264H,23810025014,N,AP,999,5
0422264H,23810025520,N,AP,999,6
0421609W,23210022137,N,AP,999,22
0421609W,23210022141,N,AP,999,29
0421609W,23210022143,N,AP,999,19
0421609W,23210022144,N,AP,999,9
0421609W,23210022146,N,AP,999,23
0421609W,23210025440,N,AP,999,15
0421609W,23210031224,N,AP,999,20
0421609W,23210033413,N,AP,999,18
0421609W,23210033615,N,AP,999,16
0421609W,23210033616,N,AP,999,28
0421185K,23211021314,N,AP,999,4
0421185K,23211021314,N,ST,20,2
0421185K,23811021404,N,ST,20,0
0421185K,23811033001,N,ST,25,15
0422327B,23210022143,N,AP,999,2
0422327B,23210031221,N,AP,999,2
0422327B,23210031222,N,AP,999,0
0422327B,23210031224,N,AP,999,7
0422327B,23211021130,N,AP,999,8
0422327B,23211022108,N,AP,999,1
0420075D,23820023405,N,ST,15,15
0420075D,23820025012,N,ST,15,14
0420075D,23820025014,N,ST,15,7
0420075D,23820030004,N,ST,32,31
0420075D,23820031212,N,ST,16,10
0420075D,23820031213,N,ST,20,34
0420075D,23820031214,N,ST,20,23
0420075D,23210023447,N,ST,12,12
0420075D,23210031224,N,ST,15,25
0420075D,23810020103,N,ST,15,7
0420075D,23810020104,N,ST,15,15
0420075D,23810023409,N,ST,15,16
0420075D,23810030003,N,ST,32,19
0420075D,23810031211,N,ST,32,55
0421002L,23210031224,N,ST,15,1
0421002L,23210033615,N,ST,24,13
0421002L,23210033616,N,ST,15,12
0421002L,23810031211,N,ST,18,17
0421002L,23810033007,N,ST,30,10
0421002L,23810033605,N,ST,15,14
0421288X,23811022103,N,ST,30,15
0421288X,23811033001,N,ST,30,27
0421288X,23810031211,N,ST,30,4
0422218H,23210023446,N,AP,999,9
0421859T,23211021235,N,AP,999,9
0421859T,23211021237,N,AP,999,8
0421859T,23811021004,N,ST,0,0
0421859T,23811021211,N,AP,999,17
0421859T,23811021211,N,ST,40,26
0421090G,23811021112,N,ST,70,67
0420021V,23820022707,N,ST,12,10
0420021V,23820023005,N,ST,15,15
0420021V,23210022715,N,ST,12,4
0420021V,23210023224,N,ST,12,7
0420021V,23210023327,N,ST,12,10
0420021V,23210025524,N,ST,12,8
0420021V,23810020006,N,ST,6,7
0420021V,23810020008,N,ST,6,0
0420021V,23810023007,N,ST,15,8
0422283D,23211021314,N,AP,999,5
0421858S,23811021404,N,ST,27,14
0421858S,23811021404,N,ST,24,17
0422329D,23211021405,N,AP,999,7
0422329D,23811021405,N,AP,999,17
0421078U,23211021130,N,AP,999,6
0421078U,23211021130,N,ST,12,14
0421078U,23211021405,N,ST,12,19
0421078U,23211033003,N,ST,16,19
0421078U,23811021112,N,ST,24,19
0421078U,23811021404,N,ST,27,46
0421078U,23811033001,N,ST,32,36
0421088E,23811021112,N,ST,19,8
0421088E,23811022103,N,ST,19,2
0421088E,23810025222,N,ST,32,25
0420029D,23820030004,N,ST,24,22
0420029D,23820031212,N,ST,8,10
0420029D,23820031213,N,ST,24,33
0420029D,23820033007,N,ST,30,27
0420029D,23210022142,N,ST,12,4
0420029D,23210022146,N,ST,12,6
0420029D,23210031224,N,ST,24,23
0420029D,23210033205,N,ST,15,32
0420029D,23210033413,N,ST,12,3
0420029D,23810030003,N,ST,18,14
0420029D,23810031211,N,ST,32,26
0420029D,23810033007,N,ST,30,18
0420982P,23210023224,N,ST,12,4
0420982P,23210023325,N,ST,12,5
0420982P,23210023326,N,ST,12,2
0420982P,23210023327,N,ST,6,2
0420982P,23210025524,N,ST,12,5
0420982P,23210031224,N,ST,12,2
0420982P,23810031211,N,ST,18,5
0422296T,23210033615,N,AP,999,0
0422296T,23210033616,N,AP,999,0
0420077F,23820030004,N,ST,32,35
0420077F,23820031212,N,ST,18,6
0420077F,23820031213,N,ST,16,42
0420077F,23820031214,N,ST,16,30
0420077F,23210031224,N,ST,24,32
0420077F,23810030003,N,ST,32,33
0420077F,23810031211,N,ST,50,103
0420076E,23820020009,N,ST,15,15
0420076E,23820025012,N,ST,15,18
0420076E,23820025014,N,ST,15,9
0420076E,23820025214,N,ST,30,31
0420076E,23820025519,N,ST,30,33
0420076E,23820025520,N,ST,15,22
0420076E,23820031107,N,ST,24,25
0420076E,23210020101,N,ST,15,3
0420076E,23810020008,N,ST,45,58
0420076E,23810020009,N,ST,15,16
0420076E,23810020103,N,ST,15,6
0420076E,23810020104,N,ST,30,5
0420076E,23810024204,N,ST,15,24
0420076E,23810025222,N,ST,30,49
0420987V,23210034405,N,ST,15,20
0420987V,23810020008,N,ST,15,8
0420987V,23810034403,N,ST,15,12
0421979Y,23810030003,N,ST,32,8
0420078G,23820025014,N,ST,12,13
0420078G,23820025411,N,ST,24,27
0420078G,23820031106,N,ST,16,16
0420078G,23820031107,N,ST,24,30
0420078G,23820031114,N,ST,16,24
0420078G,23210025437,N,ST,15,18
0420078G,23810020103,N,ST,24,17
0420078G,23810030003,N,ST,32,25
0421736J,23820022105,N,ST,24,27
0421736J,23820022106,N,ST,24,29
0421736J,23820033403,N,ST,24,16
0421736J,23210022137,N,ST,24,12
0421736J,23210022141,N,ST,24,25
0421736J,23210022146,N,ST,12,16
0421736J,23210033413,N,ST,12,7
0421736J,23810022107,N,ST,24,39
0421736J,23810033404,N,ST,48,41
0420996E,23810020008,N,ST,15,5
0420996E,23810020103,N,ST,15,2
0420996E,23810020104,N,ST,15,1
0420996E,23810023409,N,ST,15,4
0421006R,23210022142,N,AP,999,1
0421006R,23210031122,N,ST,15,5
0421006R,23210031224,N,ST,15,7
0421006R,23210033205,N,ST,15,16
0421006R,23810030003,N,ST,32,6
0421006R,23810033006,N,ST,16,12
0421006R,23810033007,N,ST,30,13
0421184J,23211033003,N,ST,30,9
0421184J,23811022103,N,ST,30,5
0421184J,23811033001,N,ST,30,8
0421184J,23810031213,N,AP,999,2
0422027A,23210033616,N,AP,999,11
0422190C,23210033616,N,AP,999,5
0420079H,23820020009,N,ST,15,12
0420079H,23820025012,N,ST,30,31
0420079H,23820025014,N,ST,24,20
0420079H,23820025214,N,ST,40,50
0420079H,23820025412,N,ST,20,28
0420079H,23820032207,N,ST,28,34
0420079H,23820032208,N,ST,24,15
0420079H,23810020009,N,ST,15,28
0420079H,23810020103,N,ST,24,10
0420079H,23810020104,N,ST,30,38
0420079H,23810025222,N,ST,40,69
0420079H,23810025412,N,ST,20,25
0420079H,23810032210,N,ST,52,22
0420049A,23820030004,N,ST,16,30
0420049A,23820031212,N,ST,16,27
0420049A,23820031213,N,ST,32,76
0420049A,23820031214,N,ST,16,18
0420049A,23820033006,N,ST,16,25
0420049A,23820033007,N,ST,30,51
0420049A,23820033606,N,ST,24,27
0420049A,23210031224,N,ST,24,70
0420049A,23210033615,N,ST,24,30
0420049A,23211021405,N,ST,15,9
0420049A,23810030003,N,ST,16,31
0420049A,23810031211,N,ST,64,93
0420049A,23810033006,N,ST,16,35
0420049A,23810033007,N,ST,30,77
0420049A,23810033605,N,ST,36,63
0420958N,23820022707,N,ST,12,19
0420958N,23820023004,N,ST,12,13
0420958N,23820023203,N,ST,12,4
0420958N,23820023404,N,ST,15,4
0420958N,23820023408,N,ST,15,23
0420958N,23820025520,N,ST,12,32
0420958N,23210023324,N,ST,12,58
0420958N,23210023445,N,ST,12,10
0420958N,23210023446,N,ST,12,8
0420958N,23210025524,N,ST,12,37
0420958N,23810020006,N,ST,12,17
0420958N,23810020008,N,ST,24,58
0420958N,23810023007,N,ST,12,7
0420958N,23810023404,N,ST,15,6
0420958N,23810023409,N,ST,30,32
0422052C,23210020101,N,ST,15,2
0421742R,23810030003,N,ST,64,11
0421980Z,23210023006,N,ST,15,1
0421980Z,23210025524,N,ST,15,4
0421980Z,23810020008,N,ST,24,8
0421980Z,23810020009,N,ST,15,1
0421980Z,23810020103,N,ST,15,0
0421980Z,23810020104,N,ST,15,5
0420991Z,23210020101,N,ST,15,2
0420991Z,23210025437,N,AP,999,8
0420991Z,23210034405,N,ST,24,15
0420991Z,23810020008,N,ST,24,16
0420991Z,23810020103,N,ST,30,15
0420991Z,23810033101,N,ST,15,9
0420991Z,23810033104,N,ST,15,9
0420991Z,23810034403,N,ST,15,35
0420984S,23210031224,N,ST,15,5
0420984S,23810031211,N,ST,56,25
0420984S,23810032303,N,ST,15,15
0420984S,23810032304,N,ST,15,6
0421807L,23210022142,N,AP,999,0
0421807L,23210022146,N,AP,999,0
0421807L,23811033001,N,ST,40,5
0421139K,23210022715,N,AP,999,5
0421139K,23210023224,N,AP,999,10
0421139K,23210023324,N,AP,999,24
0421139K,23210023325,N,AP,999,14
0421139K,23210023326,N,AP,999,9
0421139K,23210023327,N,AP,999,10
0421139K,23210023447,N,AP,999,2
0421139K,23210023449,N,AP,999,1
0421139K,23210025439,N,AP,999,3
0421139K,23210025524,N,AP,999,8
0421975U,23810025012,N,AP,999,2
0421975U,23810025014,N,AP,999,1
0421975U,23810025411,N,AP,999,1
0421975U,23810025520,N,AP,999,2
0421567A,23210022137,N,AP,999,11
0421567A,23210022141,N,AP,999,27
0421567A,23210022142,N,AP,999,6
0421567A,23210022143,N,AP,999,14
0421567A,23210022146,N,AP,999,10
0421567A,23210025440,N,AP,999,11
0421567A,23210031224,N,AP,999,34
0421567A,23210033413,N,AP,999,5
0421567A,23210033616,N,AP,999,23
0420999H,23210022142,N,ST,24,1
0420999H,23210033002,N,ST,15,8
0420999H,23810033007,N,ST,45,28
0422160V,23210022146,N,AP,999,6
0422160V,23210033413,N,AP,999,5
0421005P,23210022146,N,ST,12,8
0421005P,23210033413,N,ST,12,0
0421005P,23810033404,N,ST,48,20
0421168S,23811021112,N,ST,19,7
0421168S,23811022103,N,ST,24,10
0421187M,23811022103,N,ST,35,6
0421187M,23811022108,N,AP,999,3
0421187M,23810031213,N,AP,999,5
0421608V,23820031213,N,ST,8,13
0421608V,23210022142,N,ST,8,8
0421608V,23210023006,N,ST,8,9
0421608V,23210025223,N,ST,8,8
0421608V,23210031224,N,ST,8,20
0421608V,23211021405,N,ST,8,14
0421676U,23211021236,N,ST,20,5
0421676U,23211021237,N,AP,999,1
0421676U,23211021237,N,ST,25,5
0421676U,23211021405,N,AP,999,6
0421676U,23211033003,N,ST,35,15
0421676U,23811021112,N,ST,37,17
0421676U,23811021211,N,ST,37,15
0421676U,23811022103,N,ST,37,9
0420985T,23210022715,N,ST,10,4
0420985T,23810020008,N,ST,30,14
0420985T,23810020104,N,ST,12,6
0420985T,23810025222,N,ST,40,37
0420065T,23820022106,N,ST,12,11
0420065T,23820033007,N,ST,30,36
0420065T,23820033403,N,ST,12,10
0420065T,23210022142,N,ST,12,19
0420065T,23210022146,N,ST,12,7
0420065T,23210033413,N,ST,12,8
0420065T,23810033007,N,ST,30,22
0420065T,23810033404,N,ST,24,14
0422326A,23210031223,N,AP,999,7
0422326A,23211021130,N,AP,999,3
0422326A,23211021405,N,AP,999,21
0421210M,23211021130,N,ST,16,8
0421210M,23811021112,N,ST,19,6
0421210M,23811021404,N,ST,26,15
0421210M,23811022103,N,ST,26,7
0421183H,23210033205,N,AP,999,3
0421183H,23811033001,N,ST,25,13
0422267L,23210022715,N,AP,999,8
0422267L,23210023224,N,AP,999,10
0422267L,23210023326,N,AP,999,16
0422267L,23210023327,N,AP,999,13
0422267L,23210025524,N,AP,999,3
Total établissements sélectionnés - département LOIRE,,,,101144,16315
0441835F,23211033003,N,ST,32,6
0441835F,23811033003,N,ST,32,6
0441783Z,23811021112,N,ST,24,6
0441783Z,23811021404,N,ST,24,8
0441784A,23211033003,N,ST,32,4
0441784A,23811022103,N,ST,24,2
0441784A,23811033003,N,ST,24,5
0440001M,23820025012,N,ST,12,12
0440001M,23820025520,N,ST,12,14
0440001M,23820030004,N,ST,17,21
0440001M,23820031212,N,ST,18,21
0440001M,23820031213,N,ST,17,23
0440001M,23820031214,N,ST,18,17
0440001M,23210025438,N,AP,999,2
0440001M,23210025438,N,ST,9,25
0440001M,23210031224,N,ST,15,26
0440001M,23810020008,N,ST,15,22
0440001M,23810020104,N,ST,24,13
0440001M,23810030003,N,ST,17,20
0440001M,23810031211,N,ST,53,94
0440261V,23810030003,N,ST,18,4
0440261V,23810031211,N,ST,35,12
0440261V,23810033007,N,ST,30,5
0441785B,23211033003,N,ST,32,16
0441785B,23811033003,N,ST,24,9
0442779G,23211021130,N,ST,16,0
0442779G,23211021130,N,ST,24,18
0442779G,23211021405,N,ST,16,9
0441656L,23820031212,N,ST,18,8
0441656L,23820031213,N,ST,35,22
0441656L,23820031214,N,ST,24,21
0441656L,23820033006,N,ST,17,22
0441656L,23210031224,N,ST,15,24
0441656L,23810031211,N,ST,77,32
0441656L,23810033006,N,ST,17,27
0442071M,23210022141,N,AP,999,11
0442071M,23210022146,N,AP,999,6
0442071M,23210022146,N,ST,24,8
0442071M,23210033413,N,ST,12,1
0442071M,23810033404,N,ST,24,13
0440096R,23210025437,N,AP,999,5
0440096R,23810025012,N,AP,999,2
0440096R,23810025014,N,AP,999,0
0440096R,23810025304,N,AP,999,7
0440096R,23810025411,N,AP,999,9
0441972E,23210023006,N,AP,999,4
0441972E,23811021112,N,ST,45,32
0441790G,23211033003,N,ST,16,2
0441790G,23811033003,N,ST,24,2
0440005S,23820022106,N,ST,12,15
0440005S,23820025014,N,ST,12,8
0440005S,23820025214,N,ST,10,13
0440005S,23820025215,N,ST,10,8
0440005S,23820025411,N,ST,12,17
0440005S,23820025520,N,ST,15,16
0440005S,23820031107,N,ST,24,26
0440005S,23820031213,N,ST,18,23
0440005S,23820031214,N,ST,17,19
0440005S,23820033007,N,ST,30,30
0440005S,23820033403,N,ST,12,9
0440005S,23210022142,N,ST,12,13
0440005S,23210022146,N,ST,12,15
0440005S,23210031126,N,ST,20,44
0440005S,23210031224,N,ST,15,25
0440005S,23210033002,N,ST,12,9
0440005S,23810020008,N,ST,15,13
0440005S,23810020103,N,ST,24,12
0440005S,23810025222,N,ST,20,59
0440005S,23810031117,N,ST,24,68
0440005S,23810031211,N,ST,35,55
0440005S,23810033007,N,ST,30,48
0440005S,23810033404,N,ST,24,30
0440262W,23810031211,N,ST,35,7
0441828Y,23210022137,N,AP,999,2
0441828Y,23210022140,N,AP,999,1
0441828Y,23210022141,N,AP,999,3
0441828Y,23210031122,N,AP,999,3
0441828Y,23210031224,N,AP,999,7
0441828Y,23211022108,N,AP,999,1
0441828Y,23811022103,N,ST,45,6
0442752C,23820023004,N,ST,15,15
0442752C,23820023205,N,ST,15,17
0442752C,23210023220,N,ST,5,5
0442752C,23210023224,N,ST,15,11
0442752C,23810020006,N,ST,15,6
0442752C,23810023007,N,ST,15,11
0440310Y,23820025520,N,ST,24,15
0440310Y,23820031213,N,ST,30,34
0440310Y,23210022142,N,ST,12,10
0440310Y,23210031224,N,ST,15,25
0440310Y,23210033002,N,ST,12,8
0440310Y,23810020008,N,ST,24,9
0440310Y,23810031211,N,ST,30,30
0440310Y,23810034403,N,ST,18,23
0441032H,23211021130,N,AP,999,9
0441032H,23811021001,N,AP,999,5
0441032H,23811021004,N,AP,999,3
0441032H,23811021112,N,ST,32,7
0441032H,23811021112,N,ST,32,10
0440355X,23811022103,N,ST,48,7
0440355X,23811033003,N,ST,75,33
0441550W,23821021114,N,ST,8,10
0441550W,23821021213,N,ST,16,14
0441550W,23821021405,N,ST,27,21
0441550W,23820021204,N,ST,12,11
0441550W,23820022106,N,ST,24,32
0441550W,23820025214,N,ST,20,26
0441550W,23820025221,N,ST,10,8
0441550W,23820033403,N,ST,24,15
0441550W,23210022146,N,ST,12,20
0441550W,23210025223,N,ST,10,15
0441550W,23210031223,N,ST,15,17
0441550W,23211021405,N,AP,999,11
0441550W,23811021112,N,ST,16,14
0441550W,23811021112,N,ST,8,6
0441550W,23811021404,N,ST,16,29
0441550W,23810021204,N,ST,12,15
0441550W,23810025222,N,ST,30,50
0441550W,23810033404,N,ST,48,53
0441827X,23210025221,N,AP,999,6
0441827X,23210025222,N,AP,999,1
0441827X,23210025223,N,AP,999,2
0441827X,23811021001,N,AP,999,4
0441827X,23811021112,N,ST,45,1
0440980B,23211021130,N,AP,999,0
0440980B,23211021405,N,AP,999,1
0440980B,23211021405,N,ST,16,9
0440980B,23811021112,N,ST,24,3
0440980B,23811021113,N,ST,16,0
0440980B,23811021404,N,ST,32,11
0440980B,23811033003,N,ST,24,11
0441788E,23211033003,N,ST,16,2
0441788E,23811021112,N,ST,24,13
0441788E,23811021112,N,ST,32,4
0441788E,23811033003,N,ST,24,11
0441789F,23211033003,N,ST,24,5
0441789F,23811022103,N,ST,24,5
0441789F,23811033003,N,ST,64,22
0440352U,23820022106,N,ST,12,12
0440352U,23820025012,N,ST,15,4
0440352U,23820025214,N,ST,20,21
0440352U,23820033403,N,ST,12,7
0440352U,23210020101,N,AP,999,0
0440352U,23210020101,N,ST,7,2
0440352U,23210022142,N,ST,12,11
0440352U,23210022146,N,ST,12,8
0440352U,23210025225,N,ST,10,23
0440352U,23210033413,N,ST,12,6
0440352U,23810020104,N,ST,15,5
0440352U,23810025222,N,ST,20,21
0440352U,23810033404,N,ST,24,19
0441826W,23211021130,N,AP,999,1
0441826W,23211021130,N,ST,16,1
0441826W,23211021405,N,AP,999,12
0441826W,23211021405,N,ST,24,4
0441826W,23811021114,N,AP,999,1
0441826W,23811021112,N,ST,16,1
0441826W,23811021404,N,ST,24,3
0441826W,23811021405,N,AP,999,13
0441826W,23811021407,N,AP,999,0
0441826W,23811022103,N,ST,20,0
0442789T,23210022141,N,AP,999,1
0442789T,23210022146,N,AP,999,4
0442789T,23210033413,N,AP,999,2
0442649R,23210033615,N,AP,999,4
0442649R,23210033616,N,AP,999,2
0440329U,23210022142,N,ST,8,22
0440329U,23210023224,N,ST,8,0
0440329U,23210025223,N,ST,8,13
0440329U,23210025439,N,ST,8,9
0440329U,23210033002,N,ST,8,19
0440329U,23211021130,N,ST,8,13
0440329U,23211021405,N,ST,8,10
0441975H,23210023327,N,AP,999,0
0440035Z,23820024204,N,ST,30,38
0440035Z,23820030004,N,ST,30,31
0440035Z,23820033006,N,ST,18,25
0440035Z,23820033007,N,ST,30,37
0440035Z,23210024008,N,ST,30,27
0440035Z,23210025225,N,ST,0,0
0440035Z,23810024204,N,ST,30,24
0440035Z,23810030003,N,ST,30,38
0440035Z,23810033006,N,ST,18,51
0440035Z,23810033007,N,ST,30,69
0440034Y,23820022707,N,ST,15,13
0440034Y,23820023004,N,ST,12,11
0440034Y,23820023005,N,ST,12,18
0440034Y,23820023104,N,ST,15,13
0440034Y,23820023203,N,ST,15,6
0440034Y,23820023210,N,ST,15,12
0440034Y,23820023304,N,ST,30,23
0440034Y,23820023404,N,ST,15,9
0440034Y,23820023405,N,ST,15,12
0440034Y,23210023006,N,ST,15,11
0440034Y,23210023122,N,AP,999,3
0440034Y,23210023124,N,AP,999,2
0440034Y,23210023124,N,ST,15,8
0440034Y,23210023224,N,ST,15,14
0440034Y,23210023324,N,ST,15,40
0440034Y,23210023326,N,ST,15,12
0440034Y,23210023327,N,ST,15,50
0440034Y,23210023446,N,ST,15,11
0440034Y,23210023447,N,ST,15,11
0440034Y,23210025524,N,ST,15,36
0440034Y,23810020006,N,ST,60,40
0440034Y,23810020008,N,ST,15,18
0440034Y,23810023007,N,ST,39,27
0440034Y,23810023210,N,AP,999,12
0440034Y,23810023404,N,ST,15,8
0440034Y,23810023409,N,ST,15,17
0441782Y,23821021114,N,ST,19,7
0441782Y,23821021405,N,ST,27,24
0441782Y,23211021130,N,ST,16,5
0441782Y,23211021405,N,ST,16,20
0441782Y,23811021112,N,ST,19,3
0441782Y,23811021404,N,ST,27,21
0440036A,23820022106,N,ST,24,32
0440036A,23820024202,N,ST,15,13
0440036A,23820031212,N,ST,15,21
0440036A,23820031213,N,ST,30,42
0440036A,23820031214,N,ST,15,16
0440036A,23820033403,N,ST,24,22
0440036A,23210022142,N,ST,24,23
0440036A,23210022146,N,ST,12,47
0440036A,23210033413,N,ST,12,22
0440036A,23810024202,N,ST,15,12
0440036A,23810031211,N,ST,60,92
0440036A,23810033404,N,ST,48,56
0440033X,23820023405,N,ST,15,22
0440033X,23820023407,N,ST,15,6
0440033X,23820023408,N,ST,15,16
0440033X,23820025012,N,ST,30,31
0440033X,23820025406,N,ST,15,8
0440033X,23820025519,N,ST,45,60
0440033X,23810020006,N,ST,15,13
0440033X,23810020008,N,ST,45,83
0440033X,23810020104,N,ST,30,19
0440033X,23810023409,N,ST,45,49
0442092K,23810020007,N,ST,48,32
0441552Y,23820030004,N,ST,30,36
0441552Y,23820031106,N,ST,24,35
0441552Y,23820031114,N,ST,18,11
0441552Y,23820031213,N,ST,60,74
0441552Y,23810030003,N,ST,72,45
0441552Y,23810031211,N,ST,30,97
0442765S,23820030004,N,ST,35,35
0442765S,23820031213,N,ST,35,61
0442765S,23210031224,N,ST,15,83
0442765S,23810030003,N,ST,12,11
0442765S,23810030003,N,ST,35,57
0442765S,23810031211,N,ST,35,140
0440030U,23820022706,N,ST,12,6
0440030U,23820025214,N,ST,30,32
0440030U,23820025412,N,ST,10,16
0440030U,23820025413,N,ST,10,4
0440030U,23820025517,N,ST,12,12
0440030U,23820025519,N,ST,12,24
0440030U,23820025520,N,ST,24,21
0440030U,23210025225,N,ST,20,83
0440030U,23210025440,N,ST,10,31
0440030U,23210025524,N,ST,12,21
0440030U,23810020008,N,ST,60,75
0440030U,23810025222,N,ST,30,86
0440030U,23810025412,N,ST,10,22
0440030U,23810025413,N,ST,10,11
0440246D,23210031224,N,ST,15,8
0440246D,23810030003,N,ST,18,11
0440246D,23810031211,N,ST,35,13
0440246D,23810033006,N,ST,18,10
0440246D,23810033007,N,ST,30,9
0442725Y,23810030003,N,ST,35,6
0442725Y,23810033007,N,ST,60,17
0442227G,23810033605,N,ST,35,13
0440255N,23810031211,N,ST,35,14
0442775C,23210022006,N,ST,12,1
0442775C,23210025524,N,ST,15,2
0442775C,23210031123,N,ST,15,2
0442775C,23210031224,N,ST,15,5
0442775C,23210033002,N,ST,12,2
0442775C,23210034308,N,ST,12,2
0442775C,23810020008,N,ST,90,28
0442775C,23810020009,N,ST,30,3
0442775C,23810020104,N,ST,30,2
0442775C,23810030003,N,ST,35,2
0442775C,23810031211,N,ST,70,27
0442775C,23810034307,N,ST,15,0
0440334Z,23210025524,N,AP,999,6
0440334Z,23810025520,N,AP,999,2
0442275J,23210031223,N,AP,999,1
0442275J,23210031224,N,AP,999,27
0442275J,23210034405,N,AP,999,8
0442275J,23810031213,N,AP,999,22
0440342H,23210032225,N,AP,999,0
0440342H,23210032227,N,AP,999,5
0440342H,23810032206,N,AP,999,0
0440342H,23810032207,N,AP,999,4
0440342H,23810032208,N,AP,999,0
0440087F,,O,ST,0,426
0440087F,,O,ST,0,5
0440087F,,O,ST,0,64
0440087F,,O,ST,0,233
0440087F,,O,ST,0,51
0440087F,,O,ST,0,162
0440087F,,O,ST,0,21
0440087F,,O,ST,0,6
0440087F,,O,ST,0,12
0440087F,,O,ST,0,25
0440087F,,O,ST,0,13
0440087F,,O,ST,0,8
0440087F,,O,ST,0,10
0440087F,,O,ST,0,9
0440087F,,O,ST,0,8
0440087F,,O,ST,0,19
0440087F,,O,ST,0,6
0440087F,,O,ST,0,298
0440087F,,O,ST,0,372
0440087F,,O,ST,0,4
0440087F,,O,ST,0,20
0440087F,,O,ST,0,175
0440087F,,O,ST,0,4
0440087F,,O,ST,0,8
0440087F,,O,ST,0,6
0440087F,,O,ST,0,7
0440087F,,O,ST,0,14
0440087F,,O,ST,0,34
0440087F,,O,ST,0,4
0440087F,,O,ST,0,6
0440087F,,O,ST,0,3
0440087F,,O,ST,0,5
0440087F,,O,ST,0,2
0440087F,,O,ST,0,0
0440087F,,O,ST,0,2
0440087F,,O,ST,0,3
0440087F,,O,ST,0,379
0440087F,,O,ST,0,202
0440087F,,O,ST,0,74
0440087F,,O,ST,0,224
0440087F,,O,ST,0,179
0442093L,23210023223,N,AP,999,9
0442093L,23210023224,N,AP,999,7
0442093L,23210023326,N,AP,999,2
0441791H,23811022103,N,ST,32,13
0441791H,23811033003,N,ST,32,11
0442899M,23820031106,N,ST,35,26
0442899M,23820033006,N,ST,18,20
0442899M,23820033007,N,ST,15,17
0442899M,23210031122,N,ST,15,18
0442899M,23210033002,N,ST,12,5
0442899M,23810030003,N,ST,35,20
0442899M,23810033006,N,ST,18,21
0442899M,23810033007,N,ST,15,24
0442094M,23820022106,N,ST,24,29
0442094M,23820033403,N,ST,24,19
0442094M,23810033404,N,ST,48,87
0440056X,23820025216,N,ST,10,12
0440056X,23820031212,N,ST,17,15
0440056X,23820031213,N,ST,18,16
0440056X,23210025227,N,ST,10,20
0440056X,23210025524,N,ST,15,3
0440056X,23810025222,N,ST,10,22
0440056X,23810031211,N,ST,35,30
0442993P,23820025411,N,ST,15,16
0442993P,23820025520,N,ST,15,17
0442993P,23820031212,N,ST,18,24
0442993P,23820032303,N,ST,15,20
0442993P,23210025524,N,ST,15,31
0442993P,23210031224,N,ST,15,15
0442993P,23810020008,N,ST,15,20
0442993P,23810020103,N,ST,15,19
0442993P,23810031211,N,ST,18,32
0442993P,23810032303,N,ST,15,60
0442991M,23810031213,N,AP,999,6
0440063E,23820024204,N,ST,24,23
0440063E,23820025014,N,ST,15,9
0440063E,23820025411,N,ST,15,18
0440063E,23820025520,N,ST,24,21
0440063E,23820033007,N,ST,60,61
0440063E,23820033604,N,ST,24,23
0440063E,23820033606,N,ST,24,25
0440063E,23210024240,N,ST,15,19
0440063E,23210033002,N,ST,24,19
0440063E,23210033616,N,ST,24,69
0440063E,23810020008,N,ST,24,35
0440063E,23810020103,N,ST,30,22
0440063E,23810024204,N,ST,24,22
0440063E,23810033007,N,ST,60,60
0440063E,23810033605,N,ST,48,107
0440274J,23210031224,N,ST,15,6
0440274J,23810031211,N,ST,112,24
0441831B,23211021130,N,AP,999,7
0441831B,23211021130,N,ST,20,3
0441831B,23211021405,N,AP,999,6
0441831B,23211021405,N,ST,20,5
0441885K,23210022715,N,AP,999,1
0441885K,23210023223,N,AP,999,5
0441885K,23210023224,N,AP,999,18
0441885K,23210023324,N,AP,999,1
0441885K,23210023446,N,AP,999,5
0441885K,23210023447,N,AP,999,5
0441885K,23210023449,N,AP,999,7
0441885K,23210025524,N,AP,999,5
0441854B,23210031122,N,AP,999,2
0440344K,23210022137,N,AP,999,29
0440344K,23210022141,N,AP,999,21
0440344K,23210022142,N,AP,999,1
0440344K,23210022143,N,AP,999,17
0440344K,23210022144,N,AP,999,5
0440344K,23210022146,N,AP,999,19
0440344K,23210022425,N,AP,999,0
0440344K,23210024238,N,AP,999,2
0440344K,23210024239,N,AP,999,0
0440344K,23210025225,N,AP,999,30
0440344K,23210025226,N,AP,999,9
0440344K,23210025440,N,AP,999,12
0440344K,23210033413,N,AP,999,11
0440344K,23810025224,N,AP,999,18
0442614C,23210025524,N,AP,999,6
0442614C,23810025520,N,AP,999,2
0440981C,23211033003,N,ST,16,4
0440981C,23811022103,N,ST,16,1
0440981C,23811033003,N,ST,48,20
0442061B,23821021004,N,ST,19,11
0442061B,23211021130,N,AP,999,1
0442061B,23811021112,N,ST,19,22
0440267B,23210033616,N,ST,30,15
0440267B,23810033605,N,ST,45,20
0440395R,23211021130,N,AP,999,2
0440395R,23211021405,N,AP,999,14
0440395R,,O,AP,999,0
0440395R,,O,AP,999,1
0440395R,23811021405,N,AP,999,13
0442416M,23210022715,N,AP,999,4
0442416M,23210023223,N,AP,999,14
0442416M,23210023224,N,AP,999,17
0442416M,23210023324,N,AP,999,12
0442416M,23210023325,N,AP,999,9
0442416M,23210023326,N,AP,999,5
0442416M,23210023327,N,AP,999,22
0442416M,23210023446,N,AP,999,1
0442416M,23210023447,N,AP,999,6
0442416M,23210023449,N,AP,999,8
0442416M,23210025439,N,AP,999,2
0440333Y,23210033615,N,AP,999,16
0440333Y,23210033616,N,AP,999,23
0441794L,23211033003,N,ST,24,4
0441794L,23811022103,N,ST,16,0
0441794L,23811033003,N,ST,24,3
0440315D,23820022707,N,ST,12,10
0440315D,23820023203,N,ST,15,9
0440315D,23820023303,N,ST,15,13
0440315D,23820023304,N,ST,15,12
0440315D,23820023405,N,ST,15,13
0440315D,23820025517,N,ST,12,7
0440315D,23210023324,N,ST,15,14
0440315D,23210023327,N,ST,15,21
0440315D,23210023449,N,ST,15,19
0440315D,23810020006,N,ST,45,14
0440315D,23810020008,N,ST,24,12
0440315D,23810023409,N,ST,15,22
0440074S,23820025014,N,ST,15,7
0440074S,23820025411,N,ST,15,19
0440074S,23820025520,N,ST,24,32
0440074S,23820030004,N,ST,15,17
0440074S,23820031106,N,ST,15,14
0440074S,23820031213,N,ST,32,33
0440074S,23820031214,N,ST,32,37
0440074S,23820033006,N,ST,15,20
0440074S,23820033007,N,ST,30,36
0440074S,23210022142,N,ST,24,16
0440074S,23210025437,N,ST,15,22
0440074S,23210025524,N,ST,15,22
0440074S,23210031224,N,ST,30,40
0440074S,23210033002,N,ST,24,16
0440074S,23810020008,N,ST,24,36
0440074S,23810020103,N,ST,30,34
0440074S,23810025307,N,ST,15,26
0440074S,23810030003,N,ST,30,26
0440074S,23810031211,N,ST,64,97
0440074S,23810033006,N,ST,15,44
0440074S,23810033007,N,ST,30,54
0441823T,23820020102,N,ST,15,0
0441823T,23820022004,N,ST,15,14
0441823T,23820022005,N,ST,15,12
0441823T,23820024204,N,ST,15,16
0441823T,23820025012,N,ST,24,21
0441823T,23810020104,N,ST,48,32
0441823T,23810022005,N,ST,15,14
0441823T,23810024204,N,ST,15,31
0440119R,23210022141,N,ST,12,7
0440119R,23210022146,N,ST,12,0
0440119R,23810022107,N,ST,24,14
0440119R,23810033007,N,ST,45,18
0440119R,23810033404,N,ST,45,30
0440282T,23810031211,N,ST,24,9
0440307V,23210031122,N,ST,15,5
0440307V,23210031224,N,ST,15,3
0440307V,23810030003,N,ST,59,4
0440307V,23810031211,N,ST,53,27
0442632X,23210031224,N,AP,999,16
0442632X,23810031213,N,AP,999,14
0442630V,23210033616,N,AP,999,22
0442620J,23210025307,N,AP,999,14
0442620J,23210025437,N,AP,999,3
0442631W,23210022137,N,AP,999,16
0442631W,23210022141,N,AP,999,14
0442631W,23210022142,N,AP,999,11
0442631W,23210025225,N,AP,999,16
0442631W,23210025440,N,AP,999,3
0442631W,23810025224,N,AP,999,10
0441836G,23211033003,N,ST,45,19
0441836G,23811033003,N,ST,32,15
0441973F,23811033003,N,ST,32,0
0441973F,23810031212,N,AP,999,0
0440537V,23820022503,N,ST,24,11
0440537V,23820033104,N,ST,24,24
0440537V,23210022510,N,AP,999,0
0440537V,23210022510,N,ST,15,7
0440537V,23210025137,N,ST,15,35
0440537V,23810022503,N,ST,24,11
0440537V,23810033104,N,ST,24,27
0440279P,23210024240,N,ST,15,4
0440279P,23810024204,N,ST,30,14
0440279P,23810033006,N,ST,18,13
0440279P,23810033007,N,ST,45,12
0441653H,23210020101,N,ST,15,1
0441653H,23210023006,N,ST,15,4
0441653H,23210023329,N,ST,8,0
0441653H,23210025225,N,ST,10,3
0441653H,23210025439,N,ST,7,1
0441653H,23210025441,N,ST,10,5
0441653H,23810020006,N,ST,15,5
0441653H,23810020008,N,ST,30,11
0441653H,23810020103,N,ST,39,6
0441653H,23810020104,N,ST,24,8
0441653H,23810025222,N,ST,40,12
0441653H,23810025412,N,ST,20,6
0440256P,23810023003,N,ST,15,8
0440256P,23810030003,N,ST,35,9
0440256P,23810031211,N,ST,35,8
0440256P,23810032210,N,ST,15,6
0440256P,23810032303,N,ST,15,11
0440256P,23810034403,N,ST,18,26
0443048Z,23210023220,N,AP,999,0
0443048Z,23210023325,N,AP,999,1
0443048Z,23210023327,N,AP,999,1
0443048Z,23210023446,N,AP,999,0
0443048Z,23210023447,N,AP,999,2
0442990L,23810031213,N,AP,999,5
0442617F,23210033615,N,AP,999,10
Total établissements sélectionnés - département LOIRE-ATLANTIQUE,,,,145895,23009
0451104F,23210022142,N,ST,8,18
0451104F,23210023224,N,ST,8,16
0451104F,23210023327,N,ST,8,19
0451104F,23210023449,N,ST,8,8
0451104F,23210034308,N,ST,8,3
0451104F,23211021130,N,ST,8,15
0451733P,23210022146,N,AP,999,5
0451733P,23211033003,N,AP,999,6
0451733P,23211033003,N,ST,30,15
0451733P,23811022103,N,ST,18,2
0451733P,23811022108,N,AP,999,5
0450759F,23210031224,N,ST,18,7
0450759F,23810031211,N,ST,30,16
0450759F,23810033007,N,ST,30,13
0450027K,23821021303,N,ST,1,2
0450027K,23821021405,N,ST,1,3
0450027K,23821021407,N,ST,1,1
0450027K,23211021405,N,ST,16,9
0450027K,23811021404,N,ST,14,14
0450027K,23811021404,N,ST,13,18
0450027K,23811022103,N,ST,19,8
0451463W,23211021130,N,AP,999,13
0451463W,23211021405,N,AP,999,27
0451463W,23811021004,N,AP,999,10
0451463W,23811021114,N,AP,999,2
0451463W,23811021303,N,AP,999,7
0451463W,23811021405,N,AP,999,11
0451461U,23211021405,N,AP,999,4
0451461U,23211021405,N,ST,15,5
0451461U,23811021404,N,ST,25,25
0451442Y,23820022706,N,ST,15,19
0451442Y,23820023405,N,ST,15,6
0451442Y,23820023408,N,ST,15,22
0451442Y,23820025014,N,ST,15,8
0451442Y,23820025517,N,ST,15,21
0451442Y,23820025519,N,ST,24,36
0451442Y,23820025520,N,ST,24,18
0451442Y,23820033007,N,ST,32,31
0451442Y,23210023324,N,ST,15,27
0451442Y,23210023445,N,ST,15,14
0451442Y,23210033002,N,ST,15,25
0451442Y,23810020008,N,ST,78,91
0451442Y,23810020103,N,ST,15,16
0451442Y,23810022706,N,AP,999,1
0451442Y,23810023409,N,ST,30,27
0451442Y,23810025014,N,AP,999,1
0451442Y,23810025517,N,AP,999,6
0451442Y,23810033007,N,ST,32,55
0451464X,23210033205,N,AP,999,19
0451464X,23211033003,N,AP,999,0
0451464X,23211033003,N,ST,25,17
0451067R,23820023303,N,ST,15,15
0451067R,23820025411,N,ST,15,19
0451067R,23820025520,N,ST,24,26
0451067R,23820030004,N,ST,24,26
0451067R,23820031212,N,ST,16,16
0451067R,23820031213,N,ST,32,32
0451067R,23820031214,N,ST,16,22
0451067R,23820033606,N,ST,24,31
0451067R,23210023329,N,ST,15,12
0451067R,23210025439,N,ST,15,11
0451067R,23810020006,N,ST,15,12
0451067R,23810020008,N,ST,24,34
0451067R,23810020103,N,ST,15,14
0451067R,23810030003,N,ST,24,37
0451067R,23810031211,N,ST,64,84
0451067R,23810033605,N,ST,24,81
0451037H,23820022708,N,ST,15,16
0451037H,23820025012,N,ST,24,25
0451037H,23820025406,N,ST,15,17
0451037H,23820025519,N,ST,24,23
0451037H,23820025520,N,ST,24,26
0451037H,23820030004,N,ST,24,20
0451037H,23820031213,N,ST,32,35
0451037H,23820031214,N,ST,16,16
0451037H,23820033007,N,ST,30,42
0451037H,23210025439,N,ST,12,19
0451037H,23210031224,N,ST,15,19
0451037H,23210033002,N,ST,15,9
0451037H,23810020006,N,ST,15,16
0451037H,23810020008,N,ST,48,43
0451037H,23810020104,N,ST,24,20
0451037H,23810022708,N,ST,15,32
0451037H,23810030003,N,ST,24,17
0451037H,23810031211,N,ST,48,53
0451037H,23810033007,N,ST,30,25
0450106W,23810031211,N,ST,15,13
0450106W,,N,ST,15,8
0451246K,23211021130,N,AP,999,2
0451246K,23211021130,N,ST,15,4
0451246K,23211021237,N,ST,15,11
0451246K,23211021405,N,AP,999,5
0451246K,23211033003,N,ST,15,10
0451246K,23811021004,N,AP,999,5
0451246K,23811021112,N,ST,35,12
0451483T,23820025519,N,ST,52,64
0451483T,23810020008,N,ST,52,95
0451653C,23810025012,N,AP,999,5
0451653C,23810025013,N,AP,999,2
0451653C,23810025014,N,AP,999,3
0450094H,23821021001,N,ST,1,1
0450094H,23821021004,N,ST,1,4
0450094H,23811021112,N,ST,19,31
0450094H,23811021112,N,ST,27,25
0450043C,23820030004,N,ST,32,34
0450043C,23820031106,N,ST,30,28
0450043C,23820031114,N,ST,15,9
0450043C,23820031212,N,ST,16,28
0450043C,23820031213,N,ST,48,71
0450043C,23820031214,N,ST,16,27
0450043C,23210024240,N,ST,15,24
0450043C,23210031122,N,ST,12,28
0450043C,23210031224,N,ST,15,46
0450043C,23810030003,N,ST,77,58
0450043C,23810031211,N,ST,80,123
0450107X,23210022137,N,AP,999,1
0450107X,23210022141,N,AP,999,6
0450107X,23210022146,N,AP,999,7
0450107X,23210033413,N,AP,999,0
0450107X,23810033404,N,ST,30,9
0450808J,23210025225,N,AP,999,32
0450808J,23210025440,N,AP,999,11
0450808J,23210031224,N,AP,999,22
0450808J,23210033205,N,AP,999,16
0450808J,23210033615,N,AP,999,11
0450808J,23210033616,N,AP,999,14
0450808J,23810025224,N,AP,999,14
0450808J,23810031213,N,AP,999,10
0450808J,23810031214,N,AP,999,5
0451304Y,23820022106,N,ST,24,32
0451304Y,23820033403,N,ST,24,24
0451304Y,23210022146,N,ST,24,46
0451304Y,23210033413,N,ST,24,29
0451304Y,23810033404,N,ST,48,94
0459999Z,,O,ST,0,7
0459999Z,,O,ST,0,2
0459999Z,,O,ST,0,119
0459999Z,,O,ST,0,2
0459999Z,,O,ST,0,80
0451565G,23811021404,N,ST,30,13
0450786K,23820024204,N,ST,15,34
0450786K,23820030004,N,ST,24,33
0450786K,23820031212,N,ST,16,18
0450786K,23820031213,N,ST,48,80
0450786K,23820031214,N,ST,16,31
0450786K,23820033006,N,ST,32,41
0450786K,23820033007,N,ST,48,72
0450786K,23820034304,N,ST,15,11
0450786K,23820034403,N,ST,16,34
0450786K,23210022142,N,ST,24,39
0450786K,23210024008,N,ST,12,2
0450786K,23210024240,N,ST,12,24
0450786K,23210031224,N,ST,15,88
0450786K,23210034308,N,ST,12,7
0450786K,23810024204,N,ST,15,49
0450786K,23810030003,N,ST,24,40
0450786K,23810031211,N,ST,80,154
0450786K,23810033006,N,ST,32,83
0450786K,23810033007,N,ST,48,104
0450786K,23810034306,N,ST,15,12
0450786K,23810034403,N,ST,16,84
0450051L,23820020009,N,ST,24,30
0450051L,23820025014,N,ST,30,17
0450051L,23820025520,N,ST,30,46
0450051L,23810020008,N,ST,30,68
0450051L,23810020009,N,ST,24,35
0450051L,23810020103,N,ST,30,22
0450050K,23820030004,N,ST,32,47
0450050K,23820031213,N,ST,18,41
0450050K,23810030003,N,ST,32,57
0450050K,23810031211,N,ST,18,113
0450758E,23210031122,N,ST,15,5
0450758E,23210031224,N,ST,15,10
0450758E,23810020008,N,ST,30,34
0450758E,23810024204,N,ST,30,21
0450758E,23810030003,N,ST,90,25
0450758E,23810031211,N,ST,30,22
0451590J,23210025524,N,ST,12,12
0451590J,23210031224,N,ST,12,12
0451590J,23210033002,N,ST,16,11
0451590J,23810020008,N,ST,30,17
0451590J,23810020104,N,ST,15,12
0451590J,23810031211,N,ST,42,47
0451590J,23810033006,N,ST,15,27
0451590J,23810033007,N,ST,45,37
0451403F,23811033001,N,ST,50,9
0451403F,23811033003,N,AP,999,13
0451602X,23210031223,N,AP,999,13
0451602X,23211021130,N,AP,999,4
0451602X,23211021405,N,AP,999,10
0451602X,23811021405,N,AP,999,15
0450807H,23210031224,N,AP,999,34
0450807H,23210033205,N,AP,999,34
0450807H,23810025519,N,AP,999,17
0450807H,23810025520,N,AP,999,7
0450807H,23810031212,N,AP,999,7
0450807H,23810031213,N,AP,999,26
0450807H,23810031214,N,AP,999,1
0450080T,,O,ST,0,43
0450080T,,O,ST,0,13
0450080T,,O,ST,0,11
0450080T,,O,ST,0,36
0450080T,,O,ST,0,62
0450080T,,O,ST,0,236
0450080T,,O,ST,0,18
0450080T,,O,ST,0,6
0450080T,,O,ST,0,10
0450080T,,O,ST,0,22
0450080T,,O,ST,0,4
0450080T,,O,ST,0,174
0450080T,,O,ST,0,31
0450080T,,O,ST,0,8
0450080T,,O,ST,0,17
0450080T,,O,ST,0,245
0450080T,,O,ST,0,10
0450080T,,O,ST,0,13
0450080T,,O,ST,0,63
0450080T,,O,ST,0,14
0450080T,,O,ST,0,82
0450080T,,O,ST,0,180
0450080T,,O,ST,0,1
0450080T,,O,ST,0,5
0450080T,,O,ST,0,2
0450080T,,O,ST,0,5
0450080T,,O,ST,0,0
0450080T,,O,ST,0,1
0450080T,,O,ST,0,1
0450080T,,O,ST,0,2
0450080T,,O,ST,0,184
0450080T,,O,ST,0,169
0450809K,23210022137,N,AP,999,22
0450809K,23210022141,N,AP,999,37
0450809K,23210022142,N,AP,999,8
0450809K,23210022143,N,AP,999,15
0450809K,23210022144,N,AP,999,0
0450809K,23210022146,N,AP,999,12
0450809K,23210025223,N,AP,999,2
0450809K,23210025225,N,AP,999,38
0450809K,23210025227,N,AP,999,8
0450809K,23210025440,N,AP,999,10
0450809K,23210025441,N,AP,999,0
0450809K,23210033413,N,AP,999,19
0450809K,23210033615,N,AP,999,14
0450809K,23210033616,N,AP,999,34
0450809K,23810025224,N,AP,999,5
0450809K,23810025412,N,AP,999,3
0450810L,23210022715,N,AP,999,1
0450810L,23210023223,N,AP,999,15
0450810L,23210023224,N,AP,999,18
0450810L,23210023225,N,AP,999,1
0450810L,23210023324,N,AP,999,9
0450810L,23210023325,N,AP,999,0
0450810L,23210023326,N,AP,999,1
0450810L,23210023327,N,AP,999,16
0450810L,23210023447,N,AP,999,5
0450810L,23210023449,N,AP,999,2
0450810L,23210025524,N,AP,999,11
0450810L,23810023304,N,AP,999,0
0450750W,23820022106,N,ST,12,15
0450750W,23820025012,N,ST,24,25
0450750W,23820025520,N,ST,15,13
0450750W,23820030004,N,ST,14,17
0450750W,23820031212,N,ST,14,12
0450750W,23820031213,N,ST,18,32
0450750W,23820033403,N,ST,12,14
0450750W,23210022146,N,ST,12,37
0450750W,23210025524,N,ST,15,21
0450750W,23210033413,N,ST,15,10
0450750W,23810020008,N,ST,15,21
0450750W,23810020104,N,ST,24,23
0450750W,23810030003,N,ST,14,13
0450750W,23810031211,N,ST,32,51
0450750W,23810033404,N,ST,24,24
0450764L,23810030003,N,ST,15,5
0450764L,23810031211,N,ST,15,7
0450764L,23810033007,N,ST,30,13
0451247L,23210033205,N,AP,999,1
0451247L,23811033001,N,ST,30,18
0451247L,23811033003,N,AP,999,8
0450064A,23820022706,N,ST,15,10
0450064A,23820022707,N,ST,15,18
0450064A,23820023004,N,ST,14,13
0450064A,23820023005,N,ST,14,13
0450064A,23820023104,N,ST,15,11
0450064A,23820023203,N,ST,15,7
0450064A,23820023210,N,ST,15,8
0450064A,23820023304,N,ST,24,23
0450064A,23820023404,N,ST,15,11
0450064A,23820023405,N,ST,24,15
0450064A,23210023122,N,AP,999,5
0450064A,23210023122,N,ST,12,9
0450064A,23210023220,N,ST,15,11
0450064A,23210023223,N,ST,15,21
0450064A,23810020006,N,ST,54,39
0450064A,23810020008,N,ST,30,35
0450064A,23810023007,N,ST,43,52
0450064A,23810023404,N,ST,15,12
0450064A,23810023409,N,ST,24,17
0450066C,23820025012,N,ST,45,26
0450066C,23820025214,N,ST,36,51
0450066C,23820025215,N,ST,24,27
0450066C,23820025216,N,ST,12,15
0450066C,23820025412,N,ST,24,25
0450066C,23820031106,N,ST,36,28
0450066C,23820031107,N,ST,36,37
0450066C,23210025225,N,ST,12,76
0450066C,23210031122,N,ST,15,29
0450066C,23810020104,N,ST,45,24
0450066C,23810025222,N,ST,72,131
0450066C,23810025412,N,ST,24,52
0450066C,23810030003,N,ST,36,33
0450066C,23810031117,N,ST,36,54
Total établissements sélectionnés - département LOIRET,,,,89685,16219
0419999W,,O,ST,0,78
0419999W,,O,ST,0,5
0419999W,,O,ST,0,36
0410629L,23821021114,N,ST,1,1
0410629L,23821021203,N,ST,1,4
0410629L,23821021407,N,ST,1,3
0410629L,23210031223,N,ST,16,28
0410629L,23811021112,N,ST,11,3
0410629L,23811022103,N,ST,32,22
0410629L,23811022103,N,ST,16,4
0410832G,23820030004,N,ST,32,32
0410832G,23820031212,N,ST,32,46
0410832G,23820031213,N,ST,32,48
0410832G,23820031214,N,ST,16,27
0410832G,23820033007,N,ST,56,62
0410832G,23820033604,N,ST,16,17
0410832G,23820033606,N,ST,24,23
0410832G,23210024240,N,ST,15,35
0410832G,23210031224,N,ST,15,49
0410832G,23810030003,N,ST,32,42
0410832G,23810031211,N,ST,80,149
0410832G,23810033007,N,ST,56,82
0410832G,23810033605,N,ST,40,103
0410001D,23820025012,N,ST,24,29
0410001D,23820025014,N,ST,15,5
0410001D,23820025411,N,ST,24,24
0410001D,23820025520,N,ST,24,26
0410001D,23810020008,N,ST,24,32
0410001D,23810020103,N,ST,39,30
0410001D,23810020104,N,ST,24,25
0410899E,23820022105,N,ST,24,27
0410899E,23820022106,N,ST,48,44
0410899E,23820033403,N,ST,24,27
0410899E,23210022146,N,ST,12,29
0410899E,23210033413,N,ST,12,19
0410899E,23810022107,N,ST,24,52
0410899E,23810033404,N,ST,72,78
0410693F,23210031224,N,ST,15,10
0410693F,23210033002,N,ST,15,6
0410693F,23810020008,N,ST,30,20
0410693F,23810030003,N,ST,15,6
0410693F,23810031211,N,ST,24,25
0410693F,23810033006,N,ST,15,23
0410693F,23810033007,N,ST,30,18
0410955R,23211021130,N,AP,999,3
0410955R,23211021405,N,AP,999,21
0410955R,23811021114,N,AP,999,2
0410955R,23811021405,N,AP,999,13
0410590U,23210022137,N,AP,999,13
0410590U,23210022141,N,AP,999,28
0410590U,23210022142,N,AP,999,2
0410590U,23210022143,N,AP,999,12
0410590U,23210022144,N,AP,999,3
0410590U,23210022146,N,AP,999,20
0410590U,23210025225,N,AP,999,49
0410590U,23210025440,N,AP,999,12
0410590U,23210031224,N,AP,999,34
0410590U,23210033205,N,AP,999,28
0410590U,23210033413,N,AP,999,18
0410590U,23210033615,N,AP,999,16
0410590U,23210033616,N,AP,999,34
0410590U,23810025224,N,AP,999,15
0410590U,23810025412,N,AP,999,2
0410590U,23810031213,N,AP,999,14
0410592W,23210022715,N,AP,999,3
0410592W,23210023223,N,AP,999,15
0410592W,23210023224,N,AP,999,21
0410592W,23210023311,N,AP,999,0
0410592W,23210023324,N,AP,999,15
0410592W,23210023326,N,AP,999,8
0410592W,23210023327,N,AP,999,18
0410592W,23210023446,N,AP,999,6
0410592W,23210023447,N,AP,999,8
0410592W,23210023449,N,AP,999,1
0410592W,23210025439,N,AP,999,13
0410592W,23210025524,N,AP,999,13
0410592W,23810023205,N,AP,999,0
0410592W,23810023206,N,AP,999,0
0410592W,23810023207,N,AP,999,0
0410592W,23810023404,N,AP,999,0
0410592W,23810025406,N,AP,999,1
0410592W,23810025520,N,AP,999,6
0410855G,23211033003,N,ST,30,10
0410855G,23811033001,N,ST,30,15
0410854F,23211033003,N,ST,35,18
0410854F,23811033001,N,ST,45,12
0410626H,23821021004,N,ST,1,0
0410626H,23211021130,N,AP,999,12
0410626H,23211021130,N,ST,19,15
0410626H,23811021004,N,AP,999,11
0410626H,23811021112,N,ST,27,10
0410036S,23820025012,N,ST,15,9
0410036S,23820025214,N,ST,24,22
0410036S,23820025520,N,ST,24,24
0410036S,23820030004,N,ST,16,17
0410036S,23820031213,N,ST,16,34
0410036S,23820031214,N,ST,16,14
0410036S,23210025524,N,ST,12,14
0410036S,23210031224,N,ST,15,29
0410036S,23810020008,N,ST,24,21
0410036S,23810020104,N,ST,15,11
0410036S,23810025222,N,ST,24,32
0410036S,23810030003,N,ST,16,24
0410036S,23810031211,N,ST,32,67
0410718H,23820022707,N,ST,12,3
0410718H,23820025520,N,ST,15,13
0410718H,23820031212,N,ST,16,8
0410718H,23820031213,N,ST,16,10
0410718H,23820031214,N,ST,16,20
0410718H,23210025524,N,ST,12,25
0410718H,23210033002,N,AP,999,1
0410718H,23210033002,N,ST,12,8
0410718H,23810020008,N,ST,24,7
0410718H,23810031211,N,ST,48,20
0410957T,23210031224,N,AP,999,8
0410957T,23211021130,N,AP,999,0
0410957T,23211021130,N,ST,30,7
0410957T,23211021405,N,AP,999,4
0410892X,23210025226,N,AP,999,12
0410892X,23810025225,N,AP,999,6
0410892X,23810031116,N,AP,999,3
0410018X,23821021302,N,ST,1,1
0410018X,23811021209,N,ST,27,23
0410018X,23811021404,N,ST,27,30
0410031L,23820020102,N,ST,15,9
0410031L,23820023405,N,ST,18,8
0410031L,23820025214,N,ST,30,33
0410031L,23820025219,N,ST,6,11
0410031L,23820025220,N,ST,2,5
0410031L,23820025221,N,ST,4,2
0410031L,23820030004,N,ST,18,23
0410031L,23820031212,N,ST,18,5
0410031L,23820031213,N,ST,18,24
0410031L,23820034403,N,ST,16,34
0410031L,23210022142,N,ST,15,22
0410031L,23210024323,N,AP,999,4
0410031L,23210025221,N,ST,4,14
0410031L,23210025222,N,ST,6,7
0410031L,23210025223,N,ST,5,8
0410031L,23210031224,N,ST,15,27
0410031L,23210034405,N,ST,24,38
0410031L,23810020102,N,AP,999,0
0410031L,23810020104,N,ST,15,5
0410031L,23810023405,N,AP,999,1
0410031L,23810023409,N,ST,15,9
0410031L,23810025219,N,AP,999,5
0410031L,23810025220,N,AP,999,0
0410031L,23810025221,N,AP,999,0
0410031L,23810025222,N,ST,54,48
0410031L,23810025224,N,AP,999,4
0410031L,23810030003,N,ST,18,13
0410031L,23810031211,N,ST,36,46
0410031L,23810034403,N,ST,16,74
0410954P,23810031211,N,ST,25,8
Total établissements sélectionnés - département LOIR-ET-CHER,,,,58947,5682
0460007H,23820030004,N,AP,999,0
0460007H,23820031213,N,AP,999,0
0460007H,23820033007,N,AP,999,0
0460051F,23820030004,N,ST,17,22
0460051F,23820031213,N,ST,29,38
0460051F,23820033007,N,ST,29,34
0460051F,23210033002,N,ST,15,19
0460051F,23810030003,N,ST,17,27
0460051F,23810031211,N,ST,30,46
0460051F,23810033007,N,ST,30,39
0460493L,23820025012,N,AP,999,0
0460493L,23820025012,N,ST,11,9
0460493L,23820025214,N,AP,999,1
0460493L,23820025214,N,ST,20,18
0460493L,23820025412,N,AP,999,0
0460493L,23820025412,N,ST,10,6
0460493L,23820025520,N,AP,999,0
0460493L,23820025520,N,ST,24,15
0460493L,23210025440,N,AP,999,2
0460493L,23210025440,N,ST,10,20
0460493L,23210025524,N,AP,999,3
0460493L,23810020008,N,ST,20,15
0460493L,23810020104,N,ST,12,9
0460493L,23810025222,N,ST,19,25
0460493L,23810025412,N,ST,9,13
0460050E,23820023003,N,AP,999,0
0460050E,23820031214,N,AP,999,0
0460050E,23820032303,N,AP,999,0
0460050E,23820032304,N,AP,999,0
0460050E,23810023003,N,ST,12,7
0460050E,23810031211,N,ST,12,10
0460050E,23810032303,N,ST,24,19
0460050E,23810032304,N,ST,15,8
0460495N,23210022137,O,AP,1,0
0460495N,23210022141,O,AP,1,4
0460495N,23210022143,O,AP,1,4
0460495N,23210022146,N,AP,1,8
0460495N,23210023223,O,AP,999,3
0460495N,23210023224,O,AP,999,7
0460495N,23210023324,O,AP,1,4
0460495N,23210023325,O,AP,1,0
0460495N,23210023327,O,AP,1,2
0460495N,23210023446,O,AP,1,5
0460495N,23210023449,O,AP,1,1
0460495N,23210025225,O,AP,1,18
0460495N,23210025440,O,AP,1,4
0460495N,23210031222,O,AP,1,0
0460495N,23210031224,O,AP,1,15
0460495N,23210033413,O,AP,1,7
0460495N,23210033616,O,AP,1,6
0460495N,23210022144,O,AP,999,0
0460495N,23210023411,O,AP,999,0
0460490H,23821021203,N,ST,15,1
0460490H,23821021214,N,ST,27,1
0460490H,23821021214,N,ST,17,7
0460490H,23811021213,N,ST,27,25
0460490H,23811021214,N,ST,16,50
0460490H,23811021203,N,ST,16,10
0460032K,23820025014,N,ST,10,11
0460032K,23820025014,O,AP,1,0
0460032K,23820025519,N,ST,24,26
0460032K,23820025519,O,AP,999,0
0460032K,23820025520,N,ST,12,14
0460032K,23820025520,O,AP,999,1
0460032K,23820030004,N,ST,12,10
0460032K,23820030004,O,AP,1,1
0460032K,23820031212,N,AP,999,0
0460032K,23820031212,N,ST,12,17
0460032K,23210025524,N,AP,999,1
0460032K,23210025524,N,ST,12,13
0460032K,23210031224,N,AP,999,0
0460032K,23210031224,N,ST,15,19
0460032K,23810020008,N,ST,31,32
0460032K,23810020103,N,ST,11,5
0460032K,23810030003,N,ST,12,6
0460032K,23810031211,N,ST,11,31
0460039T,23210033205,N,ST,15,8
0460039T,23810033007,N,ST,30,18
0460749P,23110033615,N,AP,999,0
0460749P,23110033616,N,AP,999,0
0460749P,23210033615,N,AP,999,3
0460749P,23210033616,N,AP,999,1
0460013P,23820024204,N,ST,15,14
0460013P,23820031213,N,ST,17,20
0460013P,23820033007,N,ST,13,15
0460013P,23210031224,N,AP,999,2
0460013P,23210031224,N,ST,15,16
0460013P,23810024204,N,ST,12,19
0460013P,23810031211,N,ST,18,16
0460013P,23810033007,N,ST,14,9
0460745K,23211021130,N,AP,999,11
0460745K,23211021405,N,AP,999,6
0460744J,23211021130,O,AP,999,0
0460661U,23821021302,N,ST,27,0
0460661U,23821033003,N,ST,27,1
0460661U,23211033003,N,ST,27,19
0460661U,23811021302,N,ST,27,19
0460661U,23811033001,N,ST,27,19
0460529A,23820022105,N,ST,23,23
0460529A,23820022106,N,AP,999,2
0460529A,23820022106,N,ST,36,23
0460529A,23820033403,N,AP,999,0
0460529A,23820033403,N,ST,10,22
0460529A,23210022137,N,AP,999,3
0460529A,23210022141,N,AP,999,6
0460529A,23210022146,N,AP,999,3
0460529A,23210022146,N,ST,24,20
0460529A,23210033413,N,AP,999,0
0460529A,23210033413,N,ST,12,8
0460529A,23810022107,N,ST,22,14
0460529A,23810033404,N,ST,50,45
0460028F,23820022707,N,AP,999,0
0460028F,23820022707,N,ST,4,0
0460028F,23820023203,N,AP,999,0
0460028F,23820025517,N,AP,999,0
0460028F,23820025517,N,ST,3,6
0460028F,23210022715,N,AP,999,2
0460028F,23210022715,N,ST,12,8
0460028F,23210023449,N,AP,999,0
0460028F,23210023449,N,ST,12,7
0460028F,23810020008,N,ST,20,11
0460664X,23821021211,N,ST,5,2
0460664X,23211021237,N,AP,999,0
0460664X,23211021237,N,ST,18,8
0460664X,23211033003,N,AP,999,2
0460664X,23211033003,N,ST,18,2
0460664X,23811021211,N,ST,20,5
0460664X,23811021211,N,AP,999,6
Total établissements sélectionnés - département LOT,,,,46602,2566
0479999N,,O,ST,0,0
0479999N,,O,ST,0,0
0479999N,,O,ST,0,0
0479999N,,O,AP,0,18
0479999N,,O,ST,0,59
0479999N,,O,ST,0,15
0479999N,,O,ST,0,11
0479999N,,O,ST,0,19
0470821M,23821033003,N,ST,34,1
0470821M,23211033003,N,ST,18,16
0470821M,23811033003,N,ST,45,23
0470004Z,22123124210,N,ST,24,26
0470004Z,23820030004,N,ST,15,23
0470004Z,23820031114,N,ST,15,14
0470004Z,23820031212,N,ST,15,12
0470004Z,23820031213,N,ST,15,34
0470004Z,23820031214,N,ST,15,34
0470004Z,23820033604,N,ST,15,21
0470004Z,23820033606,N,ST,30,33
0470004Z,23210031224,N,ST,30,51
0470004Z,23210033616,N,ST,15,33
0470004Z,23810030003,N,ST,30,39
0470004Z,23810031211,N,ST,45,99
0470004Z,23810033605,N,ST,45,107
0470004Z,23810032304,N,ST,24,31
0471029N,23210023224,N,AP,999,4
0471029N,23210023325,N,AP,999,1
0471029N,23210023327,N,AP,999,1
0471029N,23210023446,N,AP,999,7
0471029N,23210023447,N,AP,999,4
0470941T,23210022715,N,AP,999,6
0470941T,23210023224,N,AP,999,5
0470941T,23210023324,N,AP,999,6
0470941T,23210023325,N,AP,999,3
0470941T,23210023326,N,AP,999,6
0470941T,23210023327,N,AP,999,15
0470941T,23210023446,N,AP,999,8
0470941T,23210023447,N,AP,999,5
0470941T,23210023449,N,AP,999,1
0470941T,23210025524,N,AP,999,12
0470110P,23210022137,N,AP,999,16
0470110P,23210022141,N,AP,999,28
0470110P,23210022143,N,AP,999,13
0470110P,23210022144,N,AP,999,3
0470110P,23210022146,N,AP,999,23
0470110P,23210025225,N,AP,999,66
0470110P,23210025437,N,AP,999,9
0470110P,23210025440,N,AP,999,13
0470110P,23210025441,N,AP,999,0
0470110P,23210031224,N,AP,999,27
0470110P,23210033413,N,AP,999,12
0470110P,23210033616,N,AP,999,18
0470781U,23821033003,N,ST,30,0
0470781U,23210031224,N,AP,999,11
0470781U,23811033003,N,ST,30,13
0470819K,23821021001,N,ST,25,0
0470819K,23210023006,N,AP,999,5
0470819K,23210023224,N,AP,999,2
0470819K,23811021001,N,AP,999,10
0470819K,23811021112,N,ST,25,10
0470818J,23821022108,N,ST,25,1
0470818J,23210031223,N,AP,999,4
0470818J,23211021130,N,AP,999,1
0470818J,23211021130,N,ST,25,4
0470818J,23811022103,N,ST,25,3
0470818J,23811022108,N,AP,999,0
0470015L,23820023210,N,ST,24,23
0470015L,23820025012,N,ST,18,14
0470015L,23820025219,N,ST,10,11
0470015L,23820025220,N,ST,10,9
0470015L,23820025221,N,ST,10,4
0470015L,23210023123,N,AP,999,25
0470015L,23210025221,N,ST,10,12
0470015L,23210025222,N,ST,10,7
0470015L,23810020006,N,ST,24,22
0470015L,23810020104,N,ST,18,7
0470015L,23810025222,N,ST,20,30
0470015L,23810034403,N,ST,10,38
0470782V,23820025014,N,ST,15,7
0470782V,23820025214,N,ST,20,25
0470782V,23820025411,N,ST,15,19
0470782V,23820025519,N,ST,24,22
0470782V,23820025520,N,ST,30,28
0470782V,23210025225,N,ST,10,30
0470782V,23210025440,N,ST,10,10
0470782V,23810020008,N,ST,54,76
0470782V,23810020103,N,ST,30,20
0470782V,23810025222,N,ST,20,37
0470641S,23820025520,N,ST,15,14
0470641S,23820030004,N,ST,15,10
0470641S,23210022142,N,ST,12,7
0470641S,23210031224,N,ST,15,12
0470641S,23810020008,N,ST,15,9
0470641S,23810030003,N,ST,15,9
0470020S,23820022503,N,ST,24,10
0470020S,23820025013,N,ST,24,14
0470020S,23820031213,N,ST,15,21
0470020S,23820031214,N,ST,15,15
0470020S,23210022510,N,ST,12,11
0470020S,23810020103,N,ST,24,19
0470020S,23810022503,N,ST,24,6
0470020S,23810031211,N,ST,30,87
0470730N,23210031122,N,ST,15,6
0470730N,23210033002,N,ST,15,9
0470730N,23810030003,N,ST,36,15
0470730N,23810033007,N,ST,30,18
0470744D,23210031224,N,AP,999,28
0470744D,23210033616,N,AP,999,14
0470908G,23821033003,N,ST,30,0
0470908G,23811033003,N,ST,30,9
0470662P,23821021211,N,ST,32,9
0470662P,23821021405,N,ST,27,2
0470662P,23211021405,N,AP,999,14
0470662P,23811021404,N,ST,27,34
0470662P,23811021405,N,AP,999,1
0470662P,23811021112,N,ST,31,38
0470029B,23820022106,N,ST,24,27
0470029B,23820033006,N,ST,30,24
0470029B,23820033007,N,ST,30,28
0470029B,23820033403,N,ST,24,19
0470029B,23210022146,N,ST,12,21
0470029B,23210033002,N,ST,15,10
0470029B,23210033413,N,ST,12,8
0470029B,23810033006,N,ST,30,26
0470029B,23810033007,N,ST,30,30
0470029B,23810033404,N,ST,48,41
0470807X,23821033003,N,ST,25,2
0470807X,23210022142,N,AP,999,2
0470807X,23210022146,N,AP,999,8
0470807X,23210033413,N,AP,999,5
0470807X,23211033003,N,AP,999,1
0470807X,23211033003,N,ST,30,4
0470807X,23811033003,N,ST,20,10
0470780T,23821021405,N,ST,20,0
0470780T,23821033003,N,ST,30,2
0470780T,23811021404,N,ST,20,7
0470780T,23811021405,N,AP,999,5
0470780T,23811033003,N,AP,999,1
0470780T,23811033003,N,ST,30,9
0470019R,23821022105,N,ST,27,5
0470019R,23811022104,N,ST,19,19
0470815F,23211021130,N,AP,999,7
0470815F,23811021001,N,AP,999,8
0470815F,23811021004,N,AP,999,15
0470107L,23821021114,N,ST,11,0
0470107L,23821021407,N,ST,8,0
0470107L,23821033003,N,ST,24,5
0470107L,23211033003,N,ST,24,15
0470107L,23811021112,N,ST,8,2
0470107L,23811021114,N,AP,999,0
0470107L,23811021407,N,AP,999,0
0470107L,23811022103,N,ST,11,3
0470107L,23811033003,N,ST,27,19
0470753N,23210031223,N,ST,8,5
0470753N,23210033002,N,ST,16,7
0470753N,23211021130,N,ST,8,8
0470753N,23211021405,N,ST,8,14
0470823P,23821021203,N,ST,10,1
0470823P,23821033003,N,ST,20,2
0470823P,23820031213,N,ST,10,4
0470823P,23211033003,N,ST,19,13
0470823P,23811022103,N,ST,20,13
0470823P,23811033003,N,ST,32,31
0470823P,23810031211,N,ST,30,13
0470038L,23820022707,N,ST,15,18
0470038L,23820023004,N,ST,15,7
0470038L,23820023304,N,ST,15,12
0470038L,23820023404,N,ST,15,14
0470038L,23820025517,N,ST,15,8
0470038L,23820030004,N,ST,15,16
0470038L,23820031106,N,ST,12,19
0470038L,23820031212,N,ST,15,6
0470038L,23820031213,N,ST,30,37
0470038L,23820031214,N,ST,15,27
0470038L,23820033007,N,ST,30,38
0470038L,23210023324,N,ST,12,15
0470038L,23210023327,N,ST,12,13
0470038L,23210025524,N,ST,12,24
0470038L,23210031122,N,ST,12,7
0470038L,23210031222,N,ST,12,8
0470038L,23810020006,N,ST,9,7
0470038L,23810020008,N,ST,15,17
0470038L,23810023007,N,ST,12,7
0470038L,23810023404,N,ST,15,5
0470038L,23810030003,N,ST,27,20
0470038L,23810031211,N,ST,60,49
0470038L,23810033007,N,ST,30,66
0470943V,23211021237,N,AP,999,11
0470943V,23811021211,N,AP,999,7
0479998M,23210031122,N,AP,999,0
Total établissements sélectionnés - département LOT-ET-GARONNE,,,,59115,5960
0480657D,23821021213,N,ST,19,0
0480657D,23811021112,N,ST,19,10
0480022N,23810025222,N,ST,30,34
0480022N,23810032303,N,ST,30,21
0480502K,23821021004,N,ST,26,1
0480502K,23821033003,N,ST,20,2
0480502K,23811021112,N,ST,26,11
0480502K,23811033001,N,ST,20,2
0480023P,23810031211,N,ST,30,8
0480023P,23810033007,N,ST,30,10
0480023P,23810033605,N,ST,15,8
0480677A,23211021130,N,AP,999,4
0480677A,23211021236,N,AP,999,3
0480677A,23211021237,N,AP,999,0
0480677A,23211021405,N,AP,999,4
0489999H,,O,AP,20,7
0489999H,,O,ST,20,7
0489999H,,O,ST,20,21
0489999H,,O,ST,20,14
0489999H,,O,ST,20,10
0480019K,23820022106,N,ST,12,11
0480019K,23820025214,N,ST,24,14
0480019K,23820025520,N,ST,15,12
0480019K,23820033007,N,ST,30,25
0480019K,23820033403,N,ST,12,4
0480019K,23210025223,N,ST,10,9
0480019K,23210033205,N,ST,15,18
0480019K,23810020008,N,ST,15,10
0480019K,23810025222,N,ST,24,22
0480019K,23810033007,N,ST,30,19
0480019K,23810033404,N,ST,24,18
0480025S,23810020008,N,ST,15,1
0480025S,23810023007,N,ST,15,8
0480025S,23810030003,N,ST,18,10
0480025S,23810034403,N,ST,18,16
0480499G,23210022137,N,AP,999,7
0480499G,23210022141,N,AP,999,3
0480499G,23210022143,N,AP,999,2
0480499G,23210022146,N,AP,999,1
0480499G,23210023006,N,AP,999,0
0480499G,23210023223,N,AP,999,2
0480499G,23210023224,N,AP,999,3
0480499G,23210023324,N,AP,999,2
0480499G,23210023325,N,AP,999,1
0480499G,23210023326,N,AP,999,1
0480499G,23210023327,N,AP,999,1
0480499G,23210023446,N,AP,999,2
0480499G,23210025225,N,AP,999,8
0480499G,23210025439,N,AP,999,3
0480499G,23210025440,N,AP,999,2
0480499G,23210025524,N,AP,999,5
0480499G,23210031224,N,AP,999,7
0480499G,23210033413,N,AP,999,1
0480499G,23210033615,N,AP,999,4
0480499G,23210033616,N,AP,999,10
0480635E,23821021303,N,ST,16,0
0480635E,23821021405,N,ST,16,0
0480635E,23211021314,N,ST,16,3
0480635E,23811021404,N,ST,16,2
0480635E,23811021404,N,ST,16,0
0480514Y,23821021004,N,ST,13,2
0480514Y,23821021211,N,ST,14,1
0480514Y,23211021236,N,ST,10,6
0480514Y,23211021237,N,ST,9,13
0480514Y,23811021112,N,ST,13,16
0480514Y,23811021112,N,ST,14,12
0480688M,23820031213,N,ST,18,2
0480688M,23210033002,N,ST,12,5
0480688M,23210033205,N,ST,12,16
0480688M,23810031211,N,ST,18,24
0480680D,23210022146,N,AP,999,3
0480680D,23210022146,N,ST,15,10
0480680D,23210025221,N,AP,999,5
0480680D,23210025440,N,AP,999,1
0480680D,23210025440,N,ST,12,6
0480680D,23210025524,N,ST,15,1
0480680D,23210033413,N,AP,999,0
0480680D,23210033413,N,ST,12,1
0480680D,23810022107,N,ST,30,21
0480680D,23810023404,N,ST,15,1
0480680D,23810023409,N,ST,15,5
0480680D,23810025222,N,ST,15,17
0480680D,23810033404,N,ST,60,47
Total établissements sélectionnés - département LOZERE,,,,30336,1466
0492389F,23211021130,N,AP,999,4
0492028N,23210033615,N,AP,999,16
0492028N,23210033616,N,AP,999,6
0490946M,23821021114,N,ST,16,6
0490946M,23821021405,N,ST,32,28
0490946M,23821021407,N,ST,16,10
0490946M,23211021405,N,AP,999,20
0490946M,23811021112,N,ST,16,7
0490946M,23811021404,N,ST,32,40
0490946M,23811021405,N,AP,999,23
0490946M,23811022103,N,ST,16,9
0490784L,23820023303,N,ST,15,7
0490784L,23820025406,N,ST,15,15
0490784L,23820030004,N,ST,30,34
0490784L,23820031212,N,ST,30,26
0490784L,23210023329,N,AP,999,1
0490784L,23210025437,N,ST,15,16
0490784L,23810020006,N,ST,30,20
0490784L,23810030003,N,ST,30,24
0490784L,23810031211,N,ST,30,30
0490784L,23810034403,N,ST,18,38
0490005P,23820024204,N,ST,24,33
0490005P,23820033006,N,ST,15,21
0490005P,23820033007,N,ST,60,63
0490005P,23210022142,N,ST,12,21
0490005P,23210022146,N,ST,12,50
0490005P,23210033002,N,ST,12,26
0490005P,23210033205,N,ST,15,79
0490005P,23210033413,N,ST,12,21
0490005P,23810024204,N,ST,24,34
0490005P,23810033006,N,ST,15,80
0490005P,23810033007,N,ST,60,73
0490003M,23820020102,N,ST,15,8
0490003M,23820025012,N,ST,24,18
0490003M,23820025519,N,ST,36,44
0490003M,23820025520,N,ST,24,16
0490003M,23810020008,N,ST,60,148
0490003M,23810020009,N,ST,15,16
0490003M,23810020104,N,ST,30,27
0492123S,23820022706,N,ST,12,8
0492123S,23820022707,N,ST,12,11
0492123S,23820023004,N,ST,15,13
0492123S,23820023005,N,ST,15,18
0492123S,23810020008,N,ST,24,20
0492123S,23810023007,N,ST,30,45
0492432C,23210022142,N,ST,12,3
0492432C,23210023006,N,ST,15,5
0492432C,23210024240,N,ST,15,2
0492432C,23210031122,N,ST,15,2
0492432C,23210031126,N,AP,999,3
0492432C,23210031224,N,ST,15,4
0492432C,23210033002,N,ST,12,4
0492432C,23210033616,N,ST,15,10
0492432C,23810023007,N,ST,15,3
0492432C,23810030003,N,ST,59,12
0492432C,23810031117,N,ST,16,4
0492432C,23810031211,N,ST,59,8
0492432C,23810033006,N,ST,35,8
0492432C,23810033007,N,ST,60,13
0492432C,23810033103,N,ST,15,5
0492432C,23810033605,N,ST,15,8
0490993N,23210023223,N,AP,999,17
0490993N,23210023224,N,AP,999,24
0490993N,23210023324,N,AP,999,12
0490993N,23210023325,N,AP,999,12
0490993N,23210023326,N,AP,999,6
0490993N,23210023327,N,AP,999,26
0490993N,23210023446,N,AP,999,3
0490993N,23210023447,N,AP,999,12
0490993N,23210023449,N,AP,999,4
0490993N,23210025439,N,AP,999,7
0490993N,23210025524,N,AP,999,10
0490985E,23210025524,N,AP,999,0
0490985E,23210033413,N,AP,999,21
0490985E,23810031213,N,AP,999,16
0492219W,23210023446,N,AP,999,13
0492219W,23210023447,N,AP,999,17
0492219W,23210025439,N,AP,999,3
0492219W,23810022707,N,AP,999,11
0492219W,23810025012,N,AP,999,2
0492219W,23810025411,N,AP,999,8
0492546B,23210022146,N,AP,999,22
0492546B,23210031224,N,AP,999,25
0492546B,23210033616,N,AP,999,41
0492352R,23210025437,N,AP,999,3
0490986F,23210022137,N,AP,999,16
0490986F,23210022141,N,AP,999,32
0490986F,23210022143,N,AP,999,8
0490986F,23210022144,N,AP,999,3
0490986F,23210025225,N,AP,999,20
0490986F,23210025440,N,AP,999,16
0490986F,23210031223,N,AP,999,7
0490986F,23810025224,N,AP,999,16
0491801S,23211033003,N,ST,32,11
0491801S,23811022103,N,ST,32,4
0491801S,23811033003,N,ST,48,15
0490801E,23820030004,N,ST,32,30
0490801E,23820031212,N,ST,16,17
0490801E,23820031213,N,ST,32,37
0490801E,23820031214,N,ST,16,18
0490801E,23210031224,N,ST,15,38
0490801E,23810030003,N,ST,32,27
0490801E,23810031211,N,ST,64,83
0491833B,23211033003,N,ST,17,9
0492430A,23820033007,N,ST,30,27
0492430A,23810033007,N,ST,30,42
0490903R,23210022715,N,ST,7,0
0490903R,23210025221,N,ST,10,5
0490903R,23210025524,N,ST,8,0
0490903R,23810020008,N,ST,30,1
0490903R,23810020009,N,ST,10,2
0490903R,23810020104,N,ST,15,1
0490903R,23810023007,N,ST,15,2
0490903R,23810025222,N,ST,30,4
0491918U,23210022142,N,AP,999,1
0491918U,23211033003,N,AP,999,4
0491918U,23211033003,N,ST,28,7
0491941U,23811021004,N,AP,999,3
0491941U,23811021112,N,ST,40,18
0491941U,23811021404,N,ST,24,3
0491941U,23811021405,N,AP,999,7
0491865L,23210022142,N,AP,999,1
0491865L,23210031224,N,AP,999,2
0491865L,23811022103,N,ST,32,2
0491835D,23211021130,N,AP,999,0
0491835D,23211021130,N,ST,16,1
0491835D,23211021405,N,AP,999,6
0491835D,23211021405,N,ST,16,5
0491835D,23811021113,N,AP,999,0
0491835D,23811021114,N,AP,999,0
0491835D,23811021112,N,ST,12,0
0491835D,23811021113,N,ST,12,0
0491802T,23811022103,N,ST,32,11
0491802T,23811033003,N,ST,32,6
0492224B,23820025519,N,ST,24,20
0492224B,23210022142,N,ST,12,14
0492224B,23810020008,N,ST,24,13
0491832A,23211021130,N,AP,999,7
0491832A,23211021130,N,ST,24,1
0491832A,23211021130,N,ST,10,1
0491832A,23811021001,N,AP,999,0
0491832A,23811021112,N,ST,32,7
0492232K,23210023329,N,AP,999,0
0492343F,23210033615,N,AP,999,8
0492343F,23210033616,N,AP,999,4
0491809A,23811022104,N,ST,16,3
0491809A,23811033003,N,ST,60,9
0490018D,23820030004,N,ST,18,16
0490018D,23820031114,N,ST,17,8
0490018D,23820031212,N,ST,18,16
0490018D,23820031213,N,ST,35,47
0490018D,23820031214,N,ST,17,28
0490018D,23210031224,N,AP,999,3
0490018D,23810030003,N,ST,35,23
0490018D,23810031211,N,ST,70,87
0490054T,23820020102,N,ST,12,4
0490054T,23820023405,N,ST,12,8
0490054T,23820023407,N,ST,12,14
0490054T,23820024204,N,ST,30,44
0490054T,23820025012,N,ST,12,15
0490054T,23820025519,N,ST,12,11
0490054T,23820025520,N,ST,12,17
0490054T,23210023324,N,ST,15,35
0490054T,23210023445,N,ST,15,13
0490054T,23210023447,N,ST,15,20
0490054T,23210024323,N,AP,999,0
0490054T,23210033002,N,ST,12,9
0490054T,23810020008,N,ST,24,52
0490054T,23810020104,N,ST,24,10
0490054T,23810023409,N,ST,24,24
0490054T,23810024204,N,ST,30,41
0490904S,23210022146,N,ST,12,3
0490904S,23210024240,N,ST,15,8
0490904S,23810023409,N,ST,15,4
0490904S,23810033007,N,ST,60,14
0490904S,23810033404,N,ST,30,11
0490886X,23210031122,N,ST,0,0
0490886X,23810030003,N,ST,35,6
0490886X,23810031211,N,ST,88,9
0490886X,23810033101,N,ST,24,9
0491828W,23210022137,N,AP,999,21
0491828W,23210022141,N,AP,999,23
0491828W,23210022146,N,AP,999,22
0491828W,23210033413,N,AP,999,11
0491828W,23211033003,N,AP,999,2
0491828W,23211033003,N,ST,24,4
0491828W,23810022106,N,AP,999,5
0491828W,23810033403,N,AP,999,4
0490984D,23210022715,N,AP,999,8
0490984D,23210023224,N,AP,999,23
0490984D,23210023327,N,AP,999,8
0490984D,23210023447,N,AP,999,12
0490984D,23210025225,N,AP,999,22
0490984D,23210025440,N,AP,999,2
0490984D,23210031224,N,AP,999,22
0490984D,23210033616,N,AP,999,20
0490984D,23810025224,N,AP,999,10
0490984D,23810025520,N,AP,999,8
0490984D,23810031116,N,AP,999,2
0490984D,23810031213,N,AP,999,7
0491837F,23211033003,N,AP,999,2
0491837F,23211033003,N,ST,20,10
0491837F,23811033003,N,AP,999,2
0491837F,23811033003,N,ST,32,8
0491841K,23811033003,N,ST,32,21
0491834C,23210023220,N,AP,999,0
0491834C,23210023224,N,AP,999,1
0491834C,23210023446,N,AP,999,0
0491834C,23210023447,N,AP,999,1
0491834C,23210023449,N,AP,999,0
0491834C,23811021214,N,ST,24,17
0491027A,23211021130,N,AP,999,2
0491027A,23211021130,N,ST,16,2
0491027A,23211021130,N,ST,16,0
0491027A,23211021405,N,AP,999,0
0491027A,23211021405,N,ST,16,5
0491027A,23811021004,N,AP,999,5
0491027A,23811021114,N,AP,999,0
0491027A,23811021112,N,ST,16,3
0491027A,23811021112,N,ST,48,14
0491027A,23811021404,N,ST,32,11
0491027A,23811021405,N,AP,999,7
0490013Y,23820023405,N,ST,15,16
0490013Y,23820025214,N,ST,45,49
0490013Y,23820025219,N,ST,30,30
0490013Y,23820025220,N,ST,15,15
0490013Y,23820025221,N,ST,12,11
0490013Y,23820025412,N,ST,10,11
0490013Y,23820025413,N,ST,10,8
0490013Y,23210023122,N,AP,999,6
0490013Y,23210023124,N,AP,999,8
0490013Y,23210023124,N,ST,15,19
0490013Y,23210023447,N,ST,15,8
0490013Y,23210025440,N,ST,10,33
0490013Y,23810023210,N,AP,999,22
0490013Y,23810023409,N,ST,15,9
0490013Y,23810025219,N,AP,999,13
0490013Y,23810025220,N,AP,999,9
0490013Y,23810025221,N,AP,999,3
0490013Y,23810025222,N,ST,102,94
0490013Y,23810025412,N,ST,10,21
0490013Y,23810025413,N,ST,10,7
0491942V,23811033003,N,AP,999,3
0491942V,23811033003,N,ST,26,14
0491830Y,23811022103,N,ST,12,1
0491830Y,23811033003,N,ST,25,12
0491830Y,23810031213,N,AP,999,9
0490963F,23821021113,N,ST,16,7
0490963F,23821021405,N,ST,16,7
0490963F,23821033003,N,ST,32,28
0490963F,23211021130,N,AP,999,4
0490963F,23211021405,N,AP,999,15
0490963F,23811021113,N,ST,16,10
0490963F,23811021404,N,ST,16,18
0490963F,23811033003,N,ST,32,21
0491840J,23210025225,N,AP,999,11
0491840J,23210025226,N,AP,999,8
0491840J,23211021130,N,AP,999,12
0491840J,23811021004,N,AP,999,3
0491840J,23811021112,N,ST,32,10
0491840J,23810025224,N,AP,999,18
0492022G,,O,AP,999,0
0491827V,23811022103,N,ST,16,1
0491827V,23811022108,N,AP,999,0
0491827V,23811033003,N,ST,24,2
0491827V,23810031213,N,AP,999,0
0491844N,23211021235,N,ST,10,7
0491844N,23211021237,N,ST,20,17
0491844N,23811021112,N,ST,32,17
0490925P,23210023224,N,ST,8,14
0490925P,23210023327,N,ST,8,45
0490925P,23210023447,N,ST,8,21
0490925P,23210025439,N,ST,8,7
0490925P,23211021405,N,ST,8,23
0492259P,23211033003,N,AP,999,6
0492259P,23211033003,N,ST,25,5
0492259P,23811033003,N,ST,32,24
0490055U,23820022106,N,ST,24,24
0490055U,23820022707,N,ST,15,13
0490055U,23820023004,N,ST,8,3
0490055U,23820023005,N,ST,7,13
0490055U,23820023304,N,ST,15,15
0490055U,23820023405,N,ST,15,10
0490055U,23820025012,N,ST,15,12
0490055U,23820025520,N,ST,15,9
0490055U,23820030004,N,ST,35,27
0490055U,23820031213,N,ST,35,35
0490055U,23820033403,N,ST,24,19
0490055U,23210022141,N,ST,12,26
0490055U,23210022146,N,ST,12,26
0490055U,23210023006,N,ST,15,24
0490055U,23210025437,N,ST,15,15
0490055U,23210033413,N,ST,12,13
0490055U,23810020006,N,ST,15,25
0490055U,23810020008,N,ST,30,17
0490055U,23810020104,N,ST,15,9
0490055U,23810023007,N,ST,15,7
0490055U,23810023409,N,ST,15,12
0490055U,23810030003,N,ST,35,14
0490055U,23810031211,N,ST,35,44
0490055U,23810033404,N,ST,48,49
0490910Y,23210031224,N,ST,15,6
0490910Y,23210033002,N,ST,15,3
0490910Y,23810020104,N,ST,15,1
0490910Y,23810031211,N,ST,70,31
0490910Y,23810033006,N,ST,18,10
0490910Y,23810033007,N,ST,30,19
0492133C,23210023220,N,AP,999,7
0490983C,23210022142,N,AP,999,0
0490983C,23210022146,N,AP,999,5
0490983C,23210022361,N,AP,999,5
0490983C,23210022362,N,AP,999,1
0490983C,23210022363,N,AP,999,0
0490983C,23210023224,N,AP,999,2
0490983C,23210031224,N,AP,999,13
0490983C,23210033413,N,AP,999,6
0490983C,23210033616,N,AP,999,21
0490983C,23810031116,N,AP,999,2
0490983C,23810031213,N,AP,999,6
0490962E,23210022142,N,AP,999,1
0490782J,23820024302,N,ST,15,13
0490782J,23820025012,N,ST,15,13
0490782J,23820025520,N,ST,15,8
0490782J,23820030004,N,ST,18,20
0490782J,23820031213,N,ST,17,24
0490782J,23820031214,N,ST,18,16
0490782J,23210031224,N,ST,15,19
0490782J,23810020008,N,ST,15,11
0490782J,23810020104,N,ST,15,11
0490782J,23810024304,N,ST,15,5
0490782J,23810030003,N,ST,18,10
0490782J,23810031211,N,ST,35,42
0490840X,23810030003,N,ST,18,1
0490840X,23810031211,N,ST,35,4
0490840X,23810033006,N,ST,18,4
0490840X,23810033007,N,ST,30,7
0490840X,23810034403,N,ST,18,20
0491831Z,23210031224,N,AP,999,10
0491831Z,23211021130,N,AP,999,5
0491831Z,23211021130,N,ST,24,5
0491831Z,23811021004,N,AP,999,5
0491831Z,23811021112,N,ST,24,6
0491831Z,23810031213,N,AP,999,6
0491646Y,23820023003,N,ST,15,17
0491646Y,23820025520,N,ST,15,13
0491646Y,23820031213,N,ST,35,43
0491646Y,23820031214,N,ST,18,25
0491646Y,23210025524,N,ST,15,32
0491646Y,23210031224,N,ST,30,64
0491646Y,23810020008,N,ST,15,12
0491646Y,23810023003,N,ST,15,25
0491646Y,23810031211,N,ST,53,60
0492420P,23210025437,N,ST,15,3
0492420P,23810020008,N,ST,60,9
0492420P,23810020103,N,ST,30,10
0492420P,23810022503,N,ST,15,1
0492420P,23810032303,N,ST,15,4
Total établissements sélectionnés - département MAINE-ET-LOIRE,,,,136310,10251
0501825M,23810031211,N,ST,18,31
0501825M,23810034403,N,ST,24,30
0501787W,23810031211,N,ST,32,42
0501941N,23810030003,N,ST,18,4
0501941N,23810033007,N,ST,30,23
0500032N,23820023404,N,ST,12,14
0500032N,23820025014,N,ST,8,3
0500032N,23820025411,N,ST,15,35
0500032N,23820025520,N,ST,24,16
0500032N,23820030004,N,ST,14,19
0500032N,23820031106,N,ST,18,11
0500032N,23210023444,N,ST,14,3
0500032N,23210023447,N,ST,10,7
0500032N,23210025439,N,ST,12,11
0500032N,23810020008,N,ST,24,16
0500032N,23810020103,N,ST,36,43
0500032N,23810023404,N,ST,12,12
0500032N,23810030003,N,ST,32,20
0501677B,23820022004,N,ST,12,12
0501677B,23820025214,N,ST,24,24
0501677B,23820025412,N,ST,18,19
0501677B,23820031212,N,ST,16,27
0501677B,23820031213,N,ST,32,29
0501677B,23820031214,N,ST,16,25
0501677B,23210025440,N,ST,15,19
0501677B,23210031122,N,ST,14,15
0501677B,23210031224,N,ST,12,33
0501677B,23810020104,N,ST,18,17
0501677B,23810025222,N,ST,24,34
0501677B,23810025412,N,ST,18,11
0501677B,23810031211,N,ST,66,62
0501599S,23210021308,N,ST,12,7
0501599S,23810020007,N,ST,12,3
0501599S,23810020007,N,ST,12,7
0501599S,23810020007,N,ST,12,9
0501599S,23810021204,N,ST,12,11
0500017X,23820024204,N,ST,15,16
0500017X,23820025012,N,ST,42,52
0500017X,23820025411,N,ST,30,44
0500017X,23820033006,N,ST,15,31
0500017X,23210022142,N,ST,12,19
0500017X,23210024240,N,ST,12,8
0500017X,23210033002,N,ST,12,27
0500017X,23810020008,N,ST,24,29
0500017X,23810020103,N,ST,24,69
0500017X,23810020104,N,ST,42,28
0500017X,23810024204,N,ST,15,19
0500017X,23810033006,N,ST,15,71
0500132X,23210022715,N,ST,15,3
0500132X,23210025524,N,ST,15,9
0500132X,23810020008,N,ST,22,13
0500132X,23810023007,N,ST,20,15
0501788X,23810030003,N,ST,18,11
0501788X,23810031211,N,ST,18,22
0502019Y,23210025437,N,AP,999,3
0502019Y,23210025438,N,AP,999,0
0502019Y,23810025012,N,AP,999,0
0502019Y,23810025411,N,AP,999,0
0501565E,23210031224,N,AP,999,18
0501670U,23211021130,N,AP,999,6
0501670U,23211021130,N,ST,10,15
0501670U,23811021001,N,AP,999,13
0501670U,23810020005,N,ST,10,22
0501670U,23811033001,N,ST,10,15
0501670U,23811033003,N,AP,999,3
0501213X,23821021004,N,ST,10,1
0501213X,23821021114,N,ST,6,0
0501213X,23821021405,N,ST,15,3
0501213X,23821021407,N,ST,10,3
0501213X,23811021112,N,ST,30,22
0501213X,23811021112,N,ST,18,10
0501213X,23811021404,N,ST,30,28
0501213X,23811022103,N,ST,18,7
0502009M,23820022706,N,ST,6,2
0502009M,23820022707,N,ST,9,6
0502009M,23820023004,N,ST,13,6
0502009M,23820023005,N,ST,13,25
0502009M,23820023203,N,ST,12,5
0502009M,23820023304,N,ST,14,16
0502009M,23820023405,N,ST,14,18
0502009M,23820023408,N,ST,14,10
0502009M,23820024204,N,ST,24,34
0502009M,23820030004,N,ST,18,15
0502009M,23820033007,N,ST,48,60
0502009M,23820034304,N,ST,11,11
0502009M,23210023447,N,ST,12,13
0502009M,23210024240,N,ST,12,13
0502009M,23210025439,N,ST,12,11
0502009M,23810020006,N,ST,24,25
0502009M,23810020008,N,ST,20,12
0502009M,23810023007,N,ST,24,24
0502009M,23810023409,N,ST,27,24
0502009M,23810024204,N,ST,24,17
0502009M,23810030003,N,ST,16,9
0502009M,23810033007,N,ST,48,83
0502009M,23810034306,N,ST,10,2
0501736R,23210031223,N,AP,999,10
0501736R,23211021130,N,AP,999,4
0501736R,23211021130,N,ST,25,7
0501736R,23211021405,N,AP,999,11
0501736R,23211021405,N,ST,25,5
0501736R,23811021405,N,AP,999,3
0501736R,23811021404,N,ST,25,3
0501249L,23210022715,N,AP,999,1
0501249L,23210023223,N,AP,999,25
0501249L,23210023224,N,AP,999,25
0501249L,23210023324,N,AP,999,3
0501249L,23210023325,N,AP,999,1
0501249L,23210023327,N,AP,999,21
0501249L,23210023447,N,AP,999,17
0501249L,23210023449,N,AP,999,12
0501249L,23210025439,N,AP,999,9
0501249L,23210025524,N,AP,999,15
0501784T,23211021130,N,AP,999,23
0501784T,23211021405,N,AP,999,41
0501784T,23811021004,N,AP,999,19
0501784T,23811021405,N,AP,999,15
0501605Y,23210033615,N,AP,999,92
0501605Y,23810025224,N,AP,999,50
0501605Y,23810025412,N,AP,999,20
0501793C,23211021235,N,AP,999,0
0501793C,23211021235,N,ST,24,4
0501793C,23811021211,N,AP,999,3
0501793C,23810020005,N,ST,24,5
0501850P,23820022106,N,ST,36,48
0501850P,23820033403,N,ST,36,36
0501850P,23210022146,N,ST,12,23
0501850P,23210033002,N,ST,15,15
0501850P,23210033413,N,ST,12,10
0501850P,23810033404,N,ST,72,96
0500036T,23820025214,N,ST,20,19
0500036T,23820025223,N,ST,20,18
0500036T,23820025412,N,ST,20,22
0500036T,23820025519,N,ST,24,31
0500036T,23820025520,N,ST,24,15
0500036T,23210025441,N,ST,10,13
0500036T,23810020008,N,ST,48,37
0500036T,23810025222,N,ST,20,36
0500036T,23810025223,N,ST,20,12
0500036T,23810025412,N,ST,20,11
0501735P,23811021004,N,AP,999,1
0501735P,23811021112,N,ST,12,1
0501735P,23810020005,N,ST,10,2
0501735P,23811021213,N,AP,999,0
0501735P,23810031213,N,AP,999,17
0501735P,23810031214,N,AP,999,2
0501671V,23811033001,N,ST,30,11
0501578U,23211021130,N,AP,999,8
0501578U,23211021130,N,ST,20,7
0501578U,23810020005,N,ST,20,9
0501578U,23811021112,N,ST,20,19
0500049G,23820033007,N,ST,26,28
0500049G,23210031224,N,ST,12,22
0500049G,23810033007,N,ST,24,36
0501574P,23211021130,N,AP,999,1
0501574P,23211021130,N,ST,30,8
0501574P,23811021004,N,AP,999,3
0501574P,23811021112,N,ST,25,8
0501596N,23211033003,N,AP,999,3
0501596N,23211033003,N,ST,40,21
0501596N,23811022108,N,AP,999,2
0501596N,23811022103,N,ST,25,9
0500060U,23821021004,N,ST,21,23
0500060U,23821022105,N,ST,8,3
0500060U,23811021112,N,ST,33,39
0500060U,23811022104,N,ST,12,13
0501234V,23821021004,N,ST,27,0
0501234V,23821021211,N,ST,27,3
0501234V,23811021112,N,ST,40,18
0501234V,23810020005,N,ST,30,27
0500087Y,23820025012,N,ST,12,8
0500087Y,23820025215,N,ST,10,10
0500087Y,23820025219,N,ST,40,41
0500087Y,23820025220,N,ST,10,3
0500087Y,23820025221,N,ST,10,10
0500087Y,23210025221,N,ST,10,15
0500087Y,23810020104,N,ST,10,10
0500087Y,23810025222,N,ST,80,76
0501844H,23211021130,N,AP,999,2
0501844H,23211021236,N,AP,999,4
0509999X,41411041001,N,ST,0,0
0509999X,99990099902,O,ST,1,3
0509999X,99990099902,O,ST,1,160
0509999X,99990099902,O,ST,1,57
0501232T,23210022146,N,ST,8,26
0501232T,23210023223,N,ST,8,0
0501232T,23210023224,N,ST,8,6
0501232T,23210023327,N,ST,8,18
0501232T,23210023447,N,ST,8,3
0501232T,23210033002,N,ST,8,13
0501232T,23210033413,N,ST,8,11
0501232T,23211021405,N,ST,8,19
0501219D,23820025014,N,ST,15,15
0501219D,23820025517,N,ST,24,19
0501219D,23820025520,N,ST,24,29
0501219D,23820030004,N,ST,24,24
0501219D,23820031212,N,ST,18,14
0501219D,23820031213,N,ST,16,26
0501219D,23820031214,N,ST,16,31
0501219D,23210022142,N,ST,12,18
0501219D,23810020008,N,ST,48,45
0501219D,23810020103,N,ST,30,30
0501219D,23810030003,N,ST,24,17
0501219D,23810031211,N,ST,54,88
0501789Y,23810033007,N,ST,31,42
0501789Y,23810033605,N,ST,15,14
0501614H,23210022142,N,AP,999,3
0501614H,23210022146,N,AP,999,17
0501614H,23210031224,N,AP,999,12
0501614H,23210033413,N,AP,999,9
0501614H,23810022106,N,AP,999,4
0501614H,23810031213,N,AP,999,16
0501614H,23810033403,N,AP,999,2
0501597P,23811033001,N,ST,50,37
0501619N,23811021112,N,ST,32,4
0501619N,23811033001,N,ST,32,18
0501594L,23811033001,N,ST,30,29
Total établissements sélectionnés - département MANCHE,,,,56731,8039
0511733G,23211021405,N,AP,999,2
0511733G,23211021405,N,ST,24,11
0511733G,23811021405,N,AP,999,2
0511733G,23811021405,N,ST,24,3
0511219Y,23811021113,N,ST,48,29
0511219Y,23811022108,N,ST,16,6
0511749Z,23211021130,N,AP,999,4
0511749Z,23811021113,N,AP,999,6
0512205V,23210033205,N,AP,999,7
0512205V,23810031213,N,AP,999,2
0512205V,23810033101,N,AP,999,0
0512205V,23810033104,N,AP,999,2
0512205V,23810033606,N,AP,999,2
0511732F,23211021130,N,AP,999,3
0511732F,23211021130,N,ST,24,14
0511732F,23211021237,N,AP,999,13
0511732F,23811021004,N,AP,999,10
0511732F,23811021113,N,AP,999,2
0511732F,23811021004,N,ST,24,7
0511732F,23811021113,N,ST,24,1
0511676V,23211033003,N,AP,999,3
0511676V,23211033003,N,ST,24,4
0511676V,23811033001,N,ST,24,2
0511676V,23811033003,N,AP,999,6
0519999S,,O,ST,0,35
0519999S,,O,ST,0,93
0519999S,,O,ST,0,28
0511106A,23210031224,N,ST,15,22
0511106A,23211021130,N,ST,9,6
0511106A,23211021405,N,ST,9,14
0510007F,23820022106,N,ST,12,17
0510007F,23820025012,N,ST,15,8
0510007F,23820025014,N,ST,15,7
0510007F,23820025215,N,ST,20,20
0510007F,23820025520,N,ST,30,17
0510007F,23820031106,N,ST,18,20
0510007F,23820031107,N,ST,48,39
0510007F,23820031114,N,ST,18,7
0510007F,23820033403,N,ST,12,11
0510007F,23210022142,N,ST,12,14
0510007F,23210022146,N,AP,999,1
0510007F,23210022146,N,ST,12,31
0510007F,23210031122,N,ST,15,25
0510007F,23210033413,N,ST,12,10
0510007F,23810020008,N,ST,30,26
0510007F,23810020103,N,ST,15,7
0510007F,23810020104,N,ST,15,10
0510007F,23810025222,N,ST,20,26
0510007F,23810030003,N,ST,36,29
0510007F,23810031117,N,ST,48,92
0510007F,23810033404,N,ST,24,52
0511951U,23820031213,N,ST,36,28
0511951U,23820031214,N,ST,36,35
0511951U,23820030004,N,ST,36,28
0511951U,23810030003,N,ST,36,20
0511951U,23810031211,N,ST,72,54
0511147V,23210023006,N,AP,999,1
0511147V,23210023006,N,ST,15,3
0511147V,23210025524,N,AP,999,0
0511147V,23210025524,N,ST,15,3
0511147V,23210033002,N,AP,999,2
0511147V,23210033002,N,ST,15,7
0511147V,23810020008,N,ST,15,0
0511147V,23810024202,N,AP,999,2
0511147V,23810024202,N,ST,15,2
0511147V,23810025520,N,AP,999,5
0511147V,23810030003,N,ST,18,5
0511147V,23810030004,N,AP,999,0
0511147V,23810031211,N,ST,36,22
0511147V,23810033007,N,AP,999,1
0511147V,23810033007,N,ST,30,28
0511147V,23810034403,N,AP,999,0
0511147V,23810034403,N,ST,18,24
0511649R,23210022137,N,AP,999,16
0511649R,23210022141,N,AP,999,29
0511649R,23210022142,N,AP,999,2
0511649R,23210022143,N,AP,999,10
0511649R,23210022144,N,AP,999,0
0511649R,23210022146,N,AP,999,18
0511649R,23210025221,N,AP,999,7
0511649R,23210025225,N,AP,999,29
0511649R,23210025440,N,AP,999,17
0511649R,23210031223,N,AP,999,6
0511649R,23210031224,N,AP,999,23
0511649R,23210033413,N,AP,999,8
0511649R,23210033616,N,AP,999,33
0511649R,23810025224,N,AP,999,14
0512232Z,23210033205,N,AP,999,1
0510068X,23820022503,N,ST,15,4
0510068X,23820025012,N,ST,15,18
0510068X,23820025520,N,ST,15,16
0510068X,23820031213,N,ST,36,42
0510068X,23820031214,N,ST,36,27
0510068X,23210020101,N,AP,999,0
0510068X,23210020101,N,ST,15,1
0510068X,23210022142,N,AP,999,0
0510068X,23210022142,N,ST,12,11
0510068X,23210025439,N,AP,999,1
0510068X,23210025439,N,ST,15,6
0510068X,23210031224,N,AP,999,1
0510068X,23210031224,N,ST,15,16
0510068X,23810020008,N,ST,15,27
0510068X,23810020104,N,ST,15,12
0510068X,23810022503,N,ST,15,4
0510068X,23810031211,N,ST,72,74
0511149X,23810031211,N,ST,18,8
0511149X,23810032304,N,ST,15,11
0511149X,23810033101,N,ST,15,11
0511149X,23810033605,N,ST,30,20
0511971R,23210023223,N,AP,999,11
0511971R,23210023224,N,AP,999,10
0511971R,23210023447,N,AP,999,18
0511971R,23810025219,N,AP,999,6
0511971R,23810025220,N,AP,999,2
0511971R,23810025221,N,AP,999,0
0511822D,23210022145,N,AP,999,0
0511822D,23210022146,N,AP,999,2
0510034K,23820022302,N,ST,15,8
0510034K,23810020103,N,ST,15,7
0510038P,23820024204,N,ST,30,31
0510038P,23820033006,N,ST,18,36
0510038P,23820033007,N,ST,45,67
0510038P,23820033604,N,ST,14,19
0510038P,23820033606,N,ST,32,37
0510038P,23820034304,N,ST,15,7
0510038P,23210022142,N,ST,12,8
0510038P,23210033616,N,AP,999,8
0510038P,23210033616,N,ST,14,19
0510038P,23810024204,N,ST,30,26
0510038P,23810033006,N,ST,18,60
0510038P,23810033007,N,ST,45,79
0510038P,23810033605,N,ST,46,103
0510038P,23810034306,N,ST,15,10
0510036M,23820022105,N,ST,24,30
0510036M,23820022106,N,ST,36,46
0510036M,23820025214,N,ST,30,41
0510036M,23820025411,N,ST,15,21
0510036M,23820025412,N,ST,20,23
0510036M,23820033403,N,ST,36,23
0510036M,23210022137,N,AP,999,1
0510036M,23210022140,N,AP,999,0
0510036M,23210022141,N,AP,999,2
0510036M,23210022146,N,ST,12,25
0510036M,23210025441,N,ST,10,24
0510036M,23210033413,N,ST,12,22
0510036M,23211021130,N,ST,15,8
0510036M,23211021405,N,ST,15,14
0510036M,23810020103,N,ST,15,28
0510036M,23810022107,N,ST,24,50
0510036M,23810025222,N,ST,30,80
0510036M,23810025412,N,ST,20,26
0510036M,23810033404,N,ST,72,65
0511430C,23820030004,N,ST,36,37
0511430C,23820031212,N,ST,18,27
0511430C,23820031213,N,ST,36,39
0511430C,23820031214,N,ST,36,19
0511430C,23820034403,N,ST,24,39
0511430C,23210031224,N,ST,15,10
0511430C,23810030003,N,ST,36,17
0511430C,23810031211,N,ST,72,65
0511430C,23810034403,N,ST,24,61
0510037N,23820023003,N,ST,15,16
0510037N,23820023304,N,ST,15,27
0510037N,23820023405,N,ST,15,18
0510037N,23820023408,N,ST,15,12
0510037N,23820031213,N,ST,36,72
0510037N,23820031214,N,ST,36,50
0510037N,23210023327,N,ST,15,24
0510037N,23210023445,N,ST,15,6
0510037N,23210023447,N,ST,15,9
0510037N,23210031224,N,ST,30,38
0510037N,23810020006,N,ST,15,33
0510037N,23810023003,N,ST,15,12
0510037N,23810023409,N,ST,30,18
0510037N,23810031211,N,ST,72,92
0511565Z,23820022707,N,ST,15,23
0511565Z,23820023004,N,ST,15,10
0511565Z,23820023005,N,ST,15,21
0511565Z,23820023203,N,ST,15,10
0511565Z,23820025517,N,ST,15,13
0511565Z,23810020006,N,ST,15,20
0511565Z,23810020008,N,ST,30,16
0511565Z,23810023007,N,ST,30,37
0511884W,23820020102,N,ST,15,11
0511884W,23820025012,N,ST,45,23
0511884W,23820025519,N,ST,60,84
0511884W,23820025520,N,ST,30,21
0511884W,23820032207,N,ST,30,7
0511884W,23820032208,N,ST,15,4
0511884W,23820032303,N,ST,15,21
0511884W,23210025524,N,ST,15,14
0511884W,23810020008,N,ST,90,96
0511884W,23810020104,N,ST,45,18
0511884W,23810032210,N,ST,45,20
0511884W,23810032303,N,ST,15,38
0511145T,23210033205,N,ST,30,27
0511145T,23810030003,N,ST,36,28
0511145T,23810033007,N,ST,30,34
0511146U,23210023006,N,ST,15,1
0511146U,23810020008,N,ST,45,46
0511146U,23810020009,N,ST,15,8
0511146U,23810020104,N,ST,15,5
0511146U,23810025222,N,ST,15,24
0511146U,23810032303,N,ST,15,16
0511153B,23210031123,N,ST,12,4
0511153B,23810031211,N,ST,54,29
0511383B,23210022715,N,AP,999,4
0511383B,23210023122,N,AP,999,0
0511383B,23210023124,N,AP,999,2
0511383B,23210023223,N,AP,999,3
0511383B,23210023224,N,AP,999,10
0511383B,23210023324,N,AP,999,8
0511383B,23210023325,N,AP,999,2
0511383B,23210023326,N,AP,999,2
0511383B,23210023327,N,AP,999,7
0511383B,23210023447,N,AP,999,6
0511383B,23210023449,N,AP,999,4
0511383B,23210025524,N,AP,999,9
0511949S,23810020102,N,AP,999,0
0511949S,23810025012,N,AP,999,0
0511949S,23810025014,N,AP,999,0
0511949S,23810025411,N,AP,999,1
0511949S,23810025520,N,AP,999,3
0512171H,23210025524,N,AP,999,0
0510070Z,,O,ST,0,5
0510070Z,,O,ST,0,4
0510070Z,,O,ST,0,30
0510070Z,,O,ST,0,19
0510070Z,,O,ST,0,3
0510070Z,,O,ST,0,123
0510070Z,,O,ST,0,8
0510070Z,,O,ST,0,15
0510070Z,,O,ST,0,14
0510070Z,,O,ST,0,10
0510070Z,,O,ST,0,151
0510070Z,,O,ST,0,6
0510070Z,,O,ST,0,9
0510070Z,,O,ST,0,11
0510070Z,,O,ST,0,11
0510070Z,,O,ST,0,11
0510070Z,,O,ST,0,11
0510070Z,,O,ST,0,138
0510070Z,,O,ST,0,2
0510070Z,,O,ST,0,11
0510070Z,,O,ST,0,58
0510070Z,,O,ST,0,19
0510070Z,,O,ST,0,0
0510070Z,,O,ST,0,4
0510070Z,,O,ST,0,3
0510070Z,,O,ST,0,4
0510070Z,,O,ST,0,2
0510070Z,,O,ST,0,2
0510070Z,,O,ST,0,5
0510070Z,,O,ST,0,2
0510070Z,,O,ST,0,8
0512221M,23210033205,N,AP,999,2
0511970P,23210022141,N,AP,999,14
0510053F,23820025012,N,ST,15,18
0510053F,23820025520,N,ST,15,11
0510053F,23820030004,N,ST,18,17
0510053F,23820033007,N,ST,30,24
0510053F,23210022146,N,AP,999,0
0510053F,23210023006,N,ST,15,15
0510053F,23210033002,N,ST,15,10
0510053F,23210033413,N,AP,999,0
0510053F,23810020008,N,ST,15,19
0510053F,23810020104,N,ST,15,7
0510053F,23810030003,N,ST,18,22
0510053F,23810033007,N,ST,30,24
0511678X,23211021130,N,ST,12,1
0511678X,23811021001,N,AP,999,14
0511678X,23811021209,N,ST,24,10
0511678X,23811021001,N,ST,48,30
0511196Y,23811033001,N,ST,27,22
0511196Y,23811021004,N,ST,27,21
0511196Y,23811021214,O,ST,0,21
0511645L,23811021405,N,ST,30,8
0511645L,23811022105,N,ST,30,7
0510062R,23820025012,N,ST,15,10
0510062R,23820025214,N,ST,10,11
0510062R,23820025411,N,ST,15,12
0510062R,23820025520,N,ST,15,11
0510062R,23820030004,N,ST,18,21
0510062R,23820031213,N,ST,18,22
0510062R,23820031214,N,ST,18,16
0510062R,23210022142,N,ST,12,9
0510062R,23210033002,N,ST,15,11
0510062R,23810020008,N,ST,15,18
0510062R,23810020103,N,ST,15,15
0510062R,23810020104,N,ST,15,6
0510062R,23810025222,N,ST,12,19
0510062R,23810030003,N,ST,18,10
0510062R,23810031211,N,ST,36,35
0512178R,23210033615,N,AP,999,4
0512178R,23210033616,N,AP,999,1
0512178R,23810033604,N,AP,999,1
0512178R,23810033606,N,AP,999,2
Total établissements sélectionnés - département MARNE,,,,92295,11113
9720823M,23820022105,N,ST,24,21
9720823M,23820022106,N,ST,36,41
9720823M,23820031209,N,ST,12,7
9720823M,23820033403,N,ST,36,22
9720823M,23210022146,N,ST,24,38
9720823M,23210033413,N,ST,24,11
9720823M,23810022107,N,ST,36,36
9720823M,23810033404,N,ST,48,40
9720005Y,23820024204,O,ST,0,2
9720005Y,23820025014,N,ST,12,12
9720005Y,23820025411,N,ST,12,9
9720005Y,23820025520,N,ST,24,27
9720005Y,23820033006,O,ST,0,6
9720005Y,23820033007,O,ST,0,22
9720005Y,23820034303,O,ST,0,3
9720005Y,23820034304,O,ST,0,0
9720005Y,23820034403,O,ST,0,4
9720005Y,23210033205,N,ST,12,56
9720005Y,23210034002,N,ST,12,14
9720005Y,23210034308,N,ST,12,8
9720005Y,23810020008,N,ST,24,33
9720005Y,23810020103,N,ST,24,12
9720005Y,23810024204,N,ST,12,14
9720005Y,23810033006,N,ST,24,11
9720005Y,23810033007,N,ST,24,68
9720005Y,23810034306,N,ST,12,5
9720005Y,23810034307,N,ST,12,2
9720005Y,23810034403,N,ST,12,27
9720501M,23820025519,N,ST,36,43
9720501M,23820031212,N,ST,25,19
9720501M,23820031214,N,ST,25,41
9720501M,23820033604,N,ST,12,12
9720501M,23820033606,N,ST,24,39
9720501M,23210031223,N,ST,12,11
9720501M,23210033615,N,ST,24,30
9720501M,23210033616,N,ST,12,41
9720501M,23810020008,N,ST,36,41
9720501M,23810031211,N,ST,50,37
9720501M,23810033605,N,ST,36,73
9720429J,23820030004,N,ST,28,10
9720429J,23820031213,N,ST,28,18
9720429J,23820033007,N,ST,10,8
9720429J,23810030003,N,ST,28,13
9720429J,23810031211,N,ST,28,18
9720429J,23810033007,N,ST,50,29
9720515C,23820030004,N,ST,15,11
9720515C,23820031106,N,ST,25,26
9720515C,23820031114,N,ST,25,15
9720515C,23210031122,N,ST,14,26
9720515C,23810030003,N,ST,56,56
9720430K,23820025214,N,ST,24,35
9720430K,23820025520,N,ST,24,29
9720430K,23820030004,N,ST,24,23
9720430K,23820033006,O,ST,0,6
9720430K,23820033007,N,ST,0,16
9720430K,23210025225,N,ST,12,32
9720430K,23210025440,N,ST,10,12
9720430K,23210025524,N,ST,12,11
9720430K,23210033205,N,ST,24,27
9720430K,23810020008,N,ST,24,30
9720430K,23810025222,N,ST,24,28
9720430K,23810030003,N,ST,24,12
9720430K,23810033006,N,ST,12,7
9720430K,23810033007,N,ST,24,69
9720771F,23820022106,N,ST,24,32
9720771F,23820023303,N,ST,12,17
9720771F,23820023404,N,ST,12,6
9720771F,23820025520,N,ST,24,23
9720771F,23820033403,N,ST,24,15
9720771F,23210023329,N,ST,12,4
9720771F,23210023446,N,ST,12,3
9720771F,23210025524,N,ST,12,14
9720771F,23810020006,N,ST,12,7
9720771F,23810020008,N,ST,24,25
9720771F,23810023404,N,ST,12,3
9720771F,23810033404,N,ST,48,59
9720632E,23211021130,N,AP,999,3
9720632E,23211021237,N,AP,999,1
9720907D,23210023006,N,AP,999,0
9720907D,23210023325,N,AP,999,1
9720907D,23210023327,N,AP,999,0
9720907D,23210032227,N,AP,999,0
9720907D,23810023203,N,AP,999,0
9720907D,23810023304,N,AP,999,0
9720907D,23810025223,N,AP,999,0
9720907D,23810031212,N,AP,999,0
9720907D,23810032303,N,AP,999,0
9720907D,23810033604,N,AP,999,0
9720616M,23821021214,N,ST,8,1
9720616M,23821021001,N,ST,8,3
9720616M,23821021114,N,ST,12,1
9720616M,23811021001,N,ST,16,7
9720616M,23811021214,N,ST,27,19
9720616M,23811021114,N,ST,16,2
9720091S,23820023004,N,ST,6,1
9720091S,23820023005,N,ST,8,7
9720091S,23820023104,N,ST,7,9
9720091S,23820023203,N,ST,12,10
9720091S,23820023210,N,ST,6,1
9720091S,23820023304,N,ST,6,7
9720091S,23820023405,N,ST,12,8
9720091S,23820023408,N,ST,12,5
9720091S,23820025520,N,ST,24,13
9720091S,23210022142,N,ST,12,30
9720091S,23210023006,N,ST,12,21
9720091S,23210023224,N,ST,12,13
9720091S,23210023324,N,ST,12,8
9720091S,23210023327,N,ST,12,10
9720091S,23810020006,N,ST,24,28
9720091S,23810020008,N,ST,24,6
9720091S,23810023007,N,ST,24,22
9720091S,23810023409,N,ST,24,11
9720844K,23820031212,N,ST,26,28
9720844K,23820031213,N,ST,26,17
9720844K,23820031214,N,ST,26,29
9720844K,23210031224,N,ST,24,37
9720844K,23810031211,N,ST,84,35
9720695Y,23820022707,N,ST,12,24
9720695Y,23820025214,N,ST,20,23
9720695Y,23820025517,N,ST,24,22
9720695Y,23810020008,N,ST,36,30
9720695Y,23810025222,N,ST,20,29
9720726G,23820022004,N,ST,12,5
9720726G,23820025214,N,ST,20,11
9720726G,23820025220,N,ST,10,7
9720726G,23820030004,N,ST,18,17
9720726G,23820031214,N,ST,25,17
9720726G,23820022005,O,ST,0,11
9720726G,23820025219,N,ST,10,7
9720726G,23210022142,N,ST,12,6
9720726G,23210022144,N,ST,12,7
9720726G,23210025223,N,ST,10,14
9720726G,23810020104,N,ST,12,8
9720726G,23810022005,N,ST,12,3
9720726G,23810025222,N,ST,40,23
9720726G,23810030003,N,ST,18,8
9720726G,23810031211,N,ST,25,19
9720468B,23820022105,N,ST,24,26
9720468B,23820024204,O,ST,0,0
9720468B,23820025406,N,ST,12,3
9720468B,23820025520,N,ST,24,18
9720468B,23820030004,N,ST,24,27
9720468B,23820031106,N,ST,12,9
9720468B,23820034303,O,ST,0,1
9720468B,23820025223,O,ST,0,6
9720468B,23210025224,N,ST,12,22
9720468B,23210033616,N,ST,24,21
9720468B,23810020006,N,ST,12,7
9720468B,23810020008,N,ST,12,14
9720468B,23810022107,N,ST,24,33
9720468B,23810024204,N,ST,12,7
9720468B,23810025223,N,ST,22,48
9720468B,23810030003,N,ST,36,30
9720468B,23810034307,N,ST,12,1
9720779P,23821021405,N,ST,7,0
9720779P,23821022108,N,ST,7,0
9720779P,23821033003,N,ST,3,4
9720779P,23820022005,N,ST,7,0
9720779P,23811021404,N,ST,19,8
9720779P,23811022103,N,ST,19,5
9720779P,23811033001,N,ST,31,18
9720779P,23811022104,N,ST,19,5
9720725F,23820025012,N,ST,24,11
9720725F,23820025214,N,ST,12,17
9720725F,23820025216,N,ST,12,5
9720725F,23820025520,N,ST,24,21
9720725F,23820025412,O,ST,0,8
9720725F,23210025440,N,ST,20,16
9720725F,23210025524,N,ST,12,3
9720725F,23810020008,N,ST,24,10
9720725F,23810020104,N,ST,24,0
9720725F,23810025222,N,ST,24,22
9720725F,23810025412,N,ST,22,7
9720490A,23210022137,N,AP,999,0
9720490A,23210022141,N,AP,999,2
9720490A,23210022146,N,AP,999,1
9720490A,23210025225,N,AP,999,2
9720490A,23210025441,N,AP,999,0
9720490A,23210033615,N,AP,999,4
9720490A,23210033616,N,AP,999,4
9720490A,23810022105,N,AP,999,0
9720490A,23810022106,N,AP,999,0
9720490A,23810025224,N,AP,999,4
9720490A,23810025412,N,AP,999,2
9720490A,23810031116,N,AP,999,0
9720490A,23810031212,N,AP,999,2
9720490A,23810031213,N,AP,999,4
9720490A,23810031214,N,AP,999,0
9720490A,23810033403,N,AP,999,0
9720692V,23820031213,N,ST,24,18
9720692V,23210031224,N,ST,12,13
9720692V,23810031211,N,ST,24,24
9720888H,23820023003,O,ST,0,2
9720888H,23820032303,O,ST,0,5
9720888H,23210032227,N,ST,12,7
9720888H,23810023003,N,ST,24,13
9720888H,23810032303,N,ST,24,30
9720424D,23820031212,N,ST,15,20
9720424D,23820031213,N,ST,25,15
9720424D,23820031214,N,ST,25,17
9720424D,23210031224,N,ST,24,15
9720424D,23810031211,N,ST,60,49
9720811Z,,O,ST,0,3
9720811Z,,O,ST,0,2
9720811Z,,O,ST,0,1
9720811Z,,O,ST,0,4
9720811Z,,O,ST,0,0
9720811Z,,O,ST,0,2
9720811Z,,O,ST,0,7
9720811Z,,O,ST,0,2
9720811Z,,O,ST,0,2
9720811Z,,O,ST,0,4
9720811Z,,O,ST,0,3
9720811Z,,O,ST,0,1
9720811Z,,O,ST,0,5
9720811Z,,O,ST,0,4
9720811Z,,O,ST,0,6
9720811Z,,O,ST,0,6
9720811Z,,O,ST,0,6
9720811Z,,O,ST,0,0
9720811Z,,O,ST,0,0
9720811Z,,O,ST,0,1
9720811Z,,O,ST,0,9
9720811Z,,O,ST,0,8
9720811Z,,O,ST,0,7
9720811Z,,O,ST,0,0
9720811Z,,O,ST,0,0
9720811Z,,O,ST,0,7
9720811Z,,O,ST,0,1
9720811Z,,O,ST,0,0
9720811Z,,O,ST,0,0
9720811Z,,O,ST,0,0
9720811Z,,O,ST,0,5
9729999L,,O,ST,9999,0
9729999L,,O,ST,9999,63
9729999L,,O,ST,9999,19
9729999L,,O,ST,9999,10
9729999L,,O,ST,9999,30
9729999L,,O,ST,9999,162
9729999L,,O,ST,9999,4
9729999L,,O,ST,9999,3
9729999L,,O,ST,9999,3
Total établissements sélectionnés - département MARTINIQUE,,,,124438,6414
0530813W,23211033003,N,ST,24,16
0530813W,23811022103,N,ST,16,7
0530813W,23811022108,N,AP,999,3
0530813W,23811033003,N,ST,24,15
0530040F,23820020009,N,ST,12,7
0530040F,23820025012,N,ST,15,4
0530040F,23820025014,N,ST,12,2
0530040F,23820025216,N,ST,20,20
0530040F,23820031106,N,ST,17,20
0530040F,23820031213,N,ST,18,18
0530040F,23210031122,N,ST,15,24
0530040F,23210031224,N,AP,999,7
0530040F,23810020009,N,ST,12,10
0530040F,23810020103,N,ST,12,5
0530040F,23810020104,N,ST,15,4
0530040F,23810025222,N,ST,20,21
0530040F,23810030003,N,ST,17,15
0530040F,23810031211,N,ST,18,13
0530520C,23821021004,N,ST,16,16
0530520C,23821021203,N,ST,19,14
0530520C,23821021213,N,ST,16,11
0530520C,23211021130,N,ST,18,16
0530520C,23811021112,N,ST,24,4
0530520C,23811021112,N,ST,24,12
0530520C,23811022103,N,ST,32,17
0530887B,23811021004,N,AP,999,4
0530887B,23811021112,N,ST,45,11
0530886A,23811033003,N,ST,24,3
0530815Y,23211021130,N,AP,999,4
0530815Y,23211021405,N,AP,999,12
0530815Y,23811021404,N,ST,24,7
0530815Y,23811033003,N,ST,16,10
0530816Z,23811022104,N,ST,16,2
0530816Z,23811033003,N,ST,24,4
0530949U,23820020102,N,ST,1,1
0530949U,23820025012,N,ST,14,14
0530949U,23820025520,N,ST,15,11
0530949U,23820031212,N,ST,12,7
0530949U,23820031213,N,ST,12,16
0530949U,23210025524,N,ST,15,10
0530949U,23210033002,N,ST,12,8
0530949U,23810020008,N,ST,15,15
0530949U,23810020104,N,ST,15,12
0530949U,23810031211,N,ST,24,21
0531018U,23210031224,N,AP,999,7
0530074T,23210033205,N,AP,999,3
0530074T,23210033615,N,AP,999,3
0530074T,23210033616,N,AP,999,4
0530081A,23821021004,N,ST,38,33
0530081A,23811021112,N,ST,27,19
0530081A,23811021112,N,ST,54,48
0530013B,23820022105,N,ST,30,35
0530013B,23820022106,N,ST,24,23
0530013B,23820024204,N,ST,24,25
0530013B,23820025520,N,ST,24,19
0530013B,23820030004,N,ST,24,27
0530013B,23820031213,N,ST,48,53
0530013B,23820031214,N,ST,18,36
0530013B,23820033007,N,ST,30,37
0530013B,23820033403,N,ST,12,21
0530013B,23210022137,N,ST,12,39
0530013B,23210022142,N,ST,12,28
0530013B,23210022146,N,ST,12,31
0530013B,23210025437,N,AP,999,4
0530013B,23210025437,N,ST,15,17
0530013B,23210033002,N,ST,12,26
0530013B,23210033413,N,ST,24,26
0530013B,23810020008,N,ST,24,23
0530013B,23810022107,N,ST,30,45
0530013B,23810024204,N,ST,24,19
0530013B,23810030003,N,ST,24,30
0530013B,23810031211,N,ST,66,112
0530013B,23810033007,N,ST,30,49
0530013B,23810033404,N,ST,36,35
0530778H,23820022707,N,ST,12,18
0530778H,23820023004,N,ST,15,19
0530778H,23820023203,N,ST,15,12
0530778H,23820023304,N,ST,12,13
0530778H,23820023404,N,ST,15,10
0530778H,23820023405,N,ST,15,16
0530778H,23210022715,N,ST,15,20
0530778H,23210023223,N,ST,15,17
0530778H,23210023447,N,ST,15,13
0530778H,23210025524,N,ST,15,15
0530778H,23810020006,N,ST,27,33
0530778H,23810020008,N,ST,12,11
0530778H,23810023007,N,ST,15,6
0530778H,23810023404,N,ST,15,6
0530778H,23810023409,N,ST,15,17
0530068L,23210022146,N,ST,12,4
0530068L,,N,ST,12,5
0530068L,23210033002,N,ST,12,1
0530068L,23810020103,N,ST,30,7
0530068L,23810030003,N,ST,24,9
0530068L,23810033006,N,ST,18,6
0530068L,23810033007,N,ST,45,12
0530068L,23810033404,N,ST,24,10
0530068L,23810034403,N,ST,18,21
0530904V,23210024240,N,ST,15,2
0530904V,23810020008,N,ST,45,22
0530904V,23810024204,N,ST,24,6
0530863A,23811021001,N,AP,999,5
0530863A,23811021112,N,ST,30,6
0530863A,23811033003,N,AP,999,2
0530863A,23811033003,N,ST,30,2
0530909A,23211021130,N,AP,999,17
0530909A,23211021235,N,AP,999,7
0530909A,23211021237,N,AP,999,18
0530909A,23811021004,N,AP,999,3
0530909A,23811021211,N,AP,999,3
0530973V,23210033616,N,AP,999,6
0530500F,23210022137,N,AP,999,11
0530500F,23210022141,N,AP,999,19
0530500F,23210022142,N,AP,999,0
0530500F,23210022143,N,AP,999,5
0530500F,23210022144,N,AP,999,5
0530500F,23210022146,N,AP,999,9
0530500F,23210023223,N,AP,999,7
0530500F,23210023224,N,AP,999,15
0530500F,23210023324,N,AP,999,4
0530500F,23210023325,N,AP,999,4
0530500F,23210023326,N,AP,999,6
0530500F,23210023327,N,AP,999,10
0530500F,23210023446,N,AP,999,1
0530500F,23210023447,N,AP,999,6
0530500F,23210023449,N,AP,999,1
0530500F,23210025221,N,AP,999,6
0530500F,23210025223,N,AP,999,13
0530500F,23210025225,N,AP,999,27
0530500F,23210025524,N,AP,999,6
0530500F,23210033413,N,AP,999,11
0530500F,23210033615,N,AP,999,3
0530500F,23210033616,N,AP,999,26
0530500F,23810025219,N,AP,999,1
0530500F,23810025221,N,AP,999,0
0530500F,23810025224,N,AP,999,12
0530500F,23810025520,N,AP,999,0
0530818B,23811021112,N,ST,45,8
0530818B,23811022103,N,ST,24,5
0530818B,23811033003,N,ST,24,18
0530079Y,23820025214,N,ST,20,21
0530079Y,23820025215,N,ST,10,5
0530079Y,23820025411,N,ST,15,17
0530079Y,23820030004,N,ST,18,23
0530079Y,23820031107,N,ST,24,31
0530079Y,23820032207,N,ST,24,19
0530079Y,23820032208,N,ST,12,9
0530079Y,23820032303,N,ST,12,23
0530079Y,23820033006,N,ST,18,22
0530079Y,23820033007,N,ST,15,15
0530079Y,23210025440,N,AP,999,5
0530079Y,23210025440,N,ST,10,33
0530079Y,23210031224,N,AP,999,8
0530079Y,23810020103,N,ST,15,14
0530079Y,23810025222,N,ST,30,34
0530079Y,23810030003,N,ST,18,6
0530079Y,23810031117,N,ST,24,39
0530079Y,23810032210,N,ST,36,17
0530079Y,23810032303,N,ST,12,28
0530079Y,23810033006,N,ST,18,23
0530079Y,23810033007,N,ST,15,14
0530073S,23210031224,N,ST,15,8
0530073S,23210033615,N,ST,15,6
0530073S,23810030003,N,ST,9,3
0530073S,23810031211,N,ST,53,19
0530073S,23810033605,N,ST,30,23
0530829N,23210031223,N,AP,999,6
0530829N,23211021405,N,AP,999,8
0530829N,23211021405,N,ST,24,3
0530829N,23211033003,N,AP,999,1
0530829N,23211033003,N,ST,16,5
0530829N,23811021114,N,AP,999,0
0530829N,23811021112,N,ST,16,1
0530829N,23811021404,N,ST,24,2
0530829N,23811021405,N,AP,999,8
0530828M,23210031224,N,AP,999,4
0530828M,23210034405,N,AP,999,6
0530828M,23211021130,N,AP,999,3
0530828M,23211021130,N,ST,15,3
0530828M,23211033003,N,ST,21,11
0530828M,23811021004,N,AP,999,1
0530828M,23811021112,N,ST,12,4
0530828M,23811022103,N,ST,12,3
0530828M,23811022108,N,AP,999,3
Total établissements sélectionnés - département MAYENNE,,,,61613,4529
9760270P,23820030004,N,ST,32,44
9760270P,23820031106,N,ST,35,74
9760270P,23820031114,N,ST,35,27
9760270P,41411041001,N,ST,0,0
9760270P,23210031122,N,ST,15,41
9760270P,23210031224,N,ST,12,38
9760270P,23810030003,N,ST,70,220
9760220K,23820023004,N,ST,15,14
9760220K,23820023005,N,ST,15,22
9760220K,23820023203,N,ST,30,35
9760220K,23820023210,N,ST,30,13
9760220K,23820025517,N,ST,15,22
9760220K,23820025520,N,ST,15,14
9760220K,23210022714,N,ST,15,20
9760220K,23210023006,N,ST,15,10
9760220K,23210023224,N,ST,15,21
9760220K,23210023324,N,ST,15,7
9760220K,23210023325,N,ST,15,13
9760220K,23210023327,N,ST,15,19
9760220K,23210025439,N,ST,15,7
9760220K,23210025524,N,AP,999,1
9760220K,23210025524,N,ST,15,33
9760220K,23810020006,N,ST,60,44
9760220K,23810020008,N,ST,15,54
9760220K,23810023007,N,ST,45,19
9760363R,23820031212,N,ST,32,52
9760363R,23820031213,N,ST,32,36
9760363R,23820033006,N,ST,32,44
9760363R,23210022142,N,ST,24,38
9760363R,23210033205,N,ST,30,46
9760363R,23210033615,N,ST,12,17
9760363R,23810031211,N,ST,64,119
9760363R,23810033006,N,ST,32,72
9760379H,23210022142,N,ST,12,5
9760316P,23820023004,N,ST,15,1
9760316P,23820023304,N,ST,15,18
9760316P,23820023404,N,ST,15,21
9760316P,23820023405,N,ST,15,20
9760316P,23820023408,N,ST,15,14
9760316P,23820032303,N,ST,24,26
9760316P,41411041001,N,ST,0,0
9760316P,23210022361,N,ST,15,10
9760316P,23210023006,N,AP,999,0
9760316P,23210023006,N,ST,15,12
9760316P,23210023223,N,ST,15,24
9760316P,23210023326,N,ST,15,29
9760316P,23210023327,N,ST,15,21
9760316P,23210023446,N,AP,999,7
9760316P,23210023446,N,ST,30,31
9760316P,23210023447,N,ST,30,26
9760316P,23210023449,N,AP,999,1
9760316P,23210032227,N,ST,15,7
9760316P,23810020006,N,ST,15,28
9760316P,23810023404,N,ST,15,21
9760316P,23810023409,N,ST,30,20
9760316P,23810032303,N,ST,24,17
9760453N,23211021130,N,ST,5,3
9760338N,23820025519,N,ST,32,43
9760338N,23820025520,N,ST,96,145
9760338N,23210024240,N,ST,16,21
9760338N,23210025524,N,ST,16,71
9760338N,23810020008,N,ST,96,178
9760338N,23810024204,N,ST,16,38
9760008E,41411041001,N,ST,0,0
9760369X,41411041001,N,ST,0,0
9760369X,23210022142,N,ST,12,3
9760162X,41411041001,N,ST,0,0
9760368W,41411041001,N,ST,0,0
9760009F,41411041001,N,ST,0,0
9760357J,23210022142,N,ST,12,7
9760357J,23210031224,N,ST,16,5
9760357J,23210033205,N,ST,30,7
9760127J,41411041001,N,ST,0,0
9760370Y,23820030004,N,ST,88,63
9760370Y,23820031114,N,ST,35,94
9760370Y,23820031212,N,ST,70,85
9760370Y,23820031213,N,ST,35,57
9760370Y,23820031214,N,ST,35,21
9760370Y,23820032303,N,ST,24,26
9760370Y,23210031224,N,ST,30,40
9760370Y,23810030003,N,ST,105,146
9760370Y,23810031211,N,ST,140,239
9760370Y,23810032303,N,ST,24,11
9760163Y,23820022105,N,ST,12,16
9760163Y,23820022106,N,ST,28,38
9760163Y,23820033007,N,ST,64,78
9760163Y,23820033403,N,ST,28,27
9760163Y,23820033604,N,ST,14,21
9760163Y,23820033606,N,ST,14,15
9760163Y,23210022146,N,AP,999,9
9760163Y,23210022146,N,ST,24,61
9760163Y,23210031224,N,AP,999,4
9760163Y,23210033205,N,ST,24,60
9760163Y,23210033413,N,AP,999,1
9760163Y,23210033413,N,ST,24,18
9760163Y,23210033615,N,ST,12,7
9760163Y,23810022107,N,ST,12,54
9760163Y,23810033404,N,ST,48,109
9760163Y,23810033007,N,ST,64,78
9760163Y,23810033605,N,ST,25,63
9760494H,23211033003,N,ST,4,1
9769999P,,O,ST,0,39
9769999P,,O,ST,0,142
9769999P,,O,ST,0,1
9769999P,,O,ST,0,1
9769999P,,O,ST,0,5
9769999P,,O,ST,0,1
9769999P,,O,ST,0,2
9769999P,,O,ST,0,2
9769999P,,O,ST,0,9
9769999P,,O,ST,0,2
9769999P,,O,ST,0,4
9769999P,,O,ST,0,4
9769999P,,O,ST,0,10
9769999P,,O,ST,0,1
9769999P,,O,ST,0,8
9769999P,,O,ST,0,7
9769999P,,O,ST,0,3
9769999P,,O,ST,0,1
9769999P,,O,ST,0,2
9769999P,,O,ST,0,3
9769999P,,O,ST,0,2
9769999P,,O,ST,0,1
9769999P,,O,ST,0,3
9769999P,,O,ST,0,1
9769999P,,O,ST,0,21
9769999P,,O,ST,0,0
9769999P,,O,ST,0,0
9769999P,,O,ST,0,0
9769999P,,O,ST,0,0
9769999P,,O,ST,0,1
9769999P,,O,ST,0,4
9760454P,23211021130,N,ST,7,4
9760454P,23811021112,N,ST,5,2
9760167C,41411041001,N,ST,0,0
9760167C,23210031224,N,ST,15,4
9760371Z,41411041001,N,ST,0,0
9760371Z,23210023006,N,ST,15,6
9760206V,23211021010,N,AP,999,2
9760206V,23211021010,N,ST,24,23
9760206V,23211033003,N,ST,24,11
9760206V,23811021112,N,ST,24,24
9760206V,23811033001,N,ST,24,22
9760125G,23820025012,N,ST,30,20
9760125G,23820025214,N,ST,45,49
9760125G,23820025216,N,ST,15,3
9760125G,23820025223,N,ST,20,10
9760125G,23820025519,N,ST,30,32
9760125G,23820025520,N,ST,45,72
9760125G,23820030004,N,ST,35,45
9760125G,23820031106,N,ST,35,43
9760125G,23820031114,N,ST,35,19
9760125G,23820033007,N,ST,60,101
9760125G,41411041001,N,ST,0,0
9760125G,23210025223,N,ST,15,8
9760125G,23210025224,N,ST,15,8
9760125G,23210025524,N,ST,30,73
9760125G,23210031122,N,ST,15,7
9760125G,23210031224,N,ST,15,16
9760125G,23210033205,N,ST,30,70
9760125G,23210034002,N,ST,30,12
9760125G,23810020008,N,ST,75,86
9760125G,23810020104,N,ST,30,9
9760125G,23810025222,N,ST,60,72
9760125G,23810025223,N,ST,15,4
9760125G,23810030003,N,ST,70,74
9760125G,23810033007,N,ST,60,98
9760183V,41411041001,N,ST,0,0
9760229V,23820025303,N,ST,16,19
9760229V,23820025519,N,ST,32,32
9760229V,23820031212,N,ST,32,43
9760229V,23820031213,N,ST,32,47
9760229V,23820031214,N,ST,32,21
9760229V,23820034403,N,ST,24,40
9760229V,23210031224,N,ST,15,51
9760229V,23210034405,N,ST,15,43
9760229V,23810020008,N,ST,32,25
9760229V,23810025307,N,ST,16,41
9760229V,23810031211,N,ST,64,165
9760229V,23810034403,N,ST,24,136
9760182U,23820031213,N,ST,90,79
9760182U,23820031214,N,ST,15,27
9760182U,23820033006,N,ST,35,45
9760182U,23820034403,N,ST,48,65
9760182U,23210031224,N,ST,64,38
9760182U,23210034002,N,ST,24,15
9760182U,23210034405,N,ST,24,52
9760182U,23810031211,N,ST,70,135
9760182U,23810033006,N,ST,35,71
9760182U,23810034403,N,ST,24,87
9760274U,23210022142,N,ST,12,8
Total établissements sélectionnés - département MAYOTTE,,,,21480,14146
0541344T,23210023006,N,AP,999,0
0541344T,23210023324,N,AP,999,0
0541344T,23210023327,N,AP,999,0
0541344T,23210031126,N,AP,999,1
0541344T,23210031126,O,ST,18,9
0541344T,23811021405,N,AP,999,7
0541344T,23810020008,O,ST,15,9
0541344T,23810020009,N,AP,999,0
0541344T,23810023405,N,AP,999,0
0541344T,23810023407,N,AP,999,2
0541344T,23810023409,O,ST,5,12
0541344T,23810025221,N,AP,999,0
0541344T,23810025222,O,ST,22,24
0541344T,23810025224,N,AP,999,5
0541344T,23810025225,N,AP,999,5
0541344T,23810025226,N,AP,999,0
0541344T,23810025517,N,AP,999,4
0541344T,23810025520,N,AP,999,0
0541344T,23810031117,N,AP,999,0
0541344T,23810031117,O,ST,30,20
0540015Y,23820022004,N,ST,10,10
0540015Y,23820025214,N,ST,72,73
0540015Y,23820025220,N,ST,19,17
0540015Y,23820025412,N,ST,14,14
0540015Y,23820025413,N,ST,8,9
0540015Y,23820031214,N,ST,24,28
0540015Y,23210025222,N,ST,10,10
0540015Y,23210025225,N,ST,50,53
0540015Y,23210025440,N,ST,15,24
0540015Y,23810020104,N,ST,15,0
0540015Y,23810025222,N,ST,70,90
0540015Y,23810025412,N,ST,16,20
0540015Y,23810025413,N,ST,8,5
0540015Y,23810031211,N,ST,24,15
0540076P,23820025012,N,ST,14,13
0540076P,23820025303,N,ST,23,30
0540076P,23820025519,N,ST,24,20
0540076P,23820025520,N,ST,45,42
0540076P,23820031212,N,ST,30,33
0540076P,23820031214,N,ST,24,42
0540076P,23820033007,N,ST,45,48
0540076P,23810020008,N,ST,60,65
0540076P,23810020104,N,ST,30,17
0540076P,23810025307,N,ST,24,42
0540076P,23810031211,N,ST,48,53
0540076P,23810033007,N,ST,30,53
0541958K,23210031119,N,AP,999,0
0541958K,23810031116,N,AP,999,3
0542388C,23210023223,N,AP,999,6
0542388C,23210023447,N,AP,999,4
0542388C,23810022707,N,AP,999,12
0542262R,23820022706,N,ST,15,8
0542262R,23820022707,N,ST,15,18
0542262R,23820023004,N,ST,18,13
0542262R,23820023005,N,ST,19,18
0542262R,23820023203,N,ST,14,18
0542262R,23820023304,N,ST,14,16
0542262R,23820023405,N,ST,15,12
0542262R,23210022715,N,ST,15,13
0542262R,23210023324,N,ST,15,21
0542262R,23210025524,N,ST,15,34
0542262R,23810020006,N,ST,30,42
0542262R,23810020008,N,ST,30,35
0542262R,23810023007,N,ST,36,45
0542262R,23810023409,N,ST,15,20
0541605B,23820030004,N,ST,24,28
0541605B,23820031212,N,ST,18,18
0541605B,23820031213,N,ST,21,27
0541605B,23820031214,N,ST,21,22
0541605B,23210031224,N,ST,24,34
0541605B,23810030003,N,ST,24,24
0541605B,23810031211,N,ST,60,67
0540032S,23820022106,N,ST,46,42
0540032S,23820033007,N,ST,74,82
0540032S,23820033403,N,ST,24,21
0540032S,23210022146,N,ST,24,20
0540032S,23810033007,N,ST,75,77
0540032S,23810033404,N,ST,48,46
0540030P,23820022707,N,ST,13,9
0540030P,23820025012,N,ST,10,9
0540030P,23820025520,N,ST,20,19
0540030P,23820034403,N,ST,48,65
0540030P,23210023324,N,ST,15,17
0540030P,23210034405,N,ST,30,30
0540030P,23810020008,N,ST,35,52
0540030P,23810020104,N,ST,10,15
0540030P,23810034403,N,ST,48,80
0540037X,23820030004,N,ST,11,9
0540037X,23820031106,N,ST,18,20
0540037X,23820031213,N,ST,25,32
0540037X,23820031214,N,ST,18,27
0540037X,23820033007,N,ST,44,42
0540037X,23210031122,N,ST,15,12
0540037X,23210031224,N,ST,15,30
0540037X,23810030003,N,ST,30,23
0540037X,23810031211,N,ST,42,44
0540037X,23810033007,N,ST,45,48
0542293Z,23820025014,N,ST,13,12
0542293Z,23820025406,N,ST,16,22
0542293Z,23820025520,N,ST,24,27
0542293Z,23210023006,N,ST,15,18
0542293Z,23810020006,N,ST,15,14
0542293Z,23810020008,N,ST,24,34
0542293Z,23810020103,N,ST,15,15
0541207U,23821021302,N,ST,27,18
0541207U,23811021404,N,ST,32,33
0542481D,23211021130,N,AP,999,10
0542481D,23811021004,N,AP,999,16
0542221W,23810025012,N,AP,999,1
0542221W,23810025014,N,AP,999,0
0542221W,23810025411,N,AP,999,5
0542221W,23810025520,N,AP,999,5
0541357G,23810030003,O,ST,22,2
0541357G,23810031211,O,ST,22,9
0541921V,23210033615,N,AP,999,7
0541921V,23210033616,N,AP,999,5
0541921V,23810033604,N,AP,999,0
0541921V,23810033606,N,AP,999,3
0540081V,23820022303,N,ST,2,1
0540081V,23820025411,N,ST,21,19
0540081V,23820025517,N,ST,18,18
0540081V,23820025519,N,ST,50,53
0540081V,23820025520,N,ST,45,52
0540081V,23820033104,N,ST,15,20
0540081V,23210025225,N,AP,999,12
0540081V,23210025439,N,ST,24,22
0540081V,23210025440,N,AP,999,11
0540081V,23810020008,N,ST,105,132
0540081V,23810020103,N,ST,24,24
0540081V,23810025224,N,AP,999,13
0540081V,23810033104,N,ST,15,35
0540082W,23820030004,N,ST,72,95
0540082W,23820032207,N,ST,15,22
0540082W,23820032208,N,ST,15,15
0540082W,23210033205,N,AP,999,6
0540082W,23810030003,N,ST,72,82
0540082W,23810032210,N,ST,30,24
0541370W,23210031224,O,ST,10,4
0541370W,23210033616,N,AP,999,5
0541370W,23210033616,O,ST,20,8
0541370W,23810031211,O,ST,31,15
0541370W,23810033006,O,ST,12,2
0541370W,23810033007,O,ST,25,11
0541364P,23210022142,N,AP,999,0
0541364P,23210022142,O,ST,16,3
0541364P,23210022146,N,AP,999,0
0541364P,23210033002,O,ST,16,3
0541364P,23210033205,N,AP,999,6
0541364P,23210033205,O,ST,24,14
0541364P,23810033006,O,ST,20,6
0541364P,23810033007,O,ST,28,17
0541363N,23810020008,O,ST,28,23
0541363N,23810030003,O,ST,20,12
0541363N,23810031211,O,ST,40,44
0542389D,23210022142,N,AP,999,0
0542389D,23210022146,N,AP,999,9
0542389D,23210033413,N,AP,999,7
0540089D,,O,ST,0,10
0540089D,,O,ST,0,7
0540089D,,O,ST,0,61
0540089D,,O,ST,0,6
0540089D,,O,ST,0,3
0540089D,,O,ST,0,14
0540089D,,O,ST,0,7
0540089D,,O,ST,0,9
0540089D,,O,ST,0,8
0540089D,,O,ST,0,12
0540089D,,O,ST,0,8
0540089D,,O,ST,0,10
0540089D,,O,ST,999,193
0540089D,,O,ST,0,8
0540089D,,O,ST,0,10
0540089D,,O,ST,0,6
0540089D,,O,ST,0,138
0540089D,,O,ST,0,4
0540089D,,O,ST,0,1
0540089D,,O,ST,0,4
0540089D,,O,ST,0,6
0540089D,,O,ST,0,6
0540089D,,O,ST,0,0
0540089D,,O,ST,0,4
0540089D,,O,ST,0,1
0540089D,,O,ST,0,1
0540089D,,O,ST,0,0
0540089D,,O,ST,0,0
0540089D,,O,ST,0,3
0540089D,,O,ST,0,3
0540089D,,O,ST,0,4
0541548P,23210022137,N,AP,999,9
0541548P,23210022141,N,AP,999,11
0541548P,23210022143,N,AP,999,6
0541548P,23210022144,N,AP,999,1
0541548P,23210022145,N,AP,999,0
0541548P,23210031224,N,AP,999,5
0541548P,23210033205,N,AP,999,0
0541548P,23210033615,N,AP,999,9
0541548P,23210033616,N,AP,999,15
0540085Z,23820025520,N,ST,11,11
0540085Z,23820031106,N,ST,24,26
0540085Z,23820031213,N,ST,23,21
0540085Z,23210031122,N,ST,24,27
0540085Z,23210031224,N,ST,15,22
0540085Z,23810020008,N,ST,15,23
0540085Z,23810030003,N,ST,24,24
0540085Z,23810031211,N,ST,30,16
0541270M,23820025012,N,ST,29,25
0541270M,23820025520,N,ST,30,28
0541270M,23820031213,N,ST,30,48
0541270M,23820031214,N,ST,29,20
0541270M,23210031224,N,ST,15,18
0541270M,23810020008,N,ST,42,44
0541270M,23810020104,N,ST,42,41
0541270M,23810031211,N,ST,72,87
0541898V,23210022715,N,AP,999,8
0541898V,23210023006,N,AP,999,1
0541898V,23210023224,N,AP,999,22
0541898V,23210023225,N,AP,999,1
0541898V,23210023324,N,AP,999,7
0541898V,23210023325,N,AP,999,0
0541898V,23210023326,N,AP,999,3
0541898V,23210023327,N,AP,999,10
0541898V,23210023329,N,AP,999,1
0541898V,23210023447,N,AP,999,2
0541898V,23210023449,N,AP,999,0
0541898V,23210025439,N,AP,999,1
0541898V,23210025524,N,AP,999,9
0540060X,23820033007,N,ST,60,65
0540060X,23210022142,N,ST,24,24
0540060X,23810033007,N,ST,60,32
0540061Y,23820031212,N,ST,24,20
0540061Y,23820031213,N,ST,60,62
0540061Y,23820031214,N,ST,30,51
0540061Y,23820033006,N,ST,15,21
0540061Y,23820033007,N,ST,60,72
0540061Y,23820033606,N,ST,29,35
0540061Y,23820034304,N,ST,15,12
0540061Y,23210031224,N,ST,45,58
0540061Y,23210033002,N,ST,5,7
0540061Y,23210033002,N,ST,10,30
0540061Y,23810031211,N,ST,102,137
0540061Y,23810033006,N,ST,18,53
0540061Y,23810033007,N,ST,60,74
0540061Y,23810033605,N,ST,30,77
0540061Y,23810034306,N,ST,15,9
0540067E,23820024204,N,ST,15,21
0540067E,23820025012,N,ST,14,14
0540067E,23820025520,N,ST,15,13
0540067E,23820031213,N,ST,33,42
0540067E,23820033007,N,ST,32,31
0540067E,23210022142,N,ST,12,14
0540067E,23210033002,N,ST,5,3
0540067E,23210033002,N,ST,10,10
0540067E,23810020008,N,ST,15,14
0540067E,23810020104,N,ST,15,6
0540067E,23810024204,N,ST,15,10
0540067E,23810031211,N,ST,30,45
0540067E,23810033007,N,ST,30,30
0541377D,23810030003,O,ST,18,16
0541338L,23210022142,N,ST,16,9
0541338L,23210023224,N,ST,8,4
0541338L,23210023327,N,ST,8,12
0541286E,23820031213,N,ST,26,26
0541286E,23810031211,N,ST,24,46
0542416H,23210022425,N,AP,999,0
0542416H,23210022427,N,AP,999,0
0542416H,23210022428,N,AP,999,1
0542416H,23210022430,N,AP,999,0
0542208G,23820022105,N,ST,24,29
0542208G,23820022106,N,ST,36,37
0542208G,23820033403,N,ST,24,22
0542208G,23810022107,N,ST,24,40
0542208G,23810033404,N,ST,48,74
0541516E,23210025225,N,AP,999,6
0541516E,23210031224,N,AP,999,3
0541516E,23210033616,N,AP,999,4
0541550S,23210022146,N,AP,999,2
0541550S,23210033413,N,AP,999,3
0549998Z,,O,ST,999,443
Total établissements sélectionnés - département MEURTHE-ET-MOSELLE,,,,87619,12688
0550752U,23821021004,N,ST,19,13
0550752U,23820022005,N,ST,19,7
0550752U,23811021112,N,ST,19,29
0550752U,23811022104,N,ST,19,8
0550003E,23820031212,N,ST,8,10
0550003E,23820031213,N,ST,17,15
0550003E,23820031214,N,ST,12,13
0550003E,23820033006,N,ST,15,19
0550003E,23820033007,N,ST,36,39
0550003E,23210031224,N,AP,999,0
0550003E,23210031224,N,ST,15,19
0550003E,23810031211,N,ST,36,54
0550003E,23810033006,N,ST,15,31
0550003E,23810033007,N,ST,36,38
0550004F,23820025012,N,ST,11,15
0550004F,23820025411,N,ST,21,21
0550004F,23820025519,N,ST,16,18
0550004F,23820025520,N,ST,12,13
0550004F,23210023006,N,AP,999,0
0550004F,23210023006,N,ST,15,16
0550004F,23810020008,N,ST,24,23
0550004F,23810020103,N,ST,15,22
0550004F,23810020104,N,ST,15,3
0550004F,23810025519,N,AP,999,9
0550861M,23210022137,N,AP,999,8
0550861M,23210022141,N,AP,999,9
0550861M,23210022142,N,AP,999,2
0550861M,23210022143,N,AP,999,9
0550861M,23210022144,N,AP,999,1
0550861M,23210022146,N,AP,999,10
0550861M,23210025226,N,AP,999,13
0550861M,23210025440,N,AP,999,4
0550861M,23210025441,N,AP,999,1
0550861M,23210031224,N,AP,999,6
0550861M,23210033413,N,AP,999,4
0550861M,23210033616,N,AP,999,9
0550969E,23211021130,N,AP,999,18
0550969E,23211021237,N,AP,999,4
0550969E,23211021314,N,AP,999,3
0550969E,23811021004,N,AP,999,21
0550969E,23811021214,N,AP,999,5
0551031X,23810025012,N,AP,999,0
0551031X,23810025520,N,AP,999,0
0550909P,23811033001,N,ST,24,10
0550909P,23810033007,N,AP,999,2
0550008K,23820025014,N,ST,15,9
0550008K,23820025520,N,ST,12,10
0550008K,23820031213,N,ST,43,44
0550008K,23210033002,N,ST,7,7
0550008K,23210033002,N,ST,8,8
0550008K,23810020008,N,ST,15,14
0550008K,23810020103,N,ST,15,8
0550008K,23810031211,N,ST,42,44
0551032Y,23210034405,O,ST,24,18
0551032Y,23810034403,O,ST,15,15
0550959U,23211033003,N,AP,999,4
0550959U,23811033001,N,ST,24,8
0550959U,23811033003,N,AP,999,0
0550958T,23211021405,N,AP,999,11
0550958T,23211033003,N,AP,999,1
0550958T,23211033003,N,ST,24,10
0550958T,23211033003,N,ST,24,6
0550958T,23811021404,N,ST,24,2
0550700M,23210033616,O,ST,12,3
0550700M,23810033605,O,ST,20,18
0550072E,23820025012,N,ST,15,15
0550072E,23820030004,N,ST,18,14
0550072E,23210022142,N,AP,999,0
0550072E,23210022142,N,ST,12,10
0550072E,23810020104,N,ST,15,8
0550072E,23810030003,N,ST,18,12
0550960V,23211021130,N,ST,24,2
0550960V,23211021130,N,AP,999,3
0550960V,23211021130,N,ST,24,4
0550960V,23811021004,N,AP,999,2
0550960V,23811021112,N,ST,24,4
0550960V,23811022108,N,AP,999,0
0550960V,23811022103,N,ST,24,1
0550754W,23821021211,N,ST,27,31
0550754W,23211021236,N,AP,999,6
0550754W,23811021112,N,ST,27,23
0550754W,23811021211,N,AP,999,8
0550026E,23820022105,N,ST,24,26
0550026E,23820022106,N,ST,20,22
0550026E,23820023004,N,ST,7,7
0550026E,23820023404,N,ST,4,1
0550026E,23820023405,N,ST,9,13
0550026E,23820025214,N,ST,24,23
0550026E,23820030004,N,ST,11,9
0550026E,23820031106,N,ST,13,14
0550026E,23820031213,N,ST,29,30
0550026E,23820033007,N,ST,28,30
0550026E,23820033403,N,ST,15,20
0550026E,23210022137,N,AP,999,0
0550026E,23210022137,N,ST,12,10
0550026E,23210022141,N,AP,999,0
0550026E,23210022146,N,AP,999,3
0550026E,23210025439,N,ST,24,15
0550026E,23210023223,N,AP,999,2
0550026E,23210023327,N,AP,999,0
0550026E,23210025225,N,AP,999,5
0550026E,23210025439,N,AP,999,2
0550026E,23210031122,N,AP,999,1
0550026E,23210031122,N,ST,15,12
0550026E,23210033413,N,ST,12,12
0550026E,23210033413,N,AP,999,0
0550026E,23810022107,N,ST,24,34
0550026E,23810023007,N,ST,15,6
0550026E,23810023404,N,ST,7,5
0550026E,23810023409,N,ST,8,4
0550026E,23810025222,N,ST,24,31
0550026E,23810030003,N,ST,24,20
0550026E,23810031211,N,ST,30,33
0550026E,23810033007,N,ST,30,38
0550026E,23810033404,N,ST,35,38
0550025D,23820022707,N,ST,7,5
0550025D,23820025014,N,ST,10,9
0550025D,23820025520,N,ST,15,20
0550025D,23810020008,N,ST,24,22
0550025D,23810020103,N,ST,15,7
0550983V,23810031211,O,ST,11,2
0550983V,23810033006,O,ST,7,7
0550983V,23810033007,O,ST,12,2
0550892W,23210025221,N,AP,999,7
0550892W,23210025222,N,AP,999,3
0550892W,23210025223,N,AP,999,2
0550892W,23811021001,N,AP,999,4
0550892W,23811021004,N,AP,999,4
0550892W,23811021112,N,ST,24,6
0550892W,23811021112,N,ST,24,2
0550892W,23810025219,N,AP,999,1
0550892W,23810025220,N,AP,999,0
0550892W,23810025221,N,AP,999,0
0559998U,,O,ST,999,57
Total établissements sélectionnés - département MEUSE,,,,53950,2894
0561454B,23211021405,N,AP,999,22
0560001X,23820023003,N,ST,24,26
0560001X,23820024202,N,ST,24,20
0560001X,23820032303,N,ST,15,21
0560001X,23C10023304,N,ST,15,14
0560001X,23C10023412,N,ST,15,13
0560001X,23210023445,N,ST,15,25
0560001X,23210032227,N,ST,15,28
0560001X,23810023003,N,ST,24,30
0560001X,23810024202,N,ST,24,20
0560001X,23810032303,N,ST,15,62
0560008E,23820025223,N,ST,20,18
0560008E,23820025412,N,ST,20,19
0560008E,23210025224,N,ST,10,3
0560008E,23210025440,N,ST,10,11
0560008E,23210025441,N,ST,10,6
0560008E,23810025223,N,ST,20,8
0560008E,23810025412,N,ST,20,10
0561486L,23210021308,N,ST,12,8
0561486L,23810020007,N,ST,12,5
0561486L,23810020007,N,ST,12,3
0561486L,23810020007,N,ST,24,15
0561486L,23810021204,N,ST,12,7
0561456D,23211021130,N,AP,999,2
0561456D,23211021405,N,AP,999,0
0561456D,23811021001,N,AP,999,1
0561456D,23811021004,N,AP,999,3
0561456D,23811033003,N,AP,999,5
0560016N,23820025214,N,ST,10,13
0560016N,23820025215,N,ST,10,6
0560016N,23820031106,N,ST,24,20
0560016N,23820031107,N,ST,24,25
0560016N,23210031126,N,ST,12,37
0560016N,23810025222,N,ST,20,25
0560016N,23810030003,N,ST,24,11
0560016N,23810031117,N,ST,24,43
0561529H,23211033003,N,ST,999,16
0561529H,23811021203,N,AP,999,11
0561529H,23811021214,N,AP,999,17
0561529H,23811021112,N,ST,999,34
0561529H,23811022103,N,ST,999,10
0560070X,23820022403,N,ST,15,20
0560070X,23820025012,N,ST,30,28
0560070X,23820025519,N,ST,24,35
0560070X,23820031114,N,ST,28,11
0560070X,23210032225,N,ST,24,23
0560070X,23810020008,N,ST,24,37
0560070X,23810020104,N,ST,30,11
0560070X,23810022404,N,ST,15,17
0560070X,23810030003,N,ST,28,8
0561758G,23211021130,N,ST,13,14
0561758G,23211021405,N,ST,19,23
0561732D,23211021130,N,AP,999,4
0561732D,23211021405,N,AP,999,11
0560019S,23820025519,N,ST,30,34
0560019S,23820033007,N,ST,30,29
0560019S,23210025524,N,ST,15,9
0560019S,23810020008,N,ST,30,21
0560019S,23810033007,N,ST,30,27
0561458F,23210025223,N,AP,999,3
0561698S,23820022503,N,ST,15,13
0561698S,23820030004,N,ST,30,36
0561698S,23820034304,N,ST,24,8
0561698S,23810022503,N,ST,15,11
0561698S,23810030003,N,ST,30,31
0561698S,23810034306,N,ST,15,9
0560228U,23210031224,N,AP,999,2
0561507J,23820024204,N,ST,24,27
0561507J,23820025219,N,ST,10,9
0561507J,23820025220,N,ST,10,12
0561507J,23820025221,N,ST,10,9
0561507J,23210024240,N,ST,15,13
0561507J,23210025221,N,ST,10,8
0561507J,23210025222,N,ST,10,1
0561507J,23210025223,N,ST,10,9
0561507J,23810024204,N,ST,24,22
0561507J,23810025222,N,ST,20,15
0560027A,23820031213,N,ST,15,31
0560027A,23820031214,N,ST,15,30
0560027A,23820033007,N,ST,60,70
0560027A,23820033604,N,ST,30,31
0560027A,23820033606,N,ST,30,30
0560027A,23210022142,N,ST,12,33
0560027A,23210024008,N,ST,12,2
0560027A,23210033615,N,ST,16,40
0560027A,23210033616,N,ST,30,33
0560027A,23810031211,N,ST,30,115
0560027A,23810033006,N,ST,15,56
0560027A,23810033007,N,ST,45,95
0560027A,23810033605,N,ST,30,32
0560027A,23810033605,N,ST,30,57
0560026Z,23820025214,N,ST,30,38
0560026Z,23820025411,N,ST,30,37
0560026Z,23820025520,N,ST,30,29
0560026Z,23810020008,N,ST,30,38
0560026Z,23810020103,N,ST,30,52
0560026Z,23810025222,N,ST,30,53
0560808Z,23210022142,N,AP,999,2
0560808Z,23210022146,N,AP,999,15
0560808Z,23210025225,N,AP,999,15
0560808Z,23210025226,N,AP,999,2
0560808Z,23210031221,N,AP,999,2
0560808Z,23210031224,N,AP,999,37
0560808Z,23810025225,N,AP,999,1
0560808Z,23810025520,N,AP,999,4
0561958Z,23210025439,N,AP,999,1
0561949P,23210025437,N,AP,999,0
0561949P,23810025012,N,AP,999,0
0561949P,23810025013,N,AP,999,0
0561949P,23810025014,N,AP,999,1
0561949P,23810025411,N,AP,999,1
0561460H,23210033002,N,AP,999,1
0560217G,23210023224,N,ST,8,12
0560217G,23210023324,N,ST,8,11
0560217G,23210023327,N,ST,8,17
0560217G,23210023449,N,ST,8,7
0561967J,23210023006,N,AP,999,3
0560858D,23211021130,N,AP,999,7
0561810N,23210023122,N,AP,999,28
0561810N,23210023124,N,AP,999,38
0561810N,23810023210,N,AP,999,14
0560013K,23821021004,N,ST,27,25
0560013K,23821022105,N,ST,11,16
0560013K,23821022108,N,ST,21,12
0560013K,23811021112,N,ST,27,22
0560013K,23811022104,N,ST,16,15
0560013K,23811022103,N,ST,16,23
0560039N,23820022706,N,ST,15,3
0560039N,23820022707,N,ST,7,10
0560039N,23820023004,N,ST,15,7
0560039N,23820023104,N,ST,15,3
0560039N,23820023304,N,ST,15,18
0560039N,23820023405,N,ST,15,11
0560039N,23820025520,N,ST,8,11
0560039N,23210023223,N,ST,8,9
0560039N,23210023324,N,ST,15,12
0560039N,23210023327,N,ST,15,18
0560039N,23210023446,N,ST,9,10
0560039N,23810020006,N,ST,15,8
0560039N,23810020008,N,ST,30,12
0560039N,23810023007,N,ST,30,9
0560039N,23810023409,N,ST,15,20
0560042S,23820023404,N,ST,12,5
0560042S,23820023405,N,ST,12,15
0560042S,23820025520,N,ST,24,14
0560042S,23210023447,N,ST,15,18
0560042S,23810020008,N,ST,24,8
0560042S,23810023409,N,ST,24,17
0562058H,23210022141,N,AP,999,7
0561641E,23820022503,N,ST,15,12
0561641E,23820025013,N,ST,15,3
0561641E,23820030004,N,ST,18,16
0561641E,23810020103,N,ST,15,7
0561641E,23810022503,N,ST,15,12
0561476A,23211021130,N,AP,999,1
0561476A,23211021130,N,ST,999,4
0561476A,23211021237,N,AP,999,3
0561476A,23211021237,N,ST,999,11
0561476A,23211021405,N,AP,999,12
0561476A,23811021112,N,ST,999,17
0561476A,23811021112,N,ST,999,2
0561476A,23811033001,N,ST,999,7
0560119A,23210031224,N,AP,999,2
0560274U,23821021214,N,ST,27,8
0560274U,23821021405,N,ST,19,7
0560274U,23821021407,N,ST,8,6
0560274U,23210031223,N,AP,999,2
0560274U,23210031223,N,ST,19,10
0560274U,23211033003,N,ST,19,19
0560274U,23811021404,N,ST,16,13
0560274U,23811021112,N,ST,19,48
0560274U,23811022103,N,ST,16,3
0561397P,23210022715,N,AP,999,4
0561397P,23210023223,N,AP,999,12
0561397P,23210023224,N,AP,999,23
0561397P,23210023324,N,AP,999,11
0561397P,23210023325,N,AP,999,5
0561397P,23210023326,N,AP,999,6
0561397P,23210023327,N,AP,999,11
0561397P,23210023446,N,AP,999,6
0561397P,23210023447,N,AP,999,14
0561397P,23210023449,N,AP,999,4
0561397P,23210025524,N,AP,999,5
0561397P,23810023405,N,AP,999,5
0560810B,23210022137,N,AP,999,26
0560810B,23210022141,N,AP,999,46
0560810B,23210022143,N,AP,999,13
0560810B,23210022144,N,AP,999,4
0560810B,23210022146,N,AP,999,19
0560810B,23210025225,N,AP,999,46
0560810B,23210025440,N,AP,999,10
0560810B,23210031224,N,AP,999,22
0560810B,23210033413,N,AP,999,20
0560810B,23210033616,N,AP,999,37
0560810B,23810025224,N,AP,999,13
0560053D,23820022106,N,ST,24,34
0560053D,23820025214,N,ST,20,22
0560053D,23820025411,N,ST,15,12
0560053D,23820025520,N,ST,30,26
0560053D,23820030004,N,ST,15,14
0560053D,23820031106,N,ST,24,18
0560053D,23820031212,N,ST,15,13
0560053D,23820031213,N,ST,15,34
0560053D,23820031214,N,ST,15,26
0560053D,23820033007,N,ST,30,38
0560053D,23820033403,N,ST,24,17
0560053D,23210025227,N,ST,10,27
0560053D,23210025439,N,ST,12,23
0560053D,23210031224,N,ST,24,64
0560053D,23810020008,N,ST,30,30
0560053D,23810020103,N,ST,15,16
0560053D,23810025222,N,ST,20,35
0560053D,23810030003,N,ST,30,20
0560053D,23810031211,N,ST,45,104
0560053D,23810033007,N,ST,30,59
0560053D,23810033404,N,ST,48,78
0560200N,23210031224,N,AP,999,4
0560200N,23210033205,N,AP,999,6
0561993M,23210033616,N,AP,999,8
0569998N,,N,ST,999,81
0569998N,,N,ST,999,231
Total établissements sélectionnés - département MORBIHAN,,,,83430,8973
0570241C,23210032227,O,ST,18,10
0570241C,23210033616,O,ST,12,11
0570241C,23810031211,O,ST,24,10
0570241C,23810032303,O,ST,30,24
0570241C,23810033007,O,ST,28,9
0570241C,23810033605,O,ST,45,22
0573080N,23820022403,N,ST,14,8
0573080N,23820025214,N,ST,24,30
0573080N,23820025412,N,ST,20,15
0573080N,23210025225,N,ST,15,24
0573080N,23210025441,N,ST,10,12
0573080N,23810022404,N,ST,15,2
0573080N,23810025222,N,ST,44,44
0573326F,23820025520,N,ST,16,11
0573326F,23820030004,N,ST,13,19
0573326F,23210023006,N,ST,8,7
0573326F,23210023006,N,ST,7,1
0573326F,23810020008,N,ST,15,13
0573326F,23810030003,N,ST,18,16
0570225K,23820025012,N,ST,8,12
0570225K,23820025014,N,ST,8,7
0570225K,23820025411,N,ST,18,20
0570225K,23210025439,N,ST,5,6
0570225K,23210025439,N,ST,4,1
0570225K,23210025524,N,ST,7,7
0570225K,23210025524,N,ST,6,1
0570225K,23810020103,N,ST,23,13
0570225K,23810020104,N,ST,8,2
0570248K,23810031211,O,ST,25,13
0570248K,23810031213,N,AP,999,1
0570248K,23810033007,O,ST,22,18
0570112M,23821021004,N,ST,19,32
0570112M,23821021211,N,ST,19,21
0570112M,23821033003,N,ST,19,17
0570112M,23811021112,N,ST,27,42
0570112M,23811021112,N,ST,19,20
0570112M,23811033001,N,ST,19,27
0570086J,23821021001,N,ST,27,29
0570086J,23821021405,N,ST,19,29
0570086J,23211021405,N,ST,16,24
0570086J,23211021405,N,ST,6,9
0570086J,23811021112,N,ST,27,30
0570086J,23811021404,N,ST,19,44
0573246U,23211021130,N,AP,999,19
0573246U,23211021405,N,AP,999,14
0573246U,23811021004,N,AP,999,21
0573246U,23811021405,N,AP,999,14
0572022N,23820022503,N,ST,13,12
0572022N,23820030004,N,ST,18,27
0572022N,23820031106,N,ST,25,34
0572022N,23210031122,N,AP,999,0
0572022N,23210031122,N,ST,30,19
0572022N,23810022503,N,ST,15,13
0572022N,23810030003,N,ST,42,60
0572022N,23810031116,N,AP,999,0
0570021N,23820030004,N,ST,18,10
0570021N,23810030003,N,ST,18,18
0570279U,23210022141,N,AP,999,0
0570279U,23210022142,O,ST,8,3
0570279U,23210033616,N,AP,999,4
0570279U,23210033616,O,ST,45,18
0570279U,23810031211,O,ST,17,8
0570279U,23810033007,O,ST,22,14
0570279U,23810033404,O,ST,16,8
0570279U,23810033605,O,ST,30,11
0572075W,23820030004,N,ST,24,30
0572075W,23820031106,N,ST,24,29
0572075W,23820031213,N,ST,25,39
0572075W,23210031122,N,ST,24,19
0572075W,23810030003,N,ST,42,50
0572075W,23810031211,N,ST,24,40
0572340J,23210033616,N,AP,999,2
0572340J,23810031211,O,ST,23,2
0572340J,23810031213,N,AP,999,3
0570030Y,23820024204,N,ST,15,21
0570030Y,23820025012,N,ST,23,25
0570030Y,23820025014,N,ST,22,11
0570030Y,23820030004,N,ST,44,45
0570030Y,23210020101,N,ST,15,12
0570030Y,23210031224,N,AP,999,7
0570030Y,23810020103,N,ST,24,13
0570030Y,23810020104,N,ST,24,20
0570030Y,23810024204,N,ST,15,28
0570030Y,23810030003,N,ST,42,38
0570030Y,23810031213,N,AP,999,5
0572742W,23210022137,N,AP,999,5
0572742W,23210022141,N,AP,999,4
0572742W,23210022143,N,AP,999,4
0572742W,23210025225,N,AP,999,6
0572742W,23210025440,N,AP,999,4
0572742W,23210025441,N,AP,999,0
0572742W,23210025524,N,AP,999,4
0572742W,23210033616,N,AP,999,13
0572742W,23810025224,N,AP,999,5
0570051W,23820022106,N,ST,20,21
0570051W,23820031213,N,ST,24,33
0570051W,23820031214,N,ST,15,16
0570051W,23820033007,N,ST,55,71
0570051W,23820033403,N,ST,15,19
0570051W,23210022146,N,ST,12,23
0570051W,23210022142,N,ST,12,17
0570051W,23210031224,N,ST,15,38
0570051W,23210033413,N,ST,15,13
0570051W,23810031211,N,ST,36,30
0570051W,23810033007,N,ST,60,80
0570051W,23810033404,N,ST,36,31
0573491K,23820022706,N,ST,11,16
0573491K,23820025517,N,ST,15,11
0573491K,23210023324,N,ST,15,9
0573491K,23810020008,N,ST,30,29
0573491K,23810022706,N,AP,999,1
0573756Y,23810033606,N,AP,999,7
0570077Z,23820022106,N,ST,24,27
0570077Z,23820031212,N,ST,30,28
0570077Z,23820033007,N,ST,60,71
0570077Z,23820033403,N,ST,24,22
0570077Z,23210022141,N,ST,5,34
0570077Z,23210022142,N,ST,12,23
0570077Z,23210022141,N,ST,7,8
0570077Z,23210031224,N,ST,30,45
0570077Z,23210033002,N,ST,9,11
0570077Z,23210033002,N,ST,15,20
0570077Z,23210034308,N,ST,15,7
0570077Z,23810031211,N,ST,30,31
0570077Z,23810033007,N,ST,60,70
0570077Z,23810033404,N,ST,54,47
0573690B,23810025012,N,AP,999,0
0573690B,23810025013,N,AP,999,0
0573690B,23810025014,N,AP,999,0
0573690B,23810025411,N,AP,999,1
0573211F,23820025006,N,ST,20,21
0573211F,23820025214,N,ST,50,57
0573211F,23820025216,N,ST,10,7
0573211F,23820025412,N,ST,20,19
0573211F,23820025520,N,ST,35,16
0573211F,23210025225,N,AP,999,9
0573211F,23210025440,N,AP,999,4
0573211F,23210025440,N,ST,10,49
0573211F,23210025441,N,AP,999,3
0573211F,23210025441,N,ST,20,25
0573211F,23810020008,N,ST,24,14
0573211F,23810020103,N,ST,24,23
0573211F,23810025222,N,ST,70,79
0573211F,23810025224,N,AP,999,9
0573211F,23810025226,N,AP,999,3
0573211F,23810025412,N,AP,999,3
0573211F,23810025412,N,ST,24,28
0573543S,23210033615,N,AP,999,8
0573543S,23210033616,N,AP,999,6
0570057C,23210031223,N,AP,999,2
0570057C,23210031224,N,AP,999,4
0570057C,23810030004,N,AP,999,7
0570057C,23810031213,N,AP,999,28
0570124A,23820030004,N,ST,28,37
0570124A,23820031106,N,ST,15,32
0570124A,23820031114,N,ST,15,3
0570124A,23820031212,N,ST,30,25
0570124A,23820031213,N,ST,46,72
0570124A,23820031214,N,ST,30,23
0570124A,23210031122,N,ST,15,29
0570124A,23210031224,N,ST,45,69
0570124A,23810030003,N,ST,60,64
0570124A,23810031211,N,ST,108,137
0570061G,23820024204,N,ST,23,37
0570061G,23820033006,N,ST,24,37
0570061G,23820033007,N,ST,58,79
0570061G,23210022146,N,ST,24,50
0570061G,23210022142,N,ST,24,25
0570061G,23210033413,N,ST,24,27
0570061G,23810024204,N,ST,24,46
0570061G,23810033006,N,ST,24,70
0570061G,23810033007,N,ST,60,126
0573227Y,23820025519,N,ST,44,86
0573227Y,23820025520,N,ST,45,49
0573227Y,23810020008,N,ST,90,151
0573320Z,23820022106,N,ST,48,63
0573320Z,23820033403,N,ST,48,51
0573320Z,23210022142,N,AP,999,1
0573320Z,23210022146,N,AP,999,16
0573320Z,23210033413,N,AP,999,11
0573320Z,23810033404,N,ST,96,142
0570283Y,23210033616,N,AP,999,3
0570283Y,23810023007,O,ST,45,7
0570283Y,23810030003,O,ST,20,6
0570283Y,23810031211,O,ST,70,21
0570283Y,23810033006,O,ST,18,10
0570283Y,23810033007,O,ST,40,6
0572201H,23210022137,N,AP,999,2
0572201H,23210022141,N,AP,999,11
0572201H,23210022143,N,AP,999,6
0572201H,23210022144,N,AP,999,0
0572201H,23210025524,N,AP,999,1
0572201H,23210031221,N,AP,999,1
0572201H,23210033615,N,AP,999,4
0572201H,23210033616,N,AP,999,7
0572201H,23810025520,N,AP,999,3
0572201H,23810033104,N,AP,999,2
0573395F,23810031116,N,AP,999,0
0570144X,23820022706,N,ST,15,16
0570144X,23820023004,N,ST,15,15
0570144X,23820023203,N,ST,8,9
0570144X,23820023210,N,ST,15,11
0570144X,23820023304,N,ST,15,30
0570144X,23820023405,N,ST,19,17
0570144X,23820025406,N,ST,15,12
0570144X,23210023224,N,ST,15,17
0570144X,23210023327,N,ST,30,75
0570144X,23210023447,N,ST,15,14
0570144X,23210025439,N,ST,15,9
0570144X,23810020006,N,ST,60,63
0570144X,23810020008,N,ST,15,17
0570144X,23810023007,N,ST,15,21
0570144X,23810023409,N,ST,24,11
0572820F,23210022715,N,AP,999,6
0572820F,23210023006,N,AP,999,0
0572820F,23210023122,N,AP,999,3
0572820F,23210023123,N,AP,999,19
0572820F,23210023124,N,AP,999,1
0572820F,23210023223,N,AP,999,8
0572820F,23210023224,N,AP,999,2
0572820F,23210023225,N,AP,999,0
0572820F,23210023324,N,AP,999,2
0572820F,23210023325,N,AP,999,2
0572820F,23210023326,N,AP,999,4
0572820F,23210023327,N,AP,999,6
0572820F,23210023447,N,AP,999,3
0572820F,23210023449,N,AP,999,1
0572820F,23210025222,N,AP,999,0
0572820F,23210025439,N,AP,999,2
0572101Z,23210022146,O,ST,13,0
0572101Z,23210033413,O,ST,4,1
0572101Z,23810022107,O,ST,22,3
0572101Z,23810033101,O,ST,22,8
0572101Z,23810033404,O,ST,18,2
0570146Z,23820025012,N,ST,15,11
0570146Z,23820025520,N,ST,24,20
0570146Z,23820030004,N,ST,21,27
0570146Z,23820031213,N,ST,24,29
0570146Z,23820031214,N,ST,22,22
0570146Z,23810020008,N,ST,30,43
0570146Z,23810020104,N,ST,30,9
0570146Z,23810030003,N,ST,24,29
0570146Z,23810031211,N,ST,48,91
0570087K,23820020102,N,ST,23,9
0570087K,23820022004,N,ST,15,16
0570087K,23820025012,N,ST,30,31
0570087K,23820025520,N,ST,55,60
0570087K,23210020101,N,ST,15,8
0570087K,23210025439,N,ST,14,14
0570087K,23810020008,N,ST,54,77
0570087K,23810020104,N,ST,54,34
0570087K,23810025520,N,AP,999,1
0570085H,23820030004,N,ST,19,25
0570085H,23820031213,N,ST,25,41
0570085H,23820031214,N,ST,25,34
0570085H,23210031224,N,ST,24,27
0570085H,23810030003,N,ST,18,34
0570085H,23810031211,N,ST,54,79
0570268G,23810030003,O,ST,30,4
0570268G,23810033007,O,ST,30,27
0570095U,23820023405,N,ST,14,18
0570095U,23820025214,N,ST,34,30
0570095U,23820025520,N,ST,18,18
0570095U,23210022137,N,AP,999,6
0570095U,23210022142,N,AP,999,1
0570095U,23210022143,N,AP,999,4
0570095U,23210022146,N,AP,999,5
0570095U,23210022428,N,ST,15,24
0570095U,23210023447,N,AP,999,1
0570095U,23210023447,N,ST,15,20
0570095U,23210031224,N,AP,999,6
0570095U,23210033413,N,AP,999,4
0570095U,23810020008,N,ST,18,13
0570095U,23810023405,N,AP,999,0
0570095U,23810023409,N,ST,15,7
0570095U,23810025222,N,ST,36,41
0570095U,23810025224,N,AP,999,11
0570095U,23810025520,N,AP,999,0
0570095U,23810031213,N,AP,999,5
0570094T,23820025519,N,ST,24,32
0570094T,23820030004,N,ST,18,17
0570094T,23810020008,N,ST,24,26
0570094T,23810030003,N,ST,25,34
0570294K,23210034405,O,ST,24,14
0570294K,23810031211,O,ST,15,9
0570294K,23810033006,O,ST,18,9
0570294K,23810034403,O,ST,24,21
0570100Z,23820022105,N,ST,40,39
0570100Z,23820022106,N,ST,15,17
0570100Z,23820031106,N,ST,18,21
0570100Z,23820031114,N,ST,18,9
0570100Z,23820031213,N,ST,50,56
0570100Z,23820033007,N,ST,47,46
0570100Z,23820033403,N,ST,22,14
0570100Z,23210033002,N,ST,5,17
0570100Z,23210033002,N,ST,7,10
0570100Z,23810022107,N,ST,42,49
0570100Z,23810030003,N,ST,36,35
0570100Z,23810031211,N,ST,48,68
0570100Z,23810033007,N,ST,48,62
0570100Z,23810033404,N,ST,36,52
0570099Y,23820025012,N,ST,39,24
0570099Y,23820025014,N,ST,19,16
0570099Y,23820025520,N,ST,26,24
0570099Y,23210020101,N,ST,24,21
0570099Y,23210022142,N,AP,999,1
0570099Y,23210022146,N,AP,999,6
0570099Y,23210031224,N,AP,999,7
0570099Y,23210033413,N,AP,999,3
0570099Y,23810020008,N,ST,30,29
0570099Y,23810020103,N,ST,24,13
0570099Y,23810020104,N,ST,30,18
0570099Y,23810025520,N,AP,999,5
0570099Y,23810031213,N,AP,999,2
0573231C,23820025519,N,ST,25,32
0573231C,23810020008,N,ST,28,55
0572590F,23820023004,N,ST,12,17
0572590F,23820023104,N,ST,12,7
0572590F,23820025214,N,ST,26,31
0572590F,23820025215,N,ST,24,18
0572590F,23820025517,N,ST,15,11
0572590F,23820031107,N,ST,33,31
0572590F,23210031127,N,ST,12,23
0572590F,23810020008,N,ST,15,18
0572590F,23810023007,N,ST,24,20
0572590F,23810025222,N,ST,45,61
0572590F,23810031117,N,ST,36,70
0573734Z,23210033615,N,AP,999,7
0573734Z,23210033616,N,AP,999,7
0572027U,23820030004,N,ST,44,63
0572027U,23820031114,N,ST,15,18
0572027U,23820031213,N,ST,45,59
0572027U,23820031214,N,ST,30,51
0572027U,23810030003,N,ST,60,89
0572027U,23810031211,N,ST,77,138
0570108H,23820022707,N,ST,20,27
0570108H,23820022708,N,ST,15,15
0570108H,23820023407,N,ST,14,9
0570108H,23820025012,N,ST,28,14
0570108H,23820025214,N,ST,42,61
0570108H,23820025411,N,ST,33,32
0570108H,23820025412,N,ST,23,23
0570108H,23820025519,N,ST,57,75
0570108H,23820025520,N,ST,48,21
0570108H,23210020101,N,ST,15,16
0570108H,23210025225,N,AP,999,7
0570108H,23210025439,N,ST,15,14
0570108H,23210031223,N,AP,999,5
0570108H,23210031224,N,AP,999,3
0570108H,23810020008,N,ST,102,116
0570108H,23810020103,N,ST,39,26
0570108H,23810020104,N,ST,15,8
0570108H,23810022708,N,ST,15,12
0570108H,23810023409,N,ST,15,8
0570108H,23810025222,N,ST,45,58
0570108H,23810025224,N,AP,999,8
0570108H,23810025412,N,ST,24,21
0570108H,23810031213,N,AP,999,4
0570108H,23810031214,N,AP,999,0
0572951Y,23810030003,O,ST,25,1
0572726D,23210022137,N,AP,999,2
0572726D,23210022141,N,AP,999,7
0572726D,23210022143,N,AP,999,2
0572726D,23210033616,N,AP,999,10
0572726D,23810032303,N,AP,999,4
0572698Y,23810025012,N,AP,999,1
0572698Y,23810025014,N,AP,999,1
0572698Y,23810025411,N,AP,999,8
0572698Y,23810025520,N,AP,999,3
0579998H,,O,ST,999,519
Total établissements sélectionnés - département MOSELLE,,,,125411,17753
0580739N,23211021130,N,AP,999,6
0580739N,23211021405,N,AP,999,12
0580739N,23811021001,N,AP,999,1
0580739N,23811021004,N,AP,999,6
0580739N,23811021405,N,AP,999,3
0580788S,23211021130,N,AP,999,1
0580582T,23811021112,N,ST,30,14
0580582T,23811033001,N,ST,27,15
0580582T,23811021112,N,ST,30,16
0580552K,23C10023412,N,ST,12,14
0580552K,23820022105,N,ST,24,16
0580552K,23820022106,N,ST,24,11
0580552K,23820033007,N,ST,15,20
0580552K,23820033403,N,ST,12,4
0580552K,23210022146,N,ST,9,15
0580552K,23210023445,N,ST,12,7
0580552K,23210033205,N,AP,999,15
0580552K,23210033413,N,ST,6,6
0580552K,23810022107,N,ST,24,22
0580552K,23810033007,N,ST,15,12
0580552K,23810033404,N,ST,36,26
0580008U,23820031213,N,ST,17,13
0580008U,23820031214,N,ST,7,5
0580008U,23810031211,N,ST,24,23
0580584V,23211021130,N,AP,999,1
0580584V,23811021113,N,AP,999,0
0580584V,23811021112,N,ST,12,5
0580584V,23811021112,N,ST,7,2
0580584V,23811021112,N,ST,7,1
0580014A,23820022004,N,ST,12,9
0580014A,23820022106,N,ST,12,11
0580014A,23820025012,N,ST,12,13
0580014A,23820025520,N,ST,15,14
0580014A,23820031213,N,ST,12,16
0580014A,23820031214,N,ST,12,5
0580014A,23820033403,N,ST,12,2
0580014A,23210022146,N,AP,999,2
0580014A,23210022146,N,ST,12,10
0580014A,23210031224,N,AP,999,3
0580014A,23210031224,N,ST,12,18
0580014A,23810020008,N,ST,15,5
0580014A,23810020104,N,ST,24,6
0580014A,23810025520,N,AP,999,1
0580014A,23810031211,N,ST,24,18
0580014A,23810033404,N,ST,24,18
0580076T,23810033006,N,ST,24,23
0580076T,23810033007,N,ST,24,12
0580761M,23820025012,N,ST,15,9
0580761M,23210020101,N,ST,12,9
0580761M,23210025224,N,AP,999,1
0580761M,23210031224,N,ST,12,30
0580761M,23810020104,N,ST,15,13
0580020G,23820023405,N,ST,12,10
0580020G,23820025014,N,ST,12,5
0580020G,23820025214,N,ST,20,22
0580020G,23820025520,N,ST,18,21
0580020G,23820031106,N,ST,12,16
0580020G,23820031107,N,ST,12,16
0580020G,23820034403,N,ST,12,14
0580020G,23210023447,N,ST,12,13
0580020G,23210025225,N,ST,10,32
0580020G,23210025440,N,ST,10,15
0580020G,23210031127,N,ST,12,11
0580020G,23810020008,N,ST,18,21
0580020G,23810020103,N,ST,12,9
0580020G,23810023409,N,ST,12,5
0580020G,23810025222,N,ST,20,17
0580020G,23810030003,N,ST,12,5
0580020G,23810031117,N,ST,12,27
0580020G,23810034403,N,ST,12,39
0580639E,23210023122,N,AP,999,2
0580639E,23210023124,N,AP,999,5
0580639E,23210023223,N,AP,999,11
0580639E,23210023224,N,AP,999,9
0580639E,23210023324,N,AP,999,8
0580639E,23210023327,N,AP,999,10
0580639E,23210023447,N,AP,999,2
0580639E,23210023449,N,AP,999,2
0580639E,23210025524,N,AP,999,10
0580555N,23210022137,N,AP,999,5
0580555N,23210022141,N,AP,999,8
0580555N,23210022142,N,AP,999,5
0580555N,23210022143,N,AP,999,10
0580555N,23210022146,N,AP,999,14
0580555N,23210025221,N,AP,999,15
0580555N,23210025223,N,AP,999,0
0580555N,23210025225,N,AP,999,24
0580555N,23210025440,N,AP,999,9
0580555N,23210031223,N,AP,999,9
0580555N,23210031224,N,AP,999,26
0580555N,23210033413,N,AP,999,10
0580555N,23210033616,N,AP,999,24
0580555N,23810031213,N,AP,999,6
0581020U,23210033615,N,AP,999,3
0589999D,,O,ST,0,3
0589999D,,O,ST,0,37
0589999D,,O,ST,0,2
0580050P,23820024204,N,ST,12,18
0580050P,23820030004,N,ST,12,15
0580050P,23820031114,N,ST,12,6
0580050P,23820031212,N,ST,12,14
0580050P,23820031213,N,ST,24,28
0580050P,23820031214,N,ST,12,18
0580050P,23820033007,N,ST,24,30
0580050P,23820034304,N,ST,12,12
0580050P,23210022142,N,ST,12,17
0580050P,23210033002,N,ST,12,10
0580050P,23810024204,N,ST,12,28
0580050P,23810030003,N,ST,24,24
0580050P,23810031211,N,ST,48,83
0580050P,23810033007,N,ST,24,39
0580050P,23810034306,N,ST,12,6
0580071M,23210025225,N,ST,10,5
0580071M,23210025226,N,ST,10,7
0580071M,23810020008,N,ST,24,25
0580071M,23810025222,N,ST,25,10
0580071M,23810025412,N,ST,15,6
0580071M,23810031211,N,ST,60,17
0580071M,23810033007,N,ST,30,23
0580771Y,23810025012,N,AP,999,0
0580771Y,23810025411,N,AP,999,4
0580771Y,23810025520,N,AP,999,2
0580075S,23810033007,N,ST,15,6
0580075S,23810033605,N,ST,30,15
0580054U,23211033003,N,ST,32,34
0580054U,23811022103,N,ST,16,0
0580054U,23811021404,N,ST,16,10
0580661D,23811033001,N,ST,32,9
0580661D,23811022103,N,ST,32,10
0580661D,23811021112,N,ST,22,18
0580661D,23811021404,N,ST,14,8
0580042F,23C10025402,N,ST,12,7
0580042F,23820023404,N,ST,12,4
0580042F,23210023446,N,ST,4,2
0580042F,23210025439,N,ST,12,16
0580042F,23210025436,N,AP,999,2
0580042F,23210025436,N,ST,6,9
0580042F,23210025437,N,AP,999,0
0580042F,23210025438,N,AP,999,0
0580042F,23210025439,N,AP,999,1
0580042F,23810023404,N,AP,999,0
0580042F,23810023404,N,ST,12,3
Total établissements sélectionnés - département NIEVRE,,,,48361,3159
0592610S,23820025012,N,ST,30,25
0592610S,23820025406,N,ST,15,13
0592610S,23820025520,N,ST,15,17
0592610S,23820030004,N,ST,18,13
0592610S,23820031212,N,ST,18,11
0592610S,23820031213,N,ST,18,22
0592610S,23820033007,N,ST,60,57
0592610S,23210025439,N,ST,16,16
0592610S,23210031224,N,AP,999,5
0592610S,23210031224,N,ST,16,35
0592610S,23810020006,N,ST,16,18
0592610S,23810020008,N,ST,16,21
0592610S,23810020104,N,ST,46,9
0592610S,23810030003,N,ST,19,7
0592610S,23810031211,N,ST,36,26
0592610S,23810033007,N,ST,61,81
0590005K,23820025012,N,ST,15,12
0590005K,23820025519,N,ST,15,23
0590005K,23820025520,N,ST,15,13
0590005K,23820030004,N,ST,18,12
0590005K,23820031114,N,ST,18,12
0590005K,23820031212,N,ST,18,28
0590005K,23820031213,N,ST,70,53
0590005K,23820031214,N,ST,18,20
0590005K,23210020101,N,ST,16,3
0590005K,23210031224,N,ST,46,48
0590005K,23810020008,N,ST,31,38
0590005K,23810020104,N,ST,16,7
0590005K,23810030003,N,ST,36,15
0590005K,23810031211,N,ST,106,93
0590257J,23820022106,N,ST,15,11
0590257J,23820030004,N,ST,18,11
0590257J,23820031213,N,ST,35,46
0590257J,23820033007,N,ST,45,46
0590257J,23820033403,N,ST,15,12
0590257J,23210022142,N,ST,12,30
0590257J,23210033002,N,ST,16,14
0590257J,23810030003,N,ST,19,13
0590257J,23810031211,N,ST,36,47
0590257J,23810033007,N,ST,31,46
0590257J,23810033404,N,ST,31,30
0590011S,23820022303,N,ST,15,9
0590011S,23820025014,N,ST,15,10
0590011S,23820025519,N,ST,30,33
0590011S,23820025520,N,ST,30,28
0590011S,23810020008,N,ST,61,66
0590011S,23810020103,N,ST,31,14
0593060F,23820025214,N,ST,30,1
0593060F,23820025220,N,ST,15,0
0593060F,23820025412,N,ST,15,2
0593060F,23820031213,N,ST,35,0
0593060F,23820034403,N,ST,105,1
0593060F,23210025440,N,ST,15,7
0593060F,23210031224,N,ST,15,3
0593060F,23210034405,N,ST,60,28
0593060F,23810025222,N,ST,45,21
0593060F,23810025412,N,ST,15,5
0593060F,23810031211,N,ST,18,4
0593060F,23810034403,N,ST,35,44
0596883L,23210022146,N,AP,999,1
0596883L,23210033205,N,AP,999,5
0594889U,23210025440,N,AP,999,1
0594532F,23820033006,N,ST,18,26
0594532F,23820033007,N,ST,30,31
0594532F,23210022142,N,ST,25,13
0594532F,23210033002,N,ST,31,26
0594532F,23210033413,N,ST,12,8
0594532F,23810024204,N,ST,16,9
0594532F,23810033006,N,ST,19,49
0594532F,23810033007,N,ST,31,23
0590015W,23820022706,N,ST,15,6
0590015W,23820022707,N,ST,15,10
0590015W,23820023203,N,ST,15,12
0590015W,23820023304,N,ST,15,27
0590015W,23820025012,N,ST,15,12
0590015W,23820025411,N,ST,30,16
0590015W,23820031213,N,ST,35,34
0590015W,23210022715,N,ST,16,13
0590015W,23210023224,N,ST,31,14
0590015W,23210031224,N,ST,31,19
0590015W,23810020006,N,ST,46,46
0590015W,23810020008,N,ST,31,26
0590015W,23810020103,N,ST,31,11
0590015W,23810020104,N,ST,16,6
0590015W,23810031211,N,ST,36,29
0592928M,23820022104,N,ST,15,0
0592928M,23820022106,N,ST,15,0
0592928M,23820033403,N,ST,15,1
0592928M,23820033604,N,ST,15,1
0592928M,23820033606,N,ST,30,0
0592928M,23210033615,N,ST,30,21
0592928M,23810033404,N,ST,15,15
0592928M,23810033605,N,ST,45,36
0596705T,23210022715,N,AP,999,1
0596705T,23210023224,N,AP,999,6
0596705T,23210031224,N,AP,999,4
0596186D,23210022137,N,AP,999,2
0596186D,23210022141,N,AP,999,5
0596186D,23210022143,N,AP,999,4
0596186D,23210022146,N,AP,999,6
0596186D,23210033615,N,AP,999,4
0596186D,23210033616,N,AP,999,9
0596186D,23810022104,N,AP,999,1
0596186D,23810033403,N,AP,999,1
0595821G,23210031224,N,AP,999,8
0590018Z,23820022106,N,ST,30,27
0590018Z,23820033403,N,ST,15,15
0590018Z,23210022146,N,ST,24,29
0590018Z,23810033404,N,ST,46,47
0594799W,23821021405,N,ST,10,1
0594799W,23821033003,N,ST,5,2
0594799W,23211021405,N,AP,999,6
0594799W,23211021405,N,ST,20,13
0594799W,23211033003,N,AP,999,2
0594799W,23211033003,N,ST,40,26
0594799W,23811021405,N,ST,25,4
0594799W,23811033001,N,ST,25,10
0593063J,23C10023304,N,ST,30,0
0593063J,23820022106,N,ST,15,0
0593063J,23820023004,N,ST,15,0
0593063J,23820023005,N,ST,15,1
0593063J,23820023405,N,ST,15,0
0593063J,23820031212,N,ST,18,0
0593063J,23820031213,N,ST,18,1
0593063J,23820032303,N,ST,30,1
0593063J,23820033403,N,ST,15,0
0593063J,23210022142,N,ST,12,3
0593063J,23210023445,N,ST,15,5
0593063J,23210031223,N,ST,15,2
0593063J,23210032227,N,ST,30,7
0593063J,23810023007,N,ST,30,9
0593063J,23810023409,N,ST,15,1
0593063J,23810031211,N,ST,35,9
0593063J,23810032303,N,ST,30,18
0593063J,23810033404,N,ST,30,7
0596054K,23210022146,N,AP,999,0
0596054K,23210023223,N,AP,999,1
0596054K,23210023224,N,AP,999,5
0596054K,23210023324,N,AP,999,1
0596054K,23210023326,N,AP,999,3
0596054K,23210023327,N,AP,999,1
0596054K,23210023449,N,AP,999,0
0596054K,23210032227,N,AP,999,2
0596054K,23210033413,N,AP,999,1
0596054K,23810032303,N,AP,999,2
0595119U,23821021303,N,ST,12,0
0595119U,23821033003,N,ST,7,0
0595119U,23211021314,N,AP,999,3
0595119U,23211021314,N,ST,25,2
0595119U,23211021405,N,AP,999,13
0595119U,23811021404,N,ST,25,4
0595119U,23811033001,N,ST,25,15
0595121W,23821033003,N,ST,20,0
0595121W,23211033003,N,ST,32,12
0595121W,23811021001,N,ST,32,10
0595121W,23811033001,N,ST,32,13
0595120V,23821022105,N,ST,6,3
0595120V,23820022005,N,ST,8,0
0595120V,23211021130,N,ST,30,3
0595120V,23811022104,N,ST,20,1
0595120V,23810022005,N,ST,20,0
0592611T,23820022707,N,ST,30,16
0592611T,23820023004,N,ST,15,9
0592611T,23820023203,N,ST,30,22
0592611T,23820023405,N,ST,15,15
0592611T,23820025012,N,ST,30,22
0592611T,23820025412,N,ST,30,34
0592611T,23210023224,N,ST,31,17
0592611T,23210023449,N,ST,16,6
0592611T,23210025440,N,ST,16,26
0592611T,23810020006,N,ST,31,36
0592611T,23810020008,N,ST,31,17
0592611T,23810020104,N,ST,31,10
0592611T,23810023007,N,ST,16,7
0592611T,23810023409,N,ST,16,24
0592611T,23810025412,N,ST,31,24
0590037V,23820030004,N,ST,35,22
0590037V,23820031212,N,ST,18,18
0590037V,23820031213,N,ST,70,52
0590037V,23820031214,N,ST,18,21
0590037V,23820032304,N,ST,30,34
0590037V,23820033007,N,ST,75,82
0590037V,23210022142,N,ST,36,44
0590037V,23210033002,N,ST,31,15
0590037V,23210033205,N,ST,16,71
0590037V,23810030003,N,ST,36,17
0590037V,23810031211,N,ST,106,112
0590037V,23810032304,N,ST,31,36
0590037V,23810033007,N,ST,75,94
0593061G,23820025519,N,ST,30,1
0593061G,23820025520,N,ST,15,1
0593061G,23820030004,N,ST,18,0
0593061G,23820031213,N,ST,18,1
0593061G,23820031214,N,ST,18,0
0593061G,23820033006,N,ST,35,0
0593061G,23820033007,N,ST,30,0
0593061G,23820033101,N,ST,15,0
0593061G,23210022142,N,ST,12,2
0593061G,23210022146,N,ST,12,9
0593061G,23210031224,N,ST,15,3
0593061G,23810020008,N,ST,60,18
0593061G,23810030003,N,ST,18,1
0593061G,23810031211,N,ST,35,4
0593061G,23810033006,N,ST,35,11
0593061G,23810033007,N,ST,30,10
0593061G,23810033101,N,ST,15,7
0596055L,23210022142,N,AP,999,1
0596055L,23210022146,N,AP,999,3
0596055L,23210033205,N,AP,999,1
0596055L,23210033413,N,AP,999,1
0596055L,23810022106,N,AP,999,2
0596055L,23810033403,N,AP,999,0
0590044C,23820025014,N,ST,16,20
0590044C,23820025519,N,ST,30,31
0590044C,23820025520,N,ST,30,34
0590044C,23210025524,N,ST,16,12
0590044C,23810020008,N,ST,61,62
0590044C,23810020103,N,ST,16,8
0590044C,23810024204,N,ST,16,25
0596958T,23210022137,N,AP,999,2
0596958T,23210022141,N,AP,999,8
0596958T,23210031224,N,AP,999,3
0596958T,23210033616,N,AP,999,10
0596854E,23820025012,N,ST,16,19
0596854E,23820025014,N,ST,15,7
0596854E,23820025520,N,ST,30,15
0596854E,23820030004,N,ST,18,11
0596854E,23820031106,N,ST,35,24
0596854E,23820031213,N,ST,70,58
0596854E,23820033007,N,ST,45,55
0596854E,23210031224,N,ST,16,37
0596854E,23210033002,N,ST,31,13
0596854E,23810020008,N,ST,31,42
0596854E,23810020103,N,ST,16,5
0596854E,23810020104,N,ST,16,7
0596854E,23810030003,N,ST,54,36
0596854E,23810031211,N,ST,71,51
0596854E,23810033007,N,ST,45,87
0590263R,23820025012,N,ST,15,4
0590263R,23820025014,N,ST,15,4
0590263R,23820025411,N,ST,15,15
0590263R,23820025519,N,ST,30,22
0590263R,23820025520,N,ST,30,18
0590263R,23820031213,N,ST,35,28
0590263R,23820034403,N,ST,18,27
0590263R,23210025437,N,ST,31,12
0590263R,23210025524,N,ST,16,8
0590263R,23810020008,N,ST,61,43
0590263R,23810020103,N,ST,31,21
0590263R,23810020104,N,ST,16,6
0590263R,23810031211,N,ST,36,20
0590263R,23810034403,N,ST,19,37
0590264S,23820025012,N,ST,30,25
0590264S,23820025014,N,ST,15,8
0590264S,23820025411,N,ST,30,36
0590264S,23820025520,N,ST,45,37
0590264S,23210025437,N,ST,16,21
0590264S,23210025524,N,ST,16,20
0590264S,23810020008,N,ST,31,34
0590264S,23810020103,N,ST,46,36
0590264S,23810020104,N,ST,31,13
0590264S,23810024204,N,ST,16,25
0594653M,23820030004,N,ST,18,19
0594653M,23820031213,N,ST,88,79
0594653M,23820031214,N,ST,18,25
0594653M,23820033007,N,ST,75,70
0594653M,23210033002,N,ST,16,23
0594653M,23810030003,N,ST,19,12
0594653M,23810031211,N,ST,89,90
0594653M,23810033007,N,ST,75,106
0593066M,23820023304,N,ST,15,0
0593066M,23820031213,N,ST,35,1
0593066M,23820033006,N,ST,18,0
0593066M,23820033007,N,ST,30,0
0593066M,23820034403,N,ST,35,2
0593066M,23210023224,N,ST,15,5
0593066M,23210023325,N,ST,15,1
0593066M,23210023327,N,ST,15,4
0593066M,23810020006,N,ST,15,1
0593066M,23810031211,N,ST,35,2
0593066M,23810033006,N,ST,18,6
0593066M,23810033007,N,ST,15,7
0593066M,23810034403,N,ST,35,39
0597175D,23210023326,N,AP,999,0
0596328H,23211021405,N,AP,999,4
0593255T,23821021405,N,ST,0,0
0593255T,23811021405,N,ST,32,43
0590065A,23820022106,N,ST,30,42
0590065A,23820025012,N,ST,30,22
0590065A,23820025014,N,ST,15,10
0590065A,23820025411,N,ST,15,18
0590065A,23820025517,N,ST,35,39
0590065A,23820025519,N,ST,35,55
0590065A,23820025520,N,ST,35,36
0590065A,23820030004,N,ST,35,34
0590065A,23820031114,N,ST,35,23
0590065A,23820031212,N,ST,18,12
0590065A,23820031213,N,ST,70,76
0590065A,23820031214,N,ST,18,40
0590065A,23820033403,N,ST,30,18
0590065A,23210022142,N,ST,37,45
0590065A,23210022146,N,AP,999,10
0590065A,23210022714,N,ST,16,14
0590065A,23210031224,N,ST,46,55
0590065A,23210033413,N,AP,999,8
0590065A,23810020008,N,ST,105,147
0590065A,23810020103,N,ST,31,29
0590065A,23810020104,N,ST,31,10
0590065A,23810030003,N,ST,71,45
0590065A,23810031211,N,ST,89,111
0590065A,23810033404,N,ST,46,76
0593071T,23820025012,N,ST,15,0
0593071T,23820025520,N,ST,15,0
0593071T,23820031212,N,ST,18,1
0593071T,23820031213,N,ST,18,3
0593071T,23820033007,N,ST,45,2
0593071T,23810020008,N,ST,15,3
0593071T,23810020104,N,ST,15,4
0593071T,23810031211,N,ST,35,15
0593071T,23810033007,N,ST,30,21
0596995H,23210022143,N,AP,999,4
0596314T,23211021405,N,AP,999,7
0595778K,23210033615,N,AP,999,8
0595778K,23210033616,N,AP,999,2
0590198V,23820022706,N,ST,15,13
0590198V,23820022707,N,ST,15,16
0590198V,23820023004,N,ST,15,14
0590198V,23820023203,N,ST,15,7
0590198V,23820023207,N,ST,15,6
0590198V,23820023304,N,ST,15,15
0590198V,23820023405,N,ST,15,12
0590198V,23820025517,N,ST,15,5
0590198V,23210023224,N,ST,16,23
0590198V,23210023324,N,ST,16,18
0590198V,23210023325,N,ST,16,6
0590198V,23210023326,N,ST,16,11
0590198V,23210023327,N,ST,16,16
0590198V,23810020006,N,ST,46,26
0590198V,23810020008,N,ST,31,13
0590198V,23810023007,N,ST,16,6
0590198V,23810023409,N,ST,16,11
0590255G,23820030004,N,ST,18,16
0590255G,23820031114,N,ST,35,39
0590255G,23820031212,N,ST,18,20
0590255G,23820031213,N,ST,53,82
0590255G,23820033604,N,ST,35,36
0590255G,23820033606,N,ST,35,39
0590255G,23210031223,N,ST,16,22
0590255G,23210031224,N,ST,31,41
0590255G,23810030003,N,ST,54,27
0590255G,23810031211,N,ST,71,81
0590255G,23810033605,N,ST,71,132
0595480L,23820022106,N,ST,30,33
0595480L,23820033007,N,ST,30,33
0595480L,23820033403,N,ST,30,22
0595480L,23820034304,N,ST,15,10
0595480L,23210022141,N,AP,999,4
0595480L,23210022142,N,ST,12,18
0595480L,23210022146,N,AP,999,4
0595480L,23210022146,N,ST,36,48
0595480L,23210033413,N,ST,12,3
0595480L,23810033007,N,ST,31,58
0595480L,23810033404,N,ST,61,60
0595770B,23821021302,N,ST,7,3
0595770B,23821021405,N,ST,8,1
0595770B,23811021405,N,ST,24,14
0595770B,23811021302,N,ST,19,13
0593058D,23820030004,N,ST,18,1
0593058D,23820031213,N,ST,35,2
0593058D,23820031214,N,ST,35,3
0593058D,23820033007,N,ST,60,0
0593058D,23210031224,N,ST,15,5
0593058D,23210033002,N,ST,15,0
0593058D,23810030003,N,ST,35,1
0593058D,23810031211,N,ST,70,8
0593058D,23810033007,N,ST,60,23
0595918M,23820025012,N,ST,45,4
0595918M,23820025014,N,ST,18,0
0595918M,23820025411,N,ST,45,3
0595918M,23820025519,N,ST,30,2
0595918M,23820025520,N,ST,60,2
0595918M,23210020101,N,ST,15,2
0595918M,23210025437,N,ST,30,3
0595918M,23810020008,N,ST,90,25
0595918M,23810020103,N,ST,60,22
0595918M,23810020104,N,ST,45,5
0595379B,23810025520,N,AP,999,0
0596885N,23210033616,N,AP,999,6
0596798U,23210022715,N,AP,999,1
0596188F,23810025012,N,AP,999,1
0596188F,23810025014,N,AP,999,1
0596188F,23810025411,N,AP,999,3
0596188F,23810025520,N,AP,999,1
0596188F,23810031213,N,AP,999,1
0596250Y,23210022137,N,AP,999,13
0596250Y,23210022141,N,AP,999,21
0596250Y,23210022142,N,AP,999,1
0596250Y,23210022146,N,AP,999,12
0596250Y,23210031224,N,AP,999,2
0596250Y,23210033413,N,AP,999,6
0596250Y,23210033616,N,AP,999,13
0595122X,23821033003,N,ST,20,0
0595122X,23211033003,N,AP,999,3
0595122X,23211033003,N,ST,25,8
0595122X,23811033001,N,ST,50,8
0597005U,23820025303,N,ST,24,24
0597005U,23820033007,N,ST,30,33
0597005U,23210025524,N,ST,16,9
0597005U,23210033002,N,ST,16,9
0597005U,23810025307,N,ST,25,22
0597005U,23810033007,N,ST,31,33
0590083V,23820023407,N,ST,15,13
0590083V,23820025214,N,ST,30,22
0590083V,23820025412,N,ST,15,13
0590083V,23820025520,N,ST,15,16
0590083V,23210023447,N,ST,16,7
0590083V,23210025524,N,ST,16,7
0590083V,23810020008,N,ST,16,6
0590083V,23810023409,N,ST,16,7
0590083V,23810025222,N,ST,33,24
0590083V,23810025412,N,ST,16,22
0593104D,23820022106,N,ST,15,0
0593104D,23820031213,N,ST,18,1
0593104D,23820033006,N,ST,18,0
0593104D,23820033007,N,ST,15,1
0593104D,23820033403,N,ST,15,0
0593104D,23210031224,N,ST,15,4
0593104D,23210033002,N,ST,15,2
0593104D,23810031211,N,ST,18,4
0593104D,23810033006,N,ST,18,8
0593104D,23810033007,N,ST,15,8
0593104D,23810033404,N,ST,15,6
0597277P,23210033205,N,AP,999,0
0596322B,23211021237,N,AP,999,8
0596322B,23211021405,N,AP,999,5
0596322B,23811021405,N,AP,999,3
0596322B,23811022108,N,AP,999,0
0596322B,23811033003,N,AP,999,1
0596322B,23810031213,N,AP,999,6
0593257V,23821021004,N,ST,5,1
0593257V,23821021114,N,ST,19,0
0593257V,23821021405,N,ST,24,0
0593257V,23821021407,N,ST,12,0
0593257V,23210033205,N,AP,999,1
0593257V,23211021130,N,ST,13,4
0593257V,23211021405,N,ST,13,5
0593257V,23811021407,N,ST,23,6
0593257V,23811021114,N,ST,22,2
0593257V,23811021112,N,ST,90,22
0593257V,23811021211,N,AP,999,18
0593257V,23811021405,N,ST,45,6
0596925G,23820023304,N,ST,15,14
0596925G,23820023405,N,ST,15,5
0596925G,23820023408,N,ST,15,18
0596925G,23810020006,N,ST,16,17
0596925G,23810023409,N,ST,31,26
0594400M,23820025214,N,ST,30,43
0594400M,23820025215,N,ST,15,10
0594400M,23820025412,N,ST,15,16
0594400M,23820031106,N,ST,18,10
0594400M,23820031107,N,ST,30,27
0594400M,23810025222,N,ST,76,55
0594400M,23810025412,N,ST,16,17
0594400M,23810030003,N,ST,19,9
0594652L,23820025012,N,ST,15,19
0594652L,23820031213,N,ST,35,18
0594652L,23810020104,N,ST,31,8
0594652L,23810031211,N,ST,36,32
0597285Y,23210023224,N,AP,999,1
0597285Y,23210023325,N,AP,999,0
0597285Y,23210023326,N,AP,999,1
0597285Y,23210023327,N,AP,999,1
0597285Y,23210023449,N,AP,999,1
0592850C,23820023407,N,ST,15,16
0592850C,23820031106,N,ST,18,29
0592850C,23820031107,N,ST,60,63
0592850C,23820031114,N,ST,15,9
0592850C,23210023447,N,ST,16,3
0592850C,23210031122,N,ST,30,33
0592850C,23210031224,N,ST,36,23
0592850C,23810023409,N,ST,16,7
0592850C,23810030003,N,ST,30,21
0590093F,23820022503,N,ST,15,13
0590093F,23820025012,N,ST,15,12
0590093F,23820030004,N,ST,18,18
0590093F,23820031213,N,ST,70,73
0590093F,23820031214,N,ST,18,9
0590093F,23810020104,N,ST,16,11
0590093F,23810022503,N,ST,16,6
0590093F,23810030003,N,ST,19,12
0590093F,23810031211,N,ST,71,65
0595773E,23821021001,N,ST,15,0
0595773E,23821021004,N,ST,15,0
0595773E,23211021130,N,ST,20,9
0595773E,23811021001,N,ST,20,6
0595773E,23811021112,N,ST,20,11
0590098L,23820025519,N,ST,15,9
0590098L,23820025520,N,ST,30,28
0590098L,23820033006,N,ST,35,35
0590098L,23820033007,N,ST,30,31
0590098L,23820034304,N,ST,15,11
0590098L,23210022142,N,ST,25,35
0590098L,23210025524,N,ST,16,9
0590098L,23210033002,N,ST,16,12
0590098L,23810020008,N,ST,46,25
0590098L,23810033006,N,ST,36,42
0590098L,23810033007,N,ST,31,28
0596827A,23210022142,N,AP,999,5
0596827A,23210025524,N,AP,999,0
0596827A,23810025520,N,AP,999,4
0595124Z,23821021407,N,ST,5,0
0595124Z,23821022108,N,ST,5,0
0595124Z,23821021004,N,ST,10,0
0595124Z,23211021130,N,AP,999,3
0595124Z,23211033003,N,AP,999,2
0595124Z,23811022108,N,ST,30,4
0595124Z,23811021112,N,ST,30,9
0595124Z,23811021405,N,ST,0,0
0595124Z,23811022108,N,AP,999,1
0590102R,23820023405,N,ST,15,15
0590102R,23820025012,N,ST,15,18
0590102R,23820025214,N,ST,45,33
0590102R,23820025219,N,ST,15,15
0590102R,23820025520,N,ST,15,13
0590102R,23820031212,N,ST,18,11
0590102R,23820031213,N,ST,35,44
0590102R,23820031214,N,ST,18,17
0590102R,23210023445,N,ST,16,7
0590102R,23210023447,N,ST,16,9
0590102R,23210025223,N,ST,16,9
0590102R,23210031224,N,ST,16,35
0590102R,23810020008,N,ST,16,11
0590102R,23810020104,N,ST,16,10
0590102R,23810023409,N,ST,16,8
0590102R,23810025222,N,ST,61,42
0590102R,23810031211,N,ST,71,73
0593077Z,23820025519,N,ST,30,0
0593077Z,23820025520,N,ST,30,0
0593077Z,23210023006,N,ST,15,6
0593077Z,23810020008,N,ST,60,18
0593078A,23820033007,N,ST,60,2
0593078A,23210033002,N,ST,15,4
0593078A,23810033007,N,ST,60,33
0596917Y,23210023006,N,AP,999,0
0596902G,23210033205,N,AP,999,3
0597225H,23210031224,N,AP,999,2
0595012C,23821022105,N,ST,2,0
0595012C,23811022104,N,ST,35,12
0595012C,23811022108,N,AP,999,2
0592712C,23820025014,N,ST,15,11
0592712C,23820031213,N,ST,35,28
0592712C,23210025524,N,ST,16,22
0592712C,23810020103,N,ST,16,7
0592712C,23810031211,N,ST,36,23
0593079B,23820031213,N,ST,18,0
0593079B,23820033007,N,ST,45,5
0593079B,23810031211,N,ST,18,2
0593079B,23810033007,N,ST,45,10
0590252D,23820025520,N,ST,15,13
0590252D,23820030004,N,ST,18,14
0590252D,23820033007,N,ST,30,29
0590252D,23820033604,N,ST,33,40
0590252D,23820033606,N,ST,30,39
0590252D,23810020008,N,ST,16,11
0590252D,23810030003,N,ST,19,8
0590252D,23810033007,N,ST,31,33
0590252D,23810033605,N,ST,76,102
0597015E,23210033616,N,AP,999,9
0597350U,23210033615,N,AP,999,1
0597350U,23210033616,N,AP,999,3
0590122M,23820033006,N,ST,53,50
0590122M,23820033007,N,ST,105,127
0590122M,23810033006,N,ST,53,117
0590122M,23810033007,N,ST,110,214
0594856H,23210033205,N,AP,999,20
0593015G,23820031213,N,ST,35,0
0593015G,23820031214,N,ST,18,0
0593015G,23820033006,N,ST,35,1
0593015G,23820033007,N,ST,60,0
0593015G,23210022142,N,ST,12,1
0593015G,23210031224,N,ST,15,2
0593015G,23210033002,N,ST,30,3
0593015G,23810031211,N,ST,53,4
0593015G,23810033006,N,ST,35,5
0593015G,23810033007,N,ST,60,5
0597123X,23210022142,N,AP,999,0
0597123X,23210031224,N,AP,999,0
0597123X,23810031213,N,AP,999,1
0597123X,23810031214,N,AP,999,0
0590042A,23820031212,N,ST,18,15
0590042A,23820031213,N,ST,35,30
0590042A,23820031214,N,ST,18,8
0590042A,23210031224,N,ST,16,20
0590042A,23810031211,N,ST,71,54
0595541C,23821021211,N,ST,5,2
0595541C,23821021004,N,ST,0,0
0595541C,23811021211,N,ST,30,19
0595541C,23811021112,N,ST,39,23
0596315U,23211021130,N,AP,999,8
0596315U,23811022108,N,AP,999,3
0595540B,23820022005,N,ST,5,1
0595540B,23211033003,N,ST,19,15
0595540B,23811022108,N,ST,1,2
0595540B,23810022005,N,ST,20,9
0590168M,23820030004,N,ST,18,15
0590168M,23820033007,N,ST,30,36
0590168M,23810030003,N,ST,19,7
0590168M,23810033007,N,ST,31,37
0596996J,23210022137,N,AP,999,3
0596996J,23210022141,N,AP,999,4
0596996J,23210022142,N,AP,999,0
0596996J,23210022143,N,AP,999,3
0596996J,23210022146,N,AP,999,3
0596996J,23210031221,N,AP,999,1
0596996J,23210031224,N,AP,999,1
0596996J,23210033413,N,AP,999,2
0596316V,23211021405,N,AP,999,2
0596316V,23811021405,N,AP,999,8
0594621C,23210033615,N,AP,999,12
0595483P,23210022142,N,ST,17,9
0595483P,23210023224,N,ST,8,9
0595483P,23210023325,N,ST,8,3
0595483P,23210023327,N,ST,8,12
0593395V,23821021203,N,ST,1,5
0593395V,23821021405,N,ST,2,0
0593395V,23211021130,N,ST,13,4
0593395V,23211021405,N,ST,19,33
0593395V,23811021203,N,ST,32,25
0593395V,23811021405,N,ST,24,27
0596957S,23820025406,N,ST,15,15
0596957S,23820025520,N,ST,15,30
0596957S,23820030004,N,ST,35,21
0596957S,23820031212,N,ST,18,12
0596957S,23820031213,N,ST,70,105
0596957S,23210025439,N,ST,16,13
0596957S,23210025524,N,ST,31,26
0596957S,23210031224,N,ST,31,78
0596957S,23810020006,N,ST,16,13
0596957S,23810020008,N,ST,16,16
0596957S,23810030003,N,ST,36,33
0596957S,23810031211,N,ST,89,84
0590266U,23820020009,N,ST,15,17
0590266U,23820022706,N,ST,30,12
0590266U,23820022707,N,ST,15,28
0590266U,23820025014,N,ST,15,4
0590266U,23820025517,N,ST,15,19
0590266U,23820025519,N,ST,30,44
0590266U,23820025520,N,ST,30,36
0590266U,23820032207,N,ST,30,18
0590266U,23820032208,N,ST,15,0
0590266U,23810020008,N,ST,120,159
0590266U,23810020009,N,ST,16,18
0590266U,23810020103,N,ST,16,15
0590266U,23810032210,N,ST,46,31
0590125R,23820022105,N,ST,60,63
0590125R,23820022106,N,ST,30,47
0590125R,23820033403,N,ST,30,23
0590125R,23210022142,N,ST,15,34
0590125R,23210022146,N,ST,37,62
0590125R,23210031223,N,ST,31,33
0590125R,23810022107,N,ST,46,82
0590125R,23810033404,N,ST,60,97
0590111A,23820030004,N,ST,18,17
0590111A,23820031212,N,ST,18,13
0590111A,23820031213,N,ST,70,59
0590111A,23820031214,N,ST,18,14
0590111A,23210024008,N,AP,999,0
0590111A,23210024240,N,ST,16,23
0590111A,23210031224,N,AP,999,7
0590111A,23210031224,N,ST,75,38
0590111A,23810024204,N,ST,31,20
0590111A,23810030003,N,ST,19,13
0590111A,23810031211,N,ST,106,65
0593117T,23820030004,N,ST,0,0
0593117T,23820031213,N,ST,35,3
0593117T,23820031214,N,ST,35,1
0593117T,23810031211,N,ST,70,7
0593006X,23820030004,N,ST,35,0
0593006X,23820033007,N,ST,60,0
0593006X,23810030003,N,ST,35,2
0593006X,23810033007,N,ST,45,9
0593027V,23820022707,N,ST,15,0
0593027V,23820023405,N,ST,15,0
0593027V,23820023408,N,ST,30,0
0593027V,23820025012,N,ST,15,0
0593027V,23820025517,N,ST,15,0
0593027V,23820025519,N,ST,30,1
0593027V,23820025520,N,ST,15,0
0593027V,23810020008,N,ST,60,13
0593027V,23810020104,N,ST,15,4
0593027V,23810023409,N,ST,15,2
0593321P,23210022144,N,AP,999,3
0593321P,23210022146,N,AP,999,0
0593321P,23210033413,N,AP,999,1
0593321P,23210033616,N,AP,999,38
0597152D,23210033205,N,AP,999,1
0590283M,41411041001,O,ST,999,217
0590283M,,O,ST,0,12
0590283M,,O,ST,0,9
0590283M,,O,ST,0,6
0590283M,,O,ST,0,20
0590283M,,O,ST,0,4
0590283M,,O,ST,0,2
0590283M,,O,ST,0,10
0590283M,,O,ST,0,9
0590283M,,O,ST,0,20
0590283M,,O,ST,0,9
0590283M,,O,ST,0,15
0590283M,,O,ST,0,10
0590283M,,O,ST,0,2
0590283M,,O,ST,0,11
0590283M,,O,ST,0,6
0590283M,,O,ST,0,10
0590283M,,O,ST,0,18
0590283M,,O,ST,0,313
0590283M,,O,ST,0,2
0590283M,,O,ST,0,15
0590283M,,O,ST,0,17
0590283M,,O,ST,0,17
0590283M,,O,ST,0,4
0590283M,,O,ST,0,4
0590283M,,O,ST,0,0
0590283M,,O,ST,0,3
0590283M,,O,ST,0,1
0590283M,,O,ST,0,0
0590283M,,O,ST,0,0
0590283M,,O,ST,0,0
0590283M,,O,ST,0,19
0594577E,23210022141,N,AP,999,19
0594577E,23210022142,N,AP,999,0
0594577E,23210022146,N,AP,999,15
0594577E,23210033413,N,AP,999,6
0596823W,23810023405,N,AP,999,1
0596823W,23810023408,N,AP,999,1
0597224G,23210031224,N,AP,999,5
0594541R,23820030004,N,ST,8,1
0594541R,23210022142,N,ST,8,15
0594541R,23210032308,N,ST,8,5
0594541R,23210033002,N,ST,8,22
0594541R,23810030003,N,ST,8,1
0590133Z,23820022706,N,ST,15,1
0590133Z,23820022707,N,ST,15,16
0590133Z,23820023005,N,ST,15,13
0590133Z,23820023203,N,ST,15,6
0590133Z,23820023304,N,ST,15,9
0590133Z,23820023405,N,ST,15,7
0590133Z,23210023224,N,ST,31,15
0590133Z,23210023324,N,ST,31,21
0590133Z,23210023325,N,ST,16,10
0590133Z,23210023327,N,ST,16,11
0590133Z,23210023447,N,ST,16,15
0590133Z,23810020006,N,ST,31,20
0590133Z,23810020008,N,ST,31,14
0590133Z,23810023007,N,ST,16,5
0590133Z,23810023409,N,ST,16,8
0595657D,23820033007,N,ST,30,2
0595657D,23810033007,N,ST,30,14
0593030Y,23820031213,N,ST,35,1
0593030Y,23820033604,N,ST,15,0
0593030Y,23820033606,N,ST,30,1
0593030Y,23210033615,N,ST,30,19
0593030Y,23810031211,N,ST,35,5
0593030Y,23810033605,N,ST,45,21
0597178G,23210024240,N,AP,999,0
0597178G,23210033615,N,AP,999,3
0597178G,23210033616,N,AP,999,2
0597058B,23210032308,N,AP,999,0
0593034C,23820025012,N,ST,15,1
0593034C,23820025014,N,ST,15,0
0593034C,23820025519,N,ST,30,2
0593034C,23820025520,N,ST,15,2
0593034C,23820032303,N,ST,15,0
0593034C,23210032227,N,ST,15,5
0593034C,23810020008,N,ST,45,7
0593034C,23810020104,N,ST,15,2
0593034C,23810032303,N,ST,15,6
0594380R,23210023006,N,AP,999,1
0594380R,23210023006,N,ST,8,12
0594380R,23210023224,N,AP,999,0
0594380R,23210023224,N,ST,8,3
0594380R,23211021130,N,ST,8,0
0590144L,23820025214,N,ST,75,68
0590144L,23820025215,N,ST,30,26
0590144L,23820025216,N,ST,30,18
0590144L,23820025412,N,ST,30,32
0590144L,23810025222,N,ST,135,134
0590144L,23810025412,N,ST,35,40
0593335E,23810025012,N,AP,999,2
0593335E,23810025411,N,AP,999,2
0593335E,23810025520,N,AP,999,3
0596687Y,23210025440,N,AP,999,3
0596687Y,23810025412,N,AP,999,6
0594302F,23820022706,N,ST,15,4
0594302F,23820022707,N,ST,15,9
0594302F,23820023203,N,ST,15,11
0594302F,23820023304,N,ST,15,20
0594302F,23820023405,N,ST,15,7
0594302F,23210023223,N,ST,16,16
0594302F,23210023224,N,ST,31,15
0594302F,23210023324,N,ST,16,17
0594302F,23210023327,N,ST,16,33
0594302F,23210023449,N,ST,16,6
0594302F,23810020006,N,ST,31,52
0594302F,23810020008,N,ST,31,12
0594302F,23810023409,N,ST,16,6
0593377A,23210022714,N,AP,999,0
0593377A,23210022715,N,AP,999,7
0593377A,23210023223,N,AP,999,10
0593377A,23210023224,N,AP,999,19
0593377A,23210023324,N,AP,999,2
0593377A,23210023325,N,AP,999,3
0593377A,23210023327,N,AP,999,10
0593377A,23210023447,N,AP,999,5
0593377A,23210023449,N,AP,999,5
0593377A,23210025524,N,AP,999,3
0595884A,23820030004,N,ST,18,17
0595884A,23820031212,N,ST,18,21
0595884A,23820031213,N,ST,53,42
0595884A,23820031214,N,ST,18,20
0595884A,23820034403,N,ST,35,36
0595884A,23210031224,N,ST,16,26
0595884A,23810030003,N,ST,19,6
0595884A,23810031211,N,ST,71,83
0595884A,23810034403,N,ST,36,54
0590149S,23820025411,N,ST,15,17
0590149S,23820025520,N,ST,15,24
0590149S,23810020008,N,ST,16,26
0590149S,23810020103,N,ST,16,17
0597286Z,23210023223,N,AP,999,2
0597286Z,23210023224,N,AP,999,10
0594404S,23820022707,N,ST,15,8
0594404S,23820023203,N,ST,15,6
0594404S,23820023304,N,ST,15,16
0594404S,23820023404,N,ST,15,9
0594404S,23210023224,N,ST,16,10
0594404S,23210023325,N,ST,16,8
0594404S,23210023327,N,ST,14,18
0594404S,23210023449,N,ST,16,3
0594404S,23810020006,N,ST,31,18
0594404S,23810020008,N,ST,16,5
0594404S,23810023404,N,ST,16,1
0596688Z,23210023006,N,AP,999,2
0596688Z,23210023326,N,AP,999,6
0593040J,23820022105,N,ST,60,0
0593040J,23820022106,N,ST,30,0
0593040J,23820033403,N,ST,15,0
0593040J,23810022107,N,ST,60,12
0593040J,23810033404,N,ST,60,16
0597122W,23210022137,N,AP,999,3
0597122W,23210022141,N,AP,999,4
0597122W,23210022145,N,AP,999,0
0597122W,23210022146,N,AP,999,3
0597122W,23210033413,N,AP,999,2
0595771C,25211021106,N,AP,999,1
0595771C,25211021402,N,AP,999,5
0595771C,23821021405,N,ST,10,3
0595771C,23821021407,N,ST,10,3
0595771C,23210031223,N,AP,999,3
0595771C,23211021130,N,ST,32,24
0595771C,23211021405,N,AP,999,11
0595771C,23211021405,N,ST,32,27
0595771C,23811021407,N,ST,19,8
0595771C,23811021405,N,ST,27,8
0590189K,23820022106,N,ST,30,24
0590189K,23820033007,N,ST,45,60
0590189K,23820033403,N,ST,15,17
0590189K,23210022142,N,ST,37,46
0590189K,23210022146,N,AP,999,9
0590189K,23210033002,N,ST,31,21
0590189K,23810033007,N,ST,45,70
0590189K,23810033404,N,ST,61,35
0590187H,23820022706,N,ST,15,7
0590187H,23820022707,N,ST,15,10
0590187H,23820023203,N,ST,15,7
0590187H,23820023304,N,ST,15,9
0590187H,23210022715,N,ST,16,13
0590187H,23210023224,N,AP,1,3
0590187H,23210023224,N,ST,16,30
0590187H,23210023324,N,ST,16,15
0590187H,23210023325,N,ST,16,21
0590187H,23210023327,N,ST,16,25
0590187H,23810020006,N,ST,35,24
0590187H,23810020008,N,ST,33,15
0590186G,23820025520,N,ST,30,28
0590186G,23820031213,N,ST,105,89
0590186G,23820031214,N,ST,18,20
0590186G,23210025524,N,ST,16,27
0590186G,23210031224,N,AP,999,3
0590186G,23210031224,N,ST,31,42
0590186G,23810020008,N,ST,31,17
0590186G,23810031211,N,ST,71,45
0590185F,23820030004,N,ST,35,26
0590185F,23820031212,N,ST,35,29
0590185F,23820034403,N,ST,35,38
0590185F,23810030003,N,ST,36,25
0590185F,23810031211,N,ST,36,74
0590185F,23810034403,N,ST,36,28
0592963A,23820033007,N,ST,90,2
0592963A,23820033103,N,ST,15,0
0592963A,23810033007,N,ST,90,15
0592963A,23810033103,N,ST,15,2
0592964B,23820022707,N,ST,15,0
0592964B,23820023404,N,ST,15,0
0592964B,23820025519,N,ST,30,1
0592964B,23820025520,N,ST,15,0
0592964B,23810020008,N,ST,60,12
0592964B,23810023404,N,ST,15,0
0592973L,23820030004,N,ST,18,0
0592973L,23820031213,N,ST,18,3
0592973L,23820031214,N,ST,18,0
0592973L,23820034403,N,ST,35,4
0592973L,23210022142,N,ST,12,6
0592973L,23210031224,N,ST,15,9
0592973L,23210034405,N,ST,60,7
0592973L,23810030003,N,ST,35,1
0592973L,23810031211,N,ST,70,9
0592973L,23810034403,N,ST,35,16
0593334D,23210022715,N,AP,999,1
0593334D,23210023006,N,AP,999,1
0593334D,23210023224,N,AP,999,8
0593334D,23210023324,N,AP,999,3
0593334D,23210023325,N,AP,999,0
0593334D,23210023326,N,AP,999,4
0593334D,23210023327,N,AP,999,4
0596960V,23210024313,N,AP,999,1
0596960V,23810023404,N,AP,999,0
0596960V,23810033103,N,AP,999,1
0596318X,23211021130,N,AP,999,13
0596318X,23211021405,N,AP,999,6
0593462T,23821021302,N,ST,5,5
0593462T,23821033003,N,ST,6,4
0593462T,23811021302,N,ST,23,15
0593462T,23811033001,N,ST,36,41
0590192N,23820025520,N,ST,30,29
0590192N,23820030004,N,ST,18,13
0590192N,23210022142,N,ST,25,28
0590192N,23210025524,N,ST,16,15
0590192N,23810020008,N,ST,31,17
0590192N,23810030003,N,ST,19,22
0592832H,23820025519,N,ST,15,23
0592832H,23820025520,N,ST,15,11
0592832H,23210034405,N,ST,61,62
0592832H,23810020008,N,ST,31,43
0594665A,23210022137,N,AP,999,3
0594665A,23210022141,N,AP,999,15
0594665A,23210022142,N,AP,999,1
0594665A,23210022143,N,AP,999,9
0594665A,23210022144,N,AP,999,0
0594665A,23210022146,N,AP,999,6
0594665A,23210031224,N,AP,999,10
0594665A,23210033413,N,AP,999,4
0594665A,23210033615,N,AP,999,11
0594665A,23210033616,N,AP,999,26
0592833J,23820025012,N,ST,15,10
0592833J,23820025520,N,ST,15,12
0592833J,23820030004,N,ST,18,12
0592833J,23820031213,N,ST,18,27
0592833J,23820031214,N,ST,18,22
0592833J,23820033007,N,ST,45,45
0592833J,23210031224,N,ST,16,26
0592833J,23210033205,N,AP,999,0
0592833J,23810020008,N,ST,16,19
0592833J,23810020104,N,ST,16,9
0592833J,23810030003,N,ST,19,13
0592833J,23810031211,N,ST,36,40
0592833J,23810033007,N,ST,46,58
0592976P,23820030004,N,ST,18,0
0592976P,23820031106,N,ST,18,0
0592976P,23820031114,N,ST,18,0
0592976P,23820031213,N,ST,35,1
0592976P,23820031214,N,ST,18,1
0592976P,23820033007,N,ST,60,0
0592976P,23210031122,N,ST,15,4
0592976P,23210031224,N,ST,30,8
0592976P,23810030003,N,ST,53,20
0592976P,23810031211,N,ST,53,22
0592976P,23810033007,N,ST,60,26
0596248W,23210031224,N,AP,999,2
0596248W,23210033205,N,AP,999,4
0596248W,23810031213,N,AP,999,7
0590216P,23C10022409,N,ST,15,7
0590216P,23C10023304,N,ST,15,12
0590216P,23820022403,N,ST,15,17
0590216P,23820032303,N,ST,50,44
0590216P,23820033104,N,ST,15,16
0590216P,23210022425,N,AP,999,0
0590216P,23210022425,N,ST,16,8
0590216P,23210022427,N,ST,16,4
0590216P,23210032225,N,ST,16,12
0590216P,23210032227,N,ST,31,19
0590216P,23810022404,N,ST,16,13
0590216P,23810032303,N,ST,31,47
0590216P,23810033104,N,ST,16,21
0590217R,23820030004,N,ST,38,22
0590217R,23820031212,N,ST,18,7
0590217R,23820031213,N,ST,19,52
0590217R,23820031214,N,ST,19,12
0590217R,23820033006,N,ST,18,25
0590217R,23820033007,N,ST,60,70
0590217R,23820034304,N,ST,15,5
0590217R,23210022142,N,ST,12,13
0590217R,23210033002,N,ST,16,19
0590217R,23810024204,N,ST,31,27
0590217R,23810030003,N,ST,38,23
0590217R,23810031211,N,ST,54,76
0590217R,23810033006,N,ST,19,48
0590217R,23810033007,N,ST,60,74
0590214M,23820025519,N,ST,45,66
0590214M,23820025520,N,ST,30,41
0590214M,23810020008,N,ST,76,85
0592966D,23820030004,N,ST,18,2
0592966D,23820031106,N,ST,18,0
0592966D,23820031114,N,ST,18,0
0592966D,23820031212,N,ST,18,0
0592966D,23820031213,N,ST,35,1
0592966D,23820031214,N,ST,53,1
0592966D,23210031224,N,ST,30,4
0592966D,23810030003,N,ST,53,2
0592966D,23810031211,N,ST,105,3
0592965C,23820023004,N,ST,15,0
0592965C,23820023407,N,ST,15,0
0592965C,23820025012,N,ST,15,0
0592965C,23820025014,N,ST,15,0
0592965C,23820025214,N,ST,30,1
0592965C,23820025520,N,ST,45,0
0592965C,23820030004,N,ST,35,1
0592965C,23820031213,N,ST,70,0
0592965C,23210025524,N,ST,15,1
0592965C,23810020008,N,ST,60,3
0592965C,23810020103,N,ST,15,2
0592965C,23810020104,N,ST,30,3
0592965C,23810023007,N,ST,15,3
0592965C,23810023409,N,ST,15,1
0592965C,23810025222,N,ST,30,2
0592965C,23810030003,N,ST,35,5
0592965C,23810031211,N,ST,70,15
0592980U,23820033007,N,ST,75,2
0592980U,23210022142,N,ST,24,1
0592980U,23210033002,N,ST,30,2
0592980U,23810033007,N,ST,75,18
0594663Y,23210022137,N,AP,999,8
0594663Y,23210022141,N,AP,999,16
0594663Y,23210022143,N,AP,999,7
0594663Y,23210022145,N,AP,999,0
0596868V,23210031223,N,AP,999,3
0596868V,23210031224,N,AP,999,4
0596868V,23210033615,N,AP,999,12
0596868V,23210033616,N,AP,999,31
0596868V,23810031213,N,AP,999,6
0596824X,23210033205,N,AP,999,4
0596824X,23810025012,N,AP,999,0
0596824X,23810025013,N,AP,999,0
0596824X,23810025014,N,AP,999,0
0596824X,23810030004,N,AP,999,0
0596824X,23810031213,N,AP,999,0
0595678B,23820022105,N,ST,45,43
0595678B,23820022106,N,ST,30,24
0595678B,23820033403,N,ST,30,25
0595678B,23210022142,N,AP,1,1
0595678B,23210022142,N,ST,25,11
0595678B,23210022146,N,ST,25,30
0595678B,23210031224,N,ST,31,10
0595678B,23210033413,N,ST,12,7
0595678B,23810022107,N,ST,46,58
0595678B,23810033404,N,ST,61,56
0597346P,23210025440,N,AP,999,3
0597346P,23210025441,N,AP,999,0
0590270Y,23820020009,N,ST,15,15
0590270Y,23820025214,N,ST,75,65
0590270Y,23820025411,N,ST,30,39
0590270Y,23820025412,N,ST,30,32
0590270Y,23820025520,N,ST,60,60
0590270Y,23820030004,N,ST,35,33
0590270Y,23210025438,N,ST,16,31
0590270Y,23210025440,N,ST,31,65
0590270Y,23210031224,N,ST,16,28
0590270Y,23810020008,N,ST,61,62
0590270Y,23810020009,N,ST,16,13
0590270Y,23810020103,N,ST,31,41
0590270Y,23810025222,N,ST,76,103
0590270Y,23810025412,N,ST,31,31
0590270Y,23810025413,N,ST,16,6
0590270Y,23810030003,N,ST,36,39
0592969G,23820022106,N,ST,15,0
0592969G,23820023303,N,ST,15,0
0592969G,23820025012,N,ST,15,1
0592969G,23820025520,N,ST,15,1
0592969G,23820031213,N,ST,35,4
0592969G,23820033403,N,ST,15,0
0592969G,23210033002,N,ST,15,4
0592969G,23810020006,N,ST,15,8
0592969G,23810020008,N,ST,30,9
0592969G,23810020104,N,ST,30,5
0592969G,23810031211,N,ST,35,6
0592969G,23810033404,N,ST,37,12
0592967E,23820030004,N,ST,18,0
0592967E,23820031212,N,ST,35,1
0592967E,23820033006,N,ST,18,0
0592967E,23820033007,N,ST,60,3
0592967E,23810030003,N,ST,18,8
0592967E,23810031211,N,ST,18,6
0592967E,23810033006,N,ST,18,20
0592967E,23810033007,N,ST,36,36
0595380C,23210025437,N,AP,999,1
0595380C,23810025012,N,AP,999,4
0595380C,23810025014,N,AP,999,0
0595380C,23810025411,N,AP,999,1
0595380C,23810025520,N,AP,999,4
0594624F,23210025440,N,AP,999,6
0594624F,23810025412,N,AP,999,7
0596903H,23210033205,N,AP,999,8
0596057N,23210022142,N,AP,999,0
0596057N,23210022146,N,AP,999,3
0596057N,23210033413,N,AP,999,2
0596057N,23810022106,N,AP,999,0
0596057N,23810023303,N,AP,999,0
0596057N,23810023404,N,AP,999,0
0596057N,23810025012,N,AP,999,1
0596057N,23810033403,N,AP,999,0
0595645R,23210022715,N,AP,999,9
0595645R,23210023223,N,AP,999,12
0595645R,23210023224,N,AP,999,4
0595645R,23210023325,N,AP,999,4
0595645R,23210023445,N,AP,999,7
0595645R,23210023447,N,AP,999,10
0595645R,23210025439,N,AP,999,5
0595645R,23810025520,N,AP,999,10
0594375K,23820025520,N,ST,30,21
0594375K,23820030004,N,ST,20,17
0594375K,23820031213,N,ST,72,57
0594375K,23210025524,N,ST,16,8
0594375K,23810020008,N,ST,31,14
0594375K,23810030003,N,ST,19,12
0594375K,23810031211,N,ST,72,41
0596831E,23210031224,N,AP,999,4
0596831E,23810031213,N,AP,999,6
0590249A,23820022004,N,ST,16,8
0590249A,23820022005,N,ST,16,17
0590249A,23820034304,N,ST,15,16
0590249A,23810020104,N,ST,16,7
0590249A,23810022005,N,ST,16,15
0595787V,23820025214,N,ST,32,30
0595787V,23210025440,N,AP,999,2
0595787V,23210025440,N,ST,33,34
0595787V,23210025441,N,AP,999,0
0595787V,23810025222,N,ST,32,43
0590233H,23820031213,N,ST,70,73
0590233H,23820031214,N,ST,35,13
0590233H,23210031224,N,AP,999,8
0590233H,23810031211,N,ST,71,45
0593495D,23820025214,N,ST,35,44
0593495D,23820025216,N,ST,15,8
0593495D,23820025520,N,ST,30,20
0593495D,23820031213,N,ST,35,28
0593495D,23210025524,N,ST,16,11
0593495D,23810020008,N,ST,16,10
0593495D,23810025222,N,ST,48,57
0593495D,23810031211,N,ST,36,25
0595856V,23820033006,N,ST,18,20
0595856V,23820033007,N,ST,15,17
0595856V,23210022142,N,ST,25,11
0595856V,23210033002,N,ST,16,6
0595856V,23210033205,N,ST,16,30
0595856V,23810033006,N,ST,19,28
0595856V,23810033007,N,ST,31,26
Total établissements sélectionnés - département NORD,,,,317194,41847
0601206K,23210022715,N,AP,999,6
0601206K,23210023223,N,AP,999,20
0601206K,23210023224,N,AP,999,15
0601206K,23210023324,N,AP,999,16
0601206K,23210023325,N,AP,999,1
0601206K,23210023326,N,AP,999,6
0601206K,23210023327,N,AP,999,11
0601206K,23210023447,N,AP,999,10
0601206K,23210023449,N,AP,999,0
0601206K,23210025524,N,AP,999,10
0601206K,23810025520,N,AP,999,4
0601997V,23210033205,N,AP,999,17
0601997V,23211021130,N,AP,999,12
0601782L,23821021004,N,ST,7,2
0601782L,23821021302,N,ST,6,4
0601782L,23811021112,N,ST,27,17
0601782L,23811021404,N,ST,32,33
0601770Y,23211021130,N,ST,30,6
0601770Y,23211033003,N,ST,30,11
0602196L,25211021402,N,AP,999,4
0602196L,23211021130,N,AP,999,11
0602196L,23211021405,N,AP,999,27
0600004D,23820030004,N,ST,70,73
0600004D,23820031212,N,ST,35,29
0600004D,23820031213,N,ST,35,80
0600004D,23820033007,N,ST,45,70
0600004D,23820033604,N,ST,15,18
0600004D,23820033606,N,ST,32,46
0600004D,23210024240,N,ST,15,18
0600004D,23210033002,N,ST,15,26
0600004D,23210033616,N,ST,15,46
0600004D,23810024204,N,ST,15,20
0600004D,23810030003,N,ST,70,37
0600004D,23810031211,N,ST,70,109
0600004D,23810033007,N,ST,30,70
0600004D,23810033605,N,ST,47,98
0600003C,23820022707,N,ST,15,20
0600003C,23820023004,N,ST,15,10
0600003C,23820023005,N,ST,15,16
0600003C,23820023304,N,ST,15,20
0600003C,23820023405,N,ST,15,13
0600003C,23820023408,N,ST,15,14
0600003C,23820025520,N,ST,15,13
0600003C,23820031213,N,ST,53,55
0600003C,23820031214,N,ST,35,45
0600003C,23210022715,N,ST,15,10
0600003C,23210023223,N,ST,15,11
0600003C,23210023224,N,ST,15,21
0600003C,23210023324,N,ST,15,22
0600003C,23210023327,N,ST,15,19
0600003C,23210023447,N,ST,15,10
0600003C,23210025439,N,ST,15,13
0600003C,23210025524,N,ST,15,29
0600003C,23210031224,N,ST,60,53
0600003C,23810020006,N,ST,15,13
0600003C,23810020008,N,ST,30,17
0600003C,23810023007,N,ST,30,16
0600003C,23810023409,N,ST,15,10
0600003C,23810031211,N,ST,70,31
0600002B,23820025012,N,ST,30,31
0600002B,23820025014,N,ST,15,3
0600002B,23820025214,N,ST,40,54
0600002B,23820025520,N,ST,45,49
0600002B,23810020008,N,ST,45,43
0600002B,23810020103,N,ST,15,19
0600002B,23810020104,N,ST,30,16
0600002B,23810025222,N,ST,40,77
0601162M,23210022142,N,ST,999,2
0601162M,23210031224,N,ST,999,6
0601162M,23210033002,N,ST,999,2
0601162M,23810030003,N,ST,999,3
0601162M,23810033007,N,ST,999,25
0602213E,23210022146,N,AP,999,7
0602213E,23210033413,N,AP,999,8
0601203G,23210022137,N,AP,999,15
0601203G,23210022141,N,AP,999,15
0601203G,23210022142,N,AP,999,6
0601203G,23210022143,N,AP,999,11
0601203G,23210022144,N,AP,999,0
0601203G,23210031223,N,AP,999,5
0601203G,23210033615,N,AP,999,15
0601203G,23210033616,N,AP,999,11
0601484M,23810025012,N,AP,999,3
0601484M,23810025014,N,AP,999,1
0601484M,23810025411,N,AP,999,5
0601484M,23810025520,N,AP,999,1
0601787S,23820022105,N,ST,36,40
0601787S,23820022106,N,ST,12,17
0601787S,23820022503,N,ST,15,12
0601787S,23820025517,N,ST,15,14
0601787S,23820025519,N,ST,30,42
0601787S,23820025520,N,ST,30,27
0601787S,23820031213,N,ST,35,45
0601787S,23820033007,N,ST,45,46
0601787S,23820033403,N,ST,12,16
0601787S,23210022146,N,ST,12,39
0601787S,23210031224,N,ST,15,30
0601787S,23210033413,N,ST,12,9
0601787S,23810020008,N,ST,75,69
0601787S,23810022107,N,ST,36,42
0601787S,23810022503,N,ST,15,3
0601787S,23810031211,N,ST,35,37
0601787S,23810033007,N,ST,45,50
0601787S,23810033404,N,ST,24,25
0602157U,23210022137,N,AP,999,12
0601845E,23820030004,N,ST,35,41
0601845E,23820031114,N,ST,18,16
0601845E,23820031212,N,ST,35,29
0601845E,23820031213,N,ST,46,47
0601845E,23820031214,N,ST,24,48
0601845E,23210031224,N,ST,30,27
0601845E,23810030003,N,ST,53,22
0601845E,23810031211,N,ST,70,68
0601164P,23810030003,N,ST,18,3
0601164P,23810031211,N,ST,18,7
0600017T,23820030004,N,ST,35,44
0600017T,23820031212,N,ST,18,19
0600017T,23820031213,N,ST,52,52
0600017T,23820031214,N,ST,35,53
0600017T,23210024008,N,ST,15,7
0600017T,23210024240,N,ST,15,17
0600017T,23810030003,N,ST,35,39
0600017T,23810031211,N,ST,70,161
0600016S,23820022004,N,ST,15,7
0600016S,23820022005,N,ST,15,18
0600016S,23820025012,N,ST,30,29
0600016S,23820025214,N,ST,40,50
0600016S,23820025519,N,ST,30,45
0600016S,23820025520,N,ST,30,31
0600016S,23210025524,N,ST,15,27
0600016S,23810020008,N,ST,60,92
0600016S,23810020104,N,ST,45,18
0600016S,23810022005,N,ST,15,24
0600016S,23810025222,N,ST,30,68
0601863Z,23820022106,N,ST,36,34
0601863Z,23820033403,N,ST,24,18
0601863Z,23210022146,N,ST,12,20
0601863Z,23210033413,N,ST,12,8
0601863Z,23810033404,N,ST,60,37
0601946P,23210022142,N,ST,999,2
0601946P,23210033205,N,ST,999,23
0601946P,23810033006,N,ST,999,11
0601946P,23810033007,N,ST,999,11
0601947R,23810030003,N,ST,999,3
0602183X,23210022137,N,AP,999,9
0602183X,23210022141,N,AP,999,11
0602183X,23210033615,N,AP,999,25
0602183X,23210033616,N,AP,999,16
0602114X,23210022137,N,AP,999,11
0602114X,23210022141,N,AP,999,11
0602114X,23210022142,N,AP,999,4
0602114X,23210022143,N,AP,999,7
0602114X,23210022146,N,AP,999,6
0602114X,23210033616,N,AP,999,16
0600063T,23820033007,N,ST,60,68
0600063T,23210033205,N,ST,30,65
0600063T,23810024204,N,ST,30,11
0600063T,23810033007,N,ST,60,65
0601363F,23820025014,N,ST,15,7
0601363F,23820025519,N,ST,15,15
0601363F,23820025520,N,ST,15,28
0601363F,23820030004,N,ST,18,25
0601363F,23820031106,N,ST,17,23
0601363F,23210025524,N,ST,15,10
0601363F,23210031224,N,ST,15,21
0601363F,23810020008,N,ST,30,34
0601363F,23810020103,N,ST,15,9
0601363F,23810030003,N,ST,35,32
0600070A,23210023224,N,ST,8,5
0600070A,23210023447,N,ST,4,2
0600070A,23210031223,N,ST,8,14
0600070A,23211021405,N,ST,8,18
0601575L,23211033003,N,AP,999,4
0601575L,23211033003,N,ST,20,11
0601575L,23811033001,N,ST,30,7
0601575L,23811022103,N,ST,20,3
0601613C,23211021235,N,ST,35,9
0601613C,23811021112,N,ST,35,23
0602182W,23210022137,N,AP,999,0
0602182W,23210022141,N,AP,999,12
0602182W,23210022146,N,AP,999,12
0602182W,23210033413,N,AP,999,5
0602182W,23810022106,N,AP,999,11
0602182W,23810033403,N,AP,999,9
0601897L,23820025519,N,ST,15,17
0601897L,23820025520,N,ST,15,12
0601897L,23820033007,N,ST,30,23
0601897L,23210022142,N,ST,24,26
0601897L,23210033002,N,ST,15,8
0601897L,23810020008,N,ST,30,22
0601897L,23810033007,N,ST,30,32
0601470X,23820025519,N,ST,30,37
0601470X,23820030004,N,ST,18,21
0601470X,23820031106,N,ST,35,41
0601470X,23820033006,N,ST,18,15
0601470X,23820033007,N,ST,30,31
0601470X,23210031122,N,ST,30,28
0601470X,23810020008,N,ST,30,34
0601470X,23810030003,N,ST,35,33
0601470X,23810033006,N,ST,18,24
0601470X,23810033007,N,ST,30,28
0601870G,23820030004,N,ST,18,27
0601870G,23820031212,N,ST,17,15
0601870G,23820031213,N,ST,35,55
0601870G,23820031214,N,ST,18,33
0601870G,23820033006,N,ST,35,22
0601870G,23820033007,N,ST,30,29
0601870G,23210031224,N,ST,30,29
0601870G,23810030003,N,ST,18,56
0601870G,23810031211,N,ST,70,123
0601870G,23810033006,N,ST,17,28
0601870G,23810033007,N,ST,30,30
0600062S,23820022303,N,ST,10,10
0600062S,23820025012,N,ST,30,34
0600062S,23820025014,N,ST,10,7
0600062S,23820025108,N,ST,10,7
0600062S,23820025520,N,ST,30,43
0600062S,23810020008,N,ST,30,77
0600062S,23810020103,N,ST,30,17
0600062S,23810020104,N,ST,30,13
0601211R,23210025440,N,AP,999,12
0601211R,23210031224,N,AP,999,8
0601211R,23810025412,N,AP,999,5
0600041U,23820025411,N,ST,15,16
0600041U,23820025520,N,ST,30,24
0600041U,23820033007,N,ST,45,57
0600041U,23820034403,N,ST,36,32
0600041U,23210025437,N,ST,15,17
0600041U,23210033002,N,ST,15,9
0600041U,23210033205,N,ST,15,61
0600041U,23810020008,N,ST,30,18
0600041U,23810020103,N,ST,15,12
0600041U,23810033007,N,ST,45,54
0600041U,23810034403,N,ST,24,64
0601194X,23211021130,N,AP,999,0
0601194X,23211021405,N,AP,999,4
0601194X,23811021404,N,ST,25,9
0601896K,23810031211,N,ST,999,7
0601996U,23211021405,N,AP,999,4
0601996U,23811021405,N,AP,999,6
0601265Z,23821021114,N,ST,10,0
0601265Z,23821021405,N,ST,7,7
0601265Z,23211021405,N,ST,32,47
0601265Z,23811021404,N,ST,27,36
0601265Z,23811021112,N,ST,16,9
0601822E,23820023405,N,ST,15,7
0601822E,23820023407,N,ST,15,9
0601822E,23820025519,N,ST,30,23
0601822E,23820031212,N,ST,18,7
0601822E,23820031213,N,ST,35,38
0601822E,23820031214,N,ST,17,26
0601822E,23210023447,N,ST,15,8
0601822E,23210031224,N,ST,30,30
0601822E,23810020008,N,ST,30,30
0601822E,23810023409,N,ST,15,5
0601822E,23810031211,N,ST,70,53
0600048B,23820025214,N,ST,30,38
0600048B,23820025216,N,ST,10,10
0600048B,23820025220,N,ST,10,2
0600048B,23820025303,N,ST,20,28
0600048B,23820025412,N,ST,20,16
0600048B,23820034403,N,ST,12,21
0600048B,23210025223,N,ST,10,6
0600048B,23210025441,N,ST,10,13
0600048B,23210034405,N,ST,15,23
0600048B,23810025222,N,ST,50,56
0600048B,23810025307,N,ST,20,45
0600048B,23810025412,N,ST,20,11
0600048B,23810034403,N,ST,12,38
0601688J,23211021130,N,AP,999,8
0601688J,23211021237,N,AP,999,10
0601688J,23211021405,N,AP,999,9
0601688J,23811021001,N,AP,999,3
0601688J,23811021112,N,ST,30,9
0601688J,23811021112,N,ST,12,1
0600049C,23C10023305,N,ST,15,10
0600049C,23820022706,N,ST,15,10
0600049C,23820022707,N,ST,15,20
0600049C,23820023203,N,ST,10,8
0600049C,23820023210,N,ST,10,10
0600049C,23820025520,N,ST,15,12
0600049C,23820031213,N,ST,53,32
0600049C,23820031214,N,ST,35,26
0600049C,23820032303,N,ST,30,29
0600049C,23210022142,N,ST,12,10
0600049C,23210022715,N,ST,15,16
0600049C,23210023324,N,ST,15,12
0600049C,23210023327,N,ST,15,7
0600049C,23210031224,N,ST,15,12
0600049C,23210032227,N,ST,15,21
0600049C,23810020006,N,ST,15,16
0600049C,23810020008,N,ST,30,26
0600049C,23810023007,N,ST,15,5
0600049C,23810031211,N,ST,70,29
0600049C,23810032303,N,ST,15,38
0601500E,23810025012,N,AP,999,2
0601500E,23810025014,N,AP,999,0
0601500E,23810025411,N,AP,999,2
0601500E,23810025520,N,AP,999,5
0601610Z,23811021112,N,ST,55,36
0601610Z,23811022103,N,ST,30,29
0601769X,23211033003,N,ST,30,4
0601769X,23811033001,N,ST,30,12
0601769X,23811022103,N,ST,30,4
0602008G,23810025012,N,AP,999,4
0602008G,23810025411,N,AP,999,3
Total établissements sélectionnés - département OISE,,,,105483,15215
0619999M,41411041001,N,ST,0,0
0619999M,99990099902,O,ST,1,0
0619999M,99990099902,O,ST,1,51
0619999M,99990099902,O,ST,1,36
0610004Y,23820025214,N,ST,30,27
0610004Y,23820025215,N,ST,18,13
0610004Y,23820025411,N,ST,10,9
0610004Y,23820031107,N,ST,48,61
0610004Y,23820031106,N,ST,15,22
0610004Y,23210031122,N,ST,12,17
0610004Y,23810020103,N,ST,12,14
0610004Y,23810025222,N,ST,48,48
0610004Y,23810030003,N,ST,15,6
0610004Y,23810031117,N,ST,48,80
0610746E,23821033003,N,ST,21,19
0610746E,23211033003,N,ST,27,21
0610746E,23811033001,N,ST,34,26
0610002W,23820030004,N,ST,17,25
0610002W,23820031212,N,ST,15,19
0610002W,23820031213,N,ST,30,37
0610002W,23820033006,N,ST,20,31
0610002W,23820033007,N,ST,24,31
0610002W,23210031224,N,ST,12,31
0610002W,23810030003,N,ST,18,7
0610002W,23810031211,N,ST,46,68
0610002W,23810033006,N,ST,18,28
0610002W,23810033007,N,ST,24,46
0610692W,23810030003,N,ST,12,7
0610692W,23810034403,N,ST,15,23
0611226B,23211021130,N,AP,999,3
0611226B,23211021130,N,ST,25,7
0611061X,23210022137,N,AP,999,22
0611061X,23210022141,N,AP,999,38
0611061X,23210022142,N,AP,999,3
0611061X,23210022143,N,AP,999,19
0611061X,23210022144,N,AP,999,4
0611061X,23210022146,N,AP,999,22
0611061X,23210025225,N,AP,999,38
0611061X,23210025440,N,AP,999,13
0611061X,23210031223,N,AP,999,9
0611061X,23210031224,N,AP,999,52
0611061X,23210033413,N,AP,999,15
0611061X,23210033616,N,AP,999,33
0611061X,23810025224,N,AP,999,10
0611206E,23210023122,N,AP,999,19
0611206E,23210023124,N,AP,999,15
0610694Y,23210031224,N,AP,999,0
0610694Y,23210031224,N,ST,15,5
0610694Y,23810031211,N,ST,23,14
0610694Y,23810033605,N,ST,30,30
0610006A,23820022706,N,ST,8,2
0610006A,23820022707,N,ST,8,5
0610006A,23820023004,N,ST,8,6
0610006A,23820023104,N,ST,9,12
0610006A,23820025520,N,ST,8,8
0610006A,23820030004,N,ST,16,15
0610006A,23820031213,N,ST,24,27
0610006A,23210023224,N,ST,12,15
0610006A,23210023327,N,ST,12,15
0610006A,23210033002,N,ST,12,8
0610006A,23810020008,N,ST,24,19
0610006A,23810023007,N,ST,20,12
0610006A,23810030003,N,ST,16,19
0610006A,23810031211,N,ST,24,31
0611119K,23211021405,N,AP,999,6
0611119K,23211021405,N,ST,25,18
0611119K,23811021405,N,AP,999,12
0611119K,23811021404,N,ST,25,12
0611152W,23810025012,N,AP,999,3
0611152W,23810025520,N,AP,999,3
0610021S,23820025520,N,ST,15,12
0610021S,23820031212,N,ST,12,17
0610021S,23820031213,N,ST,24,35
0610021S,23820034304,N,ST,9,8
0610021S,23210025225,N,ST,10,30
0610021S,23210025440,N,ST,10,12
0610021S,23210031224,N,ST,24,34
0610021S,23810020008,N,ST,15,23
0610021S,23810031211,N,ST,36,45
0610021S,23810034306,N,ST,9,1
0610698C,23810031211,N,ST,18,20
0610698C,23810033007,N,ST,22,20
0611020C,23211021130,N,ST,16,4
0611020C,23810020005,N,ST,15,4
0611020C,23811021112,N,ST,15,3
0611020C,23811033001,N,ST,15,7
0610724F,23210023006,N,AP,999,0
0610724F,23210023445,N,ST,15,5
0610724F,23210025223,N,ST,10,3
0610724F,23810020008,N,ST,8,0
0610724F,23810023007,N,ST,10,12
0610724F,23810023409,N,ST,7,7
0610724F,23810025222,N,ST,23,24
0610724F,23810025412,N,AP,999,6
0610996B,23210023224,N,ST,8,6
0610996B,23210023327,N,ST,8,5
0610996B,23210023447,N,ST,8,7
0610019P,23820022106,N,ST,24,22
0610019P,23820024204,N,ST,15,20
0610019P,23820033007,N,ST,30,21
0610019P,23820033403,N,ST,12,14
0610019P,23210022142,N,ST,12,18
0610019P,23210033002,N,ST,12,2
0610019P,23810024204,N,ST,15,11
0610019P,23810033007,N,ST,30,16
0610019P,23810033404,N,ST,36,24
0610018N,23820023404,N,ST,11,12
0610018N,23820023405,N,ST,7,6
0610018N,23820023408,N,ST,6,8
0610018N,23810023404,N,ST,12,7
0610018N,23810023409,N,ST,24,13
0610026X,23820022005,N,ST,22,21
0610026X,23820023407,N,ST,20,17
0610026X,23820025014,N,ST,15,12
0610026X,23820025520,N,ST,23,24
0610026X,23210024238,N,ST,12,3
0610026X,23210025439,N,ST,12,19
0610026X,23810020008,N,ST,16,20
0610026X,23810020103,N,ST,14,5
0610026X,23810022005,N,ST,22,27
0610026X,23810023409,N,ST,24,11
0611021D,23211033003,N,ST,20,11
0611021D,23811033001,N,ST,20,7
0611148S,23820031213,N,ST,21,29
0611148S,23820031214,N,ST,18,14
0611148S,23210031224,N,ST,12,16
0611148S,23810031211,N,ST,36,35
0611035U,23211033003,N,ST,15,10
0611035U,23811022108,N,AP,999,0
0611035U,23811022103,N,ST,20,1
0611035U,23811033001,N,ST,20,14
0611035U,23811033003,N,AP,999,6
0611039Y,23811021203,N,AP,999,12
0611039Y,23811022103,N,ST,30,9
0611039Y,23811021214,N,AP,999,26
0611039Y,23811021112,N,ST,30,32
0611037W,23211021314,N,AP,999,8
0611037W,23211021314,N,ST,20,3
0611037W,23811021404,N,ST,20,19
0611118J,23810020005,N,ST,25,20
0611118J,23811021112,N,ST,25,18
0611118J,23811033001,N,ST,25,16
0611118J,23811033003,N,AP,999,4
0610790C,23821021004,N,ST,40,38
0610790C,23811021112,N,ST,54,57
0611130X,23211021130,N,AP,999,18
0611130X,23211021237,N,AP,999,10
0611130X,23811021004,N,AP,999,14
0611130X,23811021211,N,AP,999,10
0611038X,23210022146,N,AP,999,7
0611038X,23210033413,N,AP,999,5
0611038X,23811033001,N,ST,35,21
0611117H,23211021235,N,AP,999,1
0611117H,23211021235,N,ST,20,0
0611117H,23211021237,N,AP,999,5
0611117H,23211021237,N,ST,25,17
0611117H,23811021004,N,AP,999,4
0611117H,23811021112,N,ST,25,6
0611117H,23811021211,N,AP,999,5
0611117H,23810020005,N,ST,25,15
Total établissements sélectionnés - département ORNE,,,,43726,4901
0750775K,23110021303,N,ST,0,0
0750775K,23820025519,N,ST,120,137
0750775K,23330021303,N,ST,0,0
0750775K,23810020008,N,ST,124,189
0750776L,23820024204,N,ST,36,42
0750776L,23820031213,N,ST,36,22
0750776L,23210024240,N,ST,18,18
0750776L,23210024241,N,ST,15,10
0750776L,23810024204,N,ST,24,28
0750776L,23810031211,N,ST,36,27
0752944T,23820030004,O,AP,999,0
0755203Y,23810033101,N,AP,999,0
0754163T,23210033616,N,AP,999,12
0750788Z,23820025520,N,ST,120,105
0750788Z,23210025524,N,ST,36,52
0750788Z,23810020008,N,ST,120,54
0750778N,23820024204,N,ST,24,23
0750778N,23820024302,N,ST,15,20
0750778N,23820031213,N,ST,60,49
0750778N,23820031214,N,ST,12,20
0750778N,23210024240,N,ST,13,14
0750778N,23210024315,N,ST,7,3
0750778N,23210024319,N,ST,5,2
0750778N,23210024323,N,ST,11,6
0750778N,23810024204,N,ST,24,14
0750778N,23810024304,N,ST,15,13
0750778N,23810031211,N,ST,72,47
0750676C,23820022402,N,ST,12,9
0750676C,23820022403,N,ST,12,17
0750676C,23820023104,N,ST,15,13
0750676C,23820030004,N,ST,36,51
0750676C,23820031213,N,ST,36,66
0750676C,23210022430,N,ST,12,3
0750676C,23210025521,N,ST,12,7
0750676C,23810022403,N,ST,12,5
0750676C,23810022404,N,ST,12,12
0750676C,23810023007,N,ST,15,15
0750676C,23810030003,N,ST,36,55
0750676C,23810031211,N,ST,48,77
0750558Z,23820024204,N,ST,24,37
0750558Z,23210024007,N,ST,7,0
0750558Z,23210024008,N,ST,5,3
0750558Z,23810024204,N,ST,24,22
0751452W,23210022332,N,AP,999,0
0751452W,23210023430,O,AP,999,0
0751452W,23210023431,O,AP,999,0
0751452W,23210023432,O,AP,999,0
0751452W,23210023433,N,AP,999,0
0751452W,23210023445,N,AP,999,3
0751452W,23210024238,N,AP,999,0
0751452W,23210024239,N,AP,999,0
0752426E,23211021405,N,ST,20,8
0752426E,23811021404,N,ST,30,17
0750783U,23820025012,N,ST,48,44
0750783U,23820025013,N,ST,6,16
0750783U,23820025014,N,ST,12,3
0750783U,23820025411,N,ST,24,22
0750783U,23210025126,N,ST,25,3
0750783U,23210020006,N,ST,0,0
0750783U,23210025437,N,ST,25,11
0750783U,23810020103,N,ST,31,16
0750783U,23810020104,N,ST,40,21
0750783U,23810025012,N,AP,999,12
0750783U,23810020104,N,ST,10,10
0750784V,23820024202,N,ST,12,12
0750784V,23210022349,N,ST,6,2
0750784V,23210023445,N,ST,24,22
0750784V,23810024202,N,ST,12,5
0750681H,23210022361,N,ST,30,74
0750677D,23820024204,N,ST,24,25
0750677D,23820031213,N,ST,48,64
0750677D,23820033602,N,ST,12,6
0750677D,23820033604,N,ST,24,21
0750677D,23820033606,N,ST,48,51
0750677D,23210033615,N,ST,30,59
0750677D,23210033616,N,ST,30,39
0750677D,23810024204,N,ST,24,29
0750677D,23810031211,N,ST,48,77
0750677D,23810033605,N,ST,72,76
0751503B,23210022143,N,AP,999,19
0754566F,23210024240,O,AP,999,1
0754566F,23210024241,O,AP,999,2
0750787Y,23820023003,N,ST,24,18
0750787Y,23820032206,N,ST,12,8
0750787Y,23820032303,N,ST,48,84
0750787Y,23210032225,N,ST,12,15
0750787Y,23210032227,N,ST,25,34
0750787Y,23210032228,N,ST,13,10
0750787Y,23810023003,N,ST,13,23
0750787Y,23810032210,N,ST,14,7
0750787Y,23810032303,N,ST,50,75
0750785W,23820025519,N,ST,72,131
0750785W,23820033104,N,ST,28,31
0750785W,23330021303,N,ST,0,0
0750785W,23810020008,N,ST,76,139
0750785W,23810033104,N,ST,30,64
0750553U,23820025520,N,ST,60,65
0750553U,23820025520,O,AP,999,9
0750553U,23210025524,N,ST,49,24
0750553U,23810020008,N,ST,65,22
0751710B,23821022105,N,ST,12,15
0751710B,23820020102,N,ST,12,4
0751710B,23820022004,N,ST,24,19
0751710B,23820022005,N,ST,39,32
0751710B,23210022201,N,ST,9,5
0751710B,23210034301,N,ST,9,6
0751710B,23810020104,N,ST,24,9
0751710B,23810022005,N,ST,48,37
0753268V,23820031212,N,ST,24,22
0753268V,23820031213,N,ST,48,54
0753268V,23820031214,N,ST,18,32
0753268V,23810031211,N,ST,96,97
0754042L,23810020008,N,ST,15,3
0754042L,23810030003,N,ST,12,2
0754042L,23810031211,N,ST,12,2
0754042L,23810033605,N,ST,24,9
0754924V,23210031224,N,ST,25,4
0754924V,23210033002,N,ST,20,0
0754924V,23210033205,N,ST,20,2
0754924V,23810031211,N,ST,30,2
0754924V,23810033006,N,ST,20,1
0754924V,23810033007,N,ST,20,0
0750761V,23210024240,N,AP,999,1
0752799K,23820031213,N,ST,18,28
0752799K,23210024323,N,ST,8,9
0752799K,23210031224,N,ST,57,62
0752799K,23810031211,N,ST,19,14
0752846L,23820030004,N,ST,48,49
0752846L,23820031212,N,ST,24,29
0752846L,23810030003,N,ST,50,46
0752846L,23810031211,N,ST,25,36
0754476H,23820022106,N,ST,24,34
0754476H,23820033403,N,ST,24,28
0754476H,23210022146,N,ST,12,33
0754476H,23210033413,N,ST,12,19
0754476H,23810033404,N,ST,48,73
0750691U,23820022706,N,ST,15,26
0750691U,23820022707,N,ST,15,27
0750691U,23820025517,N,ST,15,16
0750691U,23810020008,N,ST,48,59
0754045P,23210034405,N,ST,20,1
0754045P,23810030003,N,ST,24,1
0754045P,23810034403,N,ST,24,10
0754458N,23820030004,N,AP,999,2
0754458N,23820031213,N,AP,999,1
0754458N,23210031223,N,AP,999,0
0754458N,23211021405,N,AP,999,0
0753256G,23820022106,N,ST,8,9
0753256G,23820033403,N,ST,8,1
0753256G,23210022146,N,ST,25,43
0753256G,23210033413,N,ST,35,21
0750793E,23820030004,N,ST,48,36
0750793E,23820031212,N,ST,24,12
0750793E,23820031213,N,ST,48,60
0750793E,23810030003,N,ST,50,36
0750793E,23810031211,N,ST,76,55
0750436S,23820030004,N,ST,24,21
0750436S,23820031213,N,ST,48,34
0750436S,23210031224,N,AP,999,4
0750436S,23210031224,N,ST,26,38
0750436S,23810030003,N,ST,25,7
0750436S,23810031211,N,ST,50,7
0750695Y,23820033101,N,ST,24,26
0750695Y,23810033101,N,ST,24,51
0751708Z,23820025519,N,ST,48,89
0751708Z,23820025520,N,ST,48,50
0751708Z,23820032304,N,ST,36,42
0751708Z,23110021303,N,ST,0,0
0751708Z,23210025524,N,AP,0,0
0751708Z,23210025524,N,ST,15,28
0751708Z,23330021303,N,ST,0,0
0751708Z,23810020008,N,ST,96,175
0751708Z,23810032304,N,ST,36,44
0754475G,23820023405,N,ST,15,19
0754475G,23820023407,N,ST,15,15
0754475G,23820023408,N,ST,15,19
0754475G,23210023447,N,ST,24,20
0754475G,23810023409,N,ST,42,39
0751457B,23820033101,O,AP,999,1
0751457B,23810033101,N,AP,999,1
0751508G,23820023004,O,AP,999,0
0751508G,23820023005,O,AP,999,1
0751508G,23810023004,N,AP,999,0
0751508G,23810023005,N,AP,999,2
0756321N,23210022141,N,AP,999,0
0756321N,23210022146,N,AP,999,0
0750796H,23820024204,N,ST,15,20
0750796H,23210024127,N,ST,12,11
0750796H,23210024133,N,AP,999,0
0750796H,23210024242,N,ST,6,7
0750796H,23210024242,N,ST,6,8
0750796H,23210024242,N,ST,6,4
0750796H,23810024204,N,ST,15,49
0750588G,23820030004,N,ST,36,34
0750588G,23820031212,N,ST,24,15
0750588G,23820031213,N,ST,48,42
0750588G,23810030003,N,ST,36,29
0750588G,23810031211,N,ST,72,36
0753217P,23210022141,N,AP,999,0
0753217P,23210022141,N,ST,10,2
0753217P,23210022146,N,AP,999,0
0753217P,23210022146,N,ST,11,4
0753217P,23210033413,N,AP,999,1
0753217P,23810020008,N,ST,1,1
0753217P,23810022106,N,AP,999,1
0753217P,23810033403,N,AP,999,1
0753217P,23810033404,N,ST,24,2
0756019K,23820022106,O,AP,999,0
0756019K,23820033403,O,AP,999,0
0756019K,23810022106,O,AP,999,1
0756019K,23810033403,O,AP,999,1
0753350J,23820030004,N,ST,48,32
0753350J,23820031212,N,ST,24,22
0753350J,23820031213,N,ST,24,37
0753350J,23820031214,N,ST,24,18
0753350J,23820033403,N,ST,1,2
0753350J,23820034403,N,ST,24,22
0753350J,23210034405,N,ST,10,14
0753350J,23210034405,N,ST,5,2
0753350J,23810030003,N,ST,48,14
0753350J,23810031211,N,ST,72,49
0753350J,23810031211,N,ST,10,7
0753350J,23810034403,N,ST,24,16
0753350J,23810034403,N,ST,2,2
0750708M,23820022106,N,ST,24,28
0750708M,23820033403,N,ST,24,21
0750708M,23810033404,N,ST,48,48
0751510J,23820022106,O,AP,999,1
0751510J,23820033403,O,AP,999,0
0751510J,23210022141,N,AP,999,6
0751510J,23210022146,N,AP,999,8
0751510J,23210031221,O,AP,999,1
0751510J,23810022106,N,AP,999,16
0751510J,23810033403,N,AP,999,6
0752830U,23820022105,O,AP,999,0
0752830U,23820022106,O,AP,999,1
0752830U,23820033403,O,AP,999,1
0752830U,23210022137,N,AP,999,4
0752830U,23210022141,N,AP,999,9
0752830U,23210022142,N,AP,999,0
0752830U,23210022146,N,AP,999,2
0752830U,23210033413,N,AP,999,1
0752830U,23810022105,N,AP,999,5
0752830U,23810022106,N,AP,999,3
0752830U,23810033403,N,AP,999,3
0750419Y,23820025214,N,ST,60,50
0750419Y,23820025216,N,ST,0,0
0750419Y,23820031106,N,ST,30,35
0750419Y,23210025218,N,ST,20,94
0750419Y,23210031122,N,AP,999,4
0750419Y,23210031122,N,ST,42,52
0750419Y,23810025222,N,ST,56,49
0750419Y,23810030003,N,ST,22,15
0750800M,23820034304,N,ST,12,11
0750800M,23210022142,N,AP,999,1
0750800M,23210022142,N,ST,26,16
0750800M,23210033002,N,ST,25,11
0750800M,23210034308,N,ST,13,4
0750800M,23810034306,N,ST,13,3
0752608C,23820022106,N,ST,24,40
0752608C,23820022106,O,AP,999,0
0752608C,23820033403,N,ST,24,24
0752608C,23820033403,O,AP,999,0
0752608C,23210022141,N,AP,999,14
0752608C,23210022141,N,ST,26,85
0752608C,23210022146,N,AP,999,4
0752608C,23210022146,N,ST,26,55
0752608C,23210033413,N,ST,26,18
0752608C,23810033404,N,ST,50,49
0754239A,23210031224,N,ST,20,2
0754239A,23810030003,N,ST,30,1
0754239A,23810031211,N,ST,60,3
0754239A,23810033006,N,ST,20,2
0754239A,23810033007,N,ST,20,4
0752068R,23820031213,O,AP,999,0
0752068R,23210022140,N,AP,999,1
0752068R,23210031222,N,AP,999,0
0752068R,23210031224,N,AP,999,1
0752206R,23820031212,O,AP,999,0
0752206R,23820031213,O,AP,999,5
0752206R,23210031224,N,AP,999,3
0753007L,23820022106,O,AP,999,0
0753007L,23820033403,O,AP,999,0
0750768C,23210022141,N,AP,999,4
0750768C,23210022143,O,AP,999,0
0750768C,23210022144,N,AP,999,3
0750768C,23210022146,N,AP,999,3
0750802P,23820023004,N,ST,24,28
0750802P,23820023005,N,ST,24,35
0750802P,23820023203,N,ST,5,9
0750802P,23820023205,N,ST,6,3
0750802P,23820023304,N,ST,12,8
0750802P,23820025406,N,ST,4,3
0750802P,23210022715,N,ST,26,26
0750802P,23210023006,N,ST,26,17
0750802P,23210023220,N,ST,14,7
0750802P,23210023223,N,ST,14,21
0750802P,23210023324,N,ST,39,87
0750802P,23210023325,N,ST,14,6
0750802P,23210023327,N,ST,17,37
0750802P,23210025439,N,ST,14,7
0750802P,23810020006,N,ST,28,18
0750802P,23810023007,N,ST,50,45
0750697A,23820023303,N,ST,12,15
0750697A,23820023303,O,AP,999,1
0750697A,23810020006,N,ST,13,12
0750650Z,23820024301,N,ST,0,0
0750650Z,23820033006,N,ST,39,50
0750650Z,23820033007,N,ST,60,86
0750650Z,23820033103,N,ST,8,6
0750650Z,23820033103,N,ST,16,6
0750650Z,23210024320,N,ST,7,3
0750650Z,23210033106,N,ST,13,7
0750650Z,23210033107,N,ST,12,8
0750650Z,23810033006,N,ST,25,33
0750650Z,23810033007,N,ST,63,97
0750650Z,23810033103,N,ST,14,13
0750712S,23820020009,N,ST,15,16
0750712S,23820025006,N,ST,24,27
0750712S,23210025137,N,ST,25,23
0750712S,23810020009,N,ST,15,20
0750712S,23810020103,N,ST,25,15
0754015G,23810020103,N,ST,28,2
0754016H,23210022422,N,ST,10,2
0754016H,23810023003,N,ST,15,2
0754016H,23810031211,N,ST,0,0
0754016H,23810032303,N,ST,48,14
0750738V,23210031223,O,AP,999,6
0754850P,23820025520,O,AP,999,0
0754850P,23820034403,O,AP,999,0
0756250L,23820031106,O,AP,999,0
0756250L,23820032206,O,AP,999,0
0756250L,23820034403,O,AP,999,0
0756250L,23210023329,N,AP,999,1
0756250L,23210024242,O,AP,999,1
0756250L,23210024242,O,AP,999,0
0756250L,23210024240,O,AP,0,0
0756250L,23210024242,N,AP,999,0
0752388N,23820031212,N,ST,24,17
0752388N,23820031213,N,ST,48,54
0752388N,23820031214,N,ST,48,54
0752388N,23810031211,N,ST,120,95
0750828T,23210020101,N,ST,18,10
0750828T,23210023447,N,ST,17,15
0750828T,23210025437,N,ST,9,5
0750828T,23210025439,N,ST,8,8
0750828T,23210025524,N,ST,18,28
0750808W,23820033006,N,ST,24,26
0750808W,23820033007,N,ST,48,63
0750808W,23210033205,N,ST,25,43
0750808W,23810033006,N,ST,44,25
0750808W,23810033007,N,ST,50,69
0754530S,23820030004,N,ST,48,57
0754530S,23820031114,N,ST,32,58
0754530S,23820031212,N,ST,24,28
0754530S,23810030003,N,ST,90,54
0754530S,23810031211,N,ST,24,37
0752325V,23820022706,O,AP,999,0
0752325V,23820025520,O,AP,999,1
0752325V,23210022715,N,AP,999,0
0752325V,23210023324,N,AP,999,0
0752325V,23210025524,N,AP,999,0
0752325V,23810022706,N,AP,999,0
0752325V,23810025520,N,AP,999,1
0754338H,23210033615,N,AP,999,8
0750770E,23820030004,N,ST,24,19
0750770E,23820030004,N,ST,32,21
0750770E,23820031212,N,ST,12,13
0750770E,23820031213,N,ST,12,14
0750770E,23810030003,N,ST,26,33
0750770E,23810030003,N,ST,17,14
0750770E,23810031211,N,ST,25,38
0750651A,23820030004,N,ST,24,34
0750651A,23820031212,N,ST,24,27
0750651A,23820031213,N,ST,24,30
0750651A,23810030003,N,ST,24,36
0750651A,23810031211,N,ST,48,69
0752845K,23820030004,N,ST,0,0
0752845K,23820031213,N,ST,0,0
0752845K,23820031214,N,ST,0,0
0752845K,23820034403,N,ST,48,67
0752845K,23210034405,N,ST,15,16
0752845K,23810031211,N,ST,0,0
0752845K,23810034403,N,ST,48,50
0751488K,23820022707,O,AP,999,1
0751488K,23820025214,O,AP,999,2
0751488K,23820025517,O,AP,999,2
0751488K,23820025520,O,AP,999,2
0751488K,23210022714,N,AP,999,3
0751488K,23210023324,O,AP,999,2
0751488K,23210025218,O,AP,999,5
0751488K,23210025524,N,AP,999,3
0751488K,23810022707,N,AP,999,0
0751488K,23810025517,O,AP,999,0
0751488K,23810025520,N,AP,999,2
0754792B,23210022137,N,AP,999,7
0754792B,23210022141,N,AP,999,3
0754792B,23210023446,N,AP,999,3
0754792B,23210023447,N,AP,999,8
0752363L,23210032227,N,AP,999,2
0752363L,23211021405,N,AP,999,0
0750428H,23820033006,N,ST,24,24
0750428H,23820033007,N,ST,90,112
0750428H,23210033205,N,AP,999,7
0750428H,23210033205,N,ST,24,43
0750428H,23810033006,N,ST,24,37
0750428H,23810033007,N,ST,90,88
0750463W,23820023303,N,ST,0,0
0750463W,23210022425,N,AP,999,1
0750463W,23210022425,N,ST,8,7
0750463W,23210022427,N,AP,999,0
0750463W,23210022427,N,ST,8,7
0750463W,23810020006,N,ST,0,0
0753291V,,O,ST,0,12
0753291V,,O,ST,0,5
0753291V,,O,ST,0,11
0753291V,,O,ST,0,3
0753291V,,O,ST,0,5
0753291V,,O,ST,0,4
0753291V,,O,ST,0,5
0753291V,,O,ST,0,5
0753291V,,O,ST,0,5
0753291V,,O,ST,0,1
0753291V,,O,ST,0,4
0753291V,,O,ST,0,5
0753291V,,O,ST,0,0
0753291V,,O,ST,0,5
0753291V,,O,ST,0,6
0753291V,,O,ST,0,28
0753291V,,O,ST,0,2
0753291V,,O,ST,0,22
0753291V,,O,ST,0,0
0753291V,,O,ST,0,9
0753291V,,O,ST,0,857
0753291V,,O,ST,0,843
0753291V,,O,ST,0,0
0753291V,,O,ST,0,0
0753291V,,O,ST,0,2
0753291V,,O,ST,0,3
0753291V,,O,ST,0,0
0753291V,,O,ST,0,0
0753291V,,O,ST,0,0
0753291V,,O,ST,0,1
0753291V,,O,ST,0,20
0752280W,23210022137,N,AP,999,7
0752280W,23210022141,N,AP,999,19
0752280W,23210022146,N,AP,999,2
0752280W,23810022105,N,AP,999,12
0752280W,23810022106,N,AP,999,26
0752280W,23810033403,N,AP,999,9
0750502N,23820032207,N,ST,24,20
0750502N,23820032208,N,ST,18,14
0750502N,23810032210,N,ST,36,27
0754025T,23210023006,N,ST,10,0
0754025T,23210023447,N,ST,10,2
0754025T,23210025524,N,AP,999,2
0754025T,23210025524,N,ST,22,1
0754025T,23210031224,N,ST,10,1
0754025T,23810020008,N,ST,100,23
0754025T,23810023409,N,ST,15,2
0754025T,23810030003,N,ST,25,6
0754029X,23210033205,N,ST,0,0
0754029X,23810031211,N,ST,0,0
0754029X,23810033007,N,ST,0,0
0752961L,23820030004,N,ST,48,47
0752961L,23820031212,N,ST,24,20
0752961L,23820031213,N,ST,24,46
0752961L,23810030003,N,ST,50,41
0752961L,23810031211,N,ST,51,88
0754030Y,23210022137,N,ST,25,2
0754030Y,23210022141,N,ST,25,9
0754030Y,23210024241,N,ST,15,1
0754030Y,23810024204,N,ST,45,12
0754030Y,23810030003,N,ST,15,0
0754030Y,23810031211,N,ST,30,19
0754030Y,23810033404,N,ST,60,10
0755943C,23210033615,N,AP,999,7
0752124B,23210033615,N,AP,999,9
0750671X,23820031212,N,ST,24,33
0750671X,23820031213,N,ST,24,45
0750671X,23820031214,N,ST,24,39
0750671X,23810031211,N,ST,72,83
0755861N,23820025012,O,AP,999,1
0755861N,23820031212,O,AP,999,1
0755861N,23810025012,O,AP,999,3
0752700C,23820030004,N,ST,0,0
0752700C,23820031212,N,ST,0,0
0752700C,23810030003,N,ST,0,0
0752700C,23810031211,N,ST,0,0
0750508V,23820030004,N,ST,0,0
0750508V,23810030003,N,ST,0,0
0752109K,23820031213,N,ST,0,0
0752109K,23810031211,N,ST,0,0
0750794F,23820032304,N,ST,0,0
0750794F,23810032304,N,ST,0,0
0751475W,23210025524,O,AP,999,0
0751475W,23810025520,O,AP,999,0
Total établissements sélectionnés - département PARIS,,,,153708,28671
0623276Z,23821021004,N,ST,5,0
0623276Z,23821033003,N,ST,3,3
0623276Z,23211033003,N,AP,999,3
0623276Z,23811021112,N,ST,25,15
0623276Z,23811033001,N,ST,45,37
0623981R,23820022106,N,ST,30,29
0623981R,23820033403,N,ST,30,37
0623981R,23210022146,N,ST,25,38
0623981R,23210033413,N,ST,25,16
0623981R,23810033404,N,ST,61,48
0624443T,23210022146,N,AP,999,5
0624443T,23210033413,N,AP,999,3
0620011A,23820022707,N,ST,15,8
0620011A,23820023005,N,ST,15,13
0620011A,23820023203,N,ST,15,7
0620011A,23820023205,N,ST,15,4
0620011A,23820023304,N,ST,15,19
0620011A,23820023405,N,ST,15,13
0620011A,23210022715,N,ST,16,20
0620011A,23210023220,N,ST,16,7
0620011A,23210023223,N,ST,16,34
0620011A,23210023224,N,ST,31,21
0620011A,23210023325,N,ST,16,13
0620011A,23210023326,N,ST,31,19
0620011A,23210023327,N,ST,31,20
0620011A,23210023447,N,ST,16,5
0620011A,23210025524,N,ST,16,12
0620011A,23810020006,N,ST,46,28
0620011A,23810020008,N,ST,16,6
0620011A,23810023007,N,ST,16,19
0620011A,23810023409,N,ST,16,10
0620257T,23820022106,N,ST,30,42
0620257T,23820024302,N,ST,15,11
0620257T,23820025012,N,ST,15,10
0620257T,23820025219,N,ST,15,9
0620257T,23820025519,N,ST,30,32
0620257T,23820025520,N,ST,30,26
0620257T,23820031212,N,ST,18,19
0620257T,23820031213,N,ST,53,39
0620257T,23820031214,N,ST,18,15
0620257T,23820033007,N,ST,75,68
0620257T,23820033403,N,ST,30,18
0620257T,23820033604,N,ST,30,38
0620257T,23820033606,N,ST,30,30
0620257T,23820034304,N,ST,15,4
0620257T,23210022142,N,ST,25,19
0620257T,23210022146,N,ST,24,41
0620257T,23210025221,N,ST,16,34
0620257T,23210031224,N,ST,16,40
0620257T,23210033002,N,ST,16,19
0620257T,23210033413,N,ST,12,19
0620257T,23810020008,N,ST,61,63
0620257T,23810020104,N,ST,16,6
0620257T,23810024304,N,ST,16,8
0620257T,23810025222,N,ST,16,11
0620257T,23810031211,N,ST,71,58
0620257T,23810033007,N,ST,61,59
0620257T,23810033404,N,ST,61,51
0620257T,23810033605,N,ST,46,146
0620256S,23820031212,N,ST,18,2
0620256S,23820031213,N,ST,18,47
0620256S,23810031211,N,ST,36,41
0622196A,23820022106,N,ST,15,0
0622196A,23820025520,N,ST,15,0
0622196A,23820031213,N,ST,35,2
0622196A,23820031214,N,ST,18,1
0622196A,23820033006,N,ST,18,2
0622196A,23820033007,N,ST,30,1
0622196A,23820033403,N,ST,15,0
0622196A,23810020008,N,ST,15,6
0622196A,23810031211,N,ST,18,10
0622196A,23810033006,N,ST,18,6
0622196A,23810033007,N,ST,30,8
0622196A,23810033404,N,ST,30,5
0624250H,23210023220,N,AP,999,1
0624250H,23210023221,N,AP,999,0
0624250H,23210023224,N,AP,999,7
0624250H,23210023311,N,AP,999,1
0624250H,23210023324,N,AP,999,1
0624250H,23210023325,N,AP,999,2
0624250H,23210023326,N,AP,999,4
0624250H,23210023327,N,AP,999,1
0624250H,23810023304,N,AP,999,0
0624444U,23210033615,N,AP,999,15
0624444U,23210033616,N,AP,999,23
0624444U,23810025012,N,AP,999,4
0624473A,23210022137,N,AP,999,18
0624473A,23210022141,N,AP,999,30
0624473A,23210022143,N,AP,999,16
0624473A,23210022144,N,AP,999,6
0624473A,23210023324,N,AP,999,3
0624473A,23210025440,N,AP,999,6
0624473A,23210025524,N,AP,999,5
0624473A,23210031223,N,AP,999,1
0624473A,23210031224,N,AP,999,4
0624473A,23210033616,N,AP,999,1
0624473A,23810022706,N,AP,999,0
0624473A,23810025520,N,AP,999,0
0624473A,23810031213,N,AP,999,1
0624102X,23210022141,N,AP,999,2
0624102X,23210022146,N,AP,999,1
0624102X,23210033002,N,AP,999,0
0624102X,23210033205,N,AP,999,12
0624102X,23210033413,N,AP,999,2
0624102X,23810022106,N,AP,999,0
0624102X,23810025520,N,AP,999,0
0624102X,23810031213,N,AP,999,0
0624102X,23810031214,N,AP,999,1
0624102X,23810033006,N,AP,999,1
0620018H,23820022503,N,ST,15,8
0620018H,23820025214,N,ST,45,47
0620018H,23820025412,N,ST,30,32
0620018H,23820025520,N,ST,15,21
0620018H,23210025440,N,ST,16,44
0620018H,23210025524,N,ST,16,10
0620018H,23810020008,N,ST,16,17
0620018H,23810022503,N,ST,16,3
0620018H,23810025222,N,ST,46,42
0620018H,23810025412,N,ST,31,18
0620027T,23210033002,N,ST,31,28
0623277A,23821021004,N,ST,15,0
0623277A,23211021130,N,AP,999,5
0623277A,23811021112,N,ST,50,24
0620030W,23820025214,N,ST,30,24
0620030W,23820025215,N,ST,15,13
0620030W,23820025412,N,ST,16,16
0620030W,23820030004,N,ST,18,8
0620030W,23820031106,N,ST,18,15
0620030W,23820031107,N,ST,60,60
0620030W,23210031224,N,ST,16,9
0620030W,23810025222,N,ST,46,24
0620030W,23810025412,N,AP,999,4
0620030W,23810025412,N,ST,16,16
0620030W,23810030003,N,ST,36,14
0620229M,23820030004,N,ST,8,7
0620229M,23820033101,N,ST,8,9
0620229M,23820033104,N,ST,8,7
0620229M,23810030003,N,ST,8,15
0620229M,23810033101,N,ST,8,4
0620229M,23810033104,N,ST,8,2
0622276M,23820033006,N,ST,18,18
0622276M,23820033007,N,ST,45,40
0622276M,23210022142,N,ST,12,21
0622276M,23810033006,N,ST,19,39
0622276M,23810033007,N,ST,46,27
0624408E,23210022142,N,AP,999,1
0624408E,23210033205,N,AP,999,4
0623688X,23821021214,N,ST,1,1
0623688X,23211021130,N,AP,999,4
0623688X,23211021130,N,ST,24,25
0623688X,23811021214,N,ST,22,25
0622089J,23820023003,N,ST,15,17
0622089J,23820030004,N,ST,35,29
0622089J,23820031212,N,ST,18,20
0622089J,23820031213,N,ST,70,75
0622089J,23820031214,N,ST,35,38
0622089J,23820034403,N,ST,18,20
0622089J,23210022142,N,ST,37,23
0622089J,23810023003,N,ST,16,22
0622089J,23810024204,N,ST,16,29
0622089J,23810030003,N,ST,36,16
0622089J,23810031211,N,ST,106,122
0622089J,23810034403,N,ST,19,120
0620043K,23820020009,N,ST,16,16
0620043K,23820023405,N,ST,30,21
0620043K,23820025014,N,ST,15,8
0620043K,23820025214,N,ST,16,32
0620043K,23820025215,N,ST,16,6
0620043K,23820025406,N,ST,15,17
0620043K,23820025520,N,ST,30,21
0620043K,23210023447,N,ST,16,16
0620043K,23210023449,N,ST,16,10
0620043K,23210025439,N,ST,16,12
0620043K,23810020006,N,ST,14,7
0620043K,23810020008,N,ST,28,22
0620043K,23810020009,N,ST,16,11
0620043K,23810020103,N,ST,14,8
0620043K,23810023409,N,ST,31,22
0620043K,23810025222,N,ST,31,61
0623130R,23210025524,N,AP,999,1
0623130R,23810025406,N,AP,999,1
0623130R,23810025520,N,AP,999,2
0623121F,23210031224,N,AP,999,6
0623121F,23210033615,N,AP,999,6
0623121F,23210033616,N,AP,999,19
0623121F,23810031213,N,AP,999,2
0623902E,23820022105,N,ST,30,37
0623902E,23820022106,N,ST,30,34
0623902E,23820033007,N,ST,45,52
0623902E,23820033403,N,ST,15,22
0623902E,23210022146,N,ST,24,51
0623902E,23210033413,N,ST,12,7
0623902E,23810022107,N,ST,16,58
0623902E,23810033007,N,ST,31,85
0623902E,23810033404,N,ST,46,51
0623965Y,23210022137,N,AP,999,5
0623965Y,23210022140,N,AP,999,1
0623965Y,23210022142,N,AP,999,1
0623965Y,23210022146,N,AP,999,1
0623965Y,23210033413,N,AP,999,1
0623965Y,23810022105,N,AP,999,8
0623965Y,23810022106,N,AP,999,3
0623965Y,23810033403,N,AP,999,3
0622275L,23820031209,N,ST,15,11
0622275L,23820031212,N,ST,18,10
0622275L,23820031213,N,ST,35,37
0622275L,23820031214,N,ST,18,21
0622275L,23820033007,N,ST,60,64
0622275L,23210022142,N,ST,25,22
0622275L,23210031224,N,ST,46,46
0622275L,23210033002,N,ST,31,21
0622275L,23810022107,N,ST,16,6
0622275L,23810024204,N,ST,16,11
0622275L,23810031211,N,ST,71,57
0622275L,23810033007,N,ST,61,76
0620052V,23820025517,N,ST,30,25
0620052V,23820025519,N,ST,30,43
0620052V,23810020008,N,ST,61,56
0624091K,23210022142,N,AP,999,1
0624091K,23210022146,N,AP,999,3
0624091K,23210031224,N,AP,999,5
0624091K,23210033413,N,AP,999,1
0624100V,23210031224,N,AP,999,1
0620192X,23820025012,N,ST,15,15
0620192X,23820025519,N,ST,30,33
0620192X,23820033006,N,ST,18,29
0620192X,23820033007,N,ST,45,46
0620192X,23210022142,N,ST,49,41
0620192X,23210022146,N,AP,999,0
0620192X,23210033002,N,ST,31,25
0620192X,23210033413,N,ST,25,11
0620192X,23810020008,N,ST,31,18
0620192X,23810020104,N,ST,16,5
0620192X,23810033006,N,ST,19,62
0620192X,23810033007,N,ST,31,52
0622801H,23820023210,N,ST,45,82
0622801H,23820025220,N,ST,30,25
0622801H,23820031107,N,ST,45,45
0622801H,23810020006,N,ST,31,30
0622801H,23810023007,N,ST,16,8
0622801H,23810025222,N,ST,31,11
0620056Z,23820030004,N,ST,18,25
0620056Z,23820031212,N,ST,18,16
0620056Z,23820031213,N,ST,70,73
0620056Z,23810030003,N,ST,19,6
0620056Z,23810031211,N,ST,89,85
0624092L,23810023210,N,AP,999,8
0623278B,23821021203,N,ST,5,1
0623278B,23821033003,N,ST,13,1
0623278B,23211033003,N,ST,30,10
0623278B,23811021203,N,ST,60,39
0623278B,23811033001,N,ST,30,11
0620059C,23820030004,N,ST,18,16
0620059C,23820031212,N,ST,18,11
0620059C,23820031213,N,ST,70,72
0620059C,23820033007,N,ST,75,83
0620059C,23210022142,N,ST,12,16
0620059C,23210031224,N,ST,31,44
0620059C,23210033002,N,ST,16,18
0620059C,23210033205,N,AP,999,12
0620059C,23810030003,N,ST,19,10
0620059C,23810031211,N,ST,71,78
0620059C,23810033007,N,ST,61,98
0622099V,23210023224,N,ST,8,6
0622099V,23210023327,N,AP,999,0
0622099V,23210023327,N,ST,8,14
0622099V,23211021130,N,ST,8,11
0622099V,23211021405,N,ST,8,13
0623463C,23820022707,N,ST,15,8
0623463C,23820023203,N,ST,15,22
0623463C,23820023304,N,ST,15,19
0623463C,23820023405,N,ST,15,9
0623463C,23820023408,N,ST,15,4
0623463C,23820025406,N,ST,15,13
0623463C,23210022715,N,AP,999,0
0623463C,23210022715,N,ST,16,6
0623463C,23210023224,N,AP,999,0
0623463C,23210023224,N,ST,16,18
0623463C,23210025439,N,ST,16,8
0623463C,23810020006,N,ST,46,44
0623463C,23810020008,N,ST,16,6
0623463C,23810023409,N,ST,16,22
0620189U,23820025014,N,ST,15,8
0620189U,23820025214,N,ST,30,36
0620189U,23820025519,N,ST,15,11
0620189U,23820025520,N,ST,30,36
0620189U,23820030004,N,ST,18,21
0620189U,23820031106,N,ST,35,28
0620189U,23820031212,N,ST,18,11
0620189U,23820031213,N,ST,35,39
0620189U,23820031214,N,ST,18,22
0620189U,23820033007,N,ST,60,62
0620189U,23210025440,N,ST,31,32
0620189U,23210025524,N,ST,16,9
0620189U,23810020008,N,ST,46,38
0620189U,23810020103,N,ST,16,18
0620189U,23810025222,N,ST,31,37
0620189U,23810030003,N,ST,71,33
0620189U,23810031211,N,ST,71,72
0620189U,23810033007,N,ST,61,106
0620188T,23820022105,N,ST,33,35
0620188T,23820022106,N,ST,30,45
0620188T,23820025012,N,ST,30,29
0620188T,23820031213,N,ST,53,52
0620188T,23820033403,N,ST,30,10
0620188T,23820034304,N,ST,17,10
0620188T,23210022142,N,ST,26,25
0620188T,23210031224,N,ST,18,29
0620188T,23210033002,N,ST,18,13
0620188T,23210033413,N,ST,17,10
0620188T,23810020104,N,ST,31,21
0620188T,23810022107,N,ST,31,48
0620188T,23810024204,N,ST,18,14
0620188T,23810025012,N,AP,999,1
0620188T,23810031211,N,ST,54,27
0620188T,23810033404,N,ST,61,43
0624141P,23820022004,N,ST,30,24
0624141P,23810020104,N,ST,31,13
0622211S,23820022106,N,ST,15,0
0622211S,23820031213,N,ST,18,0
0622211S,23820033403,N,ST,15,0
0622211S,23820033604,N,ST,15,0
0622211S,23820033606,N,ST,45,2
0622211S,23210033615,N,ST,30,28
0622211S,23810031211,N,ST,18,7
0622211S,23810033404,N,ST,30,6
0622211S,23810033605,N,ST,45,39
0623105N,23210022137,N,AP,999,1
0623105N,23210022141,N,AP,999,0
0623105N,23210022146,N,AP,999,0
0623105N,23210033413,N,AP,999,0
0624497B,23210022142,N,AP,999,0
0624497B,23210022146,N,AP,999,0
0624497B,23210031224,N,AP,999,0
0624497B,23210033413,N,AP,999,0
0623124J,23210022143,N,AP,999,13
0623124J,23210022144,N,AP,999,1
0623124J,23210033616,N,AP,999,17
0623325C,23821021004,N,ST,20,4
0623325C,23811022108,N,ST,15,10
0623325C,23811021001,N,ST,17,15
0623325C,23811021001,N,AP,999,9
0623325C,23811021112,N,ST,56,54
0624373S,23210031224,N,AP,999,3
0623279C,23821021114,N,ST,10,0
0623279C,23821021213,N,ST,10,2
0623279C,23821021405,N,ST,10,0
0623279C,23211021130,N,ST,22,12
0623279C,23811021203,N,ST,20,1
0623279C,23811021114,N,ST,20,5
0623279C,23811021213,N,ST,20,6
0623279C,23811021203,N,AP,999,8
0623279C,23811021405,N,ST,20,10
0620187S,23820023304,N,ST,15,14
0620187S,23820023405,N,ST,15,9
0620187S,23820025520,N,ST,15,12
0620187S,23210023224,N,ST,16,10
0620187S,23210023327,N,ST,16,26
0620187S,23210023449,N,ST,16,10
0620187S,23810020006,N,ST,16,15
0620187S,23810020008,N,ST,16,10
0620187S,23810023409,N,ST,16,4
0622192W,23820031213,N,ST,18,5
0622192W,23820033007,N,ST,30,2
0622192W,23810031211,N,ST,18,7
0622192W,23810033007,N,ST,30,11
0624288Z,23210023006,N,AP,999,3
0624288Z,23210023224,N,AP,999,0
0624288Z,23210023327,N,AP,999,5
0624288Z,23210023329,N,AP,999,1
0624288Z,23210023449,N,AP,999,1
0624493X,23210031224,N,AP,999,1
0624493X,23210033205,N,AP,999,1
0624493X,23210033615,N,AP,999,0
0624493X,23810031213,N,AP,999,0
0624493X,23810031214,N,AP,999,0
0622195Z,23820034403,N,ST,70,0
0622195Z,23810034403,N,ST,70,33
0624526H,23210022142,N,AP,999,0
0624526H,23210023006,N,AP,999,1
0624526H,23210031224,N,AP,999,1
0622150A,23820025520,N,ST,30,1
0622150A,23820031106,N,ST,18,1
0622150A,23820033007,N,ST,30,1
0622150A,23820033101,N,ST,15,0
0622150A,23210031122,N,ST,15,2
0622150A,23210033002,N,ST,15,11
0622150A,23810020008,N,ST,30,8
0622150A,23810024204,N,ST,15,5
0622150A,23810030003,N,ST,18,5
0622150A,23810033007,N,ST,30,19
0622150A,23810033101,N,ST,15,5
0624103Y,23210033205,N,AP,999,1
0623328F,23820022106,N,ST,45,40
0623328F,23820025214,N,ST,45,59
0623328F,23820025411,N,ST,30,27
0623328F,23820030004,N,ST,18,22
0623328F,23820031212,N,ST,18,36
0623328F,23820031213,N,ST,105,134
0623328F,23820033403,N,ST,30,30
0623328F,23820034403,N,ST,18,22
0623328F,23210022146,N,ST,30,59
0623328F,23210025438,N,ST,16,15
0623328F,23210031224,N,ST,31,48
0623328F,23210033413,N,ST,12,14
0623328F,23810020103,N,ST,31,32
0623328F,23810025222,N,ST,46,89
0623328F,23810025413,N,ST,16,23
0623328F,23810030003,N,ST,19,26
0623328F,23810031211,N,ST,123,121
0623328F,23810033404,N,ST,91,85
0623328F,23810034403,N,ST,19,75
0620095S,23820023004,N,ST,15,10
0620095S,23820025012,N,ST,30,8
0620095S,23820025520,N,ST,45,44
0620095S,23210025524,N,ST,16,5
0620095S,23810020008,N,ST,46,43
0620095S,23810020104,N,ST,31,6
0620095S,23810023007,N,ST,31,9
0623373E,23210025437,N,AP,999,0
0623373E,23210025524,N,AP,999,3
0623373E,23810025520,N,AP,999,0
0622318H,23210022142,N,AP,999,1
0622318H,23210022146,N,AP,999,2
0622318H,23210031224,N,AP,999,4
0622318H,23210033413,N,AP,999,4
0622318H,23810031213,N,AP,999,7
0622305U,23210022715,N,AP,999,5
0622305U,23210023223,N,AP,999,13
0622305U,23210023224,N,AP,999,16
0622305U,23210023324,N,AP,999,9
0622305U,23210023325,N,AP,999,4
0622305U,23210023326,N,AP,999,11
0622305U,23210023327,N,AP,999,12
0622305U,23210023328,N,AP,999,4
0622305U,23210023446,N,AP,999,1
0622305U,23210023447,N,AP,999,12
0622305U,23210023449,N,AP,999,7
0624292D,23821021302,N,ST,12,1
0624292D,23211021405,N,AP,999,4
0624292D,23211021405,N,ST,30,23
0624292D,23811021302,N,AP,999,4
0624292D,23811021405,N,AP,999,3
0624292D,23811021405,N,ST,25,6
0624292D,23811021302,N,ST,20,8
0623833E,23821033003,N,ST,5,0
0623833E,23211033003,N,ST,37,32
0623833E,23811033001,N,ST,30,22
0624366J,23210033615,N,AP,999,3
0624366J,23210033616,N,AP,999,4
0620110H,23820023303,N,ST,30,25
0620110H,23820023404,N,ST,14,14
0620110H,23820023407,N,ST,15,18
0620110H,23820025012,N,ST,15,12
0620110H,23820033006,N,ST,53,83
0620110H,23820033007,N,ST,45,71
0620110H,23820034304,N,ST,15,15
0620110H,23210022142,N,ST,24,27
0620110H,23210023446,N,ST,16,5
0620110H,23210023449,N,ST,16,12
0620110H,23810020006,N,ST,31,22
0620110H,23810020104,N,ST,16,16
0620110H,23810023404,N,ST,16,7
0620110H,23810023409,N,ST,16,26
0620110H,23810033006,N,ST,36,102
0620110H,23810033007,N,ST,36,83
0623864N,23820025412,N,ST,45,46
0623864N,23820025519,N,ST,30,48
0623864N,23820030004,N,ST,18,16
0623864N,23820031212,N,ST,18,16
0623864N,23820031213,N,ST,53,65
0623864N,23820033101,N,ST,30,20
0623864N,23210025440,N,AP,999,4
0623864N,23210025440,N,ST,31,43
0623864N,23810020008,N,ST,31,48
0623864N,23810025412,N,ST,46,50
0623864N,23810030003,N,ST,19,12
0623864N,23810031211,N,ST,71,50
0623864N,23810033101,N,ST,31,27
0622114L,23820031213,N,ST,35,0
0622114L,23820032303,N,ST,30,1
0622114L,23810031211,N,ST,18,3
0622114L,23810032303,N,ST,30,11
0623631K,23210031224,N,AP,999,1
0622320K,23210023329,N,AP,999,2
0622320K,23210023449,N,AP,999,1
0624476D,23810025412,N,AP,999,3
0623903F,23210021308,N,ST,12,9
0623903F,23810020007,N,ST,36,18
0622807P,23820022104,N,ST,15,5
0622807P,23820022106,N,ST,30,24
0622807P,23820033403,N,ST,15,22
0622807P,23810022107,N,ST,16,10
0622807P,23810033404,N,ST,46,57
0623465E,23210022146,N,AP,999,10
0623465E,23210033413,N,AP,999,6
0622302R,23210023326,N,AP,999,1
0622302R,23210023326,N,ST,8,7
0622302R,23210023327,N,AP,999,1
0622302R,23210023327,N,ST,8,11
0622302R,23211021130,N,ST,8,12
0623377J,23820022706,N,ST,15,10
0623377J,23820022707,N,ST,15,14
0623377J,23820023004,N,ST,15,6
0623377J,23820023203,N,ST,30,19
0623377J,23820023304,N,ST,15,21
0623377J,23820025517,N,ST,15,3
0623377J,23210023224,N,ST,31,30
0623377J,23210023324,N,ST,16,19
0623377J,23210023327,N,ST,16,27
0623377J,23810020006,N,ST,46,58
0623377J,23810020008,N,ST,31,24
0623377J,23810023007,N,ST,16,5
0620190V,23820025411,N,ST,30,32
0620190V,23820025519,N,ST,30,34
0620190V,23820025520,N,ST,30,45
0620190V,23210025437,N,ST,16,6
0620190V,23210025524,N,ST,16,17
0620190V,23810020008,N,ST,46,60
0620190V,23810020103,N,ST,31,20
0624487R,23210023224,N,AP,999,4
0620121V,23820022706,N,ST,15,9
0620121V,23820023004,N,ST,15,3
0620121V,23820023203,N,ST,15,15
0620121V,23210023324,N,ST,16,16
0620121V,23210025524,N,ST,16,4
0620121V,23810020006,N,ST,16,13
0620121V,23810020008,N,ST,16,5
0620121V,23810023007,N,ST,16,3
0624370N,23210023224,N,AP,999,2
0624370N,23210023324,N,AP,999,4
0624370N,23210025524,N,AP,999,1
0620124Y,23820022706,N,ST,15,4
0620124Y,23820023203,N,ST,15,9
0620124Y,23820023304,N,ST,15,18
0620124Y,23820023404,N,ST,15,6
0620124Y,23210023224,N,ST,31,26
0620124Y,23210023325,N,ST,16,5
0620124Y,23210023327,N,ST,16,26
0620124Y,23210023446,N,ST,16,10
0620124Y,23810020006,N,ST,31,29
0620124Y,23810020008,N,ST,16,12
0620124Y,23810023404,N,ST,16,3
0624262W,23210023224,N,AP,999,4
0624262W,23210023327,N,AP,999,1
0624262W,23210023446,N,AP,999,2
0620131F,23820025411,N,ST,15,12
0620131F,23820031213,N,ST,35,25
0620131F,23820034403,N,ST,18,18
0620131F,23210025437,N,ST,16,11
0620131F,23210031224,N,ST,16,10
0620131F,23810020103,N,ST,16,15
0620131F,23810031211,N,ST,19,21
0620131F,23810034403,N,ST,19,48
0620140R,23820031213,N,ST,53,62
0620140R,23810031211,N,ST,71,76
0624440P,23820025012,N,ST,15,12
0624440P,23820025411,N,ST,15,16
0624440P,23820025520,N,ST,15,7
0624440P,23820031213,N,ST,53,50
0624440P,23210025437,N,ST,16,14
0624440P,23210025524,N,ST,16,13
0624440P,23210031224,N,ST,16,28
0624440P,23810020008,N,ST,16,19
0624440P,23810020103,N,ST,16,20
0624440P,23810020104,N,ST,16,16
0624440P,23810031211,N,ST,54,41
0620150B,23820025406,N,ST,15,13
0620150B,23820025520,N,ST,30,27
0620150B,23820031213,N,ST,54,53
0620150B,23820033007,N,ST,54,45
0620150B,23210022142,N,ST,38,25
0620150B,23210025436,N,ST,16,6
0620150B,23210025524,N,ST,16,24
0620150B,23210031224,N,ST,16,21
0620150B,23810020006,N,ST,16,9
0620150B,23810020008,N,ST,23,31
0620150B,23810031211,N,ST,60,36
0620150B,23810033007,N,ST,44,67
0620221D,23820025214,N,ST,45,37
0620221D,23820025412,N,ST,15,19
0620221D,23820025520,N,ST,15,15
0620221D,23210025440,N,ST,16,22
0620221D,23210025524,N,ST,16,6
0620221D,23810020008,N,ST,16,5
0620221D,23810025222,N,ST,46,39
0620221D,23810025412,N,ST,16,5
0624176C,23210033205,N,AP,999,3
0624176C,23211021130,N,AP,999,12
0624176C,23811021004,N,AP,999,2
0623723K,23821033003,N,ST,8,2
0623723K,23821021004,N,ST,8,3
0623723K,23811021112,N,ST,32,24
0623723K,23811033001,N,ST,32,21
0623786D,23211021237,N,AP,999,3
0624109E,23820020009,N,ST,15,10
0624109E,23820023407,N,ST,30,18
0624109E,23820025012,N,ST,15,12
0624109E,23820025014,N,ST,15,4
0624109E,23820030004,N,ST,18,28
0624109E,23820031114,N,ST,18,9
0624109E,23210023447,N,ST,16,8
0624109E,23810020009,N,ST,16,13
0624109E,23810020103,N,ST,16,10
0624109E,23810020104,N,ST,31,6
0624109E,23810023409,N,ST,31,31
0624109E,23810030003,N,ST,36,40
0622198C,23820025012,N,ST,15,0
0622198C,23820025520,N,ST,15,0
0622198C,23820031212,N,ST,18,0
0622198C,23820031213,N,ST,18,0
0622198C,23820033007,N,ST,30,1
0622198C,23810020008,N,ST,15,1
0622198C,23810020104,N,ST,15,4
0622198C,23810031211,N,ST,35,12
0622198C,23810033007,N,ST,30,26
0623564M,23210025437,N,AP,999,1
0623564M,23210025524,N,AP,999,3
0623564M,23810025520,N,AP,999,5
0623123H,23210022137,N,AP,999,12
0623123H,23210022141,N,AP,999,8
0623123H,23210022142,N,AP,999,1
0623123H,23210022146,N,AP,999,2
0623123H,23210025440,N,AP,999,5
0623123H,23210025441,N,AP,999,0
0623123H,23210031224,N,AP,999,8
0623123H,23210033616,N,AP,999,23
0624499D,25211021106,N,AP,999,0
0624499D,25211021402,N,AP,999,0
0620162P,23820025012,N,ST,30,14
0620162P,23820025014,N,ST,15,11
0620162P,23820025214,N,ST,30,27
0620162P,23820025412,N,ST,30,27
0620162P,23820025519,N,ST,30,29
0620162P,23820025520,N,ST,30,37
0620162P,23820030004,N,ST,18,15
0620162P,23820031212,N,ST,18,15
0620162P,23820031213,N,ST,54,56
0620162P,23820033007,N,ST,45,50
0620162P,23820034304,N,ST,15,13
0620162P,23210022142,N,ST,24,19
0620162P,23210025524,N,ST,16,19
0620162P,23210033002,N,ST,16,22
0620162P,23810020008,N,ST,61,49
0620162P,23810020103,N,ST,16,12
0620162P,23810020104,N,ST,31,17
0620162P,23810025222,N,ST,31,45
0620162P,23810025412,N,ST,31,24
0620162P,23810030003,N,ST,19,14
0620162P,23810031211,N,ST,71,86
0620162P,23810033007,N,ST,31,66
0622199D,23820031213,N,ST,18,0
0622199D,23810031211,N,ST,18,5
0623801V,23210031224,N,AP,999,4
0624275K,23210025437,N,AP,999,2
0620167V,23820025012,N,ST,15,5
0620167V,23820025520,N,ST,15,11
0620167V,23820031212,N,ST,18,12
0620167V,23820031213,N,ST,35,42
0620167V,23820033006,N,ST,18,22
0620167V,23820033007,N,ST,30,26
0620167V,23210025524,N,ST,16,10
0620167V,23210031224,N,ST,30,34
0620167V,23210033002,N,ST,16,13
0620167V,23810020008,N,ST,16,9
0620167V,23810020104,N,ST,31,17
0620167V,23810031211,N,ST,54,51
0620167V,23810033006,N,ST,19,22
0620167V,23810033007,N,ST,31,19
0620220C,23820025520,N,ST,18,11
0620220C,23820031106,N,ST,54,39
0620220C,23820031212,N,ST,18,7
0620220C,23820031213,N,ST,20,30
0620220C,23820031214,N,ST,20,6
0620220C,23210031122,N,ST,31,24
0620220C,23210031224,N,ST,31,26
0620220C,23810020008,N,ST,18,10
0620220C,23810030003,N,ST,36,17
0620220C,23810031211,N,ST,36,11
0623734X,23821021004,N,ST,30,0
0623734X,23210025223,N,AP,999,6
0623734X,23210031223,N,AP,999,4
0623734X,23211021130,N,AP,999,1
0623734X,23211021130,N,ST,30,16
0623734X,23811021004,N,AP,999,2
0623734X,23811021112,N,ST,30,13
0623280D,23821021001,N,ST,10,1
0623280D,23820025219,N,ST,10,1
0623280D,23210025221,N,AP,999,9
0623280D,23210025222,N,AP,999,1
0623280D,23210025223,N,AP,999,2
0623280D,23211021130,N,AP,999,10
0623280D,23211021130,N,ST,30,13
0623280D,23811021001,N,ST,35,24
0623280D,23810025219,N,AP,999,16
0623280D,23810025220,N,AP,999,2
0623280D,23810025221,N,AP,999,0
0623280D,23810025222,N,ST,35,15
0624184L,23211021130,N,AP,999,9
0624184L,23211021405,N,AP,999,14
0624184L,23811021004,N,AP,999,7
0624184L,23811021405,N,AP,999,5
0622257S,23811021112,N,ST,28,18
0620258U,23820025012,N,ST,30,22
0620258U,23820025406,N,ST,15,18
0620258U,23820025520,N,ST,30,29
0620258U,23820030004,N,ST,18,17
0620258U,23820031213,N,ST,70,72
0620258U,23210025439,N,ST,16,6
0620258U,23210025524,N,ST,16,19
0620258U,23210031224,N,ST,31,35
0620258U,23810020006,N,ST,16,15
0620258U,23810020008,N,ST,31,39
0620258U,23810020104,N,ST,31,9
0620258U,23810024204,N,ST,16,27
0620258U,23810030003,N,ST,19,19
0620258U,23810031211,N,ST,71,67
Total établissements sélectionnés - département PAS-DE-CALAIS,,,,224129,26722
0630001J,23820030004,N,ST,18,14
0630001J,23820033007,N,ST,30,26
0630001J,23210023443,N,AP,0,0
0630001J,23210023446,N,AP,999,0
0630001J,23210023446,N,ST,12,2
0630001J,23210033002,N,AP,999,0
0630001J,23210033002,N,ST,12,4
0630001J,23810030003,N,ST,18,11
0630001J,23810033007,N,ST,30,14
0631687S,23210022137,N,AP,999,4
0631687S,23210022141,N,AP,999,3
0630012W,23820031213,N,ST,20,23
0630012W,23820031214,N,ST,10,9
0630012W,23210022141,N,AP,999,1
0630012W,23210022141,N,ST,12,48
0630012W,23210022142,N,AP,999,0
0630012W,23210022142,N,ST,12,11
0630012W,23210022145,N,AP,999,0
0630012W,23210022145,N,ST,12,9
0630012W,23210022146,N,AP,999,1
0630012W,23210022146,N,ST,12,21
0630012W,23210031224,N,AP,999,1
0630012W,23210031224,N,ST,12,27
0630012W,23210033413,N,AP,999,0
0630012W,23210033413,N,ST,12,7
0630012W,23810031211,N,ST,30,42
0631669X,23820022106,N,ST,36,45
0631669X,23820033403,N,ST,36,33
0631669X,23210022142,N,ST,24,26
0631669X,23810033404,N,ST,72,93
0630003L,23210033616,N,AP,999,1
0632052N,23810020008,N,ST,9,10
0632052N,23810020103,N,ST,9,10
0632052N,23810020104,N,ST,36,18
0631939R,23210033615,N,AP,999,0
0631939R,23210033616,N,AP,999,1
0632091F,23820025519,N,ST,30,46
0632091F,23820025520,N,ST,24,29
0632091F,23820033006,N,ST,24,54
0632091F,23820033007,N,ST,60,84
0632091F,23820033604,N,ST,24,25
0632091F,23820033606,N,ST,24,33
0632091F,23820034304,N,ST,15,15
0632091F,23820034403,N,ST,48,66
0632091F,23210033615,N,ST,12,41
0632091F,23210033616,N,ST,12,59
0632091F,23210034405,N,ST,15,52
0632091F,23810020008,N,ST,54,105
0632091F,23810033006,N,ST,24,83
0632091F,23810033007,N,ST,60,106
0632091F,23810033605,N,ST,48,100
0632091F,23810034403,N,ST,39,107
0630024J,23820030004,N,ST,30,40
0630024J,23820031212,N,ST,24,25
0630024J,23820031213,N,ST,60,64
0630024J,23820031214,N,ST,30,48
0630024J,23210031224,N,ST,24,56
0630024J,23810030003,N,ST,30,37
0630024J,23810031211,N,ST,108,157
0630022G,23820025014,N,ST,15,5
0630022G,23820025302,N,ST,12,16
0630022G,23820025303,N,ST,12,32
0630022G,23820025304,N,ST,24,22
0630022G,23820025411,N,ST,24,28
0630022G,23820025412,N,ST,20,17
0630022G,23820033104,N,ST,15,16
0630022G,23210022510,N,AP,999,0
0630022G,23210023445,N,ST,15,12
0630022G,23210025307,N,AP,999,0
0630022G,23210025307,N,ST,12,19
0630022G,23210025437,N,AP,999,0
0630022G,23210025437,N,ST,12,15
0630022G,23210025440,N,ST,10,29
0630022G,23810020103,N,ST,39,18
0630022G,23810025307,N,ST,48,93
0630022G,23810025412,N,ST,20,27
0630022G,23810025413,N,ST,10,4
0630022G,23810033104,N,ST,15,44
0630021F,23820025012,N,ST,28,31
0630021F,23820025520,N,ST,28,31
0630021F,23820032207,N,ST,15,14
0630021F,23820032208,N,ST,12,13
0630021F,23820032303,N,ST,15,20
0630021F,23820032304,N,ST,15,23
0630021F,23210025524,N,ST,12,34
0630021F,23810020008,N,ST,28,43
0630021F,23810020104,N,ST,28,13
0630021F,23810032210,N,ST,24,15
0630021F,23810032303,N,ST,15,60
0630021F,23810032304,N,ST,15,42
0631048X,23210033616,N,ST,60,17
0631737W,23820030004,N,ST,22,27
0631737W,23810030003,N,ST,22,21
0631050Z,23820030004,N,ST,30,26
0631050Z,23820033006,N,ST,12,13
0631050Z,23210033205,N,ST,30,33
0631050Z,23810030003,N,ST,30,13
0631050Z,23810033006,N,ST,12,20
0631736V,23C10023305,N,ST,15,14
0631736V,23820022403,N,ST,15,13
0631736V,23820025012,N,ST,15,9
0631736V,23820025014,N,ST,15,10
0631736V,23820025520,N,ST,30,22
0631736V,23820032303,N,ST,25,24
0631736V,23810022404,N,ST,15,3
0631736V,23210025524,N,ST,12,9
0631736V,23810020008,N,ST,30,9
0631736V,23810020103,N,ST,15,3
0631736V,23810020104,N,ST,15,4
0631736V,23810022404,N,ST,15,10
0631736V,23810032303,N,ST,25,23
0631408N,23820031212,N,ST,18,7
0631408N,23820031213,N,ST,11,16
0631408N,23820031214,N,ST,11,22
0631408N,23820033007,N,ST,30,26
0631408N,23210031224,N,ST,12,8
0631408N,23210033002,N,ST,6,3
0631408N,23810031211,N,ST,40,39
0631408N,23810033007,N,ST,30,14
0631243J,23210022714,N,AP,999,2
0631243J,23210022715,N,AP,999,9
0631243J,23210023224,N,AP,999,14
0631243J,23210023324,N,AP,999,13
0631243J,23210023326,N,AP,999,8
0631243J,23210023327,N,AP,999,9
0631243J,23210025439,N,AP,999,2
0631243J,23210025524,N,AP,999,14
0631243J,23810022706,N,AP,999,0
0631243J,23810022707,N,AP,999,2
0631243J,23810025517,N,AP,999,0
0631243J,23810025520,N,AP,999,5
0631450J,23210022137,N,AP,999,17
0631450J,23210022141,N,AP,999,32
0631450J,23210022142,N,AP,999,3
0631450J,23210022143,N,AP,999,15
0631450J,23210022144,N,AP,999,4
0631450J,23210022146,N,AP,999,31
0631450J,23210025221,N,AP,999,0
0631450J,23210025222,N,AP,999,3
0631450J,23210025223,N,AP,999,1
0631450J,23210025440,N,AP,999,22
0631450J,23210031123,N,AP,999,2
0631450J,23210031224,N,AP,999,42
0631450J,23210033205,N,AP,999,20
0631450J,23210033413,N,AP,999,12
0631450J,23210033615,N,AP,999,11
0631450J,23210033616,N,AP,999,22
0631450J,23810023406,N,AP,999,1
0631450J,23810025412,N,AP,999,7
0631450J,23810031212,N,AP,999,1
0631450J,23810031213,N,AP,999,15
0631450J,23810031214,N,AP,999,4
0631450J,23810033007,N,AP,999,1
0630081W,,O,ST,0,8
0630081W,,O,ST,0,3
0630081W,,O,ST,0,9
0630081W,,O,ST,0,13
0630081W,,O,ST,0,86
0630081W,,O,ST,0,55
0630081W,,O,ST,0,5
0630081W,,O,ST,0,184
0630081W,,O,ST,0,93
0630081W,,O,ST,0,5
0630081W,,O,ST,0,12
0630081W,,O,ST,0,7
0630081W,,O,ST,0,4
0630081W,,O,ST,0,74
0630081W,,O,ST,0,4
0630081W,,O,ST,0,58
0630081W,,O,ST,0,2
0630081W,,O,ST,0,3
0630081W,,O,ST,0,156
0630081W,,O,ST,0,6
0630081W,,O,ST,0,2
0630081W,,O,ST,0,7
0630081W,,O,ST,0,0
0630081W,,O,ST,0,4
0630081W,,O,ST,0,1
0630081W,,O,ST,0,0
0630081W,,O,ST,0,0
0630081W,,O,ST,0,0
0630081W,,O,ST,0,0
0630081W,,O,ST,0,3
0630081W,,O,ST,0,4
0631517G,23210021308,N,AP,999,55
0632002J,23210033615,N,AP,999,6
0632002J,23210033616,N,AP,999,0
0632002J,23810033606,N,AP,999,5
0631959M,23210031122,N,AP,999,3
0631968X,23210020101,N,AP,999,0
0631968X,23210025437,N,AP,999,4
0631968X,23210025438,N,AP,999,1
0631968X,23810020102,N,AP,999,0
0631968X,23810025012,N,AP,999,2
0631968X,23810025013,N,AP,999,0
0631968X,23810025014,N,AP,999,0
0631968X,23810025411,N,AP,999,2
0631561E,23821033003,N,ST,32,2
0631561E,23211033003,N,ST,16,16
0631561E,23811033001,N,ST,32,21
0631686R,23821021004,N,ST,18,2
0631686R,23211021130,N,AP,999,4
0631686R,23211021130,N,ST,12,2
0631686R,23811021004,N,AP,999,2
0631686R,23811021112,N,ST,25,11
0631686R,23811022108,N,AP,999,0
0630041C,23820025012,N,ST,15,11
0630041C,23820025411,N,ST,15,15
0630041C,23820025520,N,ST,24,22
0630041C,23820030004,N,ST,24,18
0630041C,23210025524,N,AP,999,0
0630041C,23210025524,N,ST,12,15
0630041C,23810020008,N,ST,24,9
0630041C,23810020103,N,ST,15,15
0630041C,23810020104,N,ST,15,7
0630041C,23810030003,N,ST,24,20
0631162W,23821021004,N,ST,18,0
0631162W,23821021211,N,ST,18,2
0631162W,23811021112,N,ST,25,14
0631162W,23811021211,N,ST,25,14
0631904C,23210031223,N,AP,999,12
0631904C,23211021130,N,AP,999,7
0631904C,23211021405,N,AP,999,27
0631904C,23211022108,N,AP,999,1
0631904C,23811021004,N,AP,999,5
0631904C,23811021405,N,AP,999,9
0630984C,23821021004,N,ST,36,1
0630984C,23821021114,N,ST,18,0
0630984C,23821021405,N,ST,32,11
0630984C,23821021407,N,ST,18,2
0630984C,23811021112,N,ST,17,9
0630984C,23811021112,N,ST,17,13
0630984C,23811021112,N,ST,17,28
0630984C,23811021404,N,ST,34,50
0630984C,23811022103,N,ST,17,6
0631560D,23821033003,N,ST,18,1
0631560D,23211033003,N,ST,25,6
0631560D,23811033001,N,ST,25,14
0631457S,23821021203,N,ST,32,2
0631457S,23811022103,N,ST,32,48
0631480S,23820025214,N,ST,36,54
0631480S,23820025215,N,ST,24,19
0631480S,23820031106,N,ST,15,21
0631480S,23820031107,N,ST,24,26
0631480S,23820031114,N,ST,15,9
0631480S,23210031122,N,ST,15,33
0631480S,23810025222,N,ST,60,85
0631480S,23810030003,N,ST,30,28
0630054S,23820023003,N,ST,15,20
0630054S,23820024202,N,ST,15,18
0630054S,23820030004,N,ST,30,25
0630054S,23820031213,N,ST,30,40
0630054S,23820031214,N,ST,15,31
0630054S,23210022142,N,AP,999,0
0630054S,23210022142,N,ST,24,18
0630054S,23210024240,N,AP,999,3
0630054S,23210024240,N,ST,15,29
0630054S,23210031224,N,AP,999,4
0630054S,23210031224,N,ST,24,33
0630054S,23810023003,N,ST,15,24
0630054S,23810024202,N,ST,15,13
0630054S,23810024204,N,ST,30,55
0630054S,23810030003,N,ST,30,30
0630054S,23810031211,N,ST,45,64
0631985R,23820022706,N,ST,15,12
0631985R,23820022707,N,ST,15,19
0631985R,23820023004,N,ST,15,12
0631985R,23820023005,N,ST,15,18
0631985R,23820023203,N,ST,15,8
0631985R,23820023210,N,ST,15,19
0631985R,23820023304,N,ST,15,18
0631985R,23820023404,N,ST,15,17
0631985R,23820023405,N,ST,15,13
0631985R,23820025517,N,ST,15,15
0631985R,23210022714,N,AP,999,0
0631985R,23210022715,N,AP,999,0
0631985R,23210022715,N,ST,12,13
0631985R,23210023324,N,AP,999,2
0631985R,23210023324,N,ST,12,11
0631985R,23210023326,N,AP,999,2
0631985R,23210023327,N,ST,12,39
0631985R,23210023446,N,AP,999,0
0631985R,23210023446,N,ST,15,7
0631985R,23810020006,N,ST,45,67
0631985R,23810020008,N,ST,45,33
0631985R,23810023007,N,ST,45,44
0631985R,23810023404,N,ST,15,15
0631985R,23810023409,N,ST,15,12
0631225P,23821021004,N,ST,18,0
0631225P,23821021302,N,ST,18,2
0631225P,23811021112,N,ST,18,8
0631225P,23811021404,N,ST,18,22
0632108Z,23210022137,N,AP,999,3
0630665F,23210022715,N,AP,999,0
0630665F,23210022715,N,ST,8,5
0630665F,23210023006,N,AP,999,0
0630665F,23210023224,N,AP,999,2
0630665F,23210023224,N,ST,8,11
0630665F,23210023324,N,ST,8,11
0630665F,23210023325,N,AP,999,1
0630665F,23210023325,N,ST,8,2
0630665F,23210023326,N,AP,999,1
0630665F,23210023326,N,ST,8,5
0630665F,23211021405,N,ST,8,11
0632097M,23210033615,N,AP,999,7
0630061Z,23820020009,N,ST,12,10
0630061Z,23820020102,N,ST,9,7
0630061Z,23820024302,N,ST,24,29
0630061Z,23820025012,N,ST,9,5
0630061Z,23210024323,N,AP,999,0
0630061Z,23210024323,N,ST,12,15
0630061Z,23810020009,N,ST,10,10
0630061Z,23810020104,N,ST,20,8
0630061Z,23810024304,N,ST,24,17
0632067E,23211021130,N,AP,999,14
0631223M,23821021214,N,ST,32,11
0631223M,23811021214,N,ST,32,111
0630078T,23820022503,N,ST,12,7
0630078T,23820025520,N,ST,12,16
0630078T,23820031212,N,ST,18,12
0630078T,23820031213,N,ST,18,28
0630078T,23820031214,N,ST,6,9
0630078T,23210022142,N,AP,999,0
0630078T,23210022142,N,ST,24,13
0630078T,23210023447,N,AP,999,0
0630078T,23210023447,N,ST,6,6
0630078T,23210023449,N,ST,6,5
0630078T,23210025437,N,AP,999,0
0630078T,23210025437,N,ST,12,5
0630078T,23210031224,N,AP,999,1
0630078T,23210031224,N,ST,24,31
0630078T,23810020008,N,ST,12,11
0630078T,23810022503,N,ST,12,2
0630078T,23810031211,N,ST,36,38
0631967W,23210025108,N,AP,999,4
0631582C,23211021405,N,AP,999,5
0631582C,23211021405,N,ST,20,8
0631582C,23211033003,N,AP,999,2
0631582C,23211033003,N,ST,25,4
0631595S,23821033003,N,ST,20,1
0631595S,23210033205,N,AP,999,4
0631595S,23811033001,N,ST,25,4
Total établissements sélectionnés - département PUY-DE-DOME,,,,120489,13538
0641807S,23210033616,N,AP,999,6
0640001D,23820022707,N,ST,15,14
0640001D,23820023004,N,ST,15,15
0640001D,23820023104,N,ST,15,16
0640001D,23820023203,N,ST,15,20
0640001D,23820023304,N,ST,15,12
0640001D,23820023404,N,ST,15,15
0640001D,23820025406,N,ST,15,15
0640001D,23820025517,N,ST,15,23
0640001D,23210022715,N,ST,15,14
0640001D,23210023326,N,ST,15,21
0640001D,23210023327,N,ST,12,33
0640001D,23210023447,N,ST,12,18
0640001D,23810020006,N,ST,45,49
0640001D,23810020008,N,ST,30,25
0640001D,23810023007,N,ST,30,43
0640001D,23810023404,N,ST,15,23
0641663K,23210034002,N,ST,15,8
0641663K,23810033006,N,ST,30,13
0641663K,23810033007,N,ST,30,24
0642033M,23210022141,N,AP,999,6
0642033M,23210023223,N,AP,999,1
0642033M,23210023325,N,AP,999,7
0642033M,23210023327,N,AP,999,13
0642033M,23210023446,N,AP,999,12
0642033M,23210023447,N,AP,999,10
0642033M,23210025439,N,AP,999,7
0641409J,23210025524,N,AP,999,0
0641409J,23810025014,N,AP,999,16
0641409J,23810025520,N,AP,999,8
0641534V,23821021004,N,ST,45,9
0641534V,23821021114,N,ST,20,0
0641534V,23821022105,N,ST,25,5
0641534V,23211021237,N,ST,24,15
0641534V,23211021405,N,ST,15,14
0641534V,23211033003,N,ST,15,14
0641534V,23811021112,N,ST,16,5
0641534V,23811021112,N,ST,26,16
0641534V,23811022104,N,ST,16,7
0640013S,23820030004,N,ST,15,20
0640013S,23820031212,N,ST,15,22
0640013S,23820031213,N,ST,30,39
0640013S,23820031214,N,ST,30,49
0640013S,23820033006,N,ST,30,39
0640013S,23820033007,N,ST,30,41
0640013S,23210022142,N,ST,12,16
0640013S,23210031224,N,ST,24,35
0640013S,23810030003,N,ST,15,9
0640013S,23810031211,N,ST,75,102
0640013S,23810033006,N,ST,30,45
0640013S,23810033007,N,ST,30,51
0640011P,23820023407,N,ST,15,14
0640011P,23820023408,N,ST,15,21
0640011P,23820025014,N,ST,15,14
0640011P,23210025524,N,ST,15,10
0640011P,23810020103,N,ST,15,14
0640011P,23810023409,N,ST,30,32
0641907A,23810031211,N,ST,20,6
0641907A,23810033006,N,ST,20,10
0640179X,23210033002,N,ST,12,7
0640179X,23810030003,N,ST,15,12
0640179X,23810033605,N,ST,45,44
0640235H,23210022146,N,AP,999,13
0640235H,23210031224,N,AP,999,23
0640235H,23210033413,N,AP,999,6
0642018W,23210031122,N,AP,999,3
0641519D,23210022137,N,AP,999,8
0641519D,23210022141,N,AP,999,7
0641519D,23210022143,N,AP,999,10
0641519D,23210022144,N,AP,999,0
0641519D,23210022145,N,AP,999,1
0641519D,23210024240,N,AP,999,0
0641519D,23210024241,N,AP,999,0
0641519D,23210025225,N,AP,999,22
0641519D,23210025227,N,AP,999,10
0641519D,23210025440,N,AP,999,5
0641519D,23210025441,N,AP,999,2
0641519D,23210033616,N,AP,999,7
0641519D,23810025224,N,AP,999,9
0641538Z,23821021004,N,ST,20,0
0641538Z,23821021203,N,ST,10,2
0641538Z,23821021214,N,ST,10,2
0641538Z,23821033003,N,ST,10,2
0641538Z,23811021112,N,ST,25,16
0641538Z,23811022103,N,ST,30,24
0641538Z,23811021112,N,ST,27,39
0641538Z,23811033003,N,ST,22,9
0641823J,23820022105,N,ST,24,30
0641823J,23820022106,N,ST,36,44
0641823J,23820033403,N,ST,36,39
0641823J,23210022146,N,ST,12,21
0641823J,23810022107,N,ST,24,45
0641823J,23810033404,N,ST,72,74
0642147L,23210022142,N,AP,999,0
0642147L,23210022146,N,AP,999,4
0642147L,23210022714,N,AP,999,1
0642147L,23210022715,N,AP,999,0
0642147L,23210025524,N,AP,999,1
0642147L,23210033002,N,AP,999,1
0642147L,23810022106,N,AP,999,2
0642147L,23810022706,N,AP,999,0
0642147L,23810022707,N,AP,999,1
0642147L,23810025520,N,AP,999,2
0642147L,23810030004,N,AP,999,1
0642147L,23810031213,N,AP,999,5
0642147L,23810033403,N,AP,999,1
0641770B,23210021308,N,ST,12,6
0641770B,23810020007,N,ST,52,27
0640098J,23820023408,N,ST,15,17
0640098J,23820024202,N,ST,12,13
0640098J,23210023430,N,ST,12,11
0640098J,23210023445,N,ST,36,27
0640098J,23810023409,N,ST,15,24
0640098J,23810024202,N,ST,12,5
0640026F,23820022707,N,ST,15,12
0640026F,23820023203,N,ST,15,12
0640026F,23820023303,N,ST,15,6
0640026F,23820023404,N,ST,12,8
0640026F,23820023405,N,ST,12,10
0640026F,23820025411,N,ST,15,19
0640026F,23210023225,N,AP,999,4
0640026F,23210023327,N,ST,12,21
0640026F,23210025524,N,AP,999,3
0640026F,23210025524,N,ST,12,13
0640026F,23810020006,N,ST,30,9
0640026F,23810020008,N,ST,15,7
0640026F,23810020103,N,ST,15,12
0640026F,23810023404,N,ST,12,7
0640026F,23810023409,N,ST,12,14
0641535W,23821021001,N,ST,18,0
0641535W,23821021405,N,ST,30,2
0641535W,23811021112,N,ST,45,13
0641535W,23811021404,N,ST,45,19
0640181Z,23210022714,N,ST,15,2
0640181Z,23810020008,N,ST,66,42
0640181Z,23810020009,N,ST,7,13
0640181Z,23810020103,N,ST,10,11
0640181Z,23810020104,N,ST,15,8
0641752G,23211021130,N,AP,999,14
0641752G,23211021405,N,AP,999,18
0641752G,23211033003,N,AP,999,4
0640028H,23820033604,N,ST,15,19
0640028H,23820033606,N,ST,45,41
0640028H,23210033002,N,ST,15,12
0640028H,23210033616,N,ST,28,24
0640028H,23810033605,N,ST,60,62
0641665M,23210031224,N,ST,15,7
0641665M,23810031211,N,ST,15,12
0641665M,23810033605,N,ST,20,16
0640031L,23820024204,N,ST,15,17
0640031L,23820025014,N,ST,12,8
0640031L,23820025214,N,ST,20,29
0640031L,23820025215,N,ST,10,9
0640031L,23820025412,N,ST,10,9
0640031L,23820025520,N,ST,12,18
0640031L,23820031107,N,ST,24,27
0640031L,23210025225,N,ST,10,46
0640031L,23210025441,N,ST,10,12
0640031L,23210031122,N,ST,12,16
0640031L,23810020008,N,ST,12,10
0640031L,23810020103,N,ST,12,8
0640031L,23810024204,N,ST,15,23
0640031L,23810025222,N,ST,30,34
0640031L,23810025412,N,ST,10,11
0640031L,23810030003,N,ST,12,11
0640031L,23810031117,N,ST,24,46
0642047C,23210023223,N,AP,999,2
0642047C,23210023224,N,AP,999,2
0642047C,23210023325,N,AP,999,2
0642047C,23210023327,N,AP,999,1
0642047C,23210023446,N,AP,999,3
0642047C,23210023447,N,AP,999,1
0640040W,23820025216,N,ST,20,27
0640040W,23820025219,N,ST,10,14
0640040W,23820025220,N,ST,10,8
0640040W,23820025221,N,ST,10,8
0640040W,23210025221,N,ST,10,7
0640040W,23210025222,N,ST,10,6
0640040W,23210025227,N,ST,10,19
0640040W,23810025222,N,ST,50,54
0641642M,23821021004,N,ST,28,11
0641642M,23821033003,N,ST,30,4
0641642M,23811021112,N,ST,30,17
0641642M,23811033003,N,ST,30,7
0640042Y,23820022104,N,ST,12,12
0640042Y,23820022105,N,ST,24,23
0640042Y,23820022106,N,ST,24,22
0640042Y,23820033006,N,ST,15,27
0640042Y,23820033007,N,ST,30,36
0640042Y,23820033403,N,ST,24,21
0640042Y,23210022141,N,ST,12,34
0640042Y,23210022142,N,ST,12,17
0640042Y,23210022146,N,AP,999,11
0640042Y,23210022146,N,ST,12,18
0640042Y,23210033413,N,AP,999,10
0640042Y,23810022107,N,ST,36,39
0640042Y,23810033006,N,ST,15,22
0640042Y,23810033007,N,ST,30,37
0640042Y,23810033404,N,ST,48,45
0640079N,23820022004,N,ST,15,18
0640079N,23820034403,N,ST,18,28
0640079N,23210034405,N,ST,12,16
0640079N,23810020104,N,ST,15,19
0640079N,23810034403,N,ST,15,54
0640254D,23821021004,N,ST,12,3
0640254D,23821021302,N,ST,32,3
0640254D,23821033003,N,ST,12,1
0640254D,23211021405,N,AP,999,15
0640254D,23811021112,N,ST,22,10
0640254D,23811021404,N,ST,32,24
0640254D,23811033003,N,ST,10,12
0640050G,23820031213,N,ST,30,32
0640050G,23820033007,N,ST,30,26
0640050G,23210031224,N,ST,15,19
0640050G,23210033002,N,ST,15,9
0640050G,23810031211,N,ST,30,19
0640050G,23810033007,N,ST,30,23
0640049F,23820025012,N,ST,15,17
0640049F,23820025013,N,ST,15,7
0640049F,23820025519,N,ST,24,22
0640049F,23820025520,N,ST,15,10
0640049F,23810020008,N,ST,39,21
0640049F,23810020103,N,ST,15,16
0640049F,23810020104,N,ST,15,13
0640253C,23821021004,N,ST,27,4
0640253C,23821021405,N,ST,32,3
0640253C,23811021112,N,ST,32,30
0640253C,23811021404,N,ST,32,32
0640053K,23820030004,N,ST,15,10
0640053K,23820031213,N,ST,30,26
0640053K,23820033007,N,ST,30,35
0640053K,23810030003,N,ST,15,13
0640053K,23810031211,N,ST,30,50
0640053K,23810033007,N,ST,30,42
0640080P,23820025012,N,ST,15,11
0640080P,23820025520,N,ST,15,10
0640080P,23820032304,N,ST,30,32
0640080P,23810020008,N,ST,15,10
0640080P,23810020104,N,ST,15,7
0640080P,23810032304,N,ST,30,28
0649999W,,O,ST,0,8
0649999W,,O,ST,0,11
0649999W,,O,ST,0,1
0649999W,,O,AP,0,19
0649999W,,O,ST,0,168
0649999W,,O,ST,0,25
0649999W,,O,ST,0,20
0649999W,,O,ST,0,66
0641900T,23210033615,N,AP,999,3
0641900T,23210033616,N,AP,999,4
0640058R,23820030004,N,ST,30,31
0640058R,23820031212,N,ST,30,19
0640058R,23820031213,N,ST,30,56
0640058R,23820031214,N,ST,15,33
0640058R,23820032303,N,ST,30,45
0640058R,23210031224,N,ST,24,45
0640058R,23810030003,N,ST,30,29
0640058R,23810031211,N,ST,75,109
0640058R,23810032303,N,ST,30,58
0640057P,23820025519,N,ST,30,44
0640057P,23210031224,N,AP,999,13
0640057P,23810020008,N,ST,30,37
0640057P,23810031213,N,AP,999,12
0641664L,23210022715,N,ST,12,12
0641664L,23210025524,N,ST,12,10
0641664L,23810020008,N,ST,30,20
0641664L,23810020103,N,ST,15,12
0641664L,23810020104,N,ST,30,8
0640184C,23210031224,N,ST,12,18
0640184C,23810030003,N,ST,30,23
0640184C,23810031211,N,ST,15,37
0640184C,23810033006,N,ST,30,29
0640184C,23810033007,N,ST,30,32
0640189H,23210022142,N,ST,12,9
0640189H,23210022146,N,ST,15,10
0640189H,23210033002,N,ST,24,15
0640189H,23810033404,N,ST,24,21
0641395U,23210022715,N,AP,999,6
0641395U,23210023224,N,AP,999,9
0641395U,23210023324,N,AP,999,7
0641395U,23210023325,N,AP,999,1
0641395U,23210023326,N,AP,999,3
0641395U,23210023327,N,AP,999,13
0641395U,23210023446,N,AP,999,9
0641395U,23210023447,N,AP,999,4
0641395U,23210025524,N,AP,999,6
0640239M,23210022137,N,AP,999,12
0640239M,23210022141,N,AP,999,12
0640239M,23210022143,N,AP,999,2
0640239M,23210022144,N,AP,999,0
0640239M,23210025225,N,AP,999,18
0640239M,23210025440,N,AP,999,8
0640239M,23210033615,N,AP,999,7
0640239M,23210033616,N,AP,999,15
0640239M,23810025224,N,AP,999,9
0640066Z,23820024204,N,ST,30,35
0640066Z,23820025519,N,ST,18,18
0640066Z,23820025519,N,ST,6,4
0640066Z,23820031106,N,ST,15,19
0640066Z,23820031114,N,ST,15,12
0640066Z,23210024240,N,ST,15,14
0640066Z,23210024323,N,ST,12,14
0640066Z,23210031122,N,ST,12,16
0640066Z,23810020008,N,ST,18,10
0640066Z,23810024204,N,ST,30,25
0640066Z,23810020008,N,ST,6,12
0640066Z,23810030003,N,ST,30,12
0641542D,23821021004,N,ST,22,0
0641542D,23821033003,N,ST,23,0
0641542D,23820031212,N,ST,16,2
0641542D,23811021112,N,ST,22,24
0641542D,23811033003,N,ST,23,19
0641542D,23810031211,N,ST,16,2
0641844G,23820022106,N,ST,12,18
0641844G,23820023405,N,ST,15,11
0641844G,23820033403,N,ST,12,7
0641844G,23210022141,N,ST,12,21
0641844G,23810023409,N,ST,15,8
0641844G,23810033404,N,ST,24,23
0641545G,23821021004,N,ST,25,3
0641545G,23811021112,N,ST,25,20
0641547J,23821021213,N,ST,12,0
0641547J,23821021302,N,ST,20,2
0641547J,23211021130,N,ST,16,5
0641547J,23811021112,N,ST,22,9
0641547J,23811021404,N,ST,16,10
0641548K,23821033003,N,ST,34,4
0641548K,23820034303,N,ST,12,0
0641548K,23811033003,N,ST,45,13
0641548K,23810034307,N,ST,45,0
0641705F,23210031224,N,ST,15,10
0641705F,23810031211,N,ST,60,46
0641705F,23810033007,N,ST,30,26
Total établissements sélectionnés - département PYRENEES-ATLANTIQUES,,,,89570,12413
0660924W,23820022105,N,ST,24,26
0660924W,23820022106,N,ST,24,26
0660924W,23820033403,N,ST,24,21
0660924W,23210022137,N,ST,24,13
0660924W,23210022141,N,ST,24,38
0660924W,23210022146,N,AP,999,9
0660924W,23210022146,N,ST,24,43
0660924W,23210033413,N,ST,24,18
0660924W,23810022107,N,ST,24,36
0660924W,23810033404,N,ST,48,67
0660928A,23210033413,N,AP,999,7
0660631C,23821033003,N,ST,26,0
0660631C,23211033003,N,AP,999,1
0660631C,23211033003,N,ST,1,2
0660631C,23811033001,N,ST,26,8
0660856X,23820022503,N,ST,24,20
0660856X,23820024303,N,ST,24,25
0660856X,23820025223,N,ST,24,30
0660856X,23210024318,N,ST,15,7
0660856X,23210025224,N,ST,10,19
0660856X,23810022503,N,ST,24,7
0660856X,23810024304,N,ST,24,10
0660856X,23810025223,N,ST,24,31
0660632D,23821033003,N,ST,40,10
0660632D,23811033001,N,ST,40,18
0660004W,23820030004,N,ST,30,14
0660004W,23820031106,N,ST,30,21
0660004W,23820031114,N,ST,15,15
0660004W,23820031213,N,ST,15,16
0660004W,23820031214,N,ST,15,15
0660004W,23210031122,N,ST,15,10
0660004W,23210031224,N,ST,15,16
0660004W,23810030003,N,ST,75,18
0660004W,23810031211,N,ST,30,44
0660057D,23820031213,N,ST,18,25
0660057D,23810031211,N,ST,18,21
0669999K,,O,AP,20,263
0669999K,,O,ST,20,145
0669999K,,O,ST,20,41
0669999K,,O,ST,10,17
0669999K,,O,ST,20,54
0660078B,23210025223,N,ST,8,7
0660078B,23210031223,N,ST,12,11
0660078B,23210034308,N,ST,8,8
0660078B,23211021130,N,ST,8,5
0660078B,23211021405,N,ST,8,8
0660520G,23820030004,N,ST,60,59
0660520G,23820033604,N,ST,30,26
0660520G,23820033606,N,ST,24,27
0660520G,23210033616,N,ST,48,70
0660520G,23810030003,N,ST,60,32
0660520G,23810033605,N,ST,66,129
0660809W,23820024204,N,ST,30,45
0660809W,23820031212,N,ST,15,9
0660809W,23820031213,N,ST,60,102
0660809W,23820031214,N,ST,15,33
0660809W,23820034403,N,ST,30,37
0660809W,23210024240,N,ST,15,15
0660809W,23210031224,N,ST,15,61
0660809W,23810024204,N,ST,30,36
0660809W,23810031211,N,ST,90,181
0660809W,23810034403,N,ST,30,76
0660014G,23820025012,N,ST,30,25
0660014G,23820025214,N,ST,48,56
0660014G,23820025411,N,ST,15,16
0660014G,23820025412,N,ST,24,23
0660014G,23820025517,N,ST,15,22
0660014G,23820025519,N,ST,30,37
0660014G,23820025520,N,ST,30,49
0660014G,23820033006,N,ST,15,24
0660014G,23820033007,N,ST,45,67
0660014G,23210022142,N,ST,12,16
0660014G,23210022714,N,ST,15,18
0660014G,23210025225,N,ST,10,49
0660014G,23210025437,N,ST,15,28
0660014G,23210025524,N,ST,15,33
0660014G,23210033205,N,ST,30,76
0660014G,23810020008,N,ST,75,135
0660014G,23810020103,N,ST,15,29
0660014G,23810020104,N,ST,30,17
0660014G,23810025222,N,ST,48,61
0660014G,23810025412,N,ST,24,35
0660014G,23810033006,N,ST,15,50
0660014G,23810033007,N,ST,45,102
0660011D,23820031212,N,ST,15,18
0660011D,23820031213,N,ST,60,76
0660011D,23820031214,N,ST,15,29
0660011D,23820032303,N,ST,30,31
0660011D,23210031224,N,ST,15,39
0660011D,23810031211,N,ST,90,121
0660011D,23810032303,N,ST,30,84
0660077A,23210025524,N,ST,15,5
0660077A,23210031224,N,ST,18,15
0660077A,23210033205,N,ST,24,17
0660077A,23810020008,N,ST,30,21
0660077A,23810023007,N,ST,15,19
0660077A,23810030003,N,ST,18,15
0660077A,23810031211,N,ST,30,24
0660488X,23C10023412,N,AP,999,0
0660488X,23210022714,N,AP,999,6
0660488X,23210022715,N,AP,999,0
0660488X,23210023006,N,AP,999,9
0660488X,23210023224,N,AP,999,14
0660488X,23210023324,N,AP,999,8
0660488X,23210023325,N,AP,999,5
0660488X,23210023327,N,AP,999,20
0660488X,23210023445,N,AP,999,1
0660488X,23210023447,N,AP,999,8
0660488X,23210025439,N,AP,999,6
0660488X,23210025524,N,AP,999,24
0660969V,23210031122,N,AP,999,5
0660969V,23210031126,N,AP,999,3
0660759S,23210022137,N,AP,999,2
0660759S,23210022142,N,AP,999,0
0660759S,23210022146,N,AP,999,10
0660759S,23210031224,N,AP,999,22
0660759S,23210033413,N,AP,999,15
0660021P,23820020009,N,ST,15,10
0660021P,23820025006,N,ST,30,11
0660021P,23820025012,N,ST,15,28
0660021P,23820031212,N,ST,18,26
0660021P,23820031213,N,ST,30,34
0660021P,23820033007,N,ST,30,33
0660021P,23210031224,N,ST,15,14
0660021P,23210033205,N,ST,15,22
0660021P,23810020009,N,ST,60,42
0660021P,23810031211,N,ST,48,46
0660021P,23810033007,N,ST,30,30
0660039J,23821021114,N,ST,27,7
0660039J,23821033003,N,ST,32,15
0660039J,23211021130,N,ST,27,9
0660039J,23211033003,N,ST,27,23
0660039J,23811021112,N,ST,27,5
0660039J,23811033001,N,ST,32,25
0660447C,23210022137,N,AP,999,5
0660447C,23210022141,N,AP,999,7
0660447C,23210022143,N,AP,999,11
0660447C,23210022144,N,AP,999,3
0660447C,23210025221,N,AP,999,3
0660447C,23210025222,N,AP,999,3
0660447C,23210025223,N,AP,999,0
0660447C,23210025225,N,AP,999,38
0660447C,23210025227,N,AP,999,10
0660447C,23210031221,N,AP,999,1
0660447C,23210031224,N,AP,999,6
0660447C,23210033616,N,AP,999,17
0660733N,23210031223,N,AP,999,7
0660733N,23211021130,N,AP,999,7
0660733N,23211021405,N,AP,999,12
0660026V,23820022707,N,ST,30,14
0660026V,23820023004,N,ST,15,4
0660026V,23820023005,N,ST,15,20
0660026V,23820023303,N,ST,15,5
0660026V,23820023405,N,ST,30,16
0660026V,23820023408,N,ST,15,12
0660026V,23820025520,N,ST,30,19
0660026V,23820033007,N,ST,15,17
0660026V,23210023224,N,ST,15,11
0660026V,23210023326,N,ST,15,5
0660026V,23210023327,N,ST,15,22
0660026V,23810020006,N,ST,15,12
0660026V,23810020008,N,ST,60,21
0660026V,23810023007,N,ST,30,15
0660026V,23810023409,N,ST,45,29
0660026V,23810033007,N,ST,15,25
Total établissements sélectionnés - département PYRENEES-ORIENTALES,,,,47688,11250
0692710W,23811021404,N,ST,46,37
0694164B,23210031122,N,AP,999,4
0690275Z,23210031224,N,AP,999,4
0690275Z,23211021130,N,AP,999,3
0690275Z,23811021112,N,ST,19,9
0690275Z,23811021113,N,AP,999,3
0690275Z,23811022103,N,ST,19,9
0693734J,23820022106,N,ST,12,18
0693734J,23820030004,N,ST,32,46
0693734J,23820033007,N,ST,45,54
0693734J,23820033403,N,ST,12,9
0693734J,23210022142,N,ST,12,19
0693734J,23210022146,N,ST,12,17
0693734J,23810030003,N,ST,32,36
0693734J,23810033007,N,ST,45,75
0693734J,23810033404,N,ST,24,22
0690008J,23820023303,N,ST,15,6
0690008J,23820023405,N,ST,15,14
0690008J,23820025406,N,ST,15,4
0690008J,23820030004,N,ST,32,35
0690008J,23210023447,N,AP,999,2
0690008J,23210023447,N,ST,15,16
0690008J,23210023449,N,AP,999,0
0690008J,23810020006,N,ST,30,7
0690008J,23810023405,N,AP,999,0
0690008J,23810023409,N,ST,15,6
0690008J,23810030003,N,ST,32,17
0694651F,23211021405,N,AP,999,3
0690105P,23820025214,N,ST,60,92
0690105P,23820025215,N,ST,20,21
0690105P,23820025412,N,ST,20,34
0690105P,23820031107,N,ST,24,31
0690105P,23210025440,N,AP,999,12
0690105P,23210025440,N,ST,10,34
0690105P,23210025441,N,ST,10,15
0690105P,23810020008,N,ST,10,0
0690105P,23810025222,N,ST,80,136
0690105P,23810025412,N,ST,20,39
0690105P,23810025412,N,ST,2,0
0690010L,23820022707,N,ST,12,27
0690010L,23820023004,N,ST,15,12
0690010L,23820023005,N,ST,15,24
0690010L,23820023203,N,ST,12,12
0690010L,23820023210,N,ST,12,21
0690010L,23820023304,N,ST,12,11
0690010L,23820025519,N,ST,12,40
0690010L,23820025520,N,ST,12,23
0690010L,23210022715,N,AP,999,1
0690010L,23210022715,N,ST,12,22
0690010L,23210023224,N,ST,12,14
0690010L,23210023324,N,AP,999,9
0690010L,23210023324,N,ST,12,56
0690010L,23210023325,N,ST,24,19
0690010L,23210023326,N,ST,12,13
0690010L,23210023327,N,ST,12,33
0690010L,23210023447,N,ST,12,18
0690010L,23210023449,N,ST,12,10
0690010L,23210025524,N,ST,12,32
0690010L,23810020006,N,ST,54,36
0690010L,23810020008,N,ST,36,149
0690010L,23810023007,N,ST,45,42
0692968B,23820022706,N,ST,24,26
0692968B,23820022707,N,ST,12,22
0692968B,23820023004,N,ST,15,11
0692968B,23820023005,N,ST,12,13
0692968B,23820023203,N,ST,12,11
0692968B,23820023304,N,ST,12,11
0692968B,23820023404,N,ST,12,7
0692968B,23210023224,N,ST,12,15
0692968B,23210023324,N,ST,12,33
0692968B,23210023327,N,ST,12,16
0692968B,23210025524,N,ST,12,20
0692968B,23810020006,N,ST,30,13
0692968B,23810020008,N,ST,36,30
0692968B,23810022706,N,AP,999,1
0692968B,23810023007,N,ST,27,12
0692968B,23810023404,N,ST,12,1
0692713Z,23211033003,N,ST,36,23
0692713Z,23811033001,N,ST,36,14
0694480V,23210022137,N,AP,999,14
0694480V,23210022141,N,AP,999,19
0694480V,23210022143,N,AP,999,15
0694480V,23210022144,N,AP,999,4
0694480V,23210022146,N,AP,999,15
0690250X,23811021112,N,ST,19,13
0690250X,23811021404,N,ST,32,39
0693504J,23820022104,N,ST,12,10
0693504J,23820022105,N,ST,36,44
0693504J,23820022106,N,ST,36,53
0693504J,23820033403,N,ST,36,32
0693504J,23210022137,N,ST,12,43
0693504J,23210022141,N,ST,24,71
0693504J,23210022144,N,ST,12,12
0693504J,23210022146,N,ST,12,27
0693504J,23210033413,N,ST,12,15
0693504J,23810022107,N,ST,48,64
0693504J,23810033404,N,ST,72,88
0692214G,23210022714,N,AP,999,9
0692214G,23210022715,N,AP,999,5
0692214G,23210023223,N,AP,999,3
0692214G,23210023224,N,AP,999,5
0692214G,23210023324,N,AP,999,10
0692214G,23210023325,N,AP,999,4
0692214G,23210023326,N,AP,999,2
0692214G,23210023327,N,AP,999,3
0692214G,23210023329,N,AP,999,5
0692214G,23210023446,N,AP,999,2
0692214G,23210023447,N,AP,999,2
0692214G,23210023449,N,AP,999,2
0692214G,23210025439,N,AP,999,2
0692214G,23210025524,N,AP,999,7
0692800U,23820025216,N,ST,20,26
0692800U,23820025220,N,ST,20,21
0692800U,23820025519,N,ST,30,57
0692800U,23820025520,N,ST,30,30
0692800U,23210025222,N,ST,10,18
0692800U,23210025524,N,ST,12,23
0692800U,23810020008,N,ST,54,101
0692800U,23810025222,N,ST,40,27
0694377H,23211021130,N,AP,999,1
0694377H,23211021405,N,AP,999,6
0694377H,23811021405,N,AP,999,3
0693877P,23210024008,N,AP,999,0
0693095P,23820025214,N,ST,30,31
0693095P,23820025412,N,ST,20,16
0693095P,23820031106,N,ST,36,30
0693095P,23820031114,N,ST,12,17
0693095P,23820031212,N,ST,16,8
0693095P,23820031213,N,ST,32,56
0693095P,23820031214,N,ST,16,10
0693095P,23210025440,N,ST,10,18
0693095P,23210025441,N,ST,10,5
0693095P,23210031122,N,ST,24,17
0693095P,23210031224,N,ST,12,18
0693095P,23810025222,N,ST,30,32
0693095P,23810025412,N,ST,20,11
0693095P,23810030003,N,ST,48,25
0693095P,23810031211,N,ST,64,49
0690018V,23820024302,N,ST,15,16
0690018V,23820024303,N,ST,15,5
0690018V,23820031212,N,ST,16,14
0690018V,23820031213,N,ST,24,30
0690018V,23820031214,N,ST,24,20
0690018V,23820033007,N,ST,24,34
0690018V,23210022142,N,ST,24,24
0690018V,23210033616,N,ST,36,29
0690018V,23810024302,N,AP,999,2
0690018V,23810024304,N,ST,30,2
0690018V,23810031211,N,ST,60,39
0690018V,23810033007,N,ST,24,31
0693330V,23820025006,N,ST,15,16
0693330V,23820025214,N,ST,30,27
0693330V,23820025412,N,ST,10,13
0693330V,23820025519,N,ST,30,36
0693330V,23820025520,N,ST,15,32
0693330V,23210025524,N,ST,12,15
0693330V,23810020008,N,ST,45,73
0693330V,23810020103,N,ST,15,4
0693330V,23810025222,N,ST,30,28
0693330V,23810025412,N,AP,999,1
0693330V,23810025412,N,ST,10,11
0692705R,23210023446,N,AP,999,6
0692705R,23210023447,N,AP,999,28
0692705R,23811021303,N,AP,999,5
0692705R,23811021404,N,ST,24,20
0690003D,23820023405,N,ST,15,9
0690003D,23820025520,N,ST,24,13
0690003D,23820030004,N,ST,32,28
0690003D,23820033007,N,ST,30,29
0690003D,23210023447,N,ST,15,12
0690003D,23210033002,N,ST,12,8
0690003D,23810020008,N,ST,24,10
0690003D,23810023409,N,ST,15,14
0690003D,23810030003,N,ST,32,42
0690003D,23810033007,N,ST,30,33
0693067J,23210033205,N,AP,999,9
0693067J,23210033615,N,AP,999,4
0693067J,23811033001,N,ST,46,18
0692360R,23210022361,N,AP,999,0
0692360R,23210022362,N,AP,999,0
0692360R,23210022363,N,AP,999,0
0692360R,23210023224,N,AP,999,0
0692360R,23210025439,N,AP,999,0
0692360R,23210025440,N,AP,999,23
0692360R,23210033616,N,AP,999,19
0691678Z,23811021112,N,ST,35,18
0692366X,23810033606,N,AP,999,3
0690037R,23210024127,N,AP,999,1
0690048C,23820020102,N,ST,15,4
0690048C,23820022004,N,ST,24,18
0690048C,23820025012,N,ST,30,30
0690048C,23810020104,N,ST,63,19
0690048C,23810024204,N,ST,15,31
0690043X,23820025519,N,ST,60,58
0690043X,23820025520,N,ST,30,42
0690043X,23820030004,N,ST,32,33
0690043X,23210025524,N,AP,999,2
0690043X,23210025524,N,ST,24,29
0690043X,23810020008,N,ST,90,96
0690043X,23810030003,N,ST,32,23
0691724Z,23210033616,N,ST,30,7
0691724Z,23810033602,N,ST,14,1
0691724Z,23810033605,N,ST,30,12
0690660T,23210031224,N,ST,36,3
0690660T,23810030003,N,ST,18,3
0690660T,23810031211,N,ST,18,6
0690712Z,23210031224,N,ST,15,6
0690712Z,23810030003,N,ST,18,4
0690712Z,23810031211,N,ST,32,22
0690571W,23210031224,N,ST,18,7
0690571W,23810030003,N,ST,32,6
0690571W,23810031211,N,ST,32,16
0691875N,23210033615,N,AP,999,6
0691875N,23810033605,N,ST,30,18
0694126K,23210033615,N,AP,999,0
0694351E,23210033615,N,AP,999,0
0690698J,23210022361,N,ST,15,20
0690698J,23210023445,N,ST,15,5
0690698J,23810020008,N,ST,24,11
0690698J,23810024204,N,ST,15,11
0690698J,23810032210,N,ST,30,8
0690698J,23810032303,N,ST,15,14
0690698J,23810032304,N,ST,15,12
0690698J,23810033104,N,ST,15,10
0693694R,23210023223,N,AP,999,9
0693694R,23210023224,N,AP,999,12
0693694R,23210023325,N,AP,999,5
0693694R,23210023326,N,AP,999,1
0693694R,23210023327,N,AP,999,3
0693694R,23210023446,N,AP,999,19
0693694R,23210023447,N,AP,999,2
0692514H,23210022137,N,AP,999,6
0692514H,23210022141,N,AP,999,19
0692514H,23210022146,N,AP,999,7
0692514H,23210022340,N,AP,999,0
0692514H,23210022342,N,AP,999,0
0692514H,23210022361,N,AP,999,8
0692514H,23210022362,N,AP,999,3
0692514H,23210022363,N,AP,999,1
0692514H,23210022425,N,AP,999,2
0692514H,23210023430,N,AP,999,0
0692514H,23210023431,N,AP,999,0
0692514H,23210023432,N,AP,999,0
0692514H,23210023433,N,AP,999,1
0692514H,23210024127,N,AP,999,0
0692514H,23210024238,N,AP,999,0
0692514H,23210024239,N,AP,999,1
0692514H,23210024240,N,AP,999,0
0692514H,23210024241,N,AP,999,0
0692514H,23210024242,N,AP,999,0
0692514H,23210024313,N,AP,999,0
0692514H,23210024318,N,AP,999,0
0692514H,23210024319,N,AP,999,0
0692514H,23210024320,N,AP,999,0
0692514H,23210024321,N,AP,999,0
0692514H,23210024323,N,AP,999,0
0692514H,23210025436,N,AP,999,0
0692514H,23210025440,N,AP,999,19
0692514H,23210025441,N,AP,999,2
0692514H,23210025521,N,AP,999,2
0692514H,23210025524,N,AP,999,5
0692514H,23210031223,N,AP,999,7
0692514H,23210031224,N,AP,999,10
0692514H,23210032225,N,AP,999,3
0692514H,23210032227,N,AP,999,5
0692514H,23210032228,N,AP,999,0
0692514H,23210032313,N,AP,999,1
0692514H,23210033615,N,AP,999,9
0692514H,23210033616,N,AP,999,23
0692514H,23210033617,N,AP,999,0
0692514H,23810022403,N,AP,999,3
0692514H,23810024204,N,AP,999,3
0692514H,23810025519,N,AP,999,16
0692514H,23810031213,N,AP,999,20
0692781Y,23210023445,N,AP,999,0
0692781Y,23210023447,N,AP,999,3
0690125L,23820031212,N,ST,16,24
0690125L,23820031213,N,ST,48,65
0690125L,23820031214,N,ST,32,30
0690125L,23210031224,N,ST,24,27
0690125L,23810031211,N,ST,72,79
0691723Y,23210033616,N,AP,999,3
0691723Y,23210033616,N,ST,30,10
0691723Y,23810033605,N,ST,30,9
0694184Y,23210033615,N,AP,999,10
0690128P,23820025519,N,ST,45,69
0690128P,23820025520,N,ST,75,66
0690128P,23810020008,N,ST,90,106
0690128P,23810025518,N,ST,15,18
0690128P,23810020008,N,ST,10,26
0690128P,23810020008,N,ST,10,0
0693371P,23210033205,N,AP,999,4
0691659D,23210022142,N,ST,12,1
0691659D,23210033205,N,ST,24,10
0691659D,23810033006,N,ST,16,10
0691659D,23810033007,N,ST,45,12
0690723L,23210031224,N,AP,999,5
0690696G,23210033615,N,AP,999,16
0690696G,23210033616,N,AP,999,18
0690646C,23210031224,N,ST,15,10
0690646C,23810031211,N,ST,82,55
0690646C,23810033007,N,ST,30,22
0693368L,23810033104,N,AP,999,2
0690046A,23820030004,N,ST,32,54
0690046A,23820031212,N,ST,16,17
0690046A,23820031213,N,ST,32,64
0690046A,23820031214,N,ST,16,21
0690046A,23810024204,N,ST,30,27
0690046A,23810030003,N,ST,32,46
0690046A,23810031211,N,ST,64,110
0690040U,23820020009,N,ST,15,12
0690040U,23820022303,N,ST,12,10
0690040U,23820022503,N,ST,12,5
0690040U,23820025013,N,ST,12,1
0690040U,23820025520,N,ST,15,16
0690040U,23820033104,N,ST,30,34
0690040U,23210022324,N,AP,999,0
0690040U,23210022361,N,AP,999,2
0690040U,23210022361,N,ST,12,16
0690040U,23210025524,N,ST,12,11
0690040U,23810020008,N,ST,15,41
0690040U,23810020009,N,ST,15,14
0690040U,23810020103,N,ST,24,11
0690040U,23810022503,N,ST,12,3
0690040U,23810025012,N,AP,999,34
0690040U,23810033104,N,ST,30,46
0690651H,23210022715,N,ST,12,7
0690651H,23210023324,N,ST,12,3
0690651H,23210025524,N,ST,15,5
0690651H,23210031122,N,ST,12,4
0690651H,23210031224,N,ST,15,2
0690651H,23810020008,N,ST,48,17
0690651H,23810030003,N,ST,56,7
0690651H,23810031211,N,ST,50,16
0690133V,,O,ST,0,8
0690133V,,O,ST,0,227
0690133V,,O,ST,0,18
0690133V,,O,AP,0,169
0690133V,,O,ST,0,287
0690133V,,O,ST,0,10
0690133V,,O,ST,0,20
0690133V,,O,ST,0,119
0690133V,,O,ST,0,6
0690133V,,O,ST,0,205
0690133V,,O,ST,0,445
0690133V,,O,ST,0,1213
0690133V,,O,ST,0,10
0690133V,,O,ST,0,26
0690133V,,O,ST,0,6
0690133V,,O,ST,0,7
0690133V,,O,ST,0,1
0690133V,,O,ST,0,3
0690133V,,O,ST,0,11
0690133V,,O,ST,0,14
0690133V,,O,ST,0,12
0690133V,,O,ST,0,2
0690133V,,O,ST,0,8
0690133V,,O,ST,0,17
0690133V,,O,ST,0,18
0690133V,,O,ST,0,5
0690133V,,O,ST,0,7
0690133V,,O,ST,0,2
0690133V,,O,ST,0,2
0690133V,,O,ST,0,1
0690133V,,O,ST,0,2
0690133V,,O,ST,0,0
0690133V,,O,ST,0,0
0690133V,,O,ST,0,2
0690133V,,O,ST,0,3
0690133V,,O,ST,0,3
0690133V,,O,ST,0,170
0690133V,,O,AP,0,74
0690133V,,O,ST,0,113
0690133V,,O,ST,0,417
0690092A,23820023003,N,ST,30,26
0690092A,23820032303,N,ST,24,52
0690092A,23820033604,N,ST,15,25
0690092A,23820033606,N,ST,45,55
0690092A,23210022142,N,AP,999,3
0690092A,23210022142,N,ST,24,21
0690092A,23210033615,N,ST,15,64
0690092A,23210033616,N,ST,15,64
0690092A,23810023003,N,ST,30,25
0690092A,23810032303,N,ST,24,69
0690092A,23810033605,N,ST,45,91
0690045Z,23820024006,N,ST,15,5
0690045Z,23820031212,N,ST,16,9
0690045Z,23820031213,N,ST,24,63
0690045Z,23820031214,N,ST,24,44
0690045Z,23820033006,N,ST,16,27
0690045Z,23820033007,N,ST,45,80
0690045Z,23210024007,N,ST,12,2
0690045Z,23210024008,N,ST,12,4
0690045Z,23210031224,N,ST,24,55
0690045Z,23210033205,N,ST,15,58
0690045Z,23810031211,N,ST,48,89
0690045Z,23810033006,N,ST,16,28
0690045Z,23810033007,N,ST,30,62
0690634P,23810020006,N,ST,15,11
0690634P,23810020008,N,ST,60,44
0690634P,23810020103,N,ST,60,34
0690634P,23810023409,N,ST,45,25
0690642Y,23810020008,N,ST,24,7
0690642Y,23810030003,N,ST,18,8
0692210C,23210025524,N,AP,999,2
0692210C,23810022706,N,AP,999,3
0692210C,23810022707,N,AP,999,4
0692210C,23810025411,N,AP,999,6
0692210C,23810025520,N,AP,999,7
0693786R,23210022142,N,ST,12,2
0693786R,23210022146,N,ST,12,8
0693786R,23210033413,N,ST,12,3
0693786R,23810033007,N,ST,30,4
0693786R,23810033404,N,ST,48,21
0693134G,23210020101,N,ST,15,1
0694543N,23820033006,N,ST,24,31
0694543N,23820033007,N,ST,30,39
0694543N,23210033002,N,ST,24,16
0694543N,23210033205,N,ST,24,44
0694543N,23810033006,N,ST,24,30
0694543N,23810033007,N,ST,30,69
0690129R,23820022706,N,ST,15,5
0690129R,23820022707,N,ST,15,35
0690129R,23820025012,N,ST,30,13
0690129R,23820025517,N,ST,15,20
0690129R,23820025519,N,ST,15,39
0690129R,23820025520,N,ST,30,28
0690129R,23210022714,N,ST,15,30
0690129R,23810020008,N,ST,90,90
0690129R,23810020104,N,ST,30,4
0690129R,23810025517,N,AP,999,12
0690281F,23820031213,N,ST,16,32
0690281F,23820031214,N,ST,16,24
0690281F,23820033006,N,ST,24,28
0690281F,23820033007,N,ST,45,54
0690281F,23210022142,N,ST,24,14
0690281F,23210033002,N,ST,24,17
0690281F,23810024204,N,ST,15,14
0690281F,23810031211,N,ST,32,60
0690281F,23810033006,N,ST,24,29
0690281F,23810033007,N,ST,45,61
0690653K,23210031224,N,ST,15,4
0690653K,23210032227,N,ST,15,6
0690653K,23810023003,N,ST,12,5
0690653K,23810031211,N,ST,32,10
0690653K,23810032303,N,ST,12,8
0691626T,23820023405,N,ST,24,13
0691626T,23820023407,N,ST,15,5
0691626T,23820023408,N,ST,15,17
0691626T,23820024202,N,ST,24,15
0691626T,23210023445,N,ST,24,10
0691626T,23210023447,N,ST,24,12
0691626T,23210024239,N,ST,24,11
0691626T,23810023409,N,ST,45,29
0691626T,23810024202,N,ST,15,9
0692517L,23820020009,N,ST,15,13
0692517L,23820030004,N,ST,32,36
0692517L,23820031213,N,ST,16,34
0692517L,23820031214,N,ST,16,13
0692517L,23820034403,N,ST,32,45
0692517L,23210031224,N,ST,24,25
0692517L,23210034405,N,ST,24,21
0692517L,23810020009,N,ST,15,10
0692517L,23810025413,N,ST,10,5
0692517L,23810030003,N,ST,30,15
0692517L,23810031211,N,ST,30,46
0692517L,23810034403,N,ST,30,55
0691680B,23810020008,N,ST,45,19
0691680B,23810031211,N,ST,50,19
0692715B,23211021405,N,AP,999,10
0692715B,23211021405,N,ST,22,2
0692715B,23811021404,N,ST,25,4
0692715B,23811021405,N,AP,999,8
0690697H,23210034405,N,ST,24,2
0690697H,23810030003,N,ST,32,10
0690697H,23810034403,N,ST,24,28
0692681P,23211021130,N,ST,25,6
0692681P,23211021405,N,AP,999,12
0692681P,23811021112,N,ST,25,10
0692681P,23811021405,N,AP,999,8
0690279D,23211022108,N,AP,999,1
0690279D,23811022104,N,ST,44,30
0693332X,23210022146,N,ST,12,3
0693332X,23210033413,N,ST,12,0
0692706S,23811021112,N,ST,25,10
0692706S,23811021209,N,ST,15,0
0692706S,23811021212,N,AP,999,0
0692706S,23811033001,N,ST,25,10
0692706S,23810031212,N,AP,999,9
0693674U,23210025221,N,AP,999,5
0693674U,23210025222,N,AP,999,3
0693674U,23210025223,N,AP,999,5
0693674U,23810025219,N,AP,999,6
0693674U,23810025220,N,AP,999,0
0693674U,23810025221,N,AP,999,1
0693094N,23820025014,N,ST,24,15
0693094N,23820025411,N,ST,12,13
0693094N,23820025520,N,ST,12,29
0693094N,23820030004,N,ST,32,34
0693094N,23820034403,N,ST,18,35
0693094N,23210025437,N,ST,12,19
0693094N,23210025439,N,ST,12,9
0693094N,23210034405,N,ST,15,14
0693094N,23810020008,N,ST,12,25
0693094N,23810020103,N,ST,36,12
0693094N,23810030003,N,ST,32,24
0693094N,23810034403,N,ST,18,25
0694586K,23210031224,N,AP,999,0
0694586K,23210033205,N,AP,999,0
0693053U,23811021112,N,ST,30,23
0692682R,23211033003,N,ST,20,10
0692682R,23811022103,N,ST,20,0
0692682R,23811033001,N,ST,30,9
0694458W,23210023224,N,AP,999,6
0694458W,23210023324,N,AP,999,12
0694458W,23210023327,N,AP,999,4
0694458W,23210025524,N,AP,999,4
0690085T,23820025012,N,ST,15,10
0690085T,23820025520,N,ST,15,15
0690085T,23820031212,N,ST,16,15
0690085T,23820031213,N,ST,8,32
0690085T,23820031214,N,ST,8,2
0690085T,23210031224,N,ST,15,20
0690085T,23810020008,N,ST,15,4
0690085T,23810020104,N,ST,15,10
0690085T,23810031211,N,ST,32,43
0693566B,23820022707,N,ST,15,9
0693566B,23210022715,N,AP,999,1
0693566B,23210022715,N,ST,12,10
0693566B,23210023006,N,AP,999,0
0693566B,23210023224,N,AP,999,0
0693566B,23210023224,N,ST,6,5
0693566B,23210023325,N,AP,999,0
0693566B,23210023325,N,ST,3,0
0693566B,23210023326,N,AP,999,0
0693566B,23210023326,N,ST,5,6
0693566B,23210023327,N,AP,999,0
0693566B,23210023327,N,ST,5,13
0693566B,23210023447,N,AP,999,0
0693566B,23210023447,N,ST,10,6
0693566B,23210025524,N,AP,999,1
0693566B,23210025524,N,ST,12,3
0693566B,23810020006,N,ST,15,3
0693566B,23810020008,N,ST,15,8
0693045K,23820025520,N,ST,30,28
0693045K,23820030004,N,ST,32,36
0693045K,23820031213,N,ST,16,36
0693045K,23820031214,N,ST,16,17
0693045K,23210022142,N,ST,24,11
0693045K,23210025439,N,ST,12,23
0693045K,23210025524,N,ST,12,23
0693045K,23210031224,N,AP,999,5
0693045K,23210031224,N,ST,24,19
0693045K,23810020006,N,ST,15,0
0693045K,23810020008,N,ST,30,24
0693045K,23810030003,N,ST,32,29
0693045K,23810031211,N,ST,24,47
0693045K,23810031213,N,AP,999,5
0693045K,23810031214,N,AP,999,7
0690652J,23210020101,N,ST,15,11
0694592S,23210022142,N,AP,999,2
0694592S,23210023324,N,AP,999,0
0694592S,23210025524,N,AP,999,0
0694592S,23210031224,N,AP,999,1
0694592S,23210033205,N,AP,999,0
0694592S,23210033413,N,AP,999,0
0694592S,23810022707,N,AP,999,0
0694592S,23810025520,N,AP,999,0
0694592S,23810030004,N,AP,999,0
0694592S,23810031213,N,AP,999,3
0694592S,23810031214,N,AP,999,0
0694592S,23810033403,N,AP,999,0
0693701Y,23210031119,N,AP,999,3
0693701Y,23810031114,N,AP,999,3
0692418D,23820025012,N,ST,24,29
0692418D,23820025519,N,ST,30,53
0692418D,23820025520,N,ST,24,47
0692418D,23210020101,N,ST,12,9
0692418D,23210025524,N,ST,12,24
0692418D,23810020008,N,ST,54,77
0692418D,23810020104,N,ST,24,17
0690093B,23820022106,N,ST,24,36
0690093B,23820033403,N,ST,24,17
0690093B,23820034304,N,ST,24,23
0690093B,23210022146,N,AP,999,5
0690093B,23210022146,N,ST,24,40
0690093B,23210031224,N,ST,24,20
0690093B,23210033413,N,ST,12,8
0690093B,23810033404,N,ST,48,48
0692717D,23820030004,N,ST,18,28
0692717D,23820031213,N,ST,12,58
0692717D,23820031214,N,ST,12,9
0692717D,23820033007,N,ST,24,43
0692717D,23820033101,N,ST,12,17
0692717D,23210031224,N,ST,24,23
0692717D,23210033205,N,ST,15,36
0692717D,23810020008,N,ST,24,51
0692717D,23810031211,N,ST,18,82
0692717D,23810033007,N,ST,24,65
0692717D,23810033101,N,ST,12,31
0694088U,23210033615,N,AP,999,0
0690553B,23210031224,N,ST,24,5
0690553B,23C10023304,N,ST,15,13
0690553B,23810030003,N,ST,48,22
0690553B,23810031211,N,ST,48,27
0690553B,23810033006,N,ST,16,8
0690553B,23810033007,N,ST,30,35
0690097F,23820031213,N,ST,41,79
0690097F,23820031214,N,ST,41,50
0690097F,23210031223,N,ST,12,22
0690097F,23210031224,N,AP,999,12
0690097F,23210031224,N,ST,12,47
0690097F,23210033615,N,AP,999,11
0690097F,23810031211,N,ST,56,110
0691644M,23820020102,N,ST,15,0
0691644M,23820025012,N,ST,15,28
0691644M,23820025014,N,ST,15,9
0691644M,23820025411,N,ST,15,22
0691644M,23820025519,N,ST,15,29
0691644M,23820025520,N,ST,15,32
0691644M,23210023224,N,AP,999,3
0691644M,23210025437,N,ST,12,32
0691644M,23210025524,N,AP,999,4
0691644M,23210025524,N,ST,12,28
0691644M,23810020008,N,ST,30,92
0691644M,23810020103,N,ST,30,24
0691644M,23810020104,N,ST,30,23
0691644M,23810024204,N,ST,15,10
0692390Y,23820025520,N,ST,8,10
0692390Y,23820030004,N,ST,16,16
0692390Y,23210022142,N,ST,8,23
0692390Y,23210023420,N,ST,8,4
0692390Y,23210023438,N,ST,8,3
0692390Y,23211021130,N,ST,8,7
0692390Y,23211021405,N,ST,8,19
0692390Y,23810020008,N,ST,8,10
0692390Y,23810030003,N,ST,16,7
0694253Y,23210033205,N,AP,999,1
0690047B,23820023003,N,ST,24,16
0690047B,23820030004,N,ST,32,38
0690047B,23820031212,N,ST,16,8
0690047B,23820031213,N,ST,16,58
0690047B,23820031214,N,ST,16,26
0690047B,23210032227,N,ST,15,21
0690047B,23810023003,N,ST,15,7
0690047B,23810030003,N,ST,32,47
0690047B,23810031211,N,ST,32,83
0690107S,23820020102,N,ST,15,2
0690107S,23820025012,N,ST,15,22
0690107S,23820031106,N,ST,32,35
0690107S,23820031114,N,ST,32,29
0690107S,23210031122,N,ST,12,46
0690107S,23810020104,N,ST,30,15
0690107S,23810030003,N,ST,64,29
0690109U,23820031213,N,ST,32,70
0690109U,23820031214,N,ST,32,22
0690109U,23820033007,N,ST,54,69
0690109U,23210031224,N,ST,24,28
0690109U,23210033205,N,AP,999,18
0690109U,23810031211,N,ST,48,68
0690109U,23810033007,N,ST,45,69
0690103M,23820020009,N,ST,15,18
0690103M,23820025014,N,ST,30,32
0690103M,23820025411,N,ST,30,27
0690103M,23210025437,N,ST,12,20
0690103M,23810020009,N,ST,15,18
0690103M,23810020103,N,ST,60,19
0692708U,23811021203,N,ST,25,10
0692708U,23811021407,N,ST,25,0
0692708U,23811021203,N,ST,25,5
0692708U,23810031213,N,AP,999,3
0699000H,23210022141,N,AP,999,5
0699000H,23210022146,N,AP,999,6
0699000H,23210022715,N,AP,999,1
0699000H,23210031224,N,AP,999,8
0699000H,23210033616,N,AP,999,8
Total établissements sélectionnés - département RHONE,,,,233236,42890
9711283T,23210022137,N,AP,999,0
9711283T,23210022141,N,AP,999,0
9711283T,23210022146,O,AP,999,0
9711283T,23210023225,O,AP,1,1
9711283T,23210023324,N,AP,999,1
9711283T,23210023446,O,AP,1,0
9711283T,23210023447,N,AP,999,0
9711283T,23210025224,O,AP,1,1
9711283T,23210025225,O,AP,1,1
9711283T,23210025227,O,AP,999,3
9711283T,23210025440,N,AP,999,0
9711283T,23210025524,N,AP,999,1
9711283T,23210031224,O,AP,1,3
9711283T,23210033205,N,AP,999,3
9711283T,23210033413,N,AP,999,3
9711283T,23810022105,N,AP,999,1
9711283T,23810022106,N,AP,999,2
9711283T,23810023005,N,AP,999,0
9711283T,23810023203,O,AP,1,0
9711283T,23810023404,N,AP,999,0
9711283T,23810023409,O,AP,1,0
9711283T,23810025221,O,AP,1,0
9711283T,23810025223,N,AP,999,1
9711283T,23810025226,N,AP,999,0
9711283T,23810025303,N,AP,999,0
9711283T,23210025306,O,AP,1,0
9711283T,23810025412,N,AP,999,0
9711283T,23810025517,O,AP,1,0
9711283T,23810025520,N,AP,999,2
9711283T,23810030004,N,AP,999,5
9711283T,23810031212,N,AP,999,1
9711283T,23810031211,O,AP,1,0
9711283T,23810033007,N,AP,999,0
9711283T,23810033403,N,AP,999,3
Total établissements sélectionnés - département SAINT-BARTHELEMY,,,,23023,49
9711305S,23210022141,N,AP,999,0
9711305S,23210023324,N,AP,999,0
9711305S,23210025524,N,AP,999,3
9711305S,23810030004,N,AP,999,0
9710981P,23820022106,N,ST,12,11
9710981P,23820023407,N,ST,20,16
9710981P,23820025214,N,ST,20,22
9710981P,23820025223,N,ST,3,2
9710981P,23820025520,N,ST,30,29
9710981P,23820031212,N,ST,16,12
9710981P,23820031213,N,ST,16,19
9710981P,23820033007,N,ST,1,2
9710981P,23820033403,N,ST,12,5
9710981P,23820034403,N,ST,1,0
9710981P,23210022146,N,ST,21,20
9710981P,23210023446,N,ST,15,10
9710981P,23210023447,N,ST,14,10
9710981P,23210025224,N,ST,9,8
9710981P,23210025225,N,ST,7,27
9710981P,23210025224,N,ST,1,1
9710981P,23210031224,N,ST,12,13
9710981P,23210033002,N,ST,13,20
9710981P,23210033002,N,ST,2,1
9710981P,23210033413,N,ST,15,10
9710981P,23210022146,N,ST,3,3
9710981P,23210023446,N,ST,0,0
9710981P,23210023447,N,ST,1,1
9710981P,23210025218,N,ST,3,2
9710981P,23210031224,N,ST,4,3
9710981P,23210033413,N,ST,0,0
9710981P,23810020008,N,ST,30,28
9710981P,23810023409,N,ST,20,14
9710981P,23810025222,N,ST,20,25
9710981P,23810025223,N,ST,20,16
9710981P,23810030003,N,ST,16,6
9710981P,23810031211,N,ST,32,34
9710981P,23810033007,N,ST,32,36
9710981P,23810033404,N,ST,18,15
9710981P,23810034403,N,ST,0,0
9711303P,23210033616,N,AP,999,0
9711303P,23810025519,N,AP,999,0
Total établissements sélectionnés - département SAINT-MARTIN,,,,6965,914
0711453U,23211021130,N,AP,999,10
0711453U,23211021130,N,ST,10,3
0711453U,23811021004,N,AP,999,6
0711453U,23811021405,N,AP,999,6
0711453U,23811021112,N,ST,18,6
0711453U,23811021404,N,ST,16,3
0711096F,23210022715,N,AP,999,8
0711096F,23210023223,N,AP,999,4
0711096F,23210023224,N,AP,999,16
0711096F,23210023324,N,AP,999,5
0711096F,23210023326,N,AP,999,12
0711096F,23210023327,N,AP,999,9
0711096F,23210023446,N,AP,999,5
0711096F,23210023447,N,AP,999,5
0711096F,23210023449,N,AP,999,2
0711096F,23210025439,N,AP,999,1
0711096F,23210025524,N,AP,999,15
0710001R,23820023405,N,ST,12,9
0710001R,23820023408,N,ST,12,12
0710001R,23820024202,N,ST,12,13
0710001R,23820025012,N,ST,12,7
0710001R,23210023447,N,AP,999,4
0710001R,23210023449,N,ST,12,4
0710001R,23810020104,N,ST,12,3
0710001R,23810023409,N,ST,24,19
0710001R,23810024202,N,ST,12,9
0711494N,23810031211,N,ST,33,16
0711494N,23810033007,N,ST,15,12
0711384U,23820022706,N,ST,6,6
0711384U,23820025012,N,ST,18,14
0711384U,23820025517,N,ST,6,6
0711384U,23820025519,N,ST,15,15
0711384U,23820025520,N,ST,12,9
0711384U,23820031212,N,ST,15,20
0711384U,23820031213,N,ST,10,14
0711384U,23820031214,N,ST,5,5
0711384U,23820033007,N,ST,24,31
0711384U,23820034304,N,ST,15,8
0711384U,23210025439,N,AP,999,2
0711384U,23210025439,N,ST,12,23
0711384U,23210033002,N,AP,999,0
0711384U,23210033002,N,ST,12,25
0711384U,23210034308,N,AP,999,12
0711384U,23210034308,N,ST,12,3
0711384U,23810020008,N,ST,39,54
0711384U,23810020104,N,ST,18,12
0711384U,23810031211,N,ST,30,30
0711384U,23810033007,N,ST,24,57
0711384U,23810034306,N,ST,15,5
0711940Y,23210022142,N,AP,999,0
0711940Y,23210022146,N,AP,999,1
0711940Y,23210033413,N,AP,999,1
0711717F,23210033615,N,AP,999,7
0711717F,23210033616,N,AP,999,10
0711322B,23820022707,N,ST,12,17
0711322B,23820023203,N,ST,12,8
0711322B,23820023304,N,ST,12,13
0711322B,23820023405,N,ST,12,11
0711322B,23820025214,N,ST,30,35
0711322B,23820025412,N,ST,10,14
0711322B,23820031106,N,ST,12,10
0711322B,23820031107,N,ST,24,30
0711322B,23820031114,N,ST,12,15
0711322B,23210022715,N,ST,10,14
0711322B,23210023006,N,ST,1,0
0711322B,23210023124,N,AP,999,5
0711322B,23210023327,N,ST,10,23
0711322B,23210023447,N,ST,10,9
0711322B,23210025225,N,ST,10,31
0711322B,23210025440,N,ST,10,10
0711322B,23210031122,N,ST,12,13
0711322B,23210031127,N,ST,12,32
0711322B,23810020006,N,ST,24,15
0711322B,23810020008,N,ST,12,15
0711322B,23810023409,N,ST,12,10
0711322B,23810025222,N,ST,30,52
0711322B,23810025412,N,ST,10,22
0711322B,23810030003,N,ST,24,23
0711322B,23810031117,N,ST,24,60
0710010A,23820030004,N,ST,30,32
0710010A,23810030003,N,ST,30,51
0710012C,23820022503,N,ST,12,11
0710012C,23820025012,N,ST,24,24
0710012C,23820025013,N,ST,12,8
0710012C,23820025411,N,ST,12,18
0710012C,23820025519,N,ST,24,35
0710012C,23820025520,N,ST,24,24
0710012C,23210025437,N,AP,999,1
0710012C,23210025437,N,ST,12,16
0710012C,23210025438,N,AP,999,6
0710012C,23810020008,N,ST,48,72
0710012C,23810020103,N,ST,24,30
0710012C,23810020104,N,ST,24,19
0710012C,23810022503,N,ST,12,7
0711729U,23820024204,N,ST,24,30
0711729U,23820031212,N,ST,18,18
0711729U,23820031213,N,ST,30,36
0711729U,23820031214,N,ST,24,41
0711729U,23210031224,N,AP,999,6
0711729U,23210031224,N,ST,15,48
0711729U,23810024204,N,ST,24,28
0711729U,23810031211,N,ST,72,103
0711896A,23210033205,N,ST,30,41
0711896A,23210033615,N,ST,15,19
0711896A,23810030003,N,ST,0,0
0711896A,23810031211,N,ST,36,20
0711896A,23810033006,N,ST,12,22
0711896A,23810033007,N,ST,30,50
0711896A,23810033605,N,ST,30,13
0711566S,23810025012,N,AP,999,3
0711566S,23810025014,N,AP,999,2
0711566S,23810025411,N,AP,999,6
0711050F,23210023224,N,ST,8,4
0711050F,23210023327,N,ST,8,13
0711050F,23211021130,N,ST,8,7
0711050F,23211021405,N,ST,8,14
0711120G,23211033003,N,ST,27,25
0711120G,23811033001,N,ST,19,12
0710018J,23820030004,N,ST,12,9
0710018J,23820033007,N,ST,30,35
0710018J,23210031224,N,ST,12,18
0710018J,23810030003,N,ST,12,17
0710018J,23810033007,N,ST,30,26
0711067Z,23811022103,N,ST,16,4
0711067Z,23811021112,N,ST,16,11
0711815M,23811021404,N,ST,16,10
0711815M,23811021404,N,ST,16,16
0711511G,23211021237,N,AP,999,7
0711511G,23811021112,N,ST,24,29
0711068A,23811021112,N,ST,48,59
0711103N,23210025221,N,AP,999,2
0711103N,23210025222,N,AP,999,2
0711103N,23210025223,N,AP,999,1
0711103N,23211021130,N,AP,999,14
0711103N,23211021314,N,AP,999,1
0711103N,23811021001,N,AP,999,5
0711103N,23811021004,N,AP,999,5
0711103N,23811021405,N,AP,999,10
0711452T,23211033003,N,AP,999,5
0711452T,23211033003,N,ST,24,8
0711452T,23811033001,N,ST,18,11
0710026T,23820022708,N,ST,15,15
0710026T,23820024204,N,ST,15,16
0710026T,23820025014,N,ST,15,15
0710026T,23820025411,N,ST,24,29
0710026T,23820025520,N,ST,15,15
0710026T,23820030004,N,ST,18,18
0710026T,23820031213,N,ST,24,26
0710026T,23820033604,N,ST,15,12
0710026T,23820033606,N,ST,15,14
0710026T,23810020008,N,ST,15,10
0710026T,23810020103,N,ST,39,42
0710026T,23810022708,N,ST,15,21
0710026T,23810024204,N,ST,15,6
0710026T,23810030003,N,ST,18,19
0710026T,23810031211,N,ST,24,40
0710026T,23810033605,N,ST,30,59
0711441F,23211021130,N,ST,12,1
0711441F,23211033003,N,ST,12,5
0711441F,23811033001,N,ST,32,12
0711441F,23811021112,N,ST,18,9
0710042K,23820025012,N,ST,15,14
0710042K,23820030004,N,ST,12,14
0710042K,23820031114,N,ST,12,13
0710042K,23210022142,N,ST,10,12
0710042K,23210033002,N,ST,10,6
0710042K,23810020104,N,ST,15,15
0710042K,23810030003,N,ST,24,22
0711317W,23210025221,N,AP,999,8
0711317W,23210025223,N,AP,999,4
0711317W,23210025225,N,AP,999,51
0711317W,23210025226,N,AP,999,14
0711317W,23210025227,N,AP,999,15
0711317W,23210025440,N,AP,999,15
0711317W,23810025219,N,AP,999,11
0711317W,23810025224,N,AP,999,35
0711317W,23810025225,N,AP,999,8
0711317W,23810025226,N,AP,999,8
0711317W,23810025412,N,AP,999,9
0719999H,,O,ST,0,24
0719999H,,O,ST,0,97
0719999H,,O,ST,0,15
0711884M,23210033615,N,AP,999,12
0711884M,23210033616,N,AP,999,10
0710080B,23820022106,N,ST,24,33
0710080B,23820030004,N,ST,24,38
0710080B,23820031212,N,ST,24,23
0710080B,23820031213,N,ST,24,41
0710080B,23820033403,N,ST,24,14
0710080B,23210022142,N,AP,999,1
0710080B,23210022142,N,ST,12,11
0710080B,23210022146,N,AP,999,5
0710080B,23210022146,N,ST,12,36
0710080B,23210024007,N,ST,12,8
0710080B,23210024008,N,AP,999,0
0710080B,23210033413,N,AP,999,7
0710080B,23210033413,N,ST,12,9
0710080B,23810022106,N,AP,999,1
0710080B,23810030003,N,ST,24,41
0710080B,23810031211,N,ST,48,94
0710080B,23810033403,N,AP,999,3
0710080B,23810033404,N,ST,48,50
0710048S,23C10023304,N,ST,15,14
0710048S,23820022706,N,ST,12,9
0710048S,23820022707,N,ST,12,16
0710048S,23820023404,N,ST,12,8
0710048S,23820025012,N,ST,8,14
0710048S,23820025014,N,ST,8,3
0710048S,23820025214,N,ST,10,23
0710048S,23820025219,N,ST,10,6
0710048S,23820025220,N,ST,10,4
0710048S,23820025221,N,ST,10,6
0710048S,23820025406,N,ST,12,15
0710048S,23820025520,N,ST,12,16
0710048S,23210025223,N,ST,10,3
0710048S,23210025225,N,ST,10,42
0710048S,23210025524,N,ST,12,35
0710048S,23210032227,N,ST,15,39
0710048S,23810020006,N,ST,12,15
0710048S,23810020008,N,ST,36,40
0710048S,23810020103,N,ST,8,12
0710048S,23810020104,N,ST,8,11
0710048S,23810023404,N,ST,12,12
0710048S,23810025222,N,ST,40,57
0711249X,23810020008,N,ST,12,21
0711454V,23811021004,N,AP,999,3
0711454V,23811022108,N,AP,999,0
0711454V,23811022103,N,ST,24,2
0711454V,23811021112,N,ST,24,1
0711078L,23210022137,N,AP,999,22
0711078L,23210022141,N,AP,999,32
0711078L,23210022143,N,AP,999,13
0711078L,23210022144,N,AP,999,2
0711078L,23210022146,N,AP,999,20
0711078L,23210031224,N,AP,999,24
0711078L,23210033413,N,AP,999,13
0711078L,23210033615,N,AP,999,6
0711078L,23210033616,N,AP,999,24
0711078L,23810022106,N,AP,999,4
0711078L,23810031213,N,AP,999,8
0711078L,23810032304,N,AP,999,3
0711934S,23210031224,N,AP,999,1
0711934S,23210033615,N,AP,999,3
0711934S,23210033616,N,AP,999,3
0711934S,23810033604,N,AP,999,1
0711934S,23810033606,N,AP,999,0
0710087J,23820025012,N,ST,12,12
0710087J,23820025214,N,ST,10,13
0710087J,23820025303,N,ST,12,19
0710087J,23820025305,N,ST,12,3
0710087J,23210025225,N,AP,999,1
0710087J,23210025225,N,ST,10,16
0710087J,23210025524,N,AP,999,1
0710087J,23210025524,N,ST,12,14
0710087J,23810020104,N,ST,12,3
0710087J,23810025222,N,ST,10,10
0710087J,23810025307,N,ST,24,16
0711755X,23210022141,N,ST,12,11
0711755X,23210034405,N,ST,12,19
0711755X,23810020009,N,ST,15,14
0711755X,23810025222,N,ST,32,8
0711755X,23810031211,N,ST,54,36
0711755X,23810033007,N,ST,30,25
0711755X,23810033101,N,ST,15,12
0711755X,23810033404,N,ST,24,20
0711755X,23810034403,N,ST,12,17
0711859K,23210022141,N,AP,999,2
0711859K,23210022146,N,AP,999,3
0711859K,23210033413,N,AP,999,2
0711641Y,23211021130,N,AP,999,4
0711641Y,23211021405,N,AP,999,33
0711641Y,23811021114,N,AP,999,0
0711641Y,23811021405,N,AP,999,8
0711439D,23210031223,N,AP,999,6
0711439D,23211021237,N,AP,999,5
0711439D,23211033003,N,ST,18,5
0711439D,23811033001,N,ST,20,4
0711439D,23811022103,N,ST,18,5
0711073F,23811021112,N,ST,24,13
0711073F,23811021404,N,ST,27,43
Total établissements sélectionnés - département SAONE-ET-LOIRE,,,,97621,9215
0720003M,23820020102,N,ST,4,2
0720003M,23820025012,N,ST,20,11
0720003M,23820025406,N,ST,12,14
0720003M,23820025411,N,ST,12,10
0720003M,23820025519,N,ST,12,6
0720003M,23820025520,N,ST,12,11
0720003M,23820030004,N,ST,18,14
0720003M,23210025439,N,AP,999,0
0720003M,23210025439,N,ST,13,9
0720003M,23810020006,N,ST,12,2
0720003M,23810020008,N,ST,24,28
0720003M,23810020103,N,ST,12,8
0720003M,23810020104,N,ST,24,5
0720003M,23810030003,N,ST,18,13
0721381K,23211021130,N,AP,999,4
0721381K,23211021130,N,ST,20,11
0721381K,23811021112,N,ST,24,13
0720907V,23821021405,N,ST,24,25
0720907V,23821021407,N,ST,0,0
0720907V,23821022108,N,ST,24,22
0720907V,23821033003,N,ST,32,39
0720907V,23211021405,N,ST,19,33
0720907V,23211033003,N,ST,16,17
0720907V,23811021404,N,ST,27,30
0720907V,23811022103,N,ST,27,5
0720907V,23811033003,N,ST,29,25
0720920J,23210023224,N,ST,8,17
0720920J,23210023324,N,ST,8,12
0720920J,23210023447,N,ST,8,7
0720920J,23210031224,N,ST,8,15
0721426J,23210022142,N,AP,999,2
0721426J,23210033205,N,AP,999,8
0721426J,23211033003,N,ST,25,12
0721426J,23811033003,N,AP,999,8
0721426J,23811033003,N,ST,30,12
0721425H,23811033003,N,ST,24,5
0721336L,23211033003,N,AP,999,2
0721336L,23211033003,N,ST,28,10
0721336L,23811022103,N,ST,24,2
0721336L,23811022108,N,AP,999,0
0721336L,23811033003,N,AP,999,3
0721336L,23811033003,N,ST,32,24
0720017C,23820020102,N,ST,5,0
0720017C,23820025012,N,ST,15,15
0720017C,23820025013,N,ST,5,4
0720017C,23820025014,N,ST,10,10
0720017C,23820025214,N,ST,20,24
0720017C,23820025519,N,ST,12,13
0720017C,23820025520,N,ST,12,12
0720017C,23820030004,N,ST,18,18
0720017C,23820031212,N,ST,17,13
0720017C,23810020008,N,ST,24,42
0720017C,23810020103,N,ST,15,7
0720017C,23810020104,N,ST,15,6
0720017C,23810025222,N,ST,20,25
0720017C,23810030003,N,ST,18,17
0720017C,23810031211,N,ST,17,19
0721366U,23211021314,N,AP,999,6
0721366U,23811021302,N,AP,999,2
0721366U,23811021303,N,AP,999,2
0721366U,23811021404,N,ST,20,11
0720021G,23820020102,N,ST,12,10
0720021G,23820025014,N,ST,12,8
0720021G,23820025519,N,ST,24,23
0720021G,23820025520,N,ST,24,29
0720021G,23820030004,N,ST,18,14
0720021G,23820031212,N,ST,17,21
0720021G,23820031213,N,ST,24,30
0720021G,23210025524,N,ST,15,8
0720021G,23210031224,N,ST,15,19
0720021G,23810020008,N,ST,48,44
0720021G,23810020103,N,ST,12,7
0720021G,23810020104,N,ST,12,6
0720021G,23810030003,N,ST,18,9
0720021G,23810031211,N,ST,41,86
0721328C,23811033003,N,ST,24,8
0721515F,23210033616,N,AP,999,15
0721654G,23210033615,N,AP,999,11
0721654G,23210033616,N,AP,999,1
0721546P,23210032311,N,AP,999,0
0721546P,23210032312,N,AP,999,0
0721546P,23210032313,N,AP,999,1
0720034W,23820022106,N,ST,24,27
0720034W,23820022707,N,ST,15,15
0720034W,23820023004,N,ST,15,13
0720034W,23820023104,N,ST,15,15
0720034W,23820023203,N,ST,15,14
0720034W,23820023304,N,ST,15,21
0720034W,23820023404,N,ST,15,11
0720034W,23820023405,N,ST,24,30
0720034W,23820033007,N,ST,45,64
0720034W,23820033403,N,ST,24,28
0720034W,23820033604,N,ST,24,27
0720034W,23820034304,N,ST,15,7
0720034W,23210022141,N,ST,12,68
0720034W,23210022145,N,ST,12,9
0720034W,23210022146,N,ST,12,58
0720034W,23210022715,N,ST,15,18
0720034W,23210023224,N,ST,15,28
0720034W,23210023329,N,ST,15,7
0720034W,23210023447,N,ST,15,17
0720034W,23210033002,N,ST,12,40
0720034W,23210033413,N,ST,12,34
0720034W,23210034308,N,ST,15,10
0720034W,23810020006,N,ST,30,32
0720034W,23810020008,N,ST,15,19
0720034W,23810023007,N,ST,30,10
0720034W,23810023404,N,ST,15,5
0720034W,23810023409,N,ST,24,14
0720034W,23810033007,N,ST,45,118
0720034W,23810033404,N,ST,48,61
0720034W,23810033605,N,ST,24,56
0720034W,23810034306,N,ST,15,5
0720034W,23810034403,N,ST,18,37
0721094Y,23820025013,N,ST,15,14
0721094Y,23820025214,N,ST,40,54
0721094Y,23820025412,N,ST,20,19
0721094Y,23820031213,N,ST,35,61
0721094Y,23820031214,N,ST,35,40
0721094Y,23210025225,N,ST,20,101
0721094Y,23210031224,N,ST,15,76
0721094Y,23810020103,N,ST,15,9
0721094Y,23810025222,N,ST,40,103
0721094Y,23810025412,N,ST,20,33
0721094Y,23810031211,N,ST,70,128
0720033V,23820025014,N,ST,24,19
0720033V,23820025519,N,ST,24,27
0720033V,23820030004,N,ST,30,47
0720033V,23820031212,N,ST,30,32
0720033V,23820033104,N,ST,15,17
0720033V,23210020101,N,ST,24,22
0720033V,23810020008,N,ST,24,69
0720033V,23810020103,N,ST,24,17
0720033V,23810030003,N,ST,30,76
0720033V,23810031211,N,ST,30,64
0720033V,23810033104,N,ST,15,32
0720822C,23210022137,N,ST,12,8
0720822C,23210022141,N,ST,12,3
0720822C,23210031224,N,ST,45,21
0720822C,23810022107,N,ST,24,13
0720822C,23810031211,N,ST,53,14
0720822C,23810033404,N,ST,45,25
0720822C,23810033605,N,ST,15,13
0721684P,23810025519,N,AP,999,3
0721684P,23810030003,N,ST,35,5
0721684P,23810031211,N,ST,35,8
0720825F,23210022142,N,ST,12,8
0720825F,23210033002,N,ST,45,15
0720825F,23810033006,N,ST,35,24
0720825F,23810033007,N,ST,60,31
0720937C,23210022715,N,AP,999,8
0720937C,23210023223,N,AP,999,9
0720937C,23210023224,N,AP,999,16
0720937C,23210023325,N,AP,999,8
0720937C,23210023326,N,AP,999,7
0720937C,23210023327,N,AP,999,15
0720937C,23210023446,N,AP,999,4
0720937C,23210023447,N,AP,999,8
0720937C,23210023449,N,AP,999,2
0720937C,23210025439,N,AP,999,4
0720937C,23210025524,N,AP,999,16
0720930V,23210022146,N,AP,999,23
0720930V,23210025225,N,AP,999,48
0720930V,23210025226,N,AP,999,7
0720930V,23210025227,N,AP,999,12
0720930V,23210025440,N,AP,999,14
0720930V,23210031224,N,AP,999,69
0720930V,23210033413,N,AP,999,14
0720930V,23810025225,N,AP,999,4
0720930V,23810025226,N,AP,999,3
0720927S,23210033616,N,AP,999,33
0721554Y,23210022146,N,AP,999,4
0721554Y,23210033615,N,AP,999,2
0721528V,23810025012,N,AP,999,3
0721528V,23810025014,N,AP,999,4
0721528V,23810025520,N,AP,999,2
0720928T,23210022137,N,AP,999,18
0720928T,23210022141,N,AP,999,30
0720928T,23210022143,N,AP,999,17
0720928T,23210022144,N,AP,999,5
0720928T,23210022145,N,AP,999,0
0720928T,23210031222,N,AP,999,0
0720928T,23210031223,N,AP,999,6
0721337M,23210031223,N,AP,999,2
0721337M,23210031223,N,ST,16,10
0721337M,23211033003,N,AP,999,1
0721337M,23211033003,N,ST,16,2
0721337M,23811022103,N,ST,16,0
0721337M,23811022108,N,AP,999,0
0721337M,23811033003,N,AP,999,3
0721337M,23811033003,N,ST,16,8
0720027N,23820025014,N,ST,15,13
0720027N,23820031213,N,ST,35,26
0720027N,23820033007,N,ST,30,20
0720027N,23210023445,N,ST,15,4
0720027N,23210023447,N,ST,15,13
0720027N,23810020103,N,ST,15,4
0720027N,23810031211,N,ST,35,22
0720027N,23810033007,N,ST,30,33
0720013Y,23820025012,N,ST,15,12
0720013Y,23820025216,N,ST,10,15
0720013Y,23820025221,N,ST,20,12
0720013Y,23820030004,N,ST,18,9
0720013Y,23820031213,N,ST,35,22
0720013Y,23820033007,N,ST,30,22
0720013Y,23210022142,N,ST,12,17
0720013Y,23210023447,N,ST,15,9
0720013Y,23210025437,N,ST,15,9
0720013Y,23810020104,N,ST,15,10
0720013Y,23810025222,N,ST,30,35
0720013Y,23810030003,N,ST,18,4
0720013Y,23810031211,N,ST,35,14
0720013Y,23810033007,N,ST,30,39
0721478R,23210023006,N,AP,999,1
0721478R,23210023006,N,ST,15,4
0721478R,23210025524,N,AP,999,1
0721478R,23210025524,N,ST,15,1
0721478R,23210032227,N,AP,999,7
0721478R,23210032227,N,ST,30,13
0721478R,23810020008,N,ST,60,24
0721478R,23810022403,N,ST,15,7
0721478R,23810024204,N,ST,15,10
0721478R,23810024304,N,ST,15,2
0721478R,23810032303,N,ST,15,13
0721478R,23810032304,N,ST,15,13
0720010V,23821021001,N,ST,32,23
0720010V,23821021004,N,ST,32,34
0720010V,23811021112,N,ST,32,23
0720010V,23811021112,N,ST,32,65
0721476N,23211021130,N,AP,999,14
0721476N,23211021405,N,AP,999,28
0721476N,23811021001,N,AP,999,4
0721476N,23811021004,N,AP,999,12
0721476N,23811021114,N,AP,999,0
0721476N,23811021405,N,AP,999,9
0721476N,23810025219,N,AP,999,6
0721009F,23211033003,N,ST,24,8
0721009F,23811021004,N,AP,999,2
0721009F,23811021112,N,ST,24,5
0721009F,23811021112,N,ST,24,1
0721009F,23811021211,N,AP,999,4
0721009F,23811033003,N,AP,999,5
0721009F,23811033003,N,ST,24,9
0720048L,23820023405,N,ST,15,15
0720048L,23820025012,N,ST,24,16
0720048L,23820030004,N,ST,18,18
0720048L,23820031212,N,ST,18,2
0720048L,23820031214,N,ST,17,40
0720048L,23210022138,N,ST,0,0
0720048L,23210023006,N,ST,7,14
0720048L,23210023445,N,ST,15,14
0720048L,23210031224,N,ST,8,17
0720048L,23810020104,N,ST,24,22
0720048L,23810023409,N,ST,15,15
0720048L,23810030003,N,ST,18,15
0720048L,23810031211,N,ST,35,50
0720843A,23810031211,N,ST,18,2
0721301Y,23820025215,N,ST,20,16
0721301Y,23820031106,N,ST,18,19
0721301Y,23820031107,N,ST,30,33
0721301Y,23820031114,N,ST,18,6
0721301Y,23210033002,N,ST,12,2
0721301Y,23810025222,N,ST,20,15
0721301Y,23810030003,N,ST,35,13
0721301Y,23810031117,N,ST,30,51
0721329D,23211033003,N,ST,24,18
0721329D,23811033003,N,ST,48,8
0721380J,23210031224,N,AP,999,0
0721380J,23211033003,N,AP,999,5
0721380J,23211033003,N,ST,25,6
0721427K,23211021130,N,AP,999,2
0721427K,23211021405,N,AP,999,6
0721427K,23211021405,N,ST,17,10
0721427K,23811021004,N,AP,999,3
0721427K,23811021112,N,ST,17,4
0721427K,23811021404,N,ST,24,7
0721427K,23811021405,N,AP,999,0
Total établissements sélectionnés - département SARTHE,,,,83972,9678
0730003G,23820030004,N,ST,24,24
0730003G,23820031212,N,ST,15,15
0730003G,23820031213,N,ST,15,36
0730003G,23210022142,N,ST,12,13
0730003G,23810030003,N,ST,24,21
0730003G,23810031211,N,ST,30,52
0731045P,23210023327,N,ST,8,9
0731045P,23210023447,N,ST,8,10
0731045P,23210031224,N,ST,8,21
0730006K,23820022706,N,ST,12,13
0730006K,23820022707,N,ST,12,5
0730006K,23820023404,N,ST,15,6
0730006K,23820023405,N,ST,15,7
0730006K,23820024204,N,ST,12,9
0730006K,23820025517,N,ST,12,10
0730006K,23820025520,N,ST,12,7
0730006K,23820033007,N,ST,24,31
0730006K,23210022142,N,ST,12,6
0730006K,23210022715,N,ST,12,9
0730006K,23210023006,N,ST,12,13
0730006K,23210023327,N,ST,12,7
0730006K,23210033205,N,ST,12,23
0730006K,23810020008,N,ST,36,14
0730006K,23810023404,N,ST,15,9
0730006K,23810023409,N,ST,15,6
0730006K,23810024204,N,ST,12,22
0730006K,23810033007,N,ST,24,29
0730005J,23820030004,N,ST,12,15
0730005J,23810030003,N,ST,12,30
0730760E,23210031224,N,AP,999,9
0730760E,23210031224,N,ST,15,11
0730760E,23810031211,N,ST,30,43
0730772T,23210033205,N,ST,24,20
0730772T,23810031211,N,ST,30,30
0730772T,23810033006,N,ST,15,11
0730772T,23810033007,N,ST,15,13
0730012S,23820022106,N,ST,36,44
0730012S,23820033403,N,ST,36,25
0730012S,23210022141,N,ST,12,37
0730012S,23210022142,N,ST,12,18
0730012S,23210031224,N,ST,24,9
0730012S,23810033404,N,ST,72,76
0730811K,23210022142,N,ST,8,19
0730811K,23210024007,N,ST,8,7
0730811K,23210024240,N,ST,8,11
0731198F,23211021130,N,ST,20,7
0731198F,23211021405,N,ST,20,6
0731198F,23211033003,N,ST,20,2
0731198F,23811021112,N,ST,20,5
0731198F,23811021404,N,ST,20,4
0731198F,23811033001,N,ST,20,5
0731043M,23820030004,N,ST,15,24
0731043M,23820031106,N,ST,24,25
0731043M,23820031114,N,ST,15,11
0731043M,23820031213,N,ST,15,29
0731043M,23820031214,N,ST,15,31
0731043M,23210031122,N,ST,12,15
0731043M,23210031224,N,ST,12,45
0731043M,23810030003,N,ST,54,30
0731043M,23810031211,N,ST,30,65
0731248K,23820022004,N,ST,24,15
0731248K,23820025214,N,ST,10,16
0731248K,23820025215,N,ST,10,8
0731248K,23820025412,N,ST,10,11
0731248K,23820031107,N,ST,24,27
0731248K,23820033007,N,ST,32,46
0731248K,23210025440,N,ST,10,43
0731248K,23210031126,N,ST,12,41
0731248K,23210031127,N,ST,12,13
0731248K,23210033205,N,ST,15,52
0731248K,23810020104,N,ST,24,8
0731248K,23810025222,N,ST,20,52
0731248K,23810025412,N,ST,10,10
0731248K,23810031117,N,ST,24,58
0731248K,23810033007,N,ST,32,58
0730016W,23820020009,N,ST,15,16
0730016W,23820025012,N,ST,24,23
0730016W,23820025014,N,ST,15,8
0730016W,23820025411,N,ST,24,34
0730016W,23820025520,N,ST,15,21
0730016W,23210025524,N,ST,12,29
0730016W,23810020008,N,ST,24,67
0730016W,23810020009,N,ST,15,37
0730016W,23810020103,N,ST,39,29
0730016W,23810020104,N,ST,24,31
0730776X,23210031224,N,ST,24,13
0730776X,23810030003,N,ST,15,21
0730776X,23810031211,N,ST,60,52
0731341L,23210031224,N,AP,999,13
0731341L,23210033616,N,AP,999,32
0731341L,23810031213,N,AP,999,11
0731341L,23810031214,N,AP,999,7
0731341L,23810033604,N,AP,999,2
0730812L,23211033003,N,ST,27,20
0730812L,23811033001,N,ST,32,27
0731364L,23211021130,N,AP,999,8
0731364L,23211021405,N,AP,999,24
0731364L,23811021004,N,AP,999,20
0731364L,23811021405,N,AP,999,17
0731527N,23210033615,N,AP,999,27
0730813M,23811021112,N,ST,24,29
0730813M,23811021112,N,ST,20,7
0730813M,23811021112,N,ST,4,0
0730813M,23811021112,N,ST,4,3
0730774V,23210023006,N,ST,12,4
0730774V,23210023324,N,ST,12,4
0730774V,23210025439,N,ST,12,4
0730774V,23210034405,N,ST,24,33
0730774V,23810020008,N,ST,48,27
0730774V,23810020103,N,ST,12,4
0730774V,23810020104,N,ST,12,1
0730774V,23810034403,N,ST,24,32
0731505P,23210025437,N,AP,999,6
0731505P,23810025012,N,AP,999,1
0731505P,23810025014,N,AP,999,6
0731505P,23810025411,N,AP,999,9
0731505P,23810025520,N,AP,999,5
0731506R,23210025225,N,AP,999,62
0731506R,23210025226,N,AP,999,16
0731506R,23210025440,N,AP,999,26
0731506R,23810025224,N,AP,999,43
0731506R,23810025225,N,AP,999,12
0731506R,23810025226,N,AP,999,9
0731506R,23810025412,N,AP,999,11
0730032N,23C10023412,N,ST,12,4
0730032N,23820022707,N,ST,12,15
0730032N,23820023004,N,ST,24,14
0730032N,23820023005,N,ST,12,29
0730032N,23820023104,N,ST,12,12
0730032N,23820023203,N,ST,12,12
0730032N,23820023303,N,ST,12,10
0730032N,23820023405,N,ST,12,19
0730032N,23820025520,N,ST,12,11
0730032N,23210022715,N,ST,12,15
0730032N,23210023224,N,ST,12,11
0730032N,23210023325,N,ST,12,12
0730032N,23210023327,N,ST,12,30
0730032N,23210023445,N,ST,12,4
0730032N,23210023446,N,ST,12,7
0730032N,23210023447,N,ST,12,5
0730032N,23210025439,N,ST,12,4
0730032N,23810020006,N,ST,24,6
0730032N,23810020008,N,ST,24,20
0730032N,23810023007,N,ST,48,42
0730032N,23810023409,N,ST,12,11
0730029K,23820022106,N,ST,12,18
0730029K,23820025012,N,ST,24,29
0730029K,23820030004,N,ST,15,16
0730029K,23820031212,N,ST,15,17
0730029K,23820033403,N,ST,12,5
0730029K,23210022146,N,ST,12,13
0730029K,23210025138,N,ST,12,16
0730029K,23210033413,N,ST,12,7
0730029K,23810020104,N,ST,24,11
0730029K,23810030003,N,ST,15,23
0730029K,23810031211,N,ST,15,16
0730029K,23810033404,N,ST,24,32
0730878H,23210022715,N,AP,999,9
0730878H,23210023224,N,AP,999,11
0730878H,23210023324,N,AP,999,9
0730878H,23210023326,N,AP,999,8
0730878H,23210023327,N,AP,999,13
0730878H,23210023446,N,AP,999,11
0730878H,23210023447,N,AP,999,6
0730878H,23210025439,N,AP,999,3
0730878H,23210025524,N,AP,999,21
0731252P,23210022137,N,AP,999,18
0731252P,23210022141,N,AP,999,42
0731252P,23210022143,N,AP,999,30
0731252P,23210022146,N,AP,999,40
0731252P,23210031224,N,AP,999,2
0731252P,23210033413,N,AP,999,14
0730037U,23820022106,N,ST,12,13
0730037U,23820025012,N,ST,24,22
0730037U,23820025519,N,ST,15,9
0730037U,23820025520,N,ST,15,20
0730037U,23820031212,N,ST,24,23
0730037U,23820033007,N,ST,24,28
0730037U,23820033403,N,ST,12,13
0730037U,23210031224,N,ST,12,10
0730037U,23210033205,N,ST,12,6
0730037U,23810020008,N,ST,30,26
0730037U,23810020104,N,ST,24,19
0730037U,23810031211,N,ST,24,17
0730037U,23810033007,N,ST,15,9
0730037U,23810033404,N,ST,24,8
0730039W,23820025109,N,ST,12,8
0730039W,23210023006,N,ST,12,8
0730039W,23810020006,N,ST,24,21
0730039W,23810020008,N,ST,24,18
0730039W,23810031211,N,ST,24,30
0730039W,23810025109,N,ST,12,18
0730043A,23820020102,N,ST,15,5
0730043A,23820025014,N,ST,15,6
0730043A,23820025519,N,ST,15,13
0730043A,23820025520,N,ST,24,23
0730043A,23810020008,N,ST,39,37
0730043A,23810020103,N,ST,15,7
0730043A,23810020104,N,ST,15,3
Total établissements sélectionnés - département SAVOIE,,,,47260,10021
0770918E,23820030004,N,ST,54,56
0770918E,23820033006,N,ST,24,38
0770918E,23820033007,N,ST,60,72
0770918E,23210022142,N,ST,12,8
0770918E,23210033002,N,ST,12,4
0770918E,23210033205,N,ST,12,72
0770918E,23810030003,N,ST,54,33
0770918E,23810033006,N,ST,24,41
0770918E,23810033007,N,ST,60,54
0771914M,23210022146,N,AP,999,6
0771914M,23210033413,N,AP,999,7
0771914M,23810022106,N,AP,999,10
0771914M,23810033403,N,AP,999,3
0771436T,23821021004,N,ST,0,0
0771436T,23821021114,N,ST,0,0
0771436T,23821021405,N,ST,0,0
0771436T,23211021130,N,ST,11,19
0771436T,23811021004,N,ST,21,24
0771436T,23811021114,N,ST,10,4
0771436T,23811021404,N,ST,27,22
0772230F,23820030004,N,ST,30,25
0772230F,23820031213,N,ST,44,49
0772230F,23820031214,N,ST,16,19
0772230F,23810030003,N,ST,30,10
0772230F,23810031211,N,ST,60,76
0772275E,23210025524,N,ST,12,7
0772275E,23810020008,N,ST,28,14
0772275E,23810020104,N,ST,24,9
0772275E,23810031211,N,ST,54,53
0772332S,23820031212,N,ST,24,7
0772332S,23820031213,N,ST,24,54
0772332S,23820031214,N,ST,24,25
0772332S,23810031211,N,ST,48,67
0771357G,23821021004,N,ST,8,4
0771357G,23821033003,N,ST,0,0
0771357G,23211033003,N,ST,19,35
0771357G,23811021004,N,ST,27,24
0771357G,23811033003,N,ST,27,26
0771817G,23211021130,N,AP,999,5
0771817G,23211021405,N,AP,999,10
0771817G,23811021004,N,AP,999,9
0771817G,23811021114,N,AP,999,0
0771817G,23811021405,N,AP,999,18
0771817G,23811022108,N,AP,999,2
0770342D,23210023224,N,AP,999,0
0770342D,23210023224,N,ST,8,7
0770342D,23210023327,N,AP,999,0
0770342D,23210023327,N,ST,8,6
0770342D,23210023447,N,AP,999,2
0770342D,23210023447,N,ST,8,4
0770342D,23210033413,N,AP,999,0
0770342D,23210033413,N,ST,8,10
0770342D,23211021405,N,AP,999,2
0770342D,23211021405,N,ST,8,13
0770920G,23820025013,N,ST,12,0
0770920G,23820025014,N,ST,12,6
0770920G,23820025519,N,ST,48,51
0770920G,23820025520,N,ST,48,35
0770920G,23820031213,N,ST,24,32
0770920G,23820031214,N,ST,18,13
0770920G,23820033604,N,ST,24,18
0770920G,23820033606,N,ST,48,44
0770920G,23210025524,N,ST,12,15
0770920G,23210031224,N,ST,15,18
0770920G,23810020008,N,ST,81,66
0770920G,23810020103,N,ST,24,10
0770920G,23810031211,N,ST,30,26
0770920G,23810033605,N,ST,72,53
0772223Y,23820030004,N,ST,60,48
0772223Y,23810030003,N,ST,54,49
0772864V,23210023220,N,AP,999,6
0772864V,23210023223,N,AP,999,4
0770998S,23210022137,N,AP,999,16
0770998S,23210022141,N,AP,999,20
0770998S,23210022143,N,AP,999,8
0770998S,23210025225,N,AP,999,26
0770998S,23210025524,N,AP,999,16
0770998S,23210031224,N,AP,999,6
0770998S,23210033615,N,AP,999,28
0770998S,23210033616,N,AP,999,48
0770998S,23810025224,N,AP,999,14
0770998S,23810025520,N,AP,999,21
0770998S,23810031213,N,AP,999,16
0770998S,23810031214,N,AP,999,11
0771171E,23821022108,N,ST,20,16
0771171E,23820025014,N,ST,24,12
0771171E,23820025519,N,ST,24,53
0771171E,23820025520,N,ST,48,50
0771171E,23820030004,N,ST,60,54
0771171E,23820031212,N,ST,24,10
0771171E,23820031213,N,ST,60,69
0771171E,23820031214,N,ST,24,32
0771171E,23210025524,N,ST,24,36
0771171E,23210031224,N,ST,24,52
0771171E,23811022103,N,ST,20,9
0771171E,23810020008,N,ST,72,79
0771171E,23810020103,N,ST,24,13
0771171E,23810030003,N,ST,60,23
0771171E,23810031211,N,ST,84,68
0772276F,23820033006,N,ST,24,35
0772276F,23820033007,N,ST,60,83
0772276F,23810033006,N,ST,24,61
0772276F,23810033007,N,ST,60,71
0772918D,23210022141,N,AP,999,1
0772918D,23210022146,N,AP,999,1
0772918D,23210033615,N,AP,999,1
0772918D,23810031214,N,AP,999,1
0772918D,23810033606,N,AP,999,2
0772918D,23810034403,N,AP,999,1
0771995A,23820022706,N,ST,24,7
0771995A,23820022707,N,ST,24,35
0771995A,23820025517,N,ST,24,15
0771995A,23820030004,N,ST,24,33
0771995A,23820031212,N,ST,24,25
0771995A,23820031213,N,ST,24,30
0771995A,23820031214,N,ST,24,42
0771995A,23210022714,N,ST,12,17
0771995A,23210022715,N,ST,24,24
0771995A,23210031224,N,ST,12,29
0771995A,23810020008,N,ST,72,40
0771995A,23810030003,N,ST,24,17
0771995A,23810031211,N,ST,72,40
0771997C,23820025216,N,ST,20,20
0771997C,23820025221,N,ST,14,13
0771997C,23820025519,N,ST,60,58
0771997C,23820025520,N,ST,30,36
0771997C,23820030004,N,ST,30,56
0771997C,23820031106,N,ST,30,38
0771997C,23210025223,N,ST,10,18
0771997C,23210025227,N,ST,10,16
0771997C,23810020008,N,ST,90,72
0771997C,23810025222,N,ST,30,16
0771997C,23810030003,N,ST,60,53
0771658J,23C10022408,N,ST,12,13
0771658J,23C10023301,N,ST,12,13
0771658J,23C10023304,N,ST,12,9
0771658J,23820022106,N,ST,24,22
0771658J,23820023304,N,ST,12,13
0771658J,23820033403,N,ST,24,23
0771658J,23210022146,N,ST,12,21
0771658J,23210022420,N,ST,18,13
0771658J,23210023311,N,ST,24,14
0771658J,23210023327,N,ST,12,11
0771658J,23210032227,N,ST,24,48
0771658J,23210033413,N,ST,12,7
0771658J,23810020006,N,ST,24,15
0771658J,23810033404,N,ST,48,41
0770923K,23210022146,N,AP,999,2
0770923K,23210033413,N,AP,999,4
0770923K,23810022106,N,AP,999,2
0770923K,23810033403,N,AP,999,2
0770924L,23820025214,N,ST,20,32
0770924L,23820025215,N,ST,10,9
0770924L,23820025219,N,ST,10,7
0770924L,23820025220,N,ST,10,12
0770924L,23820025221,N,ST,10,2
0770924L,23820025412,N,ST,20,19
0770924L,23820030004,N,ST,48,63
0770924L,23820031107,N,ST,24,20
0770924L,23820033007,N,ST,60,66
0770924L,23110031117,N,ST,12,1
0770924L,23210025221,N,ST,30,11
0770924L,23210025226,N,ST,30,62
0770924L,23210025440,N,ST,20,15
0770924L,23210031224,N,ST,18,31
0770924L,23210033002,N,ST,24,7
0770924L,23810025222,N,ST,60,56
0770924L,23810025412,N,ST,20,16
0770924L,23810030003,N,ST,42,36
0770924L,23810031117,N,ST,24,63
0770924L,23810033007,N,ST,60,30
0770983A,23210025223,N,AP,999,2
0770983A,23210025225,N,AP,999,9
0770983A,23210025226,N,AP,999,6
0770983A,23210025440,N,AP,999,9
0770983A,23810025224,N,AP,999,7
0770983A,23810025225,N,AP,999,3
0770983A,23810025412,N,AP,999,2
0772925L,23210033615,N,AP,999,6
0772925L,23210033616,N,AP,999,11
0771027Y,23820020009,N,ST,24,19
0771027Y,23820020102,N,ST,12,0
0771027Y,23820025006,N,ST,24,16
0771027Y,23820025012,N,ST,12,9
0771027Y,23820025520,N,ST,48,41
0771027Y,23820030004,N,ST,48,41
0771027Y,23820031212,N,ST,24,20
0771027Y,23820031214,N,ST,24,36
0771027Y,23820034403,N,ST,36,35
0771027Y,23210025524,N,ST,30,28
0771027Y,23810020008,N,ST,48,38
0771027Y,23810020009,N,ST,24,19
0771027Y,23810020103,N,ST,24,14
0771027Y,23810020104,N,ST,24,13
0771027Y,23810030003,N,ST,24,33
0771027Y,23810031211,N,ST,48,74
0771027Y,23810034403,N,ST,36,43
0772751X,23820031106,N,ST,48,27
0772751X,23820031107,N,ST,24,17
0772751X,23820031114,N,ST,12,13
0772751X,23810030003,N,ST,48,35
0772751X,23810031117,N,ST,24,38
0772549C,23810031212,N,AP,999,1
0772549C,23810031213,N,AP,999,8
0772549C,23810031214,N,AP,999,4
0772241T,23810025012,N,AP,999,4
0772241T,23810025520,N,AP,999,3
0772321E,23210022141,N,AP,999,9
0772321E,23210022146,N,AP,999,2
0772321E,23210033413,N,AP,999,9
0772321E,23810022106,N,AP,999,1
0772321E,23810033403,N,AP,999,5
0772320D,23810025519,N,AP,999,15
0771200L,23810031211,N,ST,40,30
0771200L,23810032303,N,ST,40,39
0771200L,23810033006,N,ST,30,7
0771200L,23810033007,N,ST,30,12
0772749V,23211021237,N,AP,999,20
0772749V,23811021211,N,AP,999,12
0770943G,23820022706,N,ST,15,11
0770943G,23820022707,N,ST,15,20
0770943G,23820023004,N,ST,15,11
0770943G,23820023005,N,ST,15,15
0770943G,23820023203,N,ST,15,21
0770943G,23820023304,N,ST,15,25
0770943G,23820023405,N,ST,24,17
0770943G,23820025406,N,ST,15,10
0770943G,23210023006,N,ST,12,10
0770943G,23210023224,N,ST,15,9
0770943G,23210023324,N,ST,24,26
0770943G,23210023327,N,ST,15,16
0770943G,23210023447,N,ST,24,14
0770943G,23210025439,N,ST,12,8
0770943G,23810020006,N,ST,42,41
0770943G,23810020008,N,ST,30,17
0770943G,23810023007,N,ST,24,24
0770943G,23810023409,N,ST,24,16
0772644F,23810023203,N,AP,999,5
0772228D,23820033006,N,ST,48,52
0772228D,23820033007,N,ST,60,54
0772228D,23210033205,N,ST,12,8
0772228D,23810033006,N,ST,48,30
0772228D,23810033007,N,ST,60,27
0771880A,23820030004,N,ST,54,56
0771880A,23820031212,N,ST,24,21
0771880A,23820031213,N,ST,54,75
0771880A,23820031214,N,ST,48,49
0771880A,23820034403,N,ST,36,37
0771880A,23210024007,N,ST,12,6
0771880A,23810030003,N,ST,54,32
0771880A,23810031211,N,ST,108,178
0771880A,23810034403,N,ST,36,55
0770931U,23820024204,N,ST,24,33
0770931U,23820025302,N,ST,24,37
0770931U,23820025519,N,ST,30,86
0770931U,23820025520,N,ST,54,51
0770931U,23820034304,N,ST,15,11
0770931U,23210022142,N,ST,12,29
0770931U,23210025524,N,ST,12,40
0770931U,23210033002,N,ST,12,15
0770931U,23210034308,N,ST,12,4
0770931U,23810020008,N,ST,81,174
0770931U,23810024204,N,ST,24,50
0770931U,23810025307,N,ST,24,44
0770931U,23810034306,N,ST,12,10
0772153X,23210031224,N,ST,12,13
0772153X,23210033002,N,ST,12,4
0772153X,23810030003,N,ST,24,26
0772153X,23810031211,N,ST,24,22
0772153X,23810033006,N,ST,24,22
0772153X,23810033007,N,ST,32,23
0770934X,23820025014,N,ST,24,25
0770934X,23820025520,N,ST,48,47
0770934X,23820030004,N,ST,78,76
0770934X,23810020008,N,ST,48,49
0770934X,23810020103,N,ST,24,24
0770934X,23810030003,N,ST,54,46
0771238C,23810020008,N,ST,12,30
0771238C,23810031211,N,ST,24,28
0771238C,23810033605,N,ST,12,15
0772824B,23810025012,N,AP,999,1
0772824B,23810025520,N,AP,999,3
0772296C,23820025519,N,ST,48,73
0772296C,23820025520,N,ST,24,31
0772296C,23810020008,N,ST,72,97
0770938B,23820025012,N,ST,24,29
0770938B,23820032206,N,ST,12,5
0770938B,23820032207,N,ST,36,14
0770938B,23820032208,N,ST,12,7
0770938B,23820032303,N,ST,36,36
0770938B,23820033007,N,ST,30,39
0770938B,23810020104,N,ST,24,27
0770938B,23810032210,N,ST,48,11
0770938B,23810032303,N,ST,24,47
0770938B,23810033007,N,ST,30,42
0772312V,23820024204,N,ST,30,31
0772312V,23820024302,N,ST,12,9
0772312V,23820030004,N,ST,15,22
0772312V,23820031114,N,ST,15,7
0772312V,23820031212,N,ST,24,20
0772312V,23820031213,N,ST,30,45
0772312V,23820031214,N,ST,30,18
0772312V,23210024241,N,ST,12,9
0772312V,23210031224,N,ST,48,25
0772312V,23810024204,N,ST,24,19
0772312V,23810024304,N,ST,12,9
0772312V,23810030003,N,ST,27,14
0772312V,23810031211,N,ST,54,49
0772277G,23820031213,N,ST,24,24
0772277G,23820031214,N,ST,18,12
0772277G,23810031211,N,ST,27,46
0771654E,23210022715,N,AP,999,6
0771654E,23210023224,N,AP,999,16
0771654E,23210023324,N,AP,999,13
0771654E,23210023327,N,AP,999,5
0771654E,23210023447,N,AP,999,5
0771654E,23210023449,N,AP,999,4
0771654E,23210025524,N,AP,999,13
0771654E,23810022707,N,AP,999,0
0771654E,23810023203,N,AP,999,0
0771654E,23810025520,N,AP,999,6
0770940D,23820030004,N,ST,30,33
0770940D,23820031213,N,ST,78,64
0770940D,23820031214,N,ST,24,28
0770940D,23210022142,N,ST,12,12
0770940D,23210031224,N,ST,24,34
0770940D,23810030003,N,ST,27,34
0770940D,23810031211,N,ST,81,65
0771940R,23820025006,N,ST,24,23
0771940R,23820025517,N,ST,24,29
0771940R,23820025519,N,ST,48,77
0771940R,23820025520,N,ST,24,34
0771940R,23820031213,N,ST,30,89
0771940R,23820031214,N,ST,30,61
0771940R,23210025524,N,ST,24,26
0771940R,23810020008,N,ST,96,147
0771940R,23810020103,N,ST,24,25
0771940R,23810031211,N,ST,60,177
0772860R,23810025520,N,AP,999,3
0772319C,23210022715,N,AP,999,3
0772319C,23210023223,N,AP,999,12
0772319C,23210023224,N,AP,999,10
0772319C,23210023324,N,AP,999,19
0772319C,23210023327,N,AP,999,4
0772319C,23210025439,N,AP,999,5
0772319C,23810022707,N,AP,999,4
0772225A,23820030004,N,ST,42,35
0772225A,23820031212,N,ST,30,22
0772225A,23820031213,N,ST,30,46
0772225A,23820031214,N,ST,30,42
0772225A,23820033007,N,ST,60,59
0772225A,23210031224,N,ST,24,39
0772225A,23210033205,N,ST,12,14
0772225A,23810030003,N,ST,27,27
0772225A,23810031211,N,ST,81,95
0772225A,23810033007,N,ST,60,54
0771176K,23211021405,N,AP,999,7
0770942F,23820030004,N,ST,48,48
0770942F,23210031224,N,ST,12,18
0770942F,23810030003,N,ST,48,53
0771336J,23820022707,N,ST,24,22
0771336J,23820023104,N,ST,18,11
0771336J,23820023203,N,ST,24,17
0771336J,23820023210,N,ST,24,23
0771336J,23820023405,N,ST,15,13
0771336J,23820025220,N,ST,10,16
0771336J,23820033006,N,ST,24,34
0771336J,23210022142,N,ST,12,11
0771336J,23210022715,N,ST,12,6
0771336J,23210023006,N,ST,12,5
0771336J,23210023122,N,ST,12,5
0771336J,23210023123,N,ST,35,43
0771336J,23210023224,N,ST,15,5
0771336J,23210023325,N,ST,12,4
0771336J,23210025222,N,ST,10,6
0771336J,23210033002,N,ST,12,10
0771336J,23810020006,N,ST,39,16
0771336J,23810020008,N,ST,24,17
0771336J,23810023007,N,ST,12,7
0771336J,23810023409,N,ST,15,4
0771336J,23810025222,N,ST,10,7
0771336J,23810033006,N,ST,24,34
0772151V,23210022146,N,ST,15,4
0772151V,23810033007,N,ST,22,18
0772295B,23820031212,N,ST,18,28
0772295B,23820031213,N,ST,48,36
0772295B,23820031214,N,ST,24,22
0772295B,23810031211,N,ST,66,71
0772690F,23210022137,N,AP,999,16
0772690F,23210022141,N,AP,999,22
0772690F,23210022143,N,AP,999,6
0772690F,23210022146,N,AP,999,12
0772690F,23210025225,N,AP,999,22
0772690F,23210025440,N,AP,999,15
0772690F,23210031223,N,AP,999,8
0772690F,23210031224,N,AP,999,8
0772690F,23210033413,N,AP,999,4
0772690F,23210033615,N,AP,999,23
0772690F,23210033616,N,AP,999,20
0772690F,23810022106,N,AP,999,2
0772690F,23810025224,N,AP,999,15
0772690F,23810025412,N,AP,999,3
0772690F,23810031213,N,AP,999,7
0772690F,23810031214,N,AP,999,5
0772690F,23810033403,N,AP,999,4
0771190A,23210033615,N,AP,999,10
0771190A,23210033616,N,AP,999,4
0772547A,23210023223,N,AP,999,9
0772547A,23210023224,N,AP,999,4
0772547A,23210023324,N,AP,999,17
0772547A,23210023327,N,AP,999,3
0772547A,23210023446,N,AP,999,2
0772547A,23210023447,N,AP,999,6
0772547A,23210025439,N,AP,999,2
0772244W,23820022106,N,ST,36,45
0772244W,23820030004,N,ST,30,30
0772244W,23820031212,N,ST,12,17
0772244W,23820031213,N,ST,57,29
0772244W,23820031214,N,ST,39,44
0772244W,23820033403,N,ST,36,25
0772244W,23110031224,N,ST,12,5
0772244W,23210022141,N,ST,12,30
0772244W,23210022146,N,ST,12,38
0772244W,23210031224,N,ST,12,46
0772244W,23210033413,N,ST,12,17
0772244W,23810030003,N,ST,27,30
0772244W,23810031211,N,ST,81,66
0772244W,23810033404,N,ST,60,56
0772587U,23210031124,N,AP,999,0
0772587U,23210031126,N,AP,999,6
0772688D,23820022106,N,ST,12,25
0772688D,23820033403,N,ST,12,14
0772688D,23210022141,N,ST,12,64
0772688D,23210022146,N,ST,12,35
0772688D,23210033413,N,ST,12,18
0772688D,23810033404,N,ST,24,69
0772333T,23211033003,N,AP,999,2
0772333T,23211033003,N,ST,25,5
0772333T,23811033003,N,AP,999,1
0772333T,23811033003,N,ST,25,0
0770944H,23820023405,N,ST,24,24
0770944H,23820025012,N,ST,15,15
0770944H,23820025411,N,ST,15,13
0770944H,23820025520,N,ST,36,29
0770944H,23820031212,N,ST,15,15
0770944H,23820031213,N,ST,66,38
0770944H,23820031214,N,ST,24,18
0770944H,23210023447,N,ST,15,4
0770944H,23210025439,N,ST,15,9
0770944H,23210025524,N,ST,15,15
0770944H,23210031224,N,ST,30,37
0770944H,23810020008,N,ST,24,14
0770944H,23810020103,N,ST,15,11
0770944H,23810020104,N,ST,12,7
0770944H,23810023409,N,ST,15,10
0770944H,23810031211,N,ST,96,55
0772120L,23820033007,N,ST,60,88
0772120L,23810033007,N,ST,60,97
0772342C,23820025012,N,ST,24,20
0772342C,23820025519,N,ST,24,42
0772342C,23820025520,N,ST,36,34
0772342C,23820030004,N,ST,15,41
0772342C,23820031106,N,ST,30,11
0772342C,23820031114,N,ST,15,7
0772342C,23210022142,N,ST,24,18
0772342C,23210025524,N,ST,24,24
0772342C,23210031122,N,ST,17,32
0772342C,23210033002,N,ST,24,11
0772342C,23810020008,N,ST,60,111
0772342C,23810020104,N,ST,24,5
0772342C,23810030003,N,ST,60,44
0770945J,23820020009,N,ST,15,14
0770945J,23820025216,N,ST,10,8
0770945J,23820025221,N,ST,10,8
0770945J,23820025411,N,ST,36,36
0770945J,23820025520,N,ST,27,25
0770945J,23210025437,N,ST,12,10
0770945J,23810020008,N,ST,27,16
0770945J,23810020009,N,ST,15,14
0770945J,23810020103,N,ST,36,27
0770945J,23810025222,N,ST,20,23
0772310T,23820031213,N,ST,16,32
0772310T,23820031214,N,ST,16,24
0772310T,23820033007,N,ST,60,84
0772310T,23210022142,N,ST,12,27
0772310T,23210033002,N,ST,12,8
0772310T,23810031211,N,ST,32,65
0772310T,23810033007,N,ST,60,110
0772715H,23210025225,N,AP,999,17
0772715H,23810025224,N,AP,999,12
Total établissements sélectionnés - département SEINE-ET-MARNE,,,,145331,31368
0761315S,23821021004,N,ST,32,8
0761315S,23821022105,N,ST,16,2
0761315S,23820022005,N,ST,16,0
0761315S,23811021112,N,ST,34,46
0761315S,23811022104,N,ST,15,20
0761315S,23810022005,N,ST,15,6
0760007V,23820022106,N,ST,12,18
0760007V,23820025012,N,ST,30,17
0760007V,23820025520,N,ST,30,16
0760007V,23820031213,N,ST,32,38
0760007V,23820033007,N,ST,20,24
0760007V,23820033403,N,ST,12,11
0760007V,23210022142,N,ST,12,12
0760007V,23210022146,N,ST,12,17
0760007V,23210033002,N,ST,24,14
0760007V,23210033413,N,ST,12,5
0760007V,23810020008,N,ST,30,21
0760007V,23810020104,N,ST,30,18
0760007V,23810031211,N,ST,32,33
0760007V,23810033007,N,ST,15,30
0760007V,23810033404,N,ST,24,23
0760013B,23820030004,N,ST,24,24
0760013B,23820031212,N,ST,32,23
0760013B,23820031213,N,ST,32,35
0760013B,23820033007,N,ST,30,42
0760013B,23210031224,N,ST,15,28
0760013B,23210033002,N,ST,15,12
0760013B,23810030003,N,ST,24,14
0760013B,23810031211,N,ST,64,43
0760013B,23810033007,N,ST,30,52
0762920L,23820025012,N,ST,30,34
0762920L,23820025014,N,ST,15,7
0762920L,23820025411,N,ST,15,30
0762920L,23820025520,N,ST,30,30
0762920L,23210025437,N,ST,15,26
0762920L,23210025439,N,ST,15,7
0762920L,23810020008,N,ST,30,18
0762920L,23810020103,N,ST,30,49
0762920L,23810020104,N,ST,30,25
0761767H,23821021004,N,ST,26,3
0761767H,23211021130,N,ST,18,26
0761767H,23811021112,N,ST,30,26
0762630W,23811021001,N,AP,999,3
0762630W,23811021004,N,AP,999,2
0762630W,23810020005,N,ST,25,13
0762630W,23811021112,N,ST,25,6
0763237F,23820022105,N,ST,48,45
0763237F,23820022106,N,ST,24,25
0763237F,23820033403,N,ST,24,22
0763237F,23210022137,N,ST,12,26
0763237F,23210022141,N,ST,12,44
0763237F,23210022146,N,AP,999,6
0763237F,23210022146,N,ST,12,25
0763237F,23210033413,N,AP,999,0
0763237F,23210033413,N,ST,12,13
0763237F,23810022107,N,ST,48,59
0763237F,23810033404,N,ST,48,70
0762634A,23211033003,N,ST,30,22
0762634A,23811033001,N,ST,30,24
0760024N,23820020009,N,ST,15,9
0760024N,23820022708,N,ST,15,19
0760024N,23820025006,N,ST,15,10
0760024N,23820025014,N,ST,15,10
0760024N,23820025214,N,ST,24,33
0760024N,23820025411,N,ST,30,36
0760024N,23820025520,N,ST,15,12
0760024N,23210025225,N,AP,999,31
0760024N,23210025439,N,ST,15,12
0760024N,23210025440,N,AP,999,13
0760024N,23210025524,N,AP,999,5
0760024N,23810020008,N,ST,15,18
0760024N,23810020009,N,ST,15,8
0760024N,23810020103,N,ST,60,44
0760024N,23810022708,N,ST,15,13
0760024N,23810025222,N,ST,24,57
0763002A,23820024204,N,ST,15,15
0763002A,23820030004,N,ST,24,35
0763002A,23820031106,N,ST,32,35
0763002A,23820031213,N,ST,32,57
0763002A,23820033007,N,ST,30,45
0763002A,23820034304,N,ST,30,26
0763002A,23210031122,N,ST,12,20
0763002A,23810024204,N,ST,15,16
0763002A,23810030003,N,ST,56,36
0763002A,23810031211,N,ST,32,61
0763002A,23810033007,N,ST,30,67
0763002A,23810034306,N,ST,30,7
0760030V,23820020102,N,ST,15,8
0760030V,23820022004,N,ST,12,19
0760030V,23820025012,N,ST,15,31
0760030V,23820025411,N,ST,15,15
0760030V,23820031212,N,ST,16,10
0760030V,23820031213,N,ST,16,50
0760030V,23820031214,N,ST,16,21
0760030V,23210020101,N,ST,15,13
0760030V,23210031224,N,ST,15,17
0760030V,23810020103,N,ST,15,27
0760030V,23810020104,N,ST,42,40
0760030V,23810031211,N,ST,48,81
0761347B,23210025524,N,ST,15,2
0761347B,23210031224,N,ST,15,4
0761347B,23810020008,N,ST,15,6
0761347B,23810030003,N,ST,18,6
0761347B,23810031211,N,ST,31,16
0761347B,23810033101,N,ST,15,10
0761347B,23810033104,N,ST,15,8
0763004C,23821021303,N,ST,22,3
0763004C,23811021404,N,ST,22,20
0763079J,23820023404,N,ST,30,24
0763079J,23820023406,N,ST,15,6
0763079J,23210023446,N,ST,15,16
0763079J,23810020104,N,ST,15,2
0763079J,23810023404,N,ST,30,26
0760032X,23820020102,N,ST,15,13
0760032X,23820025012,N,ST,15,14
0760032X,23820025013,N,ST,15,8
0760032X,23210025439,N,ST,15,7
0760032X,23810020103,N,ST,15,6
0760032X,23810020104,N,ST,30,11
0760036B,23820025012,N,ST,30,22
0760036B,23820025411,N,ST,15,16
0760036B,23820025520,N,ST,30,24
0760036B,23820031213,N,ST,16,26
0760036B,23820031214,N,ST,16,18
0760036B,23210022142,N,ST,12,15
0760036B,23210022146,N,ST,12,17
0760036B,23810020008,N,ST,30,10
0760036B,23810020103,N,ST,15,16
0760036B,23810020104,N,ST,30,21
0760036B,23810031211,N,ST,32,63
0762735K,23210021308,N,ST,12,8
0762735K,23810020007,N,ST,36,33
0762600N,23820025012,N,ST,30,21
0762600N,23820031213,N,ST,32,43
0762600N,23210023006,N,ST,15,10
0762600N,23810020104,N,ST,30,17
0762600N,23810031211,N,ST,32,26
0762633Z,23211033003,N,ST,28,10
0762633Z,23811033001,N,ST,28,12
0762911B,23820022004,N,ST,24,14
0762911B,23810020104,N,ST,24,20
0762836V,23820023104,N,ST,15,10
0762836V,23820023210,N,ST,24,33
0762836V,23820034303,N,ST,15,8
0762836V,23210023122,N,ST,15,9
0762836V,23210023123,N,ST,24,50
0762836V,23210023124,N,ST,15,6
0762836V,23210023225,N,ST,15,4
0762836V,23210025222,N,ST,20,10
0762836V,23210031126,N,ST,24,85
0762836V,23210033002,N,ST,15,24
0762836V,23810020006,N,ST,15,14
0762836V,23810023007,N,ST,15,7
0762836V,23810025222,N,ST,15,8
0762836V,23810034307,N,ST,15,2
0762306U,23211021130,N,ST,25,24
0762306U,23811021112,N,ST,25,16
0760145V,23820030004,N,ST,32,55
0760145V,23820031212,N,ST,32,51
0760145V,23820033006,N,ST,32,58
0760145V,23820033007,N,ST,45,64
0760145V,23210022142,N,ST,30,34
0760145V,23810030003,N,ST,32,67
0760145V,23810031211,N,ST,32,63
0760145V,23810033006,N,ST,32,79
0760145V,23810033007,N,ST,30,101
0762081Z,23210023006,N,ST,8,2
0762081Z,23210023224,N,ST,8,11
0762081Z,23210023327,N,ST,8,14
0762081Z,23210025439,N,ST,8,8
0762081Z,23210034308,N,ST,8,3
0761322Z,23820030004,N,ST,32,42
0761322Z,23820034403,N,ST,16,28
0761322Z,23810030003,N,ST,32,50
0761322Z,23810034403,N,ST,16,72
0762765T,23820025214,N,ST,20,33
0762765T,23820025215,N,ST,30,25
0762765T,23820025216,N,ST,10,9
0762765T,23820025304,N,ST,15,15
0762765T,23820025411,N,ST,15,21
0762765T,23820025412,N,ST,20,18
0762765T,23820031107,N,ST,48,69
0762765T,23820031114,N,ST,16,11
0762765T,23820031106,N,ST,16,14
0762765T,23210025225,N,AP,999,40
0762765T,23210025225,N,ST,20,55
0762765T,23210025226,N,ST,10,8
0762765T,23210025437,N,ST,15,17
0762765T,23210025440,N,AP,999,7
0762765T,23810020103,N,ST,15,41
0762765T,23810025222,N,ST,60,67
0762765T,23810025307,N,ST,15,37
0762765T,23810025412,N,ST,20,14
0762765T,23810030003,N,ST,32,24
0762765T,23810031117,N,ST,48,109
0760062E,23820022106,N,ST,24,33
0760062E,23820024204,N,ST,30,30
0760062E,23820031213,N,ST,32,38
0760062E,23820033403,N,ST,24,23
0760062E,23820033604,N,ST,30,28
0760062E,23210022146,N,AP,999,19
0760062E,23210022146,N,ST,12,39
0760062E,23210024008,N,ST,10,5
0760062E,23210033413,N,AP,999,9
0760062E,23210033413,N,ST,12,24
0760062E,23210033616,N,AP,999,40
0760062E,23810024204,N,ST,30,18
0760062E,23810031211,N,ST,32,41
0760062E,23810033404,N,ST,48,68
0760062E,23810033605,N,ST,30,53
0760132F,23820020009,N,ST,30,26
0760132F,23820025014,N,ST,15,15
0760132F,23820025519,N,ST,45,47
0760132F,23810020008,N,ST,45,45
0760132F,23810020009,N,ST,30,19
0760132F,23810020103,N,ST,15,14
0760054W,23820030004,N,ST,32,26
0760054W,23810030003,N,ST,32,15
0762976X,23820031212,N,ST,16,16
0762976X,23820031213,N,ST,16,32
0762976X,23820033007,N,ST,45,67
0762976X,23820034304,N,ST,15,13
0762976X,23210022142,N,ST,12,22
0762976X,23210031224,N,ST,15,41
0762976X,23210033002,N,ST,15,20
0762976X,23810031211,N,ST,30,38
0762976X,23810033007,N,ST,30,82
0762976X,23810034306,N,ST,15,2
0760058A,23820022004,N,ST,24,35
0760058A,23820022706,N,ST,15,3
0760058A,23820023004,N,ST,15,9
0760058A,23820023005,N,ST,15,15
0760058A,23820023203,N,ST,30,24
0760058A,23820023405,N,ST,15,17
0760058A,23820023408,N,ST,15,17
0760058A,23820025012,N,ST,24,15
0760058A,23820025517,N,ST,15,22
0760058A,23820025520,N,ST,30,38
0760058A,23210022715,N,ST,15,7
0760058A,23210023324,N,ST,15,18
0760058A,23210023327,N,ST,12,26
0760058A,23210023449,N,ST,15,8
0760058A,23210025524,N,ST,15,20
0760058A,23810020006,N,ST,15,25
0760058A,23810020008,N,ST,60,32
0760058A,23810020104,N,ST,48,29
0760058A,23810023007,N,ST,30,20
0760058A,23810023409,N,ST,30,34
0763500S,23810030003,N,ST,18,10
0763500S,23810031211,N,ST,45,13
0763500S,23810032303,N,ST,32,40
0763500S,23810032304,N,ST,26,13
0761350E,23210025438,N,AP,999,5
0761350E,23810025012,N,AP,999,2
0761350E,23810025411,N,AP,999,25
0763153P,23210033615,N,AP,999,6
0762204H,23210022137,N,AP,999,22
0762204H,23210022141,N,AP,999,27
0762204H,23210022142,N,AP,999,2
0762204H,23210022143,N,AP,999,14
0762204H,23210022144,N,AP,999,1
0762204H,23210031223,N,AP,999,5
0762204H,23210031224,N,AP,999,37
0761343X,23810020006,N,ST,15,13
0761343X,23810020008,N,ST,72,68
0761343X,23810020104,N,ST,15,13
0762312A,23210025225,N,AP,999,33
0762312A,23210025227,N,AP,999,11
0762312A,23210025440,N,AP,999,25
0762312A,23810025224,N,AP,999,32
0762312A,23810025226,N,AP,999,6
0762312A,23810025412,N,AP,999,20
0760087G,23820022303,N,ST,15,13
0760087G,23820022503,N,ST,30,9
0760087G,23820025012,N,ST,30,22
0760087G,23210022510,N,ST,15,7
0760087G,23210023447,N,ST,15,16
0760087G,23210023449,N,ST,15,9
0760087G,23810020103,N,ST,15,3
0760087G,23810020104,N,ST,30,8
0760087G,23810022503,N,ST,15,0
0760088H,23820024204,N,ST,45,45
0760088H,23820031213,N,ST,32,43
0760088H,23820033604,N,ST,30,37
0760088H,23820033606,N,ST,30,43
0760088H,23210031224,N,ST,24,62
0760088H,23210033616,N,ST,15,74
0760088H,23810024204,N,ST,45,46
0760088H,23810031211,N,ST,32,42
0760088H,23810033605,N,ST,60,159
0761353H,23810033602,O,ST,666,1
0761353H,23810033605,O,ST,666,12
0760114L,23820022106,N,ST,12,14
0760114L,23820030004,N,ST,16,18
0760114L,23820031213,N,ST,32,35
0760114L,23820033403,N,ST,12,10
0760114L,23210022142,N,AP,999,6
0760114L,23210022146,N,AP,999,11
0760114L,23210031224,N,ST,15,23
0760114L,23210033205,N,AP,999,15
0760114L,23810030003,N,ST,16,15
0760114L,23810031211,N,ST,32,15
0760114L,23810033404,N,ST,24,20
0760022L,23820020009,N,ST,15,15
0760022L,23820023303,N,ST,15,9
0760022L,23820025014,N,ST,15,13
0760022L,23820025406,N,ST,15,19
0760022L,23820030004,N,ST,24,30
0760022L,23820031213,N,ST,30,33
0760022L,23820033007,N,ST,30,42
0760022L,23820034304,N,ST,15,18
0760022L,23210025439,N,ST,12,22
0760022L,23210034308,N,ST,15,9
0760022L,23810020006,N,ST,30,22
0760022L,23810020009,N,ST,15,17
0760022L,23810020103,N,ST,15,8
0760022L,23810030003,N,ST,24,22
0760022L,23810031211,N,ST,30,46
0760022L,23810033007,N,ST,30,66
0760022L,23810034306,N,ST,15,4
0761820R,23210022715,N,AP,999,0
0761820R,23210023223,N,AP,999,12
0761820R,23210023224,N,AP,999,16
0761820R,23210023324,N,AP,999,11
0761820R,23210023325,N,AP,999,1
0761820R,23210023326,N,AP,999,0
0761820R,23210023327,N,AP,999,11
0761820R,23210023446,N,AP,999,2
0761820R,23210023447,N,AP,999,9
0761820R,23210023449,N,AP,999,6
0761820R,23210025524,N,AP,999,9
0762284V,23210022146,N,AP,999,2
0762284V,23211021314,N,ST,24,14
0762284V,23811021112,N,ST,20,9
0762284V,23811021404,N,ST,30,17
0762284V,23811033001,N,ST,24,9
0762442S,23210022146,N,ST,12,1
0762442S,23810033404,N,ST,21,15
0761817M,23210022715,N,AP,999,2
0761817M,23210023223,N,AP,999,16
0761817M,23210023224,N,AP,999,24
0761817M,23210023324,N,AP,999,15
0761817M,23210023325,N,AP,999,0
0761817M,23210023327,N,AP,999,22
0761817M,23210023447,N,AP,999,13
0761817M,23210023449,N,AP,999,5
0761817M,23210025524,N,AP,999,13
0761817M,23810023404,N,AP,999,0
0761801V,23210032225,N,AP,999,0
0761801V,23810032207,N,AP,999,3
0761801V,23810032208,N,AP,999,0
0762403Z,23210022142,N,AP,999,3
0762403Z,23210022146,N,AP,999,19
0762403Z,23210031221,N,AP,999,0
0762403Z,23210031224,N,AP,999,10
0762403Z,23210033413,N,AP,999,9
0762403Z,23810022106,N,AP,999,5
0762403Z,23810031213,N,AP,999,17
0762403Z,23810031214,N,AP,999,6
0763545R,23810025012,N,AP,999,6
0763545R,23810025014,N,AP,999,0
0763545R,23810025411,N,AP,999,7
0762897L,23210023223,N,AP,999,15
0762897L,23210023224,N,AP,999,12
0762897L,23210023446,N,AP,999,14
0762897L,23210023447,N,AP,999,25
0761744H,23821033003,N,ST,30,2
0761744H,23211033003,N,ST,16,21
0761744H,23811033001,N,ST,30,30
0762601P,23820025411,N,ST,30,26
0762601P,23820025517,N,ST,15,8
0762601P,23820025520,N,ST,15,17
0762601P,23820030004,N,ST,24,23
0762601P,23210022142,N,ST,24,21
0762601P,23210025524,N,ST,15,13
0762601P,23210033002,N,ST,12,14
0762601P,23810020008,N,ST,30,17
0762601P,23810020103,N,ST,30,21
0762601P,23810030003,N,ST,24,12
0762632Y,23811021112,N,ST,32,36
0760082B,23821021114,N,ST,24,14
0760082B,23821021405,N,ST,24,23
0760082B,23820025012,N,ST,15,3
0760082B,23820025219,N,ST,30,13
0760082B,23820025220,N,ST,10,4
0760082B,23820025221,N,ST,10,10
0760082B,23210025221,N,ST,10,29
0760082B,23210025223,N,AP,999,8
0760082B,23210031223,N,ST,15,22
0760082B,23211021130,N,ST,15,8
0760082B,23211021405,N,ST,15,33
0760082B,23811021112,N,ST,24,5
0760082B,23811021404,N,ST,24,17
0760082B,23810020104,N,ST,15,8
0760082B,23810025222,N,ST,50,21
0769999F,41411041001,N,ST,0,0
0769999F,99990099902,O,ST,1,180
0769999F,99990099902,O,ST,1,5
0769999F,99990099902,O,ST,1,123
0760142S,23820031212,N,ST,30,30
0760142S,23820031213,N,ST,30,51
0760142S,23820031214,N,ST,30,36
0760142S,23810031211,N,ST,90,133
0762602R,23820025012,N,ST,15,10
0762602R,23820025519,N,ST,42,31
0762602R,23820025520,N,ST,30,16
0762602R,23210025524,N,ST,15,34
0762602R,23810020008,N,ST,72,40
0762602R,23810020104,N,ST,15,5
0760095R,23820025014,N,ST,30,25
0760095R,23810020103,N,ST,30,9
0761341V,23810030003,N,ST,32,25
0761356L,23210031224,N,ST,15,15
0761356L,23210033002,N,ST,15,10
0761356L,23210034405,N,ST,32,35
0761356L,23810024204,N,ST,20,14
0761356L,23810030003,N,ST,29,17
0761356L,23810031211,N,ST,64,65
0761356L,23810033006,N,ST,22,25
0761356L,23810033007,N,ST,60,51
0761356L,23810033605,N,ST,50,35
0761356L,23810034403,N,ST,32,39
0761803X,23210022137,N,AP,999,9
0761803X,23210022141,N,AP,999,25
0761803X,23210022142,N,AP,999,3
0761803X,23210022143,N,AP,999,6
0761803X,23210022144,N,AP,999,0
0761803X,23210031223,N,AP,999,2
0761803X,23210031224,N,AP,999,4
0762518Z,23210022137,N,AP,999,4
0762518Z,23210022141,N,AP,999,27
0762518Z,23210022142,N,AP,999,0
0762518Z,23210022143,N,AP,999,12
0762518Z,23210022144,N,AP,999,4
0762518Z,23210022146,N,AP,999,10
0762518Z,23210031122,N,AP,999,0
0762518Z,23210031224,N,AP,999,32
0762518Z,23210033413,N,AP,999,2
0762518Z,23210033616,N,AP,999,17
0762518Z,23810030004,N,AP,999,1
0761735Y,23210022142,N,ST,15,3
0761735Y,23210031122,N,ST,15,7
0761735Y,23210031224,N,ST,24,9
0761735Y,23210033002,N,ST,17,7
0761735Y,23210033205,N,ST,36,53
0761735Y,23210033413,N,ST,12,8
0761735Y,23810020008,N,ST,27,26
0761735Y,23810030003,N,ST,29,17
0761735Y,23810033006,N,ST,18,22
0761735Y,23810033007,N,ST,46,40
0761735Y,23810033605,N,ST,30,32
0762964J,23820022706,N,ST,15,17
0762964J,23820022707,N,ST,15,10
0762964J,23820023004,N,ST,30,24
0762964J,23820023203,N,ST,30,17
0762964J,23820023304,N,ST,15,18
0762964J,23820023405,N,ST,15,18
0762964J,23820023407,N,ST,15,10
0762964J,23820025006,N,ST,15,15
0762964J,23820031114,N,ST,30,27
0762964J,23210023327,N,ST,24,43
0762964J,23210032227,N,ST,12,2
0762964J,23810020006,N,ST,45,44
0762964J,23810020008,N,ST,30,29
0762964J,23810020103,N,ST,15,8
0762964J,23810023007,N,ST,30,17
0762964J,23810023409,N,ST,30,26
0762964J,23810030003,N,ST,30,22
0761819P,23210022715,N,AP,999,6
0761819P,23210023223,N,AP,999,9
0761819P,23210023224,N,AP,999,12
0761819P,23210023324,N,AP,999,19
0761819P,23210023325,N,AP,999,6
0761819P,23210023326,N,AP,999,8
0761819P,23210023327,N,AP,999,17
0761819P,23210023446,N,AP,999,7
0761819P,23210023447,N,AP,999,6
0761819P,23210023449,N,AP,999,5
0761819P,23210025439,N,AP,999,10
0761819P,23210025524,N,AP,999,12
0761819P,23810022706,N,AP,999,0
0761819P,23810023004,N,AP,999,0
0761819P,23810023203,N,AP,999,3
0761819P,23810023304,N,AP,999,2
0763003B,23210025226,N,AP,999,11
0763003B,23810025225,N,AP,999,7
0763524T,23210031126,N,AP,999,5
0762307V,23211033003,N,AP,999,11
0762307V,23211033003,N,ST,30,9
0762307V,23811033001,N,ST,30,17
0762211R,23210023006,N,ST,8,20
0762211R,23210023224,N,ST,8,11
0762211R,23210031223,N,ST,8,6
0760146W,23820025214,N,ST,30,39
0760146W,23820025519,N,ST,30,56
0760146W,23820025520,N,ST,30,49
0760146W,23210025440,N,ST,20,60
0760146W,23810020008,N,ST,60,120
0760146W,23810025222,N,ST,30,83
0760146W,23810025224,N,AP,999,18
0763165C,23211021130,N,AP,999,6
0763165C,23211021405,N,AP,999,41
0763165C,23811021114,N,AP,999,2
0763165C,23811021203,N,AP,999,6
0763165C,23811021405,N,AP,999,22
0762880T,23820024204,N,ST,30,27
0762880T,23820025519,N,ST,15,29
0762880T,23820025520,N,ST,45,26
0762880T,23820030004,N,ST,32,37
0762880T,23820034304,N,ST,15,13
0762880T,23210034308,N,ST,15,10
0762880T,23810020008,N,ST,60,47
0762880T,23810024204,N,ST,30,28
0762880T,23810030003,N,ST,32,33
0762880T,23810034306,N,ST,15,3
0762652V,23211021130,N,AP,999,28
0762652V,23211021237,N,AP,999,20
0762652V,23811021004,N,AP,999,16
0762652V,23811021211,N,AP,999,14
Total établissements sélectionnés - département SEINE MARITIME,,,,146131,24830
0931024H,23820025214,N,ST,60,88
0931024H,23820025412,N,ST,20,29
0931024H,23820025520,N,ST,48,43
0931024H,23820030004,N,ST,30,24
0931024H,23820031213,N,ST,15,21
0931024H,23820031214,N,ST,15,8
0931024H,23820034303,N,ST,15,7
0931024H,23210022006,N,ST,10,3
0931024H,23210025225,N,ST,40,117
0931024H,23210025440,N,ST,50,32
0931024H,23810020008,N,ST,60,26
0931024H,23810025222,N,ST,60,67
0931024H,23810025412,N,ST,20,18
0931024H,23810030003,N,ST,24,11
0931024H,23810031211,N,ST,24,18
0931024H,23810034307,N,ST,15,3
0932122B,23820024204,N,ST,36,38
0932122B,23820030004,N,ST,60,48
0932122B,23820031212,N,ST,24,18
0932122B,23820031213,N,ST,72,83
0932122B,23820031214,N,ST,24,14
0932122B,23810024204,N,ST,36,16
0932122B,23810030003,N,ST,54,32
0932122B,23810031211,N,ST,81,82
0930846P,23820025012,N,ST,48,50
0930846P,23820025519,N,ST,48,92
0930846P,23820025520,N,ST,36,24
0930846P,23810020008,N,ST,84,188
0930846P,23810020104,N,ST,48,27
0931026K,23810030003,N,ST,12,1
0931026K,23810031211,N,ST,12,5
0932119Y,23C10023304,N,ST,12,23
0932119Y,23C10023412,N,ST,12,11
0932119Y,23820022706,N,ST,27,19
0932119Y,23820022707,N,ST,27,44
0932119Y,23820023004,N,ST,24,25
0932119Y,23820023104,N,ST,15,4
0932119Y,23820023405,N,ST,12,7
0932119Y,23820023408,N,ST,12,20
0932119Y,23210022715,N,ST,24,55
0932119Y,23210023445,N,ST,24,9
0932119Y,23210032227,N,ST,24,15
0932119Y,23810020008,N,ST,54,50
0932119Y,23810023007,N,ST,36,28
0932119Y,23810023409,N,ST,24,18
0930936M,23810031211,N,ST,26,0
0931198X,23820025012,N,ST,24,24
0931198X,23820025519,N,ST,24,71
0931198X,23820032206,N,ST,12,6
0931198X,23820032207,N,ST,24,24
0931198X,23820032208,N,ST,12,13
0931198X,23820032303,N,ST,48,62
0931198X,23810020008,N,ST,27,77
0931198X,23810020104,N,ST,24,11
0931198X,23810032210,N,ST,48,27
0931198X,23810032303,N,ST,48,57
0932123C,23820033101,N,ST,48,47
0932123C,23820033604,N,ST,24,31
0932123C,23820033606,N,ST,48,73
0932123C,23210022142,N,ST,40,45
0932123C,23210033615,N,ST,24,81
0932123C,23210033616,N,ST,24,54
0932123C,23810033101,N,ST,48,40
0932123C,23810033605,N,ST,72,101
0932782U,23210022361,N,AP,999,2
0931618D,23210022137,N,AP,999,12
0931618D,23210022141,N,AP,999,21
0931618D,23210023324,N,AP,999,14
0931618D,23210025225,N,AP,999,22
0931618D,23210025440,N,AP,999,6
0931618D,23210025524,N,AP,999,14
0931618D,23210033615,N,AP,999,9
0931618D,23210033616,N,AP,999,9
0931618D,23810033104,N,AP,999,4
0930129K,23820024204,N,ST,39,47
0930129K,23820030004,N,ST,48,43
0930129K,23820033007,N,ST,60,61
0930129K,23810024204,N,ST,39,43
0930129K,23810030003,N,ST,48,28
0930129K,23810033007,N,ST,60,55
0932282A,23820030004,N,ST,72,56
0932282A,23820031213,N,ST,48,68
0932282A,23820031214,N,ST,24,34
0932282A,23810030003,N,ST,48,36
0932282A,23810031211,N,ST,72,85
0930933J,23810023003,N,ST,12,6
0930933J,23810032303,N,ST,24,10
0930933J,23810033007,N,ST,12,5
0932026X,23820025520,N,ST,84,96
0932026X,23820030004,N,ST,27,49
0932026X,23820031212,N,ST,27,20
0932026X,23820031213,N,ST,13,41
0932026X,23820031214,N,ST,14,32
0932026X,23210025524,N,ST,24,27
0932026X,23210031224,N,ST,24,20
0932026X,23810020008,N,ST,81,63
0932026X,23810030003,N,ST,27,47
0932026X,23810031211,N,ST,54,84
0930119Z,23820030004,N,ST,54,82
0930119Z,23820033006,N,ST,24,25
0930119Z,23820033007,N,ST,48,64
0930119Z,23820034403,N,ST,48,46
0930119Z,23210033205,N,ST,24,90
0930119Z,23810030003,N,ST,54,74
0930119Z,23810033006,N,ST,24,25
0930119Z,23810033007,N,ST,50,51
0930119Z,23810034403,N,ST,48,60
0932229T,23820025014,N,ST,24,22
0932229T,23820025520,N,ST,48,66
0932229T,23210025524,N,ST,48,62
0932229T,23810020008,N,ST,48,80
0932229T,23810020103,N,ST,24,21
0932126F,23820022106,N,ST,39,64
0932126F,23820033403,N,ST,24,35
0932126F,23210022141,N,ST,24,105
0932126F,23210022146,N,ST,36,82
0932126F,23210033413,N,ST,36,22
0932126F,23810033404,N,ST,72,100
0931573E,23810020008,N,ST,28,21
0931573E,23810020103,N,ST,22,13
0931573E,23810020104,N,ST,22,4
0931735F,23820030004,N,ST,27,36
0931735F,23820031212,N,ST,27,29
0931735F,23820031213,N,ST,27,34
0931735F,23820031214,N,ST,27,37
0931735F,23210031224,N,ST,48,43
0931735F,23810030003,N,ST,27,28
0931735F,23810031211,N,ST,81,98
0931233K,23820030004,N,ST,27,24
0931233K,23820031212,N,ST,27,11
0931233K,23820031213,N,ST,39,55
0931233K,23820031214,N,ST,39,42
0931233K,23210031224,N,ST,48,42
0931233K,23810030003,N,ST,24,18
0931233K,23810031211,N,ST,72,78
0931738J,23820030004,N,ST,27,33
0931738J,23820031212,N,ST,48,33
0931738J,23820031213,N,ST,27,58
0931738J,23820033007,N,ST,60,70
0931738J,23810030003,N,ST,27,21
0931738J,23810031211,N,ST,81,83
0931738J,23810033007,N,ST,60,79
0930128J,23C10025402,N,ST,12,5
0930128J,23820025014,N,ST,12,11
0930128J,23820025216,N,ST,20,18
0930128J,23820025519,N,ST,48,63
0930128J,23820025520,N,ST,24,27
0930128J,23210023329,N,ST,12,10
0930128J,23210025223,N,ST,10,7
0930128J,23210025436,N,ST,12,7
0930128J,23210025439,N,ST,12,11
0930128J,23210025524,N,ST,24,55
0930128J,23810020008,N,ST,72,108
0930128J,23810020103,N,ST,12,10
0930128J,23810025222,N,ST,20,45
0930831Y,23820025012,N,ST,24,20
0930831Y,23820025303,N,ST,27,37
0930831Y,23820025304,N,ST,14,18
0930831Y,23820025411,N,ST,13,8
0930831Y,23820025520,N,ST,36,26
0930831Y,23210025437,N,ST,12,2
0930831Y,23210025439,N,ST,12,8
0930831Y,23210025524,N,ST,24,26
0930831Y,23810020008,N,ST,27,30
0930831Y,23810020103,N,ST,12,10
0930831Y,23810020104,N,ST,24,4
0930831Y,23810025307,N,ST,48,94
0932118X,23820030004,N,ST,54,59
0932118X,23820031212,N,ST,27,10
0932118X,23820031213,N,ST,54,79
0932118X,23820031214,N,ST,27,26
0932118X,23820033006,N,ST,24,33
0932118X,23820033007,N,ST,60,82
0932118X,23210031224,N,ST,24,58
0932118X,23810030003,N,ST,54,42
0932118X,23810031211,N,ST,81,134
0932118X,23810033006,N,ST,24,26
0932118X,23810033007,N,ST,60,70
0932492D,23210025227,N,AP,999,12
0932492D,23810025226,N,AP,999,7
0932222K,23820025014,N,ST,15,11
0932222K,23820025520,N,ST,78,52
0932222K,23210025524,N,ST,24,34
0932222K,23810020008,N,ST,54,71
0932222K,23810020103,N,ST,15,10
0930929E,23810031211,N,ST,30,4
0930929E,23810034403,N,ST,30,18
0932073Y,23820030004,N,ST,63,58
0932073Y,23810030003,N,ST,54,25
0930136T,23820023203,N,ST,24,30
0930136T,23820023210,N,ST,12,13
0930136T,23820023304,N,ST,24,17
0930136T,23820023405,N,ST,24,23
0930136T,23820025406,N,ST,12,12
0930136T,23210023224,N,ST,24,29
0930136T,23210023325,N,ST,24,10
0930136T,23210023327,N,ST,24,19
0930136T,23210023447,N,ST,24,17
0930136T,23210025439,N,ST,18,8
0930136T,23810020006,N,ST,78,54
0930136T,23810023409,N,ST,24,18
0932120Z,23820030004,N,ST,27,47
0932120Z,23820031213,N,ST,27,73
0932120Z,23820033006,N,ST,24,34
0932120Z,23820033007,N,ST,60,90
0932120Z,23810030003,N,ST,27,47
0932120Z,23810031211,N,ST,51,115
0932120Z,23810033006,N,ST,24,33
0932120Z,23810033007,N,ST,60,109
0931386B,23210033205,N,AP,999,12
0930130L,23820022302,N,ST,12,3
0930130L,23820025014,N,ST,12,13
0930130L,23820025214,N,ST,30,36
0930130L,23820025519,N,ST,27,59
0930130L,23810020008,N,ST,27,85
0930130L,23810020103,N,ST,24,8
0930130L,23810025222,N,ST,30,34
0932116V,23820023003,N,ST,15,22
0932116V,23820030004,N,ST,45,29
0932116V,23820031212,N,ST,27,6
0932116V,23820031213,N,ST,27,51
0932116V,23820031214,N,ST,27,43
0932116V,23210031224,N,ST,12,24
0932116V,23810023003,N,ST,15,30
0932116V,23810030003,N,ST,27,25
0932116V,23810031211,N,ST,81,98
0931779D,23821021114,N,ST,12,14
0931779D,23821021405,N,ST,24,14
0931779D,23821021407,N,ST,12,7
0931779D,23210031223,N,ST,24,13
0931779D,23211021130,N,ST,12,9
0931779D,23211021405,N,ST,24,23
0931779D,23811021112,N,ST,12,6
0931779D,23811021404,N,ST,23,5
0931779D,23811022103,N,ST,12,4
0930960N,23210031224,N,AP,999,4
0930960N,23810020008,N,ST,28,2
0930960N,23810030003,N,ST,28,4
0930960N,23810033101,N,ST,28,2
0930960N,23810033104,N,ST,28,3
0932851U,23210022142,N,AP,999,0
0932851U,23210033205,N,AP,999,3
0932851U,23210033413,N,AP,999,1
0932851U,23810030004,N,AP,999,1
0932851U,23810033007,N,AP,999,1
0932851U,23810033403,N,AP,999,0
0931980X,23211021405,N,AP,999,0
0931980X,23811021405,N,AP,999,1
0932909G,23810022706,N,AP,999,1
0932291K,23820025014,N,ST,12,10
0932291K,23820025214,N,ST,40,52
0932291K,23820025412,N,ST,20,26
0932291K,23820025413,N,ST,20,18
0932291K,23110025441,N,ST,10,1
0932291K,23210025225,N,ST,20,87
0932291K,23210025440,N,ST,40,57
0932291K,23810020103,N,ST,12,26
0932291K,23810025222,N,ST,40,81
0932291K,23810025412,N,ST,20,28
0932291K,23810025413,N,ST,20,10
0932047V,23820030004,N,ST,54,67
0932047V,23810030003,N,ST,54,62
0931369H,23210033615,N,ST,16,11
0931369H,23810020008,N,ST,16,2
0931369H,23810030003,N,ST,20,4
0931369H,23810031211,N,ST,25,5
0931369H,23810033007,N,ST,24,3
0931815T,23210022714,N,AP,999,3
0931815T,23210022715,N,AP,999,3
0931815T,23210023224,N,AP,999,3
0931815T,23210023324,N,AP,999,9
0931815T,23210023327,N,AP,999,3
0931815T,23210023447,N,AP,999,2
0931815T,23210023449,N,AP,999,0
0931815T,23210025524,N,AP,999,5
0931815T,23810022706,N,AP,999,1
0931815T,23810022707,N,AP,999,7
0931815T,23810025517,N,AP,999,0
0931815T,23810025520,N,AP,999,7
0930133P,23820024204,N,ST,24,25
0930133P,23820025012,N,ST,24,24
0930133P,23820025520,N,ST,48,70
0930133P,23820030004,N,ST,48,34
0930133P,23820031212,N,ST,24,19
0930133P,23820031213,N,ST,48,61
0930133P,23820031214,N,ST,24,30
0930133P,23210024240,N,ST,18,19
0930133P,23210025524,N,ST,36,56
0930133P,23210031224,N,ST,48,45
0930133P,23810020008,N,ST,48,43
0930133P,23810020104,N,ST,24,13
0930133P,23810024204,N,ST,24,10
0930133P,23810030003,N,ST,24,27
0930133P,23810031211,N,ST,72,69
0930135S,23820030004,N,ST,78,53
0930135S,23820031212,N,ST,0,0
0930135S,23820031213,N,ST,81,119
0930135S,23820031214,N,ST,24,14
0930135S,23210031224,N,ST,24,37
0930135S,23810030003,N,ST,54,31
0930135S,23810031211,N,ST,81,82
0932117W,23820025520,N,ST,54,54
0932117W,23820033007,N,ST,60,68
0932117W,23820034304,N,ST,15,13
0932117W,23210034308,N,ST,15,4
0932117W,23810020008,N,ST,54,48
0932117W,23810033007,N,ST,60,50
0932117W,23810034306,N,ST,18,6
0932633G,23210022715,N,AP,999,0
0932633G,23210024313,N,AP,999,5
0932633G,23210024323,N,AP,999,6
0932633G,23210025437,N,AP,999,2
0932633G,23210025439,N,AP,999,1
0932267J,23821022105,N,ST,24,32
0932267J,23820033007,N,ST,60,77
0932267J,23210033002,N,ST,24,16
0932267J,23210033205,N,ST,24,40
0932267J,23811022104,N,ST,18,31
0932267J,23810033007,N,ST,60,68
0931739K,23820030004,N,ST,48,31
0931739K,23820031212,N,ST,18,18
0931739K,23820031213,N,ST,42,63
0931739K,23820031214,N,ST,24,10
0931739K,23820033006,N,ST,24,38
0931739K,23210022142,N,ST,24,29
0931739K,23210033002,N,ST,48,22
0931739K,23810030003,N,ST,24,22
0931739K,23810031211,N,ST,72,77
0931739K,23810033006,N,ST,24,29
0930138V,23820023405,N,ST,18,17
0930138V,23820024204,N,ST,24,30
0930138V,23820024302,N,ST,12,9
0930138V,23820025012,N,ST,24,26
0930138V,23820030004,N,ST,54,46
0930138V,23820031212,N,ST,27,27
0930138V,23820031213,N,ST,40,43
0930138V,23820031214,N,ST,14,34
0930138V,23210023447,N,ST,24,9
0930138V,23210023445,N,ST,18,8
0930138V,23210024240,N,ST,24,17
0930138V,23210024323,N,ST,9,9
0930138V,23210031224,N,ST,24,63
0930138V,23810020104,N,ST,24,25
0930138V,23810023409,N,ST,15,10
0930138V,23810024204,N,ST,24,15
0930138V,23810024304,N,ST,12,8
0930138V,23810030003,N,ST,52,28
0930138V,23810031211,N,ST,78,66
0932783V,23820034403,N,ST,24,26
0932783V,23810034403,N,ST,24,14
0932667U,23820033006,N,ST,24,28
0932667U,23820033007,N,ST,60,84
0932667U,23810033006,N,ST,24,48
0932667U,23810033007,N,ST,60,146
0932129J,23820023303,N,ST,14,10
0932129J,23820025406,N,ST,8,9
0932129J,23820025411,N,ST,8,17
0932129J,23820025519,N,ST,72,87
0932129J,23820025520,N,ST,48,43
0932129J,23210025439,N,ST,24,11
0932129J,23210025524,N,ST,24,25
0932129J,23810020006,N,ST,24,13
0932129J,23810020008,N,ST,108,92
0932129J,23810020103,N,ST,20,7
0932121A,23820030004,N,ST,60,51
0932121A,23820031212,N,ST,18,11
0932121A,23820031213,N,ST,30,41
0932121A,23820031214,N,ST,30,27
0932121A,23820032304,N,ST,24,32
0932121A,23810030003,N,ST,54,23
0932121A,23810031211,N,ST,54,80
0932121A,23810032304,N,ST,24,36
0931797Y,23810020008,N,ST,45,12
0931797Y,23810023007,N,ST,30,15
0930946Y,23810030003,N,ST,20,6
0930946Y,23810031211,N,ST,20,6
0930946Y,23810033007,N,ST,24,8
0930946Y,23810033605,N,ST,24,4
0932230U,23210022715,N,AP,999,3
0932230U,23210023006,N,AP,999,2
0932230U,23210023224,N,AP,999,1
0932230U,23210023225,N,AP,999,0
0932230U,23210023324,N,AP,999,3
0932230U,23210023325,N,AP,999,1
0932230U,23210023327,N,AP,999,2
0932230U,23210025439,N,AP,999,0
0932230U,23210025524,N,AP,999,1
0932230U,23810022707,N,AP,999,2
0932230U,23810023203,N,AP,999,1
0930126G,23820030004,N,ST,27,38
0930126G,23820033006,N,ST,24,27
0930126G,23810030003,N,ST,27,42
0930126G,23810033006,N,ST,24,23
0932074Z,23820022706,N,ST,36,36
0932074Z,23820025517,N,ST,36,22
0932074Z,23820025520,N,ST,48,55
0932074Z,23210025524,N,ST,24,19
0932074Z,23810020008,N,ST,132,84
0932825R,23211021130,N,ST,20,5
0932825R,23811021004,N,ST,20,0
0932825R,23811021302,N,ST,20,3
0932048W,23820022004,N,ST,27,18
0932048W,23820025520,N,ST,60,46
0932048W,23210034301,N,ST,24,13
0932048W,23810020008,N,ST,60,44
0932048W,23810020104,N,ST,24,12
0932030B,23820030004,N,ST,54,63
0932030B,23820031214,N,ST,54,77
0932030B,23810030003,N,ST,27,43
0932030B,23810031211,N,ST,54,92
0931193S,23820030004,N,ST,48,44
0931193S,23820031106,N,ST,24,23
0931193S,23820031114,N,ST,24,16
0931193S,23820033007,N,ST,90,101
0931193S,23810030003,N,ST,72,70
0931193S,23810033007,N,ST,90,82
0932046U,23820031213,N,ST,72,73
0932046U,23820031214,N,ST,24,28
0932046U,23810031211,N,ST,48,82
0932760V,23810022706,N,AP,999,1
0932760V,23810025012,N,AP,999,1
0932760V,23810025014,N,AP,999,1
0932760V,23810025411,N,AP,999,1
0932760V,23810025519,N,AP,999,14
0932760V,23810025520,N,AP,999,3
0931799A,23210031223,N,AP,999,2
0931799A,23211021405,N,AP,999,3
0932221J,23820033007,N,ST,72,84
0932221J,23810033007,N,ST,72,64
0932260B,23820030004,N,ST,48,44
0932260B,23820031212,N,ST,24,14
0932260B,23820031213,N,ST,96,113
0932260B,23820031214,N,ST,48,35
0932260B,23210031224,N,ST,48,41
0932260B,23810030003,N,ST,48,44
0932260B,23810031211,N,ST,144,131
0931584S,23820025006,N,ST,24,28
0931584S,23810020103,N,ST,24,28
0932217E,23210022141,N,AP,999,14
0932217E,23210022142,N,AP,999,0
0932217E,23210022146,N,AP,999,12
0932217E,23210033413,N,AP,999,2
0932217E,23810022106,N,AP,999,7
0932217E,23810033403,N,AP,999,4
Total établissements sélectionnés - département SEINE-SAINT-DENIS,,,,97710,32814
0801999N,25211021402,N,AP,999,1
0801999N,23211021130,N,AP,999,16
0801999N,23211021405,N,AP,999,14
0801999N,23211033003,N,AP,999,7
0801335S,23821021302,N,ST,16,3
0801335S,23821021405,N,ST,6,2
0801335S,23821033003,N,ST,2,4
0801335S,23811033001,N,ST,16,19
0801335S,23811021404,N,ST,16,11
0801335S,23811021404,N,ST,32,16
0800063J,23820023405,N,ST,30,11
0800063J,23820025012,N,ST,30,27
0800063J,23820025519,N,ST,15,22
0800063J,23820025520,N,ST,15,13
0800063J,23820030004,N,ST,35,32
0800063J,23820031213,N,ST,35,34
0800063J,23820033007,N,ST,30,42
0800063J,23210023324,N,ST,15,21
0800063J,23210023327,N,ST,15,18
0800063J,23210033002,N,ST,30,16
0800063J,23810020008,N,ST,30,43
0800063J,23810020104,N,ST,30,16
0800063J,23810023409,N,ST,30,25
0800063J,23810024204,N,ST,15,10
0800063J,23810030003,N,ST,35,10
0800063J,23810031211,N,ST,35,58
0800063J,23810033007,N,ST,30,57
0801945E,23810030003,N,ST,999,1
0802203K,23210023223,N,AP,999,7
0802203K,23210033616,N,AP,999,21
0802147Z,23210023224,N,AP,999,4
0802147Z,23210023326,N,AP,999,11
0802147Z,23210031224,N,AP,999,10
0800007Y,23820025012,N,ST,15,9
0800007Y,23820025014,N,ST,15,9
0800007Y,23820025520,N,ST,15,10
0800007Y,23820031212,N,ST,18,19
0800007Y,23820031213,N,ST,35,32
0800007Y,23210022142,N,ST,12,20
0800007Y,23810020008,N,ST,15,8
0800007Y,23810020103,N,ST,15,15
0800007Y,23810020104,N,ST,15,9
0800007Y,23810031211,N,ST,53,45
0802207P,23210033615,N,AP,999,17
0802207P,23210033616,N,AP,999,7
0800013E,23820022707,N,ST,15,12
0800013E,23820023005,N,ST,15,6
0800013E,23820023203,N,ST,10,8
0800013E,23820023208,N,ST,15,14
0800013E,23820023304,N,ST,15,19
0800013E,23820023405,N,ST,10,12
0800013E,23820023408,N,ST,15,10
0800013E,23820025406,N,ST,10,11
0800013E,23820025520,N,ST,15,14
0800013E,23820033604,N,ST,15,26
0800013E,23210022715,N,ST,15,15
0800013E,23210023220,N,ST,15,12
0800013E,23210023223,N,ST,15,14
0800013E,23210023224,N,ST,30,24
0800013E,23210023324,N,ST,15,36
0800013E,23210023327,N,ST,30,41
0800013E,23210023447,N,ST,15,25
0800013E,23210025439,N,ST,15,15
0800013E,23210033616,N,ST,30,67
0800013E,23810020006,N,ST,30,34
0800013E,23810020008,N,ST,30,21
0800013E,23810023007,N,ST,15,17
0800013E,23810023208,N,ST,15,7
0800013E,23810023409,N,ST,15,8
0800013E,23810033605,N,ST,15,44
0801336T,23820020102,N,ST,15,8
0801336T,23820025012,N,ST,15,19
0801336T,23820025519,N,ST,45,47
0801336T,23820025520,N,ST,30,42
0801336T,23810020008,N,ST,75,74
0801336T,23810020104,N,ST,30,18
0801336T,23810024204,N,ST,30,33
0800062H,23820033006,N,ST,15,29
0800062H,23820033007,N,ST,45,61
0800062H,23820034304,N,ST,15,14
0800062H,23210022142,N,ST,24,25
0800062H,23210033002,N,ST,15,26
0800062H,23810033006,N,ST,15,54
0800062H,23810033007,N,ST,45,113
0801194N,23820025214,N,ST,30,38
0801194N,23820025215,N,ST,20,26
0801194N,23820025412,N,ST,10,10
0801194N,23820031107,N,ST,24,41
0801194N,23820032207,N,ST,15,12
0801194N,23210025440,N,ST,10,24
0801194N,23810025222,N,ST,50,60
0801194N,23810025412,N,ST,10,14
0801194N,23810032210,N,ST,15,7
0801628K,23820030004,N,ST,35,20
0801628K,23820031106,N,ST,35,21
0801628K,23820031114,N,ST,18,5
0801628K,23820031212,N,ST,17,8
0801628K,23820031213,N,ST,53,38
0801628K,23820031214,N,ST,18,5
0801628K,23820034403,N,ST,24,37
0801628K,23210031122,N,ST,15,19
0801628K,23210031224,N,ST,30,52
0801628K,23210034405,N,ST,15,18
0801628K,23810030003,N,ST,70,23
0801628K,23810031211,N,ST,70,58
0801628K,23810034403,N,ST,24,71
0801882L,23820022106,N,ST,24,26
0801882L,23820033403,N,ST,24,29
0801882L,23210022146,N,ST,12,45
0801882L,23210033413,N,ST,24,18
0801882L,23810033404,N,ST,48,48
0801947G,23810031211,N,ST,999,45
0801950K,23810030003,N,ST,999,9
0801950K,23810033006,N,ST,999,19
0801950K,23810033007,N,ST,999,37
0801949J,23810020008,N,ST,999,5
0801946F,23810020008,N,ST,999,9
0801948H,23210022141,N,ST,999,7
0801948H,23210022146,N,ST,999,5
0801948H,23210033413,N,ST,999,0
0801948H,23810022107,N,ST,999,13
0801948H,23810033404,N,ST,999,8
0800011C,23210022142,N,AP,999,3
0800011C,23210033002,N,AP,999,4
0801302F,23210022715,N,AP,999,2
0801302F,23210023223,N,AP,999,12
0801302F,23210023224,N,AP,999,16
0801302F,23210023324,N,AP,999,3
0801302F,23210023326,N,AP,999,9
0801302F,23210023327,N,AP,999,10
0801302F,23210023447,N,AP,999,4
0801302F,23210023449,N,AP,999,2
0801302F,23210025524,N,AP,999,5
0802084F,23210025440,N,AP,999,1
0802190W,23210033616,N,AP,999,3
0801558J,23210022146,N,AP,999,8
0801558J,23210031224,N,AP,999,16
0801558J,23210033413,N,AP,999,2
0801558J,23810031213,N,AP,999,21
0801558J,23810031214,N,AP,999,4
0802106E,23210034405,N,AP,999,1
0800069R,99990099902,O,ST,0,33
0800069R,99990099902,O,ST,0,9
0800069R,99990099902,O,ST,0,5
0800069R,99990099902,O,ST,0,12
0800069R,99990099902,O,ST,0,1
0800069R,99990099902,O,ST,0,3
0800069R,99990099902,O,ST,0,12
0800069R,99990099902,O,ST,0,347
0800069R,99990099902,O,ST,0,4
0800069R,99990099902,O,ST,0,11
0800069R,99990099902,O,ST,0,4
0800069R,99990099902,O,ST,0,3
0800069R,99990099902,O,ST,0,6
0800069R,99990099902,O,ST,0,4
0800069R,99990099902,O,ST,0,7
0800069R,99990099902,O,ST,0,10
0800069R,99990099902,O,ST,0,11
0800069R,99990099902,O,ST,0,237
0800069R,99990099902,O,ST,0,1
0800069R,99990099902,O,ST,0,10
0800069R,99990099902,O,ST,0,82
0800069R,99990099902,O,ST,0,138
0800069R,99990099902,O,ST,0,1
0800069R,99990099902,O,ST,0,3
0800069R,99990099902,O,ST,0,1
0800069R,99990099902,O,ST,0,7
0800069R,99990099902,O,ST,0,0
0800069R,99990099902,O,ST,0,0
0800069R,99990099902,O,ST,0,2
0800069R,99990099902,O,ST,0,1
0800069R,99990099902,O,ST,0,301
0801298B,23210022137,N,AP,999,15
0801298B,23210022141,N,AP,999,12
0801298B,23210022143,N,AP,999,17
0801298B,23210022144,N,AP,999,4
0801298B,23210025440,N,AP,999,18
0801298B,23210031223,N,AP,999,5
0801298B,23210031224,N,AP,999,3
0801298B,23210033616,N,AP,999,12
0801298B,23810031213,N,AP,999,7
0801300D,23810025411,N,AP,999,3
0801300D,23810025520,N,AP,999,2
0802188U,23210022141,N,AP,999,5
0802188U,23210022146,N,AP,999,3
0802188U,23210033413,N,AP,999,0
0802156J,23810030004,N,AP,999,4
0801629L,23811033001,N,ST,30,13
0801996K,23811021001,N,AP,999,9
0801996K,23811021004,N,AP,999,17
0801272Y,23821021004,N,ST,2,1
0801272Y,23811021112,N,ST,32,26
0802209S,23210023446,N,AP,999,4
0801630M,23211033003,N,ST,25,11
0801630M,23811033001,N,ST,25,13
0801613U,23211022108,N,AP,999,1
0801613U,23811022104,N,ST,30,6
0801613U,23810022005,N,ST,30,10
0801900F,23820025221,N,ST,15,14
0801900F,23820025520,N,ST,30,17
0801900F,23820030004,N,ST,35,29
0801900F,23820033007,N,ST,30,24
0801900F,23210022142,N,ST,12,13
0801900F,23210025223,N,ST,15,15
0801900F,23810020008,N,ST,15,16
0801900F,23810025222,N,ST,15,9
0801900F,23810030003,N,ST,35,21
0801900F,23810033007,N,ST,30,42
0802046P,23211021405,N,ST,18,20
0802046P,23811021112,N,ST,18,8
0801704T,23820031213,N,ST,35,31
0801704T,23820033007,N,ST,30,24
0801704T,23210022142,N,ST,12,14
0801704T,23810031211,N,ST,35,15
0801704T,23810033007,N,ST,30,11
0801720K,23811021004,N,AP,999,7
0801720K,23811021112,N,ST,20,3
0801864S,23820025006,N,ST,10,1
0801864S,23820025012,N,ST,10,10
0801864S,23820025014,N,ST,10,14
0801864S,23820025520,N,ST,30,22
0801864S,23820031212,N,ST,17,12
0801864S,23820031213,N,ST,18,33
0801864S,23820033007,N,ST,30,40
0801864S,23210022142,N,ST,12,20
0801864S,23210025439,N,ST,15,11
0801864S,23210031224,N,ST,15,24
0801864S,23810020008,N,ST,30,21
0801864S,23810020103,N,ST,15,8
0801864S,23810020104,N,ST,15,5
0801864S,23810031211,N,ST,35,37
0801864S,23810033007,N,ST,30,34
0801252B,23820023303,N,ST,15,4
0801252B,23820025406,N,ST,15,6
0801252B,23820031213,N,ST,18,16
0801252B,23820031214,N,ST,17,8
0801252B,23820033007,N,ST,30,23
0801252B,23210022142,N,ST,24,22
0801252B,23210025439,N,ST,15,9
0801252B,23810020006,N,ST,15,7
0801252B,23810031211,N,ST,35,8
0801252B,23810033007,N,ST,30,26
0801231D,23810025307,N,ST,15,12
0801853E,23820025012,N,ST,15,10
0801853E,23820025411,N,ST,15,15
0801853E,23820025519,N,ST,15,18
0801853E,23820025520,N,ST,15,10
0801853E,23820030004,N,ST,35,27
0801853E,23210031122,N,ST,30,33
0801853E,23210033002,N,ST,30,14
0801853E,23810020008,N,ST,30,22
0801853E,23810020103,N,ST,15,22
0801853E,23810020104,N,ST,15,9
0801853E,23810030003,N,ST,35,24
0801631N,23811033001,N,ST,25,24
0801997L,23210033205,N,AP,999,9
0801997L,23211021130,N,AP,999,19
0801997L,23211021237,N,AP,999,7
0801328J,23821021211,N,ST,4,10
0801328J,23821033003,N,ST,4,17
0801328J,23211033003,N,ST,27,19
0801328J,23811033001,N,ST,32,28
0801328J,23811021112,N,ST,27,26
0801514L,23820025214,N,ST,10,10
0801514L,23820025219,N,ST,10,10
0801514L,23820025220,N,ST,10,9
0801514L,23820025520,N,ST,15,9
0801514L,23820031106,N,ST,35,13
0801514L,23820031212,N,ST,18,21
0801514L,23820031214,N,ST,35,34
0801514L,23210031224,N,ST,30,29
0801514L,23810020008,N,ST,15,14
0801514L,23810025222,N,ST,30,25
0801514L,23810030003,N,ST,35,24
0801514L,23810031211,N,ST,53,41
0801951L,23810033404,N,ST,999,10
0802198E,23210022141,N,AP,999,4
0802198E,23210033616,N,AP,999,8
0801739F,23820022106,N,ST,12,15
0801739F,23820025214,N,ST,30,28
0801739F,23820025223,N,ST,10,6
0801739F,23820033007,N,ST,30,25
0801739F,23820033403,N,ST,12,10
0801739F,23210022146,N,ST,12,15
0801739F,23210033413,N,ST,12,4
0801739F,23810025222,N,ST,30,22
0801739F,23810025223,N,ST,10,5
0801739F,23810033007,N,ST,30,12
0801739F,23810033404,N,ST,24,15
0801794R,23210023224,N,AP,999,4
0801794R,23211021130,N,AP,999,4
0801794R,23211021130,N,ST,30,11
0801794R,23811021112,N,ST,30,8
0801719J,23211021130,N,AP,999,4
0801719J,23211021130,N,ST,20,1
0801719J,23211021405,N,AP,999,16
0801719J,23211021405,N,ST,30,7
0801719J,23811021404,N,ST,20,6
0801719J,23811021112,N,ST,20,2
Total établissements sélectionnés - département SOMME,,,,101832,10949
0811161X,23821021405,O,AP,999,0
0811161X,23211021130,N,AP,999,7
0811161X,23211021405,N,AP,999,16
0810121S,23821021114,N,ST,8,2
0810121S,23821021214,N,ST,19,2
0810121S,23821021405,N,ST,27,4
0810121S,23811021114,N,ST,11,5
0810121S,23811021213,N,ST,21,39
0810121S,23811021405,N,ST,32,40
0810003N,23820024204,N,ST,15,18
0810003N,23820030004,N,AP,999,0
0810003N,23820030004,N,ST,18,24
0810003N,23820031212,N,AP,999,0
0810003N,23820031212,N,ST,12,14
0810003N,23820031213,N,AP,999,1
0810003N,23820031213,N,ST,16,41
0810003N,23820031214,N,AP,999,0
0810003N,23820031214,N,ST,16,25
0810003N,23820033604,N,AP,999,0
0810003N,23820033604,N,ST,12,15
0810003N,23820033606,N,AP,999,0
0810003N,23820033606,N,ST,12,18
0810003N,23210022142,N,AP,999,2
0810003N,23210022142,N,ST,12,27
0810003N,23210031224,N,ST,15,43
0810003N,23210033616,N,AP,999,1
0810003N,23210033616,N,ST,15,29
0810003N,23810024204,N,ST,15,30
0810003N,23810030003,N,ST,18,27
0810003N,23810031211,N,ST,44,116
0810003N,23810033605,N,ST,24,67
0810004P,23820025012,N,ST,24,18
0810004P,23820025014,N,ST,24,16
0810004P,23820025214,N,ST,20,27
0810004P,23820025412,N,ST,20,20
0810004P,23820025519,N,ST,24,40
0810004P,23820025520,N,ST,24,26
0810004P,23210025524,N,ST,15,22
0810004P,23810020008,N,ST,48,70
0810004P,23810020103,N,ST,24,16
0810004P,23810020104,N,ST,24,19
0810004P,23810025222,N,ST,20,54
0810004P,23810025412,N,ST,20,34
0810100U,23810030003,N,ST,30,14
0810100U,23810031211,N,ST,35,33
0811070Y,23810033006,N,ST,15,28
0811070Y,23810033007,N,ST,45,46
0810791V,23110022145,N,AP,999,0
0810791V,23110022715,N,AP,999,0
0810791V,23110023223,N,AP,999,0
0810791V,23110023325,N,AP,999,0
0810791V,23110023449,N,AP,999,0
0810791V,23110025438,N,AP,999,0
0810791V,23110025441,N,AP,999,0
0810791V,23210022137,N,AP,999,11
0810791V,23210022141,N,AP,999,13
0810791V,23210022142,N,AP,999,3
0810791V,23210022143,N,AP,999,5
0810791V,23210022144,N,AP,999,2
0810791V,23210022146,N,AP,999,13
0810791V,23210022324,N,AP,999,0
0810791V,23210022349,N,AP,999,0
0810791V,23210022350,N,AP,999,0
0810791V,23210022351,N,AP,999,0
0810791V,23210022421,N,AP,999,0
0810791V,23210022422,N,AP,999,0
0810791V,23210022425,N,AP,999,1
0810791V,23210022427,N,AP,999,0
0810791V,23210022428,N,AP,999,0
0810791V,23210022429,N,AP,999,0
0810791V,23210022430,N,AP,999,0
0810791V,23210023224,N,AP,999,5
0810791V,23210023311,N,AP,999,0
0810791V,23210023324,N,AP,999,4
0810791V,23210023326,N,AP,999,3
0810791V,23210023327,N,AP,999,3
0810791V,23210023433,N,AP,999,0
0810791V,23210023447,N,AP,999,4
0810791V,23210023449,O,AP,999,1
0810791V,23210025439,N,AP,999,3
0810791V,23210025440,N,AP,999,13
0810791V,23210025524,N,AP,999,11
0810791V,23210031223,N,AP,999,3
0810791V,23210031224,N,AP,999,24
0810791V,23210032220,N,AP,999,0
0810791V,23210032221,N,AP,999,0
0810791V,23210032222,N,AP,999,0
0810791V,23210032223,N,AP,999,0
0810791V,23210032228,N,AP,999,0
0810791V,23210033413,N,AP,999,12
0810791V,23210033615,N,AP,999,8
0810791V,23210033616,N,AP,999,14
0810791V,23210023411,O,AP,999,1
0811372B,23110033615,N,AP,999,0
0811373C,23110033615,N,AP,999,0
0811166C,23110023447,N,AP,999,0
0811166C,23210023224,N,AP,999,5
0811166C,23210023447,N,AP,999,9
0811166C,23810025219,N,AP,999,6
0811166C,23810025220,N,AP,999,3
0811267M,23820031213,N,AP,999,1
0811106M,23821021203,N,ST,20,1
0811106M,23811021203,N,ST,30,1
0810012Y,23820025219,N,AP,999,0
0810012Y,23820025219,N,ST,14,13
0810012Y,23820025220,N,ST,20,12
0810012Y,23820025221,N,ST,10,9
0810012Y,23820025520,N,AP,999,0
0810012Y,23820025520,N,ST,24,21
0810012Y,23820030004,N,AP,999,0
0810012Y,23820030004,N,ST,18,20
0810012Y,23820033007,N,AP,999,0
0810012Y,23820033007,N,ST,32,34
0810012Y,23210022142,N,AP,999,1
0810012Y,23210022142,N,ST,12,13
0810012Y,23210025223,N,AP,999,0
0810012Y,23210025223,N,ST,10,15
0810012Y,23210033106,N,AP,999,0
0810012Y,23810020008,N,ST,24,9
0810012Y,23810025222,N,ST,40,42
0810012Y,23810030003,N,ST,18,9
0810012Y,23810033007,N,ST,32,39
0810016C,23820022707,N,ST,15,7
0810016C,23820023004,N,ST,15,8
0810016C,23820023203,N,ST,12,5
0810016C,23820023404,N,ST,12,9
0810016C,23210022714,N,AP,999,1
0810016C,23210022715,N,ST,15,24
0810016C,23210023224,N,AP,999,7
0810016C,23210023224,N,ST,15,20
0810016C,23210023327,N,ST,15,21
0810016C,23210023329,N,ST,15,11
0810016C,23810020006,N,ST,12,16
0810016C,23810020008,N,ST,15,18
0810016C,23810023007,N,ST,15,9
0810016C,23810023404,N,ST,12,7
0810018E,23820031212,N,ST,18,20
0810018E,23820031213,N,AP,999,0
0810018E,23820031213,N,ST,36,47
0810018E,23820033007,N,ST,32,42
0810018E,23820033101,N,ST,16,17
0810018E,23820033103,N,ST,15,14
0810018E,23210033106,N,AP,999,0
0810018E,23210033106,N,ST,12,7
0810018E,23210033616,N,AP,999,13
0810018E,23810031211,N,ST,54,69
0810018E,23810033007,N,ST,32,69
0810018E,23810033101,N,ST,15,34
0810018E,23810033103,N,ST,15,22
0810959C,23820022005,N,AP,999,0
0810959C,23820022005,N,ST,24,26
0810959C,23820025012,N,AP,999,0
0810959C,23820025012,N,ST,24,32
0810959C,23820025520,N,AP,999,2
0810959C,23820025520,N,ST,24,18
0810959C,23810020008,N,ST,24,19
0810959C,23810020104,N,ST,24,14
0810959C,23810022005,N,ST,24,22
0810105Z,23820022706,N,AP,999,0
0810105Z,23820022706,N,ST,15,11
0810105Z,23820025012,N,AP,999,0
0810105Z,23820025012,N,ST,15,10
0810105Z,23820025519,N,AP,999,0
0810105Z,23820025519,N,ST,30,28
0810105Z,23820025520,N,AP,999,0
0810105Z,23820025520,N,ST,15,9
0810105Z,23210025524,N,ST,12,8
0810105Z,23810020008,N,ST,60,42
0810105Z,23810020104,N,ST,15,13
0810105Z,23810025012,O,AP,1,1
0810113H,23820030004,N,AP,999,0
0810113H,23820031213,N,AP,999,2
0810113H,23820032303,N,AP,999,2
0810113H,23820033604,N,AP,999,0
0810113H,23820033606,N,AP,999,1
0810113H,23210031224,N,AP,999,3
0810113H,23210031224,N,ST,15,6
0810113H,23810030003,N,ST,18,7
0810113H,23810030004,N,AP,999,1
0810113H,23810031211,N,ST,24,13
0810113H,23810031213,N,AP,999,5
0810113H,23810032303,N,AP,999,1
0810113H,23810032303,N,ST,18,19
0810113H,23810033604,N,AP,999,2
0810113H,23810033605,N,ST,18,21
0810113H,23810033606,N,AP,999,1
0811037M,23110033205,N,AP,999,0
0811037M,23821022108,N,ST,10,0
0811037M,23821033003,N,ST,2,4
0811037M,23210033205,N,AP,999,7
0811037M,23210033205,O,ST,20,6
0811037M,23211033003,N,ST,20,12
0811037M,23821022108,O,AP,999,0
0811037M,23811022108,N,AP,999,0
0811037M,23811022108,N,ST,15,5
0811037M,23811022108,O,AP,999,0
0811037M,23811033001,N,ST,40,12
0811037M,23811033003,O,AP,999,8
0810995S,23820025214,N,AP,999,2
0810995S,23820025214,N,ST,12,18
0810995S,23820025216,N,AP,999,1
0810995S,23820025216,N,ST,10,10
0810995S,23820031213,N,AP,999,0
0810995S,23820031213,N,ST,15,17
0810995S,23820031214,N,AP,999,0
0810995S,23820031214,N,ST,15,16
0810995S,23820032304,O,AP,999,0
0810995S,23210022361,N,AP,999,2
0810995S,23210022361,N,ST,15,29
0810995S,23210025225,N,AP,999,0
0810995S,23210025225,N,ST,10,36
0810995S,23210025227,N,ST,10,18
0810995S,23210031224,N,ST,18,19
0810995S,23810025222,N,ST,20,42
0810995S,23810025224,N,AP,999,1
0810995S,23810025226,N,AP,999,2
0810995S,23810031211,N,ST,30,36
0810578N,23821021213,N,ST,12,0
0810578N,23821021214,N,ST,15,1
0810578N,23211021130,N,ST,19,5
0810578N,23811021213,N,ST,27,24
0811343V,25211021402,N,AP,999,0
0811343V,23110031223,N,AP,999,0
0811343V,23821021405,N,AP,999,0
0811343V,23211021130,N,AP,999,5
0811369Y,23110031117,N,AP,999,1
0811144D,23820022106,N,ST,36,45
0811144D,23820033403,N,ST,36,25
0811144D,23210022141,N,AP,999,2
0811144D,23210022142,N,ST,12,14
0811144D,23210022146,N,AP,999,4
0811144D,23210022146,N,ST,12,20
0811144D,23210033413,N,AP,999,5
0811144D,23210033413,N,ST,12,13
0811144D,23810033404,N,ST,72,79
0811324Z,23110024323,N,AP,999,0
0811324Z,23820024302,N,AP,999,0
0811324Z,23820024302,N,ST,13,17
0811324Z,23820025214,N,AP,999,2
0811324Z,23820025214,N,ST,20,18
0811324Z,23820025411,N,AP,999,0
0811324Z,23820025411,N,ST,12,13
0811324Z,23820025520,N,AP,999,0
0811324Z,23820025520,N,ST,12,12
0811324Z,23820030004,N,AP,999,0
0811324Z,23820030004,N,ST,16,16
0811324Z,23820031213,N,AP,999,0
0811324Z,23820031213,N,ST,16,19
0811324Z,23820031214,N,AP,999,0
0811324Z,23820034304,N,AP,999,0
0811324Z,23820034304,N,ST,12,8
0811324Z,23210024318,N,AP,999,0
0811324Z,23210024321,N,AP,999,0
0811324Z,23210025436,N,AP,999,1
0811324Z,23210025436,N,ST,12,11
0811324Z,23210031224,N,AP,999,0
0811324Z,23210031224,N,ST,15,22
0811324Z,23210034308,N,AP,999,0
0811324Z,23810020008,N,ST,12,13
0811324Z,23810020103,N,ST,12,16
0811324Z,23810024304,N,ST,12,11
0811324Z,23810025222,N,ST,20,28
0811324Z,23810030003,N,ST,16,11
0811324Z,23810031211,N,ST,16,21
0811324Z,23810034306,N,ST,15,5
0810108C,23110023121,N,AP,999,1
0810108C,23820031214,N,AP,999,3
0810108C,23820031214,N,ST,18,12
0810108C,23210031224,N,AP,999,3
0810108C,23210033002,N,AP,999,0
0810108C,23210033002,N,ST,15,3
0810108C,23810031211,N,ST,18,5
0810108C,23810034403,N,ST,18,25
0811036L,23821033003,N,ST,7,1
0811036L,23821033003,N,AP,999,0
0811036L,23210022142,N,AP,999,0
0811036L,23210022146,N,AP,999,7
0811036L,23210033205,N,AP,999,3
0811036L,23210033413,N,AP,999,2
0811036L,23211033003,N,ST,28,18
0811036L,23811033001,N,ST,25,6
0811105L,23821021303,N,ST,3,2
0811105L,23821021302,N,ST,2,2
0811105L,23211021314,N,AP,999,1
0811105L,23211021314,N,ST,18,12
0811105L,23211021405,N,AP,999,2
0811105L,23811021302,N,ST,20,21
0811105L,23811021404,N,ST,18,12
0810833R,23821021004,N,AP,999,1
0810833R,23821021214,N,ST,6,1
0810833R,23821021211,N,AP,999,0
0810833R,23821033003,N,ST,1,1
0810833R,23821033003,N,AP,999,0
0810833R,23211021237,N,AP,999,1
0810833R,23211021237,N,ST,17,13
0810833R,23811021213,N,ST,28,36
0810833R,23811033001,N,ST,28,25
Total établissements sélectionnés - département TARN,,,,154910,6920
0820724S,23821033003,N,ST,20,0
0820724S,23211033003,N,ST,32,11
0820724S,23811033001,N,ST,32,2
0820001F,23820022707,N,AP,999,0
0820001F,23820022707,N,ST,15,14
0820001F,23820023004,N,AP,999,0
0820001F,23820023004,N,ST,12,6
0820001F,23820023005,N,AP,999,0
0820001F,23820023005,N,ST,12,21
0820001F,23820023104,N,AP,999,0
0820001F,23820023104,N,ST,14,13
0820001F,23820023203,N,AP,999,0
0820001F,23820023203,N,ST,15,14
0820001F,23820023210,N,AP,999,0
0820001F,23820023210,N,ST,15,9
0820001F,23820023405,N,ST,15,12
0820001F,23210022715,N,ST,15,15
0820001F,23810020006,N,ST,30,40
0820001F,23810020008,N,ST,15,17
0820001F,23810023007,N,ST,39,30
0820001F,23810023409,N,ST,13,19
0820004J,23820022106,N,AP,999,0
0820004J,23820022106,N,ST,12,11
0820004J,23820030004,N,ST,18,26
0820004J,23820031213,N,ST,34,57
0820004J,23820031214,N,ST,35,26
0820004J,23820033403,N,AP,999,0
0820004J,23820033403,N,ST,12,11
0820004J,23210022141,N,AP,999,2
0820004J,23210022141,N,ST,12,33
0820004J,23210022146,N,AP,999,2
0820004J,23210022146,N,ST,12,15
0820004J,23210031222,N,AP,999,0
0820004J,23210031222,N,ST,12,15
0820004J,23210033413,N,AP,999,2
0820004J,23210033413,N,ST,12,12
0820004J,23810030003,N,ST,18,6
0820004J,23810031211,N,ST,64,63
0820004J,23810033404,N,ST,24,39
0820725T,23110031224,N,AP,999,0
0820725T,23110033205,N,AP,999,0
0820725T,23821021203,N,ST,10,3
0820725T,23821022108,N,AP,999,0
0820725T,23821022108,N,ST,10,0
0820725T,23821033003,N,ST,15,1
0820725T,23821033003,O,AP,999,0
0820725T,23211033003,N,ST,35,11
0820725T,23811022108,N,ST,40,3
0820725T,23811021203,N,ST,40,9
0820725T,23811033001,N,ST,40,8
0820551D,23820025406,N,AP,999,0
0820551D,23820025406,N,ST,10,0
0820551D,23210025438,O,AP,17,2
0820551D,23210025439,N,ST,17,7
0820551D,23210025439,O,AP,999,0
0820551D,23810020006,N,ST,17,0
0820776Y,23821021001,N,ST,20,0
0820776Y,23821021213,N,ST,20,3
0820776Y,23210025221,N,AP,999,4
0820776Y,23210025223,N,AP,999,1
0820776Y,23811021213,N,ST,25,6
0820776Y,23811021001,N,ST,25,5
0820776Y,23810025219,N,AP,999,5
0820776Y,23810025220,N,AP,999,0
0820776Y,23810025221,N,AP,999,1
0820531G,23821021114,N,ST,7,0
0820531G,23821021213,N,ST,8,1
0820531G,23821021405,N,ST,12,0
0820531G,23211021130,N,ST,12,11
0820531G,23211021405,N,ST,15,14
0820531G,23811021114,N,ST,7,2
0820531G,23811021213,N,ST,8,6
0820531G,23811021405,N,ST,12,3
0820888V,23821022108,N,AP,999,0
0820888V,23821022108,N,ST,15,2
0820888V,23820031213,N,AP,999,1
0820888V,23210031224,N,AP,999,4
0820888V,23211033003,N,AP,999,4
0820888V,23211033003,N,ST,15,6
0820888V,23811022108,N,ST,20,6
0820559M,23821033003,N,ST,32,6
0820559M,23811033001,N,ST,32,50
0820021C,23110033205,N,AP,999,0
0820021C,23820024204,N,ST,15,15
0820021C,23820025014,N,AP,999,0
0820021C,23820025014,N,ST,30,28
0820021C,23820025214,N,AP,999,0
0820021C,23820025214,N,ST,20,22
0820021C,23820025412,N,AP,999,0
0820021C,23820025412,N,ST,10,12
0820021C,23820025519,N,ST,24,28
0820021C,23820030004,N,ST,24,30
0820021C,23820031213,N,ST,24,40
0820021C,23820031214,N,ST,24,31
0820021C,23820033007,N,ST,30,44
0820021C,23210022142,N,AP,999,1
0820021C,23210022142,N,ST,24,31
0820021C,23210025440,N,AP,999,1
0820021C,23210025440,N,ST,10,36
0820021C,23810020008,N,ST,24,58
0820021C,23810020103,N,ST,30,21
0820021C,23810024204,N,ST,15,32
0820021C,23810025222,N,ST,20,46
0820021C,23810025412,N,ST,10,18
0820021C,23810030003,N,ST,24,37
0820021C,23810031211,N,ST,48,97
0820021C,23810033007,N,ST,30,67
0820885S,23820033604,N,ST,16,0
0820885S,23820033606,N,ST,32,1
0820885S,23210033616,N,ST,14,11
0820885S,23810033605,N,ST,48,23
0820061W,23210022146,N,ST,12,6
0820061W,23210031224,N,ST,15,7
0820061W,23210033413,N,ST,12,1
0820061W,23810030003,N,ST,17,8
0820061W,23810031211,N,ST,53,33
0820061W,23810033404,N,ST,24,26
0820746R,23820025214,N,AP,999,0
0820746R,23820031213,N,AP,999,2
0820746R,23210022137,N,AP,999,10
0820746R,23210022141,N,AP,999,9
0820746R,23210022143,N,AP,999,15
0820746R,23210022146,N,AP,999,7
0820746R,23210022715,N,AP,999,13
0820746R,23210023326,N,AP,999,9
0820746R,23210023327,N,AP,999,6
0820746R,23210023446,N,AP,999,5
0820746R,23210023447,N,AP,999,3
0820746R,23210023449,O,AP,999,0
0820746R,23210025225,N,AP,999,16
0820746R,23210025439,N,AP,999,0
0820746R,23210025440,N,AP,999,10
0820746R,23210025524,N,AP,999,6
0820746R,23210031224,N,AP,999,20
0820746R,23210033413,N,AP,999,3
0820746R,23210033616,N,AP,999,27
0820807G,23210025223,N,AP,999,4
0820807G,23211021130,N,AP,999,8
0820807G,23211021405,N,AP,999,14
0820807G,23211033003,N,AP,999,6
0820917B,23820030004,N,AP,999,0
0820917B,23820030004,N,ST,24,19
0820917B,23820031213,N,AP,999,0
0820917B,23820031213,N,ST,32,28
0820917B,23820031214,N,AP,999,0
0820917B,23820031214,N,ST,16,25
0820917B,23810030003,N,ST,24,10
0820917B,23810031211,N,ST,48,68
0820883P,23820025012,N,AP,999,0
0820883P,23820025012,N,ST,23,21
0820883P,23820025216,N,AP,999,0
0820883P,23820025216,N,ST,20,18
0820883P,23820025519,N,ST,12,15
0820883P,23820025520,N,AP,999,0
0820883P,23820025520,N,ST,12,11
0820883P,23810020008,N,ST,23,45
0820883P,23810020104,N,ST,23,12
0820883P,23810025222,N,ST,20,24
0820899G,23820025214,N,AP,999,0
0820899G,23820025214,N,ST,10,19
0820899G,23820025215,N,AP,999,1
0820899G,23820025215,N,ST,10,4
0820899G,23820025520,N,AP,999,0
0820899G,23820025520,N,ST,15,17
0820899G,23820031106,N,ST,18,13
0820899G,23820031107,N,ST,30,20
0820899G,23210025225,N,ST,10,30
0820899G,23210025226,N,ST,10,4
0820899G,23210031122,N,ST,14,18
0820899G,23110031118,N,ST,11,15
0820899G,23810020008,N,ST,15,24
0820899G,23810020103,N,ST,15,4
0820899G,23810025222,N,ST,20,19
0820899G,23810030003,N,ST,18,11
0820899G,23810031117,N,ST,30,52
Total établissements sélectionnés - département TARN-ET-GARONNE,,,,71088,4931
0900355X,23820025006,N,ST,12,21
0900355X,23820025014,N,ST,24,12
0900355X,23820025519,N,ST,54,44
0900355X,23820025520,N,ST,24,33
0900355X,23210025524,N,ST,24,29
0900355X,23810020008,N,ST,69,81
0900355X,23810020103,N,ST,36,37
0900035Z,23210033615,N,AP,999,16
0900035Z,23210033616,N,AP,999,2
0900236T,23820024204,N,ST,24,30
0900236T,23820025411,N,ST,24,19
0900236T,23820030004,N,ST,20,35
0900236T,23820031106,N,ST,20,17
0900236T,23820031114,N,ST,20,15
0900236T,23820031213,N,ST,40,46
0900236T,23820031214,N,ST,20,31
0900236T,23820033007,N,ST,30,42
0900236T,23210031122,N,ST,15,32
0900236T,23210033002,N,ST,24,28
0900236T,23210031122,N,ST,0,0
0900236T,23210033002,N,ST,0,0
0900236T,23810020103,N,ST,24,31
0900236T,23810024204,N,ST,24,31
0900236T,23810030003,N,ST,60,78
0900236T,23810031211,N,ST,60,117
0900236T,23810031213,N,AP,999,11
0900236T,23810033007,N,ST,30,81
0900425Y,23210031224,N,ST,7,8
0900425Y,23810030003,N,ST,6,7
0900425Y,23810031211,N,ST,9,15
0900239W,23210022137,N,AP,999,9
0900239W,23210022141,N,AP,999,14
0900239W,23210022143,N,AP,999,6
0900239W,23210022146,N,AP,999,12
0900239W,23210025225,N,AP,999,38
0900239W,23210031224,N,AP,999,24
0900239W,23210033413,N,AP,999,9
0900239W,23210033616,N,AP,999,19
0900430D,23810020102,N,AP,999,0
0900430D,23810025012,N,AP,999,2
0900019G,23820025012,N,ST,15,11
0900019G,23820025520,N,ST,15,11
0900019G,23820030004,N,ST,15,7
0900019G,23820033007,N,ST,15,15
0900019G,23210022142,N,AP,999,1
0900019G,23210022142,N,ST,12,13
0900019G,23210023006,N,ST,12,11
0900019G,23210023449,N,ST,15,12
0900019G,23210022142,N,ST,0,0
0900019G,23210023006,N,ST,0,0
0900019G,23810020008,N,ST,15,6
0900019G,23810020104,N,ST,15,6
0900019G,23810030003,N,ST,18,8
0900019G,23810033007,N,ST,15,11
0900246D,23210031223,N,ST,8,14
0900246D,23211021130,N,ST,8,4
0900246D,23211021405,N,ST,16,21
0900246D,23811021203,N,ST,24,21
0900246D,23811022103,N,ST,8,3
0900246D,23811021404,N,ST,32,33
0900378X,23211021130,N,AP,999,1
0900378X,23211021405,N,AP,999,17
0900378X,23811021405,N,AP,999,11
Total établissements sélectionnés - département TERRITOIRE DE BELFORT,,,,19581,2816
0940126B,23820022706,N,ST,27,12
0940126B,23820022707,N,ST,41,23
0940126B,23820025517,N,ST,40,29
0940126B,23210022715,N,ST,48,35
0940126B,23810020008,N,ST,108,57
0942024P,23211021235,N,AP,999,2
0942024P,23211021237,N,AP,999,6
0942024P,23811021211,N,AP,999,9
0940171A,23210023224,N,AP,999,0
0940171A,23210023224,N,ST,8,6
0940171A,23210023327,N,AP,999,0
0940171A,23210023327,N,ST,8,7
0940171A,23210025223,N,AP,999,1
0940171A,23210025223,N,ST,8,1
0940171A,23211021130,N,AP,999,0
0940171A,23211021130,N,ST,8,7
0940171A,23211021405,N,AP,999,1
0940171A,23211021405,N,ST,8,10
0940580V,23820025519,N,ST,48,77
0940580V,23820025520,N,ST,24,29
0940580V,23810020008,N,ST,72,115
0940823J,23210025524,N,ST,15,5
0940823J,23210033205,N,ST,12,2
0940823J,23210034405,N,ST,20,11
0940823J,23810020008,N,ST,20,3
0940823J,23810031211,N,ST,30,19
0940823J,23810033007,N,ST,40,8
0940823J,23810034403,N,ST,30,24
0942594J,23810025411,N,AP,999,3
0942594J,23810025519,N,AP,999,9
0942594J,23810025520,N,AP,999,1
0940132H,23820025406,N,ST,20,17
0940132H,23820025520,N,ST,40,27
0940132H,23820033006,N,ST,30,31
0940132H,23820033007,N,ST,60,63
0940132H,23210025439,N,ST,24,16
0940132H,23210025524,N,ST,14,26
0940132H,23210033205,N,ST,25,80
0940132H,23810020006,N,ST,12,7
0940132H,23810020008,N,ST,27,34
0940132H,23810033006,N,ST,24,31
0940132H,23810033007,N,ST,60,52
0940113M,23820030004,N,ST,27,32
0940113M,23820031212,N,ST,24,14
0940113M,23820031213,N,ST,48,61
0940113M,23820031214,N,ST,24,25
0940113M,23810030003,N,ST,27,14
0940113M,23810031211,N,ST,81,68
0941951K,23820024204,N,ST,15,18
0941951K,23820030004,N,ST,27,26
0941951K,23820031212,N,ST,15,10
0941951K,23820031213,N,ST,39,55
0941951K,23210022142,N,ST,12,6
0941951K,23210033002,N,ST,24,13
0941951K,23810024204,N,ST,15,24
0941951K,23810030003,N,ST,27,18
0941951K,23810031211,N,ST,54,48
0940112L,23820033007,N,ST,72,61
0940112L,23810033007,N,ST,72,66
0941974K,23820031212,N,ST,27,16
0941974K,23820031213,N,ST,30,44
0941974K,23810031211,N,ST,54,30
0941470M,23820022707,N,ST,24,22
0941470M,23820023004,N,ST,12,12
0941470M,23820023005,N,ST,12,18
0941470M,23820023203,N,ST,12,16
0941470M,23820023304,N,ST,12,11
0941470M,23820025520,N,ST,26,27
0941470M,23820030004,N,ST,52,63
0941470M,23820031212,N,ST,26,34
0941470M,23210023324,N,ST,24,38
0941470M,23210023327,N,ST,12,6
0941470M,23810020006,N,ST,24,29
0941470M,23810020008,N,ST,52,48
0941470M,23810023007,N,ST,24,32
0941470M,23810030003,N,ST,52,49
0941470M,23810031211,N,ST,26,47
0941887R,23210031119,N,AP,999,1
0942269F,23820031106,N,ST,24,48
0942269F,23820031114,N,ST,24,4
0942269F,23820031213,N,ST,54,74
0942269F,23820031214,N,ST,27,24
0942269F,23210031122,N,ST,12,32
0942269F,23210031224,N,ST,24,39
0942269F,23810030003,N,ST,48,60
0942269F,23810031211,N,ST,81,78
0941232D,23820030004,N,ST,27,17
0941232D,23820031212,N,ST,15,7
0941232D,23820031213,N,ST,27,56
0941232D,23820031214,N,ST,39,47
0941232D,23210031224,N,ST,24,45
0941232D,23810030003,N,ST,27,31
0941232D,23810031211,N,ST,81,58
0940141T,23C10023412,N,ST,12,11
0940141T,23820023405,N,ST,12,17
0940141T,23820025216,N,ST,30,11
0940141T,23820025519,N,ST,27,69
0940141T,23820025520,N,ST,27,16
0940141T,23110023445,N,ST,12,1
0940141T,23210023445,N,ST,12,4
0940141T,23210023447,N,ST,12,7
0940141T,23210025227,N,ST,10,26
0940141T,23210025524,N,ST,24,49
0940141T,23810020008,N,ST,54,72
0940141T,23810023409,N,ST,12,7
0940141T,23810025222,N,ST,30,34
0940114N,23820030004,N,ST,81,92
0940114N,23820031114,N,ST,24,17
0940114N,23810030003,N,ST,81,98
0941018W,23820025006,N,ST,24,26
0941018W,23820025012,N,ST,24,28
0941018W,23820025520,N,ST,72,73
0941018W,23210025524,N,ST,24,27
0941018W,23810020008,N,ST,48,66
0941018W,23810020103,N,ST,24,12
0941018W,23810020104,N,ST,24,13
0941930M,23820033006,N,ST,24,32
0941930M,23820033007,N,ST,60,69
0941930M,23810033006,N,ST,24,54
0941930M,23810033007,N,ST,60,101
0941413A,23820031212,N,ST,24,14
0941413A,23820031213,N,ST,48,84
0941413A,23820031214,N,ST,24,47
0941413A,23810031211,N,ST,96,178
0941295X,,O,ST,0,1311
0941295X,,O,ST,0,14
0941295X,,O,ST,0,9
0941295X,,O,ST,0,30
0941295X,,O,ST,0,0
0941295X,,O,ST,0,58
0941295X,,O,ST,0,10
0941295X,,O,ST,0,15
0941295X,,O,ST,0,9
0941295X,,O,ST,0,28
0941295X,,O,ST,0,10
0941295X,,O,ST,0,17
0941295X,,O,ST,0,29
0941295X,,O,ST,0,3
0941295X,,O,ST,0,14
0941295X,,O,ST,0,32
0941295X,,O,ST,0,79
0941295X,,O,ST,0,72
0941295X,,O,ST,0,112
0941295X,,O,ST,0,3
0941295X,,O,ST,0,23
0941295X,,O,ST,0,922
0941295X,,O,ST,0,2
0941295X,,O,ST,0,6
0941295X,,O,ST,0,4
0941295X,,O,ST,0,5
0941295X,,O,ST,0,2
0941295X,,O,ST,0,0
0941295X,,O,ST,0,0
0941295X,,O,ST,0,0
0941295X,,O,ST,0,28
0941295X,,O,ST,0,213
0941295X,,O,AP,0,1292
0941295X,,O,ST,0,60
0941295X,,O,ST,0,23
0941295X,,O,ST,0,18
0941295X,,O,ST,0,0
0941295X,,O,AP,0,613
0941298A,23820025012,N,ST,30,13
0941298A,23820025517,N,ST,30,9
0941298A,23820031213,N,ST,30,19
0941298A,23820031214,N,ST,18,21
0941298A,23210025524,N,ST,24,17
0941298A,23810020008,N,ST,24,17
0941298A,23810020104,N,ST,24,9
0941298A,23810031211,N,ST,48,16
0941301D,23820030004,N,ST,81,74
0941301D,23820031213,N,ST,27,47
0941301D,23820031214,N,ST,27,17
0941301D,23810030003,N,ST,81,39
0941301D,23810031211,N,ST,54,73
0940134K,23820022105,N,ST,12,17
0940134K,23820022106,N,ST,24,48
0940134K,23820033403,N,ST,24,29
0940134K,23210022137,N,ST,12,13
0940134K,23210022141,N,ST,12,41
0940134K,23210022142,N,ST,12,4
0940134K,23210022146,N,ST,12,21
0940134K,23210033002,N,ST,12,11
0940134K,23210033413,N,ST,12,16
0940134K,23810022107,N,ST,24,14
0940134K,23810033404,N,ST,48,62
0941972H,23820025214,N,ST,50,32
0941972H,23210022142,N,ST,24,19
0941972H,23210025225,N,ST,20,89
0941972H,23810025222,N,ST,60,63
0941407U,23810032304,N,ST,30,8
0942355Z,23810030003,N,ST,30,4
0942355Z,23810031211,N,ST,50,13
0942355Z,23810032303,N,ST,30,15
0942355Z,23810033007,N,ST,25,5
0941474S,23820031212,N,ST,27,15
0941474S,23820031213,N,ST,27,47
0941474S,23820031214,N,ST,27,36
0941474S,23820033007,N,ST,60,78
0941474S,23210033205,N,ST,24,69
0941474S,23810031211,N,ST,54,127
0941474S,23810033007,N,ST,60,73
0941975L,23820033006,N,ST,24,21
0941975L,23820033007,N,ST,60,70
0941975L,23810033006,N,ST,24,28
0941975L,23810033007,N,ST,60,38
0940742W,23820033006,N,ST,30,32
0940742W,23820033007,N,ST,90,99
0940742W,23810033006,N,ST,24,27
0940742W,23810033007,N,ST,60,42
0941355M,23820025013,N,ST,12,1
0941355M,23820025014,N,ST,12,15
0941355M,23820025519,N,ST,48,70
0941355M,23820030004,N,ST,48,49
0941355M,23820031213,N,ST,48,66
0941355M,23210031224,N,ST,24,51
0941355M,23810020008,N,ST,48,68
0941355M,23810020103,N,ST,24,11
0941355M,23810030003,N,ST,48,27
0941355M,23810031211,N,ST,48,51
0940319L,23210022146,N,ST,16,47
0940319L,23210024008,N,ST,8,4
0940319L,23210024240,N,ST,8,24
0940319L,23210033002,N,ST,8,12
0940319L,23210033413,N,ST,16,25
0940137N,23820024202,N,ST,12,5
0940137N,23820024204,N,ST,24,27
0940137N,23820031212,N,ST,21,23
0940137N,23820031213,N,ST,27,38
0940137N,23820031214,N,ST,27,28
0940137N,23210031224,N,ST,48,46
0940137N,23810024202,N,ST,12,5
0940137N,23810024204,N,ST,24,51
0940137N,23810031211,N,ST,75,54
0940118T,23820020009,N,ST,24,23
0940118T,23820025519,N,ST,54,96
0940118T,23820025520,N,ST,60,47
0940118T,23810020008,N,ST,108,103
0940118T,23810020009,N,ST,24,18
0940138P,23820033006,N,ST,30,25
0940138P,23820033007,N,ST,48,56
0940138P,23820033604,N,ST,24,16
0940138P,23820033606,N,ST,42,39
0940138P,23110033615,N,ST,12,3
0940138P,23210033615,N,ST,24,40
0940138P,23210033616,N,ST,36,35
0940138P,23810033006,N,ST,24,41
0940138P,23810033007,N,ST,48,67
0940138P,23810033605,N,ST,48,52
0941220R,23210033205,N,AP,999,13
0940140S,23820020009,N,ST,12,11
0940140S,23820025012,N,ST,12,13
0940140S,23820025519,N,ST,36,41
0940140S,23820025520,N,ST,36,34
0940140S,23210025524,N,ST,24,25
0940140S,23810020008,N,ST,69,80
0940140S,23810020009,N,ST,12,10
0940140S,23810020104,N,ST,12,8
0940122X,23820030004,N,ST,27,27
0940122X,23820031212,N,ST,27,21
0940122X,23810030003,N,ST,27,24
0940122X,23810031211,N,ST,27,38
0940585A,23820023404,N,ST,15,9
0940585A,23820023405,N,ST,30,13
0940585A,23820023407,N,ST,15,16
0940585A,23210023446,N,ST,15,1
0940585A,23210023447,N,ST,15,10
0940585A,23810023404,N,ST,12,7
0940585A,23810023409,N,ST,36,14
0941915W,23210033615,N,AP,999,6
0941940Y,23210023324,N,AP,999,15
0941940Y,23210025524,N,AP,999,21
0941940Y,23210031223,N,AP,999,8
0941940Y,23210031224,N,AP,999,7
0941940Y,23210033615,N,AP,999,15
0941940Y,23210033616,N,AP,999,25
0941940Y,23810031213,N,AP,999,7
0941940Y,23810031214,N,AP,999,5
0942262Y,23210025225,N,AP,999,20
0942262Y,23210025440,N,AP,999,9
0942262Y,23810025224,N,AP,999,9
0942262Y,23810025412,N,AP,999,9
0941918Z,23820025519,N,ST,72,95
0941918Z,23810020008,N,ST,72,94
0942130E,23820022106,N,ST,48,56
0942130E,23820033403,N,ST,48,33
0942130E,23210022141,N,ST,24,34
0942130E,23210022146,N,ST,12,28
0942130E,23210033413,N,ST,12,10
0942130E,23810033404,N,ST,96,79
0940853S,23210022146,N,AP,999,4
0940853S,23210022146,N,ST,14,5
0940853S,23210025225,N,AP,999,7
0940853S,23210025225,N,ST,20,18
0940853S,23210033413,N,AP,999,1
0940853S,23210033413,N,ST,12,4
0940853S,23210033616,N,ST,14,6
0941925G,23810034306,N,AP,999,0
0940743X,23820031213,N,ST,30,29
0940743X,23820031214,N,ST,30,26
0940743X,23810031211,N,ST,54,61
0941952L,23820025411,N,ST,15,16
0941952L,23820025520,N,ST,30,35
0941952L,23820030004,N,ST,27,23
0941952L,23820031213,N,ST,27,31
0941952L,23820034403,N,ST,24,31
0941952L,23210025437,N,ST,15,14
0941952L,23210025524,N,ST,27,19
0941952L,23810020008,N,ST,27,22
0941952L,23810020103,N,ST,12,13
0941952L,23810030003,N,ST,27,23
0941952L,23810031211,N,ST,27,57
0941952L,23810034403,N,ST,24,32
0940143V,23820030004,N,ST,27,42
0940143V,23820031106,N,ST,27,24
0940143V,23820031114,N,ST,24,12
0940143V,23820031212,N,ST,30,34
0940143V,23820031213,N,ST,54,74
0940143V,23820031214,N,ST,27,32
0940143V,23810030003,N,ST,54,53
0940143V,23810031211,N,ST,108,135
0941724N,23810023007,N,ST,31,22
0941724N,23810032303,N,ST,33,51
0941722L,23810033007,N,ST,30,15
0940145X,23820024204,N,ST,36,38
0940145X,23820031212,N,ST,24,13
0940145X,23820031213,N,ST,48,39
0940145X,23820031214,N,ST,24,24
0940145X,23110031224,N,ST,18,7
0940145X,23210024240,N,ST,12,15
0940145X,23810024204,N,ST,36,26
0940145X,23810031211,N,ST,96,61
0941294W,23C10023305,N,ST,12,14
0941294W,23821021405,N,ST,15,4
0941294W,23820022707,N,ST,24,28
0941294W,23820023203,N,ST,24,14
0941294W,23820025520,N,ST,48,25
0941294W,23110023006,N,ST,12,10
0941294W,23210022715,N,ST,12,15
0941294W,23210023324,N,ST,12,45
0941294W,23210023327,N,ST,12,13
0941294W,23210032227,N,ST,24,23
0941294W,23211021405,N,ST,15,9
0941294W,23811021404,N,ST,15,7
0941294W,23810020006,N,ST,24,13
0941294W,23810020008,N,ST,72,57
0940129E,23820025012,N,ST,24,18
0940129E,23820025411,N,ST,15,12
0940129E,23820025520,N,ST,72,49
0940129E,23820030004,N,ST,72,80
0940129E,23810020008,N,ST,72,50
0940129E,23810020103,N,ST,15,8
0940129E,23810020104,N,ST,24,8
0940129E,23810030003,N,ST,48,74
0942585Z,23210022715,N,AP,999,3
0942585Z,23210023006,N,AP,999,0
0942585Z,23210023223,N,AP,999,7
0942585Z,23210023324,N,AP,999,6
0942585Z,23210023327,N,AP,999,4
0942585Z,23210025524,N,AP,999,7
0942585Z,23810025520,N,AP,999,9
0941610P,23210022137,N,AP,999,9
0941610P,23210022141,N,AP,999,11
0941610P,23210022146,N,AP,999,4
0941610P,23210033413,N,AP,999,2
0941610P,23810022105,N,AP,999,6
0941610P,23810022106,N,AP,999,6
0941610P,23810033403,N,AP,999,4
Total établissements sélectionnés - département VAL-DE-MARNE,,,,68914,29070
0950641F,23820020009,N,ST,0,0
0950641F,23820025006,N,ST,24,9
0950641F,23820025014,N,ST,12,7
0950641F,23820025411,N,ST,36,25
0950641F,23820025519,N,ST,24,54
0950641F,23820025520,N,ST,48,37
0950641F,23210025437,N,ST,12,14
0950641F,23810020008,N,ST,72,92
0950641F,23810020009,N,ST,12,9
0950641F,23810020103,N,ST,60,28
0951811C,23820033006,N,ST,0,0
0951811C,23820033007,N,ST,0,0
0951811C,23820033604,N,ST,24,22
0951811C,23820033606,N,ST,24,35
0951811C,23820034304,N,ST,2,6
0951811C,23210022142,N,ST,25,18
0951811C,23210033205,N,ST,24,61
0951811C,23210033616,N,ST,13,50
0951811C,23810033006,N,ST,32,39
0951811C,23810033007,N,ST,48,84
0951811C,23810033605,N,ST,50,83
0951811C,23810034306,N,ST,14,12
0950666H,23820030004,N,ST,62,67
0950666H,23810030003,N,ST,51,68
0950800D,23210031224,N,ST,24,15
0950800D,23810030003,N,ST,28,14
0950800D,23810031211,N,ST,56,38
0950800D,23810033007,N,ST,56,50
0951998F,23810025222,N,ST,135,157
0951998F,23810025412,N,ST,15,50
0951998F,23810025413,N,ST,15,27
0951998F,23810031211,N,ST,30,16
0951947A,23210031224,N,AP,999,5
0951947A,23810031213,N,AP,999,13
0950709E,23820030004,N,ST,62,65
0950709E,23820033006,N,ST,0,0
0950709E,23820033007,N,ST,1,14
0950709E,23210033205,N,ST,24,46
0950709E,23810030003,N,ST,64,56
0950709E,23810033006,N,ST,30,31
0950709E,23810033007,N,ST,75,76
0950164M,23210022142,N,ST,16,15
0950164M,23210024240,N,ST,8,10
0950164M,23210031224,N,ST,8,10
0950164M,23210033002,N,ST,8,7
0951748J,23820025520,N,ST,24,24
0951748J,23820030004,N,ST,31,30
0951748J,23820031212,N,ST,15,14
0951748J,23820031213,N,ST,31,31
0951748J,23820031214,N,ST,16,23
0951748J,23820033007,N,ST,2,5
0951748J,23210025524,N,ST,12,8
0951748J,23210031224,N,ST,16,15
0951748J,23810020008,N,ST,24,26
0951748J,23810030003,N,ST,31,14
0951748J,23810031211,N,ST,62,66
0951748J,23810033007,N,ST,38,43
0952173W,23820022106,N,ST,24,21
0952173W,23820031212,N,ST,30,23
0952173W,23820031213,N,ST,47,57
0952173W,23820031214,N,ST,16,34
0952173W,23820033403,N,ST,24,12
0952173W,23210022146,N,ST,13,13
0952173W,23210031224,N,ST,24,18
0952173W,23210033413,N,ST,13,7
0952173W,23810031211,N,ST,90,95
0952173W,23810033404,N,ST,50,28
0951756T,23820020009,N,ST,0,0
0951756T,23820025012,N,ST,36,40
0951756T,23820025014,N,ST,24,21
0951756T,23210020101,N,ST,12,8
0951756T,23810020009,N,ST,24,45
0951756T,23810020103,N,ST,24,20
0951756T,23810020104,N,ST,36,24
0951282C,23820025012,N,ST,12,6
0951282C,23820025520,N,ST,12,10
0951282C,23820030004,N,ST,16,11
0951282C,23820031213,N,ST,16,20
0951282C,23820031214,N,ST,16,16
0951282C,23820034403,N,ST,2,9
0951282C,23210025524,N,ST,13,9
0951282C,23210031224,N,ST,15,11
0951282C,23210033002,N,ST,13,7
0951282C,23210034405,N,ST,13,9
0951282C,23810020008,N,ST,24,7
0951282C,23810020104,N,ST,13,7
0951282C,23810030003,N,ST,16,8
0951282C,23810031211,N,ST,32,12
0951282C,23810034403,N,ST,50,30
0950656X,23820022706,N,ST,24,16
0950656X,23820022707,N,ST,24,30
0950656X,23820023004,N,ST,12,10
0950656X,23820023005,N,ST,12,22
0950656X,23820023104,N,ST,12,8
0950656X,23820023203,N,ST,12,13
0950656X,23820023304,N,ST,12,17
0950656X,23820023405,N,ST,12,16
0950656X,23820023407,N,ST,12,6
0950656X,23110022715,N,ST,6,6
0950656X,23110023324,N,ST,6,10
0950656X,23210022715,N,AP,999,5
0950656X,23210022715,N,ST,13,10
0950656X,23210023006,N,ST,13,12
0950656X,23210023224,N,ST,13,15
0950656X,23210023324,N,AP,999,3
0950656X,23210023324,N,ST,13,36
0950656X,23210023327,N,AP,999,3
0950656X,23210023327,N,ST,13,13
0950656X,23810020006,N,ST,25,31
0950656X,23810020008,N,ST,48,36
0950656X,23810023007,N,ST,36,29
0950656X,23810023409,N,ST,25,19
0951788C,23C10023304,N,ST,12,19
0951788C,23820031213,N,ST,47,57
0951788C,23820031214,N,ST,16,21
0951788C,23210032227,N,ST,20,34
0951788C,23810031211,N,ST,64,95
0951974E,23820025012,N,ST,24,19
0951974E,23820031213,N,ST,31,52
0951974E,23820031214,N,ST,31,51
0951974E,23210025223,N,ST,10,4
0951974E,23210031224,N,ST,15,6
0951974E,23810020104,N,ST,24,18
0951974E,23810031211,N,ST,64,100
0951963T,23210031224,N,AP,999,11
0951963T,23210033615,N,AP,999,37
0951963T,23210033616,N,AP,999,30
0952196W,23820025014,N,ST,36,28
0952196W,23820025520,N,ST,24,29
0952196W,23820030004,N,ST,31,51
0952196W,23210025524,N,AP,999,15
0952196W,23810020008,N,ST,25,61
0952196W,23810020103,N,ST,38,23
0952196W,23810025520,N,AP,999,27
0952196W,23810030003,N,ST,32,81
0951618T,23820022106,N,ST,12,16
0951618T,23820033403,N,ST,12,15
0951618T,23820022105,N,ST,24,45
0951618T,23820022106,N,ST,24,36
0951618T,23820025517,N,ST,24,19
0951618T,23820025520,N,ST,48,56
0951618T,23820033403,N,ST,24,25
0951618T,23J00022103,N,ST,8,5
0951618T,23210022141,N,AP,999,17
0951618T,23210022141,N,ST,24,55
0951618T,23210022146,N,ST,12,40
0951618T,23210033413,N,ST,24,13
0951618T,23810020008,N,ST,75,43
0951618T,23810022105,N,AP,999,17
0951618T,23810022107,N,ST,25,36
0951618T,23810033404,N,ST,75,68
0950657Y,23820023004,N,ST,24,25
0950657Y,23820023303,N,ST,12,7
0950657Y,23820024204,N,ST,0,0
0950657Y,23820025406,N,ST,12,12
0950657Y,23820031212,N,ST,24,20
0950657Y,23820031213,N,ST,38,45
0950657Y,23820031214,N,ST,25,31
0950657Y,23210022715,N,ST,12,11
0950657Y,23210023324,N,ST,12,34
0950657Y,23210024008,N,ST,12,9
0950657Y,23210024240,N,ST,24,16
0950657Y,23210031224,N,ST,15,38
0950657Y,23810020006,N,ST,24,24
0950657Y,23810023007,N,ST,24,13
0950657Y,23810024204,N,ST,24,39
0950657Y,23810031211,N,ST,78,73
0951673C,23820025519,N,ST,24,56
0951673C,23820025520,N,ST,36,36
0951673C,23820030004,N,ST,31,22
0951673C,23820034403,N,ST,0,0
0951673C,23210025524,N,ST,12,29
0951673C,23210034405,N,ST,24,24
0951673C,23810020008,N,ST,48,89
0951673C,23810030003,N,ST,32,22
0951673C,23810034403,N,ST,39,63
0951625A,23210022715,N,AP,999,11
0951625A,23210023224,N,AP,999,5
0951625A,23210023324,N,AP,999,15
0951625A,23210023327,N,AP,999,3
0951625A,23210023447,N,AP,999,1
0951625A,23210025439,N,AP,999,2
0951625A,23210025524,N,AP,999,11
0951625A,23810022706,N,AP,999,3
0951727L,23820031212,N,ST,30,24
0951727L,23820031213,N,ST,47,47
0951727L,23820031214,N,ST,16,23
0951727L,23820034403,N,ST,0,0
0951727L,23210031224,N,ST,16,27
0951727L,23210033002,N,ST,13,8
0951727L,23210034405,N,ST,12,12
0951727L,23810031211,N,ST,96,97
0951727L,23810034403,N,ST,36,56
0950812S,23210031224,N,ST,15,2
0950812S,23810030003,N,ST,25,11
0950812S,23810031211,N,ST,43,15
0951787B,23820025214,N,ST,20,30
0951787B,23820025220,N,ST,10,10
0951787B,23820025412,N,ST,0,0
0951787B,23820031106,N,ST,36,23
0951787B,23820031114,N,ST,12,15
0951787B,23820031212,N,ST,24,34
0951787B,23820031213,N,ST,62,76
0951787B,23820031214,N,ST,25,24
0951787B,23210025225,N,ST,40,59
0951787B,23210025440,N,ST,10,22
0951787B,23210025441,N,ST,10,2
0951787B,23210031122,N,ST,24,29
0951787B,23210031224,N,ST,15,44
0951787B,23810025222,N,ST,30,51
0951787B,23810025412,N,ST,20,22
0951787B,23810030003,N,ST,52,34
0951787B,23810031211,N,ST,96,122
0951684P,23210025226,N,AP,999,3
0951684P,23810025225,N,AP,999,1
0950667J,23820025411,N,ST,24,11
0950667J,23820025520,N,ST,60,61
0950667J,23820030004,N,ST,48,75
0950667J,23820031212,N,ST,24,21
0950667J,23820031213,N,ST,60,67
0950667J,23820031214,N,ST,13,30
0950667J,23210025438,N,ST,12,5
0950667J,23210025524,N,ST,24,40
0950667J,23210031224,N,ST,12,22
0950667J,23810020008,N,ST,60,62
0950667J,23810020103,N,ST,24,11
0950667J,23810030003,N,ST,48,44
0950667J,23810031211,N,ST,72,108
0951824S,23820030004,N,ST,31,33
0951824S,23820031212,N,ST,30,19
0951824S,23820031213,N,ST,62,86
0951824S,23820031214,N,ST,16,19
0951824S,23810030003,N,ST,32,34
0951824S,23810031211,N,ST,96,108
0951281B,23820030004,N,ST,25,26
0951281B,23820031212,N,ST,24,20
0951281B,23820031213,N,ST,62,56
0951281B,23820031214,N,ST,25,31
0951281B,23210031224,N,ST,15,12
0951281B,23810030003,N,ST,26,8
0951281B,23810031211,N,ST,96,51
0950949R,23820025520,N,ST,48,21
0950949R,23820030004,N,ST,28,17
0950949R,23820031212,N,ST,30,12
0950949R,23820031213,N,ST,47,36
0950949R,23820031214,N,ST,16,13
0950949R,23210025524,N,ST,24,12
0950949R,23210031224,N,ST,25,14
0950949R,23810020008,N,ST,48,18
0950949R,23810030003,N,ST,32,7
0950949R,23810031211,N,ST,96,21
0951937P,23820030004,N,ST,31,32
0951937P,23810030003,N,ST,60,40
0950804H,23810032210,N,ST,36,5
0950804H,23810032303,N,ST,13,15
0950649P,23820033007,N,ST,0,0
0950649P,23J00033002,N,ST,12,2
0950649P,23810033007,N,ST,60,130
0950761L,23210033205,N,ST,24,2
0950761L,23810033006,N,ST,25,12
0950761L,23810033007,N,ST,25,7
0951221L,23810031211,N,ST,25,8
0952187L,23210022141,N,AP,999,10
0952187L,23210022146,N,AP,999,10
0952187L,23810022106,N,AP,999,21
0952187L,23810033403,N,AP,999,14
0950658Z,23820025214,N,ST,30,56
0950658Z,23820025215,N,ST,20,10
0950658Z,23820025412,N,ST,2,3
0950658Z,23820031106,N,ST,24,13
0950658Z,23820031107,N,ST,0,0
0950658Z,23820031114,N,ST,20,17
0950658Z,23110025441,N,ST,11,2
0950658Z,23210025225,N,ST,40,48
0950658Z,23210025226,N,ST,10,16
0950658Z,23210025440,N,ST,20,16
0950658Z,23210031124,N,ST,12,17
0950658Z,23210031127,N,ST,12,29
0950658Z,23810025222,N,ST,60,63
0950658Z,23810025412,N,ST,21,14
0950658Z,23810030003,N,ST,48,14
0950658Z,23810031117,N,ST,24,74
0951728M,23820030004,N,ST,31,45
0951728M,23820031212,N,ST,24,29
0951728M,23820031213,N,ST,38,51
0951728M,23820031214,N,ST,25,50
0951728M,23210031224,N,ST,16,36
0951728M,23810030003,N,ST,32,31
0951728M,23810031211,N,ST,90,142
0951104J,23820025519,N,ST,48,96
0951104J,23820025520,N,ST,48,30
0951104J,23810020008,N,ST,96,138
0950983C,23210022146,N,ST,16,22
0950983C,23210023447,N,ST,8,3
0950983C,23210025223,N,ST,8,9
0950983C,23210033002,N,ST,8,9
0950983C,23210033413,N,ST,8,15
0950983C,23211021130,N,ST,8,10
0950983C,23211021405,N,AP,999,0
0950983C,23211021405,N,ST,8,8
0952157D,23210023445,N,AP,999,0
0952157D,23210023447,N,AP,999,1
0952157D,23210031223,N,AP,999,4
0952157D,23210031224,N,AP,999,4
0952157D,23210033615,N,AP,999,6
0952157D,23211021130,N,ST,16,2
0952157D,23211021405,N,ST,16,14
0952157D,23211033003,N,ST,16,7
0952157D,23811022103,N,ST,16,2
0952157D,23811033001,N,ST,16,4
0950805J,23210023445,N,ST,7,3
0950805J,23210023447,N,ST,8,4
0950805J,23210031224,N,ST,20,7
0950805J,23810023003,N,ST,18,7
0950650R,23820030004,N,ST,60,110
0950650R,23820033007,N,ST,0,0
0950650R,23810030003,N,ST,60,107
0950650R,23810033007,N,ST,60,145
0950947N,23820025006,N,ST,24,27
0950947N,23820025014,N,ST,24,15
0950947N,23820025519,N,ST,72,113
0950947N,23820025520,N,ST,48,53
0950947N,23810020008,N,ST,120,140
0950947N,23810020103,N,ST,48,17
0951763A,23820025520,N,ST,24,40
0951763A,23820030004,N,ST,31,45
0951763A,23820033006,N,ST,0,0
0951763A,23820033007,N,ST,12,17
0951763A,23210025524,N,ST,12,15
0951763A,23810020008,N,ST,24,60
0951763A,23810030003,N,ST,32,40
0951763A,23810033006,N,ST,31,52
0951763A,23810033007,N,ST,60,86
0951710T,23820023003,N,ST,0,0
0951710T,23810023003,N,ST,24,20
0951090U,23820022706,N,ST,15,8
0951090U,23820022707,N,ST,30,28
0951090U,23820023405,N,ST,12,10
0951090U,23820025517,N,ST,30,15
0951090U,23210022714,N,ST,12,11
0951090U,23210022715,N,ST,12,7
0951090U,23210023006,N,ST,24,23
0951090U,23210023324,N,ST,36,30
0951090U,23210023447,N,AP,999,1
0951090U,23210023447,N,ST,11,9
0951090U,23210023449,N,ST,1,2
0951090U,23810020008,N,ST,60,46
0951090U,23810023409,N,ST,12,6
0951994B,23810030003,N,ST,24,4
0952107Z,23210022137,N,AP,999,4
0952107Z,23210022141,N,AP,999,18
0952107Z,23210022146,N,AP,999,8
0952107Z,23210025225,N,AP,999,17
0952107Z,23210025440,N,AP,999,5
0952107Z,23210033616,N,AP,999,14
0952107Z,23810022105,N,AP,999,8
0952107Z,23810022106,N,AP,999,3
0952107Z,23810025224,N,AP,999,16
0952107Z,23810025412,N,AP,999,4
0952107Z,23810031213,N,AP,999,14
0952107Z,23810031214,N,AP,999,3
Total établissements sélectionnés - département VAL-D'OISE,,,,69384,25253
0830007G,23820030004,N,ST,15,18
0830007G,23820031212,N,ST,15,12
0830007G,23820031213,N,ST,30,32
0830007G,23820031214,N,ST,15,35
0830007G,23820033007,N,ST,30,37
0830007G,23810030003,N,ST,30,25
0830007G,23810031211,N,ST,60,92
0830007G,23810033007,N,ST,30,40
0831444U,23210034405,N,ST,1,7
0831444U,23810030003,N,ST,1,3
0831444U,23810034403,N,ST,1,18
0830114Y,23810030003,N,ST,1,6
0830114Y,23810031211,N,ST,1,8
0830016S,23820022106,N,ST,12,13
0830016S,23820025214,N,ST,30,33
0830016S,23820025216,N,ST,10,3
0830016S,23820025412,N,ST,20,14
0830016S,23820030004,N,ST,30,35
0830016S,23820031212,N,ST,15,25
0830016S,23820031213,N,ST,30,43
0830016S,23820031214,N,ST,15,14
0830016S,23820033006,N,ST,15,29
0830016S,23820033007,N,ST,45,53
0830016S,23820033403,N,ST,12,15
0830016S,23210022146,N,ST,2,4
0830016S,23210022142,N,ST,8,8
0830016S,23210022146,N,ST,10,23
0830016S,23210022142,N,ST,4,1
0830016S,23210025440,N,ST,4,9
0830016S,23210025441,N,ST,4,4
0830016S,23210025440,N,ST,6,33
0830016S,23210025441,N,ST,6,6
0830016S,23210031224,N,ST,15,37
0830016S,23210031224,N,ST,15,5
0830016S,23210033002,N,ST,8,14
0830016S,23210033002,N,ST,4,2
0830016S,23810025222,N,ST,40,65
0830016S,23810025412,N,ST,20,12
0830016S,23810030003,N,ST,30,13
0830016S,23810031211,N,ST,60,77
0830016S,23810033006,N,ST,15,46
0830016S,23810033007,N,ST,45,47
0830016S,23810033404,N,ST,24,26
0830960T,23820025215,N,ST,20,17
0830960T,23820025220,N,ST,10,8
0830960T,23820025406,N,ST,10,14
0830960T,23820025519,N,ST,30,28
0830960T,23820025520,N,ST,30,32
0830960T,23820031106,N,ST,30,21
0830960T,23820031107,N,ST,24,24
0830960T,23210023123,N,ST,24,43
0830960T,23210025222,N,ST,9,7
0830960T,23210025439,N,ST,10,9
0830960T,23210025439,N,ST,2,0
0830960T,23210025524,N,ST,13,26
0830960T,23210025524,N,ST,2,2
0830960T,23210025222,N,ST,1,1
0830960T,23210031122,N,ST,8,19
0830960T,23210031124,N,ST,12,4
0830960T,23210031122,N,ST,4,2
0830960T,23210031224,N,ST,10,10
0830960T,23210031224,N,ST,5,1
0830960T,23210031127,N,ST,24,24
0830960T,23810020006,N,ST,10,7
0830960T,23810020008,N,ST,60,54
0830960T,23810025222,N,ST,30,15
0830960T,23810030003,N,ST,24,8
0830960T,23810031117,N,ST,24,40
0831440P,23820022106,N,ST,24,14
0831440P,23820033403,N,ST,24,22
0831440P,23820033606,N,ST,30,31
0831440P,23210022146,N,ST,2,3
0831440P,23210022141,N,ST,11,10
0831440P,23210022142,N,ST,8,9
0831440P,23210022146,N,ST,10,7
0831440P,23210022141,N,ST,1,2
0831440P,23210022142,N,ST,4,0
0831440P,23210033413,N,ST,8,3
0831440P,23210033615,N,ST,11,25
0831440P,23210033615,N,ST,1,6
0831440P,23210033413,N,ST,4,2
0831440P,23810033404,N,ST,48,33
0831440P,23810033605,N,ST,24,44
0831440P,23810033605,N,ST,6,4
0831771Z,23210033205,N,AP,999,3
0831771Z,23210033616,N,AP,999,0
0831771Z,23810031213,N,AP,999,2
0831771Z,23810031214,N,AP,999,3
0831771Z,23810033604,N,AP,999,2
0831242Z,23820030004,N,ST,15,6
0831242Z,23820031212,N,ST,15,5
0831242Z,23820031213,N,ST,30,39
0831242Z,23820031214,N,ST,15,25
0831242Z,23210031224,N,ST,10,7
0831242Z,23210031224,N,ST,5,4
0831242Z,23810030003,N,ST,15,9
0831242Z,23810031211,N,ST,60,66
0831557S,23211021130,N,AP,999,5
0831557S,23211021405,N,AP,999,24
0831557S,23811021302,N,AP,999,7
0831557S,23811021405,N,AP,999,7
0830077H,23211021130,N,ST,12,21
0830077H,23211021130,N,ST,4,6
0830077H,23811021112,N,ST,32,22
0830077H,23811021404,N,ST,32,51
0830077H,23811033001,N,ST,32,68
0831014B,23820022106,N,ST,24,24
0831014B,23820023004,N,ST,15,8
0831014B,23820023005,N,ST,15,26
0831014B,23820023104,N,ST,15,7
0831014B,23820023210,N,ST,15,19
0831014B,23820023304,N,ST,15,13
0831014B,23820025517,N,ST,15,15
0831014B,23820025520,N,ST,24,16
0831014B,23820031212,N,ST,15,8
0831014B,23820031213,N,ST,30,21
0831014B,23820031214,N,ST,15,20
0831014B,23820033403,N,ST,30,17
0831014B,23210022146,N,ST,4,3
0831014B,23210022142,N,ST,8,6
0831014B,23210022146,N,ST,20,21
0831014B,23210022714,N,ST,12,20
0831014B,23210022714,N,ST,3,2
0831014B,23210022142,N,ST,4,1
0831014B,23210023326,N,ST,8,9
0831014B,23210023327,N,AP,999,1
0831014B,23210023326,N,ST,4,3
0831014B,23210031224,N,ST,10,12
0831014B,23210031224,N,ST,5,4
0831014B,23210032227,N,ST,29,33
0831014B,23210032227,N,ST,1,5
0831014B,23210033413,N,ST,18,10
0831014B,23210033413,N,ST,6,1
0831014B,23810020006,N,ST,30,23
0831014B,23810020008,N,ST,45,19
0831014B,23810023007,N,ST,45,19
0831014B,23810031211,N,ST,60,51
0831014B,23810033404,N,ST,54,31
0831563Y,23820025519,N,ST,24,24
0831563Y,23820025520,N,ST,24,39
0831563Y,23820034403,N,ST,24,24
0831563Y,23210025524,N,ST,8,22
0831563Y,23210025524,N,ST,4,6
0831563Y,23810020008,N,ST,48,89
0831563Y,23810025307,N,ST,15,28
0831563Y,23810034403,N,ST,24,58
0830101J,23810030003,N,ST,1,8
0830101J,23810031211,N,ST,1,12
0831781K,23210022141,N,AP,999,5
0831781K,23210022142,N,AP,999,0
0831781K,23210022146,N,AP,999,2
0831781K,23210033413,N,AP,999,5
0831781K,23810022106,N,AP,999,0
0831781K,23810033403,N,AP,999,0
0830923C,23820023405,N,ST,12,13
0830923C,23820023407,N,ST,12,3
0830923C,23820023408,N,ST,12,19
0830923C,23820025012,N,ST,36,39
0830923C,23820025411,N,ST,24,26
0830923C,23820025520,N,ST,36,51
0830923C,23210023329,N,ST,8,8
0830923C,23210023447,N,ST,8,12
0830923C,23210023447,N,ST,4,4
0830923C,23210023329,N,ST,4,2
0830923C,23210025436,N,ST,11,12
0830923C,23210025436,N,ST,1,4
0830923C,23210031223,N,AP,999,4
0830923C,23210031224,N,AP,999,6
0830923C,23810020008,N,ST,36,53
0830923C,23810020103,N,ST,24,21
0830923C,23810020104,N,ST,28,11
0830923C,23810023409,N,ST,36,25
0830923C,23810020104,N,ST,8,12
0831608X,23210022510,N,AP,999,2
0831608X,23210024318,N,AP,999,2
0831608X,23210025224,N,AP,999,7
0831608X,23210025440,N,AP,999,10
0831608X,23210025227,N,AP,999,10
0831608X,23210025225,N,AP,999,10
0831608X,23210031224,N,AP,999,9
0831608X,23210033615,N,AP,999,8
0831608X,23210033616,N,AP,999,17
0831608X,23810025223,N,AP,999,4
0831608X,23810025224,N,AP,999,4
0831608X,23810025226,N,AP,999,2
0831608X,23810030004,N,AP,999,1
0831608X,23810031213,N,AP,999,9
0831608X,23810031214,N,AP,999,2
0831501F,23810025411,N,AP,999,5
0831501F,23810025520,N,AP,999,11
0831687H,23210033615,N,AP,999,6
0831374T,23210022137,N,AP,999,10
0831374T,23210022141,N,AP,999,17
0831374T,23210022142,N,AP,999,4
0831374T,23210022143,N,AP,999,12
0831374T,23210022146,N,AP,999,14
0831374T,23210033413,N,AP,999,8
0831374T,23210033616,N,AP,999,7
0831646N,23820022707,N,ST,24,23
0831646N,23820025520,N,ST,24,31
0831646N,23820033101,N,ST,15,19
0831646N,23210022142,N,ST,8,8
0831646N,23210022142,N,ST,4,1
0831646N,23210023006,N,ST,8,16
0831646N,23210023006,N,ST,4,6
0831646N,23210023224,N,ST,4,23
0831646N,23210023224,N,ST,8,8
0831646N,23810020008,N,ST,48,83
0831646N,23810033101,N,ST,15,18
0830184Z,23211021405,N,AP,999,28
0830184Z,23211033003,N,ST,8,15
0830184Z,23211033003,N,ST,4,2
0830184Z,23811021113,N,AP,999,1
0830184Z,23811021211,N,AP,999,8
0830184Z,23811021405,N,AP,999,6
0830184Z,23811022104,N,ST,24,19
0830184Z,23811033001,N,ST,56,52
0831377W,23210022137,N,AP,999,10
0831377W,23210022141,N,AP,999,14
0831377W,23210022143,N,AP,999,4
0831377W,23210022146,N,AP,999,16
0831377W,23210025436,N,AP,999,4
0831377W,23210025440,N,AP,999,17
0831377W,23210025227,N,AP,999,17
0831377W,23210025225,N,AP,999,26
0831377W,23210031223,N,AP,999,2
0831377W,23210031224,N,AP,999,17
0831377W,23210033205,N,AP,999,31
0831377W,23210033413,N,AP,999,10
0831377W,23210033616,N,AP,999,28
0831377W,23810025224,N,AP,999,7
0831377W,23810030004,N,AP,999,1
0831377W,23810031213,N,AP,999,17
0830032J,23820025519,N,ST,30,33
0830032J,23810020008,N,ST,30,32
0831187P,23810020008,N,ST,1,15
0831187P,23810020103,N,ST,1,3
0831187P,23810020104,N,ST,1,1
0831187P,23810025222,N,ST,1,6
0831187P,23810020008,N,ST,1,2
0831187P,23810033006,N,ST,1,8
0831187P,23810033007,N,ST,1,10
0831774C,23210022137,N,AP,999,0
0831774C,23210022141,N,AP,999,0
0831774C,23210022146,N,AP,999,0
0831774C,23210033205,N,AP,999,1
0831774C,23210033616,N,AP,999,0
0831109E,23210022140,N,AP,999,1
0831109E,23210025221,N,AP,999,2
0831109E,23210025222,N,AP,999,1
0831109E,23210025223,N,AP,999,1
0831109E,23211021130,N,AP,999,7
0831109E,23211033003,N,AP,999,9
0831109E,23811021112,N,ST,1,27
0831109E,23811033001,N,ST,1,38
0831559U,23820022706,N,ST,15,6
0831559U,23820022707,N,ST,15,24
0831559U,23820025012,N,ST,30,18
0831559U,23820025520,N,ST,30,35
0831559U,23210023006,N,ST,10,13
0831559U,23210023006,N,ST,2,0
0831559U,23210023324,N,ST,10,11
0831559U,23210023324,N,ST,2,0
0831559U,23210025524,N,ST,10,23
0831559U,23210025524,N,ST,2,4
0831559U,23810020008,N,ST,60,56
0831559U,23810020104,N,ST,30,18
0831375U,23210022137,N,AP,999,9
0831375U,23210022141,N,AP,999,11
0831375U,23210022143,N,AP,999,3
0831375U,23210022146,N,AP,999,15
0831375U,23210025440,N,AP,999,8
0831375U,23210025225,N,AP,999,15
0831375U,23210025226,N,AP,999,3
0831375U,23210031224,N,AP,999,10
0831375U,23210033413,N,AP,999,9
0831375U,23210033616,N,AP,999,12
0831375U,23810025224,N,AP,999,10
0831375U,23810031213,N,AP,999,12
0831734J,23210033615,N,AP,999,9
0831734J,23210033616,N,AP,999,5
0830042V,23820030004,N,ST,30,34
0830042V,23820031212,N,ST,20,20
0830042V,23820031213,N,ST,50,64
0830042V,23820031214,N,ST,20,35
0830042V,23810030003,N,ST,30,39
0830042V,23810031211,N,ST,90,120
0831697U,23210033616,N,AP,999,1
0831354W,23820024204,N,ST,30,38
0831354W,23820025215,N,ST,20,15
0831354W,23820025223,N,ST,30,28
0831354W,23820030004,N,ST,20,25
0831354W,23820031212,N,ST,20,28
0831354W,23820031213,N,ST,20,34
0831354W,23820031214,N,ST,20,26
0831354W,23820033604,N,ST,15,11
0831354W,23820033606,N,ST,15,16
0831354W,23210022142,N,ST,8,2
0831354W,23210022142,N,ST,4,2
0831354W,23210024240,N,ST,8,11
0831354W,23210024240,N,ST,4,2
0831354W,23210025224,N,ST,8,14
0831354W,23210025224,N,ST,4,4
0831354W,23210031224,N,ST,18,21
0831354W,23210031224,N,ST,6,8
0831354W,23210033002,N,ST,8,14
0831354W,23210033002,N,ST,4,4
0831354W,23210033615,N,ST,25,35
0831354W,23210033616,N,ST,10,27
0831354W,23210033615,N,ST,1,8
0831354W,23210033616,N,ST,4,3
0831354W,23210033616,N,ST,1,12
0831354W,23210033615,N,ST,4,4
0831354W,23810024204,N,ST,22,27
0831354W,23810024204,N,ST,8,10
0831354W,23810025222,N,ST,20,18
0831354W,23810025223,N,ST,27,37
0831354W,23810025223,N,ST,3,4
0831354W,23810030003,N,ST,20,25
0831354W,23810031211,N,ST,60,54
0831354W,23810033605,N,ST,23,57
0831354W,23810033605,N,ST,7,22
0831679Z,23210033615,N,AP,999,4
0831679Z,23210033616,N,AP,999,5
0831679Z,23810033604,N,AP,999,0
0830661T,23820030004,N,ST,60,64
0830661T,23820031212,N,ST,15,22
0830661T,23820031213,N,ST,60,74
0830661T,23820031214,N,ST,15,25
0830661T,23210031224,N,ST,13,25
0830661T,23210031224,N,ST,2,3
0830661T,23810030003,N,ST,60,26
0830661T,23810031211,N,ST,90,102
0830058M,23820022706,N,ST,12,7
0830058M,23820025012,N,ST,24,16
0830058M,23820025214,N,ST,30,35
0830058M,23820025216,N,ST,10,8
0830058M,23820025412,N,ST,10,11
0830058M,23820025517,N,ST,12,13
0830058M,23820025519,N,ST,48,59
0830058M,23820025520,N,ST,45,29
0830058M,23210023324,N,ST,8,22
0830058M,23210023324,N,ST,4,3
0830058M,23210025440,N,ST,4,6
0830058M,23210025441,N,ST,4,2
0830058M,23210025440,N,ST,6,16
0830058M,23210025441,N,ST,6,6
0830058M,23210025524,N,ST,8,41
0830058M,23210025524,N,ST,4,6
0830058M,23210025225,N,ST,6,15
0830058M,23210025225,N,ST,14,46
0830058M,23810020008,N,ST,112,89
0830058M,23810020104,N,ST,24,9
0830058M,23810025222,N,ST,40,60
0830058M,23810025412,N,ST,10,24
0830058M,23810020008,N,ST,4,8
0830059N,23820030004,N,ST,15,28
0830059N,23820031114,N,ST,15,11
0830059N,23820031212,N,ST,15,13
0830059N,23820031213,N,ST,60,82
0830059N,23820031214,N,ST,15,27
0830059N,23820033006,N,ST,30,42
0830059N,23820033007,N,ST,60,77
0830059N,23820034304,N,ST,15,19
0830059N,23210022142,N,ST,18,11
0830059N,23210022142,N,ST,6,4
0830059N,23210031224,N,ST,11,31
0830059N,23210031224,N,ST,4,10
0830059N,23210033205,N,ST,13,55
0830059N,23210033205,N,ST,2,16
0830059N,23810030003,N,ST,30,36
0830059N,23810031211,N,ST,90,82
0830059N,23810033006,N,ST,30,37
0830059N,23810033007,N,ST,60,75
0830059N,23810034306,N,ST,15,17
0831616F,23820020009,N,ST,12,13
0831616F,23820025014,N,ST,24,23
0831616F,23810020009,N,ST,12,27
0831616F,23810020103,N,ST,24,10
0831453D,23820022105,N,ST,24,30
0831453D,23820022106,N,ST,24,43
0831453D,23820033403,N,ST,24,20
0831453D,23820022106,N,ST,0,0
0831453D,23820033403,N,ST,0,0
0831453D,23210022146,N,ST,2,8
0831453D,23210022141,N,ST,22,44
0831453D,23210022146,N,ST,22,26
0831453D,23210022141,N,ST,2,7
0831453D,23210031223,N,ST,8,3
0831453D,23210031223,N,ST,16,19
0831453D,23210033413,N,ST,20,20
0831453D,23210033413,N,ST,4,2
0831453D,23810022107,N,ST,24,41
0831453D,23810033404,N,ST,48,67
0830128N,23210022142,N,ST,1,5
0830128N,23210033205,N,ST,1,27
0830116A,23210031224,N,ST,1,4
0830116A,23810030003,N,ST,1,12
0830116A,23810031211,N,ST,1,22
0831136J,23820023203,N,ST,0,0
0831136J,23820025520,N,ST,0,0
0831136J,23210023224,N,AP,999,4
0831136J,23210023324,N,AP,999,21
0831136J,23210023325,N,AP,999,8
0831136J,23210023326,N,AP,999,12
0831136J,23210023327,N,AP,999,11
0831136J,23210023329,N,AP,999,4
0831136J,23210023447,N,AP,999,8
0831136J,23210023449,N,AP,999,5
0831136J,23210025439,N,AP,999,3
0831136J,23210025524,N,AP,999,23
0831136J,23810023203,N,AP,999,8
0831136J,23810025520,N,AP,999,9
Total établissements sélectionnés - département VAR,,,,118996,17012
0840001V,23820025519,N,ST,30,33
0840001V,23820031213,N,ST,15,17
0840001V,23210022142,N,ST,12,5
0840001V,23210031224,N,ST,15,22
0840001V,23810020008,N,ST,30,20
0840001V,23810031211,N,ST,15,21
0840041N,23820030004,N,ST,24,31
0840041N,23820031212,N,ST,24,27
0840041N,23820031213,N,ST,36,45
0840041N,23820031214,N,ST,36,51
0840041N,23820033604,N,ST,12,12
0840041N,23820033606,N,ST,24,26
0840041N,23210033615,N,ST,12,54
0840041N,23210033616,N,ST,24,54
0840041N,23810030003,N,ST,36,34
0840041N,23810031211,N,ST,96,67
0840041N,23810033605,N,ST,36,39
0840005Z,23820020009,N,ST,12,7
0840005Z,23820025012,N,ST,24,16
0840005Z,23820025214,N,ST,20,35
0840005Z,23820025412,N,ST,10,15
0840005Z,23820025519,N,ST,36,34
0840005Z,23820025520,N,ST,36,55
0840005Z,23210025225,N,ST,20,66
0840005Z,23210025440,N,ST,10,25
0840005Z,23210025524,N,ST,24,41
0840005Z,23210033205,N,AP,999,7
0840005Z,23810020008,N,ST,72,68
0840005Z,23810020009,N,ST,12,6
0840005Z,23810020104,N,ST,24,8
0840005Z,23810025222,N,ST,20,33
0840005Z,23810025412,N,ST,10,15
0840935K,23820024204,N,ST,12,22
0840935K,23820033006,N,ST,12,20
0840935K,23820033007,N,ST,36,47
0840935K,23210022142,N,ST,12,25
0840935K,23210024007,N,ST,12,12
0840935K,23210024240,N,ST,24,25
0840935K,23210033002,N,ST,24,28
0840935K,23810024204,N,ST,12,30
0840935K,23810033006,N,ST,12,56
0840935K,23810033007,N,ST,36,80
0840940R,23820025519,N,ST,30,6
0840940R,23820025520,N,ST,30,0
0840940R,23210025524,N,AP,999,1
0840940R,23210025524,N,ST,15,12
0840940R,23810020008,N,ST,60,34
0840940R,23810025520,N,AP,999,4
0840082H,23820024204,N,ST,16,1
0840082H,23820030004,N,ST,60,4
0840082H,23820031213,N,ST,30,11
0840082H,23820031214,N,ST,30,5
0840082H,23820033007,N,ST,16,1
0840082H,23210024241,N,AP,999,0
0840082H,23210024241,N,ST,15,11
0840082H,23210033205,N,AP,999,4
0840082H,23210033205,N,ST,15,13
0840082H,23210034405,N,AP,999,5
0840082H,23210034405,N,ST,15,14
0840082H,23810024204,N,ST,16,5
0840082H,23810030003,N,ST,60,24
0840082H,23810031211,N,ST,90,59
0840082H,23810033007,N,ST,16,21
0840082H,23810034403,N,ST,16,27
0840709P,23210022146,N,AP,999,23
0840709P,23210033413,N,AP,999,12
0840709P,23810022106,N,AP,999,13
0840709P,23810033403,N,AP,999,10
0840733R,23210022137,N,AP,999,8
0840733R,23210022141,N,AP,999,27
0840733R,23210022143,N,AP,999,25
0840733R,23210031223,N,AP,999,4
0840733R,23210031224,N,AP,999,19
0840733R,23210033615,N,AP,999,14
0840733R,23210033616,N,AP,999,29
0840526R,23210022715,N,AP,999,1
0840526R,23210023224,N,AP,999,26
0840526R,23210023324,N,AP,999,12
0840526R,23210023325,N,AP,999,5
0840526R,23210023326,N,AP,999,7
0840526R,23210023327,N,AP,999,16
0840526R,23210023447,N,AP,999,4
0840526R,23210023449,N,AP,999,4
0840526R,23210025439,N,AP,999,6
0840526R,23210025524,N,AP,999,15
0840526R,23810022707,N,AP,999,3
0840526R,23810023203,N,AP,999,1
0841204C,23210033616,N,AP,999,3
0841122N,23210023445,N,AP,999,0
0841122N,23210025221,N,AP,999,2
0841122N,23210025223,N,AP,999,3
0841122N,23210025227,N,AP,999,4
0841122N,23210025524,N,AP,999,2
0841122N,23810025012,N,AP,999,1
0841122N,23810025226,N,AP,999,4
0841122N,23810025520,N,AP,999,1
0841122N,23810031213,N,AP,999,7
0840437U,23210025524,N,AP,999,0
0841203B,23821021004,N,ST,32,0
0841203B,23821021004,N,ST,32,0
0841203B,23811021004,N,ST,32,9
0841026J,23211021130,N,AP,999,4
0841026J,23211021237,N,AP,999,8
0841026J,23211021405,N,AP,999,22
0841026J,23211033003,N,AP,999,1
0841026J,23811021114,N,AP,999,0
0841026J,23811021211,N,AP,999,9
0841026J,23811021405,N,AP,999,19
0841026J,23811021407,N,AP,999,0
0840797K,23821033003,N,ST,45,4
0840797K,23211033003,N,ST,80,23
0840797K,23811033001,N,ST,45,23
0840607D,23821021405,N,ST,19,5
0840607D,23821033003,N,ST,24,4
0840607D,23811033001,N,ST,24,34
0840607D,23811021404,N,ST,21,32
0840015K,23820020009,N,ST,15,13
0840015K,23820025012,N,ST,15,10
0840015K,23820025014,N,ST,15,9
0840015K,23820025520,N,ST,15,19
0840015K,23210025524,N,ST,15,25
0840015K,23810020008,N,ST,15,34
0840015K,23810020009,N,ST,15,12
0840015K,23810020103,N,ST,15,4
0840015K,23810020104,N,ST,15,3
0840016L,23820030004,N,ST,30,35
0840016L,23820031212,N,ST,30,12
0840016L,23820031213,N,ST,30,44
0840016L,23820031214,N,ST,30,37
0840016L,23210033205,N,ST,15,57
0840016L,23810030003,N,ST,30,32
0840016L,23810031211,N,ST,90,133
0840113S,23820022106,N,ST,12,12
0840113S,23820025214,N,ST,10,23
0840113S,23820025215,N,ST,10,4
0840113S,23820030004,N,ST,15,15
0840113S,23820031106,N,ST,15,13
0840113S,23820031107,N,ST,12,8
0840113S,23820031114,N,ST,15,9
0840113S,23820031212,N,ST,15,7
0840113S,23820031213,N,ST,15,27
0840113S,23820031214,N,ST,15,18
0840113S,23820033403,N,ST,12,13
0840113S,23210022141,N,AP,999,3
0840113S,23210022142,N,ST,12,12
0840113S,23210022146,N,AP,999,3
0840113S,23210022146,N,ST,12,23
0840113S,23210025225,N,ST,10,24
0840113S,23210025226,N,ST,10,13
0840113S,23210031122,N,ST,15,19
0840113S,23210031127,N,ST,12,16
0840113S,23210033413,N,ST,12,16
0840113S,23810025222,N,ST,20,18
0840113S,23810030003,N,ST,45,28
0840113S,23810031117,N,ST,12,15
0840113S,23810031211,N,ST,45,70
0840113S,23810033404,N,ST,24,31
0840800N,23211021314,N,AP,999,17
0840800N,23211021405,N,AP,999,11
0840788A,23821021303,N,ST,32,1
0840788A,23811021404,N,ST,32,17
0840606C,23821021001,N,ST,24,3
0840606C,23821021302,N,ST,32,4
0840606C,23211021130,N,ST,16,8
0840606C,23211021314,N,ST,16,9
0840606C,23810025219,N,ST,24,22
0840606C,23811021302,N,ST,32,30
0840021S,23820025520,N,ST,30,29
0840021S,23820034403,N,ST,24,28
0840021S,23210025524,N,ST,15,21
0840021S,23210034405,N,ST,15,22
0840021S,23810020008,N,ST,30,36
0840021S,23810034403,N,ST,24,35
0840787Z,23821021203,N,ST,24,0
0840787Z,23821022105,N,ST,24,0
0840787Z,23211021130,N,ST,24,4
0840787Z,23211021130,N,AP,999,3
0840787Z,23811021203,N,AP,999,7
0840787Z,23811022103,N,ST,24,5
0840787Z,23811022105,N,ST,24,3
0841242U,23210033205,N,AP,999,1
0840763Y,23820025006,N,ST,12,11
0840763Y,23820025214,N,ST,20,20
0840763Y,23820025216,N,ST,10,11
0840763Y,23820025411,N,ST,24,26
0840763Y,23820025412,N,ST,20,13
0840763Y,23820025519,N,ST,24,33
0840763Y,23210025225,N,ST,10,21
0840763Y,23210025437,N,ST,12,6
0840763Y,23210025438,N,ST,12,11
0840763Y,23210025440,N,ST,10,16
0840763Y,23810020008,N,ST,24,32
0840763Y,23810020103,N,ST,36,56
0840763Y,23810025222,N,ST,30,35
0840763Y,23810025412,N,ST,20,7
0840218F,23821021113,N,ST,27,1
0840218F,23821022108,N,ST,27,4
0840218F,23211021130,N,AP,999,0
0840218F,23811021113,N,AP,999,1
0840218F,23811022103,N,ST,24,19
0840218F,23811021004,N,ST,27,15
0840046U,23820030004,N,ST,24,29
0840046U,23820031212,N,ST,12,13
0840046U,23820031213,N,ST,24,31
0840046U,23820031214,N,ST,12,28
0840046U,23820033006,N,ST,12,15
0840046U,23820033007,N,ST,24,25
0840046U,23210022142,N,ST,12,9
0840046U,23210022146,N,AP,999,3
0840046U,23210022146,N,ST,12,14
0840046U,23210031224,N,ST,12,28
0840046U,23210033205,N,ST,12,30
0840046U,23810030003,N,ST,24,34
0840046U,23810031211,N,ST,48,69
0840046U,23810033006,N,ST,12,24
0840046U,23810033007,N,ST,24,33
0840918S,23820030004,N,ST,30,36
0840918S,23810030003,N,ST,30,30
0840765A,23821021004,N,ST,24,0
0840765A,23821021302,N,ST,32,1
0840765A,23211021130,N,ST,24,6
0840765A,23211021405,N,ST,24,19
0840765A,23811021004,N,ST,24,2
0840765A,23811021302,N,ST,32,4
0841078R,23820025012,N,ST,15,15
0841078R,23820025517,N,ST,30,43
0841078R,23820025519,N,ST,30,28
0841078R,23820031212,N,ST,15,16
0841078R,23820031213,N,ST,30,43
0841078R,23820031214,N,ST,15,20
0841078R,23210031224,N,ST,15,42
0841078R,23810020008,N,ST,60,47
0841078R,23810020104,N,ST,15,4
0841078R,23810031211,N,ST,60,41
0841248A,23210033615,N,AP,999,0
0841248A,23210033616,N,AP,999,0
0840746E,23821033003,N,ST,28,1
0840746E,23211033003,N,ST,32,4
0840746E,23811033001,N,ST,28,2
0840747F,23821022108,N,ST,32,1
0840747F,23821033003,N,ST,32,0
0840747F,23210033002,N,AP,999,0
0840747F,23211033003,N,ST,32,16
0840747F,23811033001,N,ST,32,19
0840747F,23810031211,N,ST,32,19
0840700E,23820022106,N,ST,12,17
0840700E,23820025012,N,ST,12,8
0840700E,23820025520,N,ST,12,16
0840700E,23820033403,N,ST,12,7
0840700E,23210022137,N,ST,12,9
0840700E,23210022141,N,AP,999,2
0840700E,23210022141,N,ST,12,21
0840700E,23210022146,N,ST,12,8
0840700E,23210025524,N,ST,12,21
0840700E,23210033413,N,ST,12,7
0840700E,23810020008,N,ST,12,17
0840700E,23810020104,N,ST,12,7
0840700E,23810033404,N,ST,24,17
0840096Y,23210023224,N,ST,16,26
0840096Y,23210023325,N,ST,8,13
0840096Y,23210023326,N,ST,16,11
0840096Y,23210023447,N,ST,16,6
0840096Y,23210025439,N,ST,8,14
0840096Y,23210034308,N,ST,8,8
0840039L,23C10023305,N,ST,15,21
0840039L,23820022706,N,ST,15,18
0840039L,23820023004,N,ST,15,13
0840039L,23820023005,N,ST,15,18
0840039L,23820023104,N,ST,15,18
0840039L,23820023203,N,ST,15,14
0840039L,23820023210,N,ST,15,10
0840039L,23820023304,N,ST,15,16
0840039L,23820023405,N,ST,15,19
0840039L,23820025219,N,ST,10,10
0840039L,23820025220,N,ST,10,11
0840039L,23820025221,N,ST,10,5
0840039L,23820031107,N,ST,12,14
0840039L,23210022715,N,ST,15,35
0840039L,23210023447,N,ST,15,15
0840039L,23210025226,N,AP,999,4
0840039L,23210025226,N,ST,10,28
0840039L,23210031127,N,ST,12,15
0840039L,23210032227,N,ST,15,38
0840039L,23810020006,N,ST,45,43
0840039L,23810020008,N,ST,15,22
0840039L,23810023007,N,ST,45,43
0840039L,23810023409,N,ST,30,36
0840039L,23810025222,N,ST,30,35
0840039L,23810031117,N,ST,12,18
0841022E,23210025225,N,AP,999,13
0841022E,23210025440,N,AP,999,6
0841022E,23210031224,N,AP,999,5
0841022E,23810031213,N,AP,999,0
Total établissements sélectionnés - département VAUCLUSE,,,,78762,11052
0851307J,23811021112,N,ST,32,16
0851307J,23811021211,N,AP,999,9
0850146X,23820025520,N,ST,24,24
0850146X,23820031213,N,ST,32,36
0850146X,23210031224,N,ST,30,38
0850146X,23810020008,N,ST,24,12
0850146X,23810031211,N,ST,32,55
0850142T,23210031224,N,ST,15,5
0850142T,23210034308,N,ST,15,3
0850142T,23810023409,N,ST,15,2
0850142T,23810030003,N,ST,35,4
0850142T,23810031211,N,ST,35,12
0851236G,23210031221,N,AP,999,3
0851236G,23811021112,N,ST,16,3
0851236G,23811021213,N,AP,999,1
0851236G,23810021204,N,AP,999,4
0851236G,23810021204,N,ST,12,4
0850135K,23210031122,N,AP,999,6
0850135K,23210031224,N,ST,15,1
0850135K,23210033205,N,ST,15,7
0850135K,23210034308,N,ST,15,1
0850135K,23810030003,N,ST,24,3
0850135K,23810031211,N,ST,35,9
0850135K,23810033006,N,ST,18,5
0850135K,23810033007,N,ST,45,15
0851309L,23811033003,N,ST,24,16
0850151C,23821022108,N,ST,27,22
0850151C,23821033003,N,ST,32,31
0850151C,23211033003,N,ST,16,17
0850151C,23811022103,N,ST,27,19
0850151C,23811033003,N,ST,32,53
0850068M,23820020102,N,ST,7,0
0850068M,23820025012,N,ST,8,14
0850068M,23820025520,N,ST,15,15
0850068M,23820030004,N,ST,18,14
0850068M,23210022142,N,ST,12,31
0850068M,23210025439,N,ST,15,23
0850068M,23210033002,N,ST,12,7
0850068M,23810020008,N,ST,15,20
0850068M,23810020104,N,ST,15,8
0850068M,23810030003,N,ST,18,14
0851344Z,23210023006,N,AP,999,3
0851344Z,23210023006,N,ST,15,4
0851344Z,23210023447,N,AP,999,3
0851344Z,23210023447,N,ST,8,1
0851344Z,23210024007,N,ST,15,0
0851344Z,23210024008,N,AP,999,0
0851344Z,23210033002,N,AP,999,0
0851344Z,23210033002,N,ST,7,0
0851344Z,23810023404,N,ST,12,5
0851344Z,23810023405,N,AP,999,0
0851344Z,23810023409,N,ST,12,2
0851403N,23210031224,N,AP,999,15
0851403N,23810031213,N,AP,999,16
0851403N,23810031214,N,AP,999,3
0851639V,23811021004,N,AP,999,5
0851639V,23811021405,N,AP,999,1
0850609A,23811021214,N,ST,24,16
0850609A,23811021112,N,ST,64,18
0850144V,25211021402,N,AP,999,0
0850144V,23821021302,N,ST,27,29
0850144V,23821022108,N,ST,27,22
0850144V,23211021130,N,AP,999,20
0850144V,23211021405,N,AP,999,23
0850144V,23811021004,N,AP,999,21
0850144V,23811021404,N,ST,27,22
0850144V,23811021405,N,AP,999,16
0850144V,23811022103,N,ST,27,8
0850028U,23820022106,N,ST,24,24
0850028U,23820024204,N,ST,15,20
0850028U,23820030004,N,ST,35,37
0850028U,23820031213,N,ST,48,61
0850028U,23820033007,N,ST,30,36
0850028U,23820033403,N,ST,24,28
0850028U,23210022142,N,ST,12,13
0850028U,23210022146,N,AP,999,23
0850028U,23210031224,N,ST,15,69
0850028U,23210033002,N,ST,12,24
0850028U,23210033413,N,AP,999,9
0850028U,23810024204,N,ST,15,24
0850028U,23810030003,N,ST,35,29
0850028U,23810031211,N,ST,48,69
0850028U,23810033007,N,ST,30,71
0850028U,23810033404,N,ST,48,57
0850028U,23810034403,N,ST,18,48
0850027T,23820022707,N,ST,12,9
0850027T,23820023004,N,ST,15,17
0850027T,23820023005,N,ST,15,16
0850027T,23820023405,N,ST,12,11
0850027T,23820023407,N,ST,12,9
0850027T,23820025013,N,ST,12,7
0850027T,23820025014,N,ST,12,10
0850027T,23820025220,N,ST,20,19
0850027T,23820025520,N,ST,12,15
0850027T,23820031107,N,ST,48,44
0850027T,23210023122,N,AP,999,11
0850027T,23210023124,N,AP,999,12
0850027T,23210023224,N,ST,15,30
0850027T,23210023327,N,ST,15,29
0850027T,23210023447,N,ST,15,21
0850027T,23210025226,N,AP,999,8
0850027T,23810020008,N,ST,24,26
0850027T,23810020103,N,ST,24,17
0850027T,23810023007,N,ST,30,43
0850027T,23810023409,N,ST,24,25
0850027T,23810025222,N,ST,20,29
0850027T,23810031117,N,ST,48,83
0850130E,23210022141,N,ST,12,8
0850130E,23210022146,N,ST,12,2
0850130E,23210031224,N,ST,15,2
0850130E,23810022107,N,ST,24,5
0850130E,23810024204,N,ST,24,6
0850130E,23810030003,N,ST,24,1
0850130E,23810031211,N,ST,70,13
0850130E,23810033404,N,ST,30,9
0851643Z,23210023006,N,AP,999,2
0851643Z,23210025225,N,ST,10,6
0851643Z,23210025440,N,ST,10,5
0851643Z,23810020008,N,ST,15,3
0851643Z,23810020104,N,ST,15,4
0851643Z,23810023007,N,ST,30,7
0851643Z,23810025222,N,ST,40,14
0851643Z,23810025412,N,ST,10,1
0851643Z,23810025519,N,AP,999,10
0851372E,,O,AP,999,3
0851412Y,23210022715,N,AP,999,2
0851412Y,23210023223,N,AP,999,2
0851412Y,23210023224,N,AP,999,32
0851412Y,23210023324,N,AP,999,22
0851412Y,23210023325,N,AP,999,13
0851412Y,23210023326,N,AP,999,5
0851412Y,23210023327,N,AP,999,30
0851412Y,23210023446,N,AP,999,1
0851412Y,23210023447,N,AP,999,24
0851412Y,23210023449,N,AP,999,4
0851412Y,23210025439,N,AP,999,10
0851412Y,23210025524,N,AP,999,23
0851412Y,23810022707,N,AP,999,3
0851412Y,23810023203,N,AP,999,6
0851412Y,23810023405,N,AP,999,1
0851412Y,23810025520,N,AP,999,2
0851592U,23210025437,N,AP,999,11
0851592U,23810025012,N,AP,999,1
0851592U,23810025014,N,AP,999,1
0851592U,23810025411,N,AP,999,6
0850153E,23210022137,N,AP,999,23
0850153E,23210022141,N,AP,999,27
0850153E,23210022143,N,AP,999,19
0850153E,23210022144,N,AP,999,3
0850153E,23210025221,N,AP,999,6
0850153E,23210025223,N,AP,999,7
0850153E,23210025225,N,AP,999,28
0850153E,23210025227,N,AP,999,14
0850153E,23210025440,N,AP,999,21
0850153E,23210031224,N,AP,999,30
0850153E,23210033615,N,AP,999,11
0850153E,23210033616,N,AP,999,44
0850153E,23810025219,N,AP,999,3
0850153E,23810025221,N,AP,999,0
0850153E,23810025224,N,AP,999,23
0850153E,23810025412,N,AP,999,5
0850153E,23810031213,N,AP,999,7
0851305G,23811033003,N,ST,24,11
0851223T,23811033003,N,ST,40,20
0851400K,23820023303,N,ST,15,9
0851400K,23820025012,N,ST,24,21
0851400K,23820025519,N,ST,36,38
0851400K,23820025520,N,ST,12,15
0851400K,23820030004,N,ST,12,9
0851400K,23820031212,N,ST,18,17
0851400K,23210023447,N,ST,15,14
0851400K,23210025437,N,ST,15,10
0851400K,23810020006,N,ST,15,10
0851400K,23810020008,N,ST,48,46
0851400K,23810020104,N,ST,24,23
0851400K,23810030003,N,ST,12,9
0851400K,23810031211,N,ST,18,31
0851590S,23210031223,N,AP,999,9
0851590S,23210031224,N,AP,999,12
0851590S,23810031213,N,AP,999,12
0851497R,23210021308,N,AP,999,12
0850043K,23820022106,N,ST,12,17
0850043K,23820031212,N,ST,24,35
0850043K,23820031214,N,ST,24,34
0850043K,23820033007,N,ST,30,33
0850043K,23820033403,N,ST,12,12
0850043K,23210022146,N,ST,12,24
0850043K,23210031224,N,ST,15,26
0850043K,23210033413,N,ST,12,11
0850043K,23810031211,N,ST,48,70
0850043K,23810033007,N,ST,30,37
0850043K,23810033404,N,ST,24,20
0850033Z,23820023405,N,ST,15,14
0850033Z,23820025214,N,ST,20,25
0850033Z,23820025223,N,ST,20,17
0850033Z,23820025411,N,ST,15,21
0850033Z,23210025224,N,ST,10,23
0850033Z,23810020103,N,ST,15,14
0850033Z,23810023409,N,ST,15,14
0850033Z,23810025222,N,ST,20,41
0850033Z,23810025223,N,ST,20,15
0850133H,23210033002,N,ST,12,0
0850133H,23810020008,N,ST,45,11
0850133H,23810030003,N,ST,18,4
0850133H,23810033006,N,ST,18,7
0850133H,23810033007,N,ST,45,12
0851556E,23811022103,N,ST,24,8
0851556E,23811022108,N,AP,999,2
0851725N,23810031213,N,AP,999,2
0851286L,23211021130,N,AP,999,11
0851286L,23211021130,N,ST,24,6
0851286L,23811033003,N,ST,24,15
0850016F,23820031213,N,ST,24,30
0850016F,23820033006,N,ST,18,19
0850016F,23210031224,N,ST,15,25
0850016F,23810031211,N,ST,24,39
0850016F,23810033006,N,ST,18,36
0850077X,23210032227,N,ST,15,8
0850077X,23810032303,N,ST,15,5
0851232C,23211021130,N,AP,999,0
0851232C,23211021130,N,ST,16,1
0851232C,23211021405,N,AP,999,14
0851232C,23211021405,N,ST,24,6
0851232C,23811021404,N,ST,24,10
0851232C,23811021405,N,AP,999,16
0850136L,23210022142,N,ST,7,2
0850136L,23210031122,N,ST,15,5
0850136L,23210033002,N,ST,8,1
0850136L,23810030003,N,ST,42,7
0851227X,23210025225,N,AP,999,13
0851227X,23811021001,N,AP,999,3
0851227X,23811021112,N,ST,24,6
0851227X,23810025219,N,AP,999,4
0851227X,23810025220,N,AP,999,1
0851227X,23810025221,N,AP,999,1
0851227X,23810025224,N,AP,999,12
0851227X,23810025225,N,AP,999,1
0850079Z,23210024323,N,AP,999,0
0850079Z,23810024304,N,ST,15,1
0851287M,23811021004,N,AP,999,5
0851287M,23811021112,N,ST,30,14
0851253A,23811021214,N,ST,24,13
0851253A,23811021203,N,AP,999,1
0851253A,23811021214,N,AP,999,3
0851253A,23811033003,N,AP,999,2
0851253A,23811033003,N,ST,24,5
0850152D,23821021004,N,ST,32,25
0850152D,23821021114,N,ST,16,17
0850152D,23821021405,N,ST,16,14
0850152D,23210031223,N,ST,27,27
0850152D,23211021130,N,ST,18,7
0850152D,23211021237,N,ST,19,15
0850152D,23811021112,N,ST,18,6
0850152D,23811021112,N,ST,34,33
0850152D,23811021404,N,ST,18,21
0851235F,23211033003,N,ST,24,10
0851235F,23811033003,N,ST,24,8
0851696G,23820022707,N,ST,15,8
0851696G,23820033604,N,ST,16,15
0851696G,23820033606,N,ST,14,21
0851696G,23210025524,N,ST,15,8
0851696G,23810020008,N,ST,15,10
0851696G,23810033605,N,ST,30,71
0851222S,23210022510,N,AP,999,2
0851222S,23210023006,N,AP,999,11
0851222S,23210023224,N,AP,999,12
0851222S,23210023327,N,AP,999,12
0851222S,23210025524,N,AP,999,5
0851222S,23810023004,N,AP,999,0
0851222S,23810023203,N,AP,999,7
0851238J,23211033003,N,ST,24,14
0851238J,23811033003,N,ST,24,14
0851504Y,23210033616,N,ST,15,6
0851504Y,23810020008,N,ST,45,8
0851504Y,23810020103,N,ST,15,1
0851504Y,23810033605,N,ST,45,11
0851504Y,23810034403,N,ST,18,27
0851306H,23211021130,N,ST,16,13
0851306H,23211033003,N,ST,16,5
0851231B,23211033003,N,ST,24,5
0851436Z,23210022137,N,AP,999,37
0851436Z,23210022141,N,AP,999,34
0851436Z,23210022146,N,AP,999,24
0851436Z,23210033413,N,AP,999,15
0851436Z,23810022106,N,AP,999,7
0851436Z,23810033403,N,AP,999,6
0851589R,23210023447,N,AP,999,13
0851233D,23811021004,N,AP,999,11
0851233D,23811021112,N,ST,60,25
0851233D,23811021203,N,AP,999,4
0851233D,23811021407,N,AP,999,0
0851233D,23811022103,N,ST,32,5
0851308K,23811033003,N,AP,999,2
0851308K,23811033003,N,ST,18,8
Total établissements sélectionnés - département VENDEE,,,,115620,8231
0860006P,23820025006,N,ST,15,10
0860006P,23820025518,N,ST,15,11
0860006P,23820025519,N,ST,24,25
0860006P,23820030004,N,ST,18,19
0860006P,23820032207,N,ST,12,13
0860006P,23820032208,N,ST,12,7
0860006P,23820032303,N,ST,12,15
0860006P,23210033002,N,ST,12,21
0860006P,23810020008,N,ST,24,34
0860006P,23810020103,N,ST,15,15
0860006P,23810025518,N,ST,15,12
0860006P,23810030003,N,ST,18,35
0860006P,23810032210,N,ST,24,10
0860006P,23810032303,N,ST,12,27
0861113T,23820025012,N,ST,15,13
0861113T,23820025520,N,ST,24,10
0861113T,23820031214,N,ST,15,12
0861113T,23210020101,N,ST,12,9
0861113T,23810020008,N,ST,24,16
0861113T,23810020104,N,ST,15,7
0861113T,23810031211,N,ST,15,30
0860752A,23820031213,N,ST,15,22
0860752A,23820031214,N,ST,15,18
0860752A,23820033101,N,ST,12,10
0860752A,23210031224,N,ST,12,5
0860752A,23810031211,N,ST,30,28
0860752A,23810033101,N,ST,12,11
0861128J,23821021211,N,ST,45,4
0861128J,23211021237,N,AP,999,4
0861128J,23211021237,N,ST,50,35
0861128J,23811021211,N,ST,50,29
0861128J,23811021211,N,AP,999,9
0861145C,23821021004,N,ST,18,0
0861145C,23211021130,N,AP,999,2
0861145C,23211021130,N,ST,18,7
0861145C,23211033003,N,AP,999,2
0861145C,23211033003,N,ST,18,14
0861145C,23811021004,N,AP,999,6
0861145C,23811021004,N,ST,18,5
0860010U,23820022106,N,ST,12,9
0860010U,23820033007,N,ST,24,15
0860010U,23820033403,N,ST,12,9
0860010U,23210022146,N,AP,999,5
0860010U,23210022146,N,ST,12,19
0860010U,23210033205,N,ST,15,35
0860010U,23210033413,N,AP,999,3
0860010U,23210033413,N,ST,12,12
0860010U,23810033007,N,ST,15,8
0860010U,23810033404,N,ST,24,20
0861131M,23821022108,N,ST,20,0
0861131M,23821033003,N,ST,15,1
0861131M,23210033205,N,AP,999,8
0861131M,23811022108,N,AP,999,2
0861131M,23811022108,N,ST,25,3
0861131M,23811033003,N,AP,999,4
0861131M,23811033003,N,ST,25,8
0861127H,23821033003,N,ST,30,3
0861127H,23811033003,N,AP,999,3
0861127H,23811033003,N,ST,28,11
0861398C,23210033615,N,AP,999,6
0861398C,23210033616,N,AP,999,5
0861398C,23810033606,N,AP,999,6
0861223M,41411041001,N,ST,0,0
0861122C,23821022108,N,ST,10,0
0861122C,23821033003,N,ST,10,0
0861122C,23211033003,N,ST,25,11
0861122C,23811022108,N,ST,15,3
0861122C,23811033003,N,ST,33,9
0860022G,23820022105,N,ST,24,22
0860022G,23820022106,N,ST,12,9
0860022G,23820023405,N,ST,15,11
0860022G,23820033007,N,ST,18,20
0860022G,23820033403,N,ST,12,10
0860022G,23210022137,N,AP,999,4
0860022G,23210022137,N,ST,12,21
0860022G,23210022140,N,AP,999,1
0860022G,23210022140,N,ST,12,2
0860022G,23210022141,N,AP,999,1
0860022G,23210022141,N,ST,12,28
0860022G,23210033002,N,ST,15,6
0860022G,23810022107,N,ST,24,35
0860022G,23810023409,N,ST,15,13
0860022G,23810033007,N,ST,18,24
0860022G,23810033404,N,ST,12,10
0860793V,23210023006,N,ST,16,22
0860793V,23210033002,N,ST,16,13
0860793V,23210034308,N,ST,8,7
0861312J,23211021130,N,AP,999,15
0860820Z,23821021004,N,ST,16,3
0860820Z,23821021211,N,ST,27,5
0860820Z,23821021214,N,ST,16,6
0860820Z,23821021302,N,ST,27,1
0860820Z,23811021004,N,ST,27,40
0860820Z,23811021214,N,ST,27,57
0860820Z,23811021211,N,ST,27,39
0860820Z,23811021302,N,ST,27,28
0860029P,23820025012,N,ST,15,16
0860029P,23820025520,N,ST,15,13
0860029P,23820031213,N,ST,18,14
0860029P,23820033007,N,ST,15,18
0860029P,23210025524,N,ST,15,13
0860029P,23210031224,N,ST,15,10
0860029P,23810020008,N,ST,15,14
0860029P,23810020104,N,ST,15,2
0860029P,23810031211,N,ST,18,27
0860029P,23810033007,N,ST,15,12
0861445D,23210033615,N,AP,999,3
0860800C,23821022105,N,ST,27,2
0860800C,23821033003,N,ST,32,7
0860800C,23811033003,N,ST,32,45
0860039A,23820024204,N,ST,24,19
0860039A,23820030004,N,ST,18,21
0860039A,23820031212,N,ST,12,15
0860039A,23820031213,N,ST,15,26
0860039A,23820031214,N,ST,15,25
0860039A,23820033006,N,ST,12,24
0860039A,23820033007,N,ST,24,32
0860039A,23820034403,N,ST,24,31
0860039A,23210022142,N,ST,12,25
0860039A,23210031224,N,ST,12,41
0860039A,23810024204,N,ST,24,25
0860039A,23810030003,N,ST,18,20
0860039A,23810031211,N,ST,42,94
0860039A,23810033006,N,ST,12,53
0860039A,23810033007,N,ST,24,34
0860039A,23810034403,N,ST,24,52
0860823C,23820025012,N,ST,15,12
0860823C,23820025014,N,ST,15,7
0860823C,23820025214,N,ST,20,25
0860823C,23820025216,N,ST,10,12
0860823C,23820025411,N,ST,30,20
0860823C,23210025225,N,ST,10,37
0860823C,23210025437,N,ST,12,12
0860823C,23810020103,N,ST,45,23
0860823C,23810020104,N,ST,15,7
0860823C,23810025222,N,ST,30,59
0861408N,23820022106,N,ST,24,29
0861408N,23820033403,N,ST,24,19
0861408N,23810033404,N,ST,48,94
0860037Y,23820022707,N,ST,15,13
0860037Y,23820023004,N,ST,15,10
0860037Y,23820023005,N,ST,15,16
0860037Y,23820023203,N,ST,12,9
0860037Y,23820023303,N,ST,15,5
0860037Y,23820023304,N,ST,15,16
0860037Y,23820023405,N,ST,24,20
0860037Y,23820025519,N,ST,24,25
0860037Y,23820025520,N,ST,24,20
0860037Y,23210023327,N,ST,12,25
0860037Y,23210023445,N,ST,12,16
0860037Y,23810020006,N,ST,42,38
0860037Y,23810020008,N,ST,63,72
0860037Y,23810023007,N,ST,30,31
0860037Y,23810023409,N,ST,24,15
0860789R,23820020102,N,ST,10,4
0860789R,23820025012,N,ST,10,7
0860789R,23820025214,N,ST,20,17
0860789R,23820025215,N,ST,20,20
0860789R,23820031106,N,ST,10,12
0860789R,23820031107,N,ST,35,21
0860789R,23820031114,N,ST,18,5
0860789R,23210031122,N,ST,15,6
0860789R,23210031127,N,ST,24,10
0860789R,23810020104,N,ST,20,6
0860789R,23810025222,N,ST,50,22
0860789R,23810025412,N,ST,0,0
0860789R,23810030003,N,ST,28,11
0860789R,23810031117,N,ST,35,35
0860774Z,23820022004,N,ST,18,9
0860774Z,23820030004,N,ST,18,19
0860774Z,23820031213,N,ST,30,39
0860774Z,23820031214,N,ST,30,36
0860774Z,23820033006,N,ST,18,25
0860774Z,23820033007,N,ST,45,46
0860774Z,23820033606,N,ST,18,20
0860774Z,23210031224,N,ST,24,22
0860774Z,23810020104,N,ST,18,9
0860774Z,23810030003,N,ST,18,13
0860774Z,23810031211,N,ST,60,64
0860774Z,23810033006,N,ST,18,27
0860774Z,23810033007,N,ST,45,51
0860774Z,23810033605,N,ST,18,25
0861231W,23210031126,N,AP,999,7
0861231W,23810025225,N,AP,999,2
0861253V,23810025012,N,AP,999,3
0861253V,23810025520,N,AP,999,1
0860995P,23210022146,N,AP,999,18
0860995P,23210031224,N,AP,999,34
0860995P,23210033413,N,AP,999,12
0860995P,23810022106,N,AP,999,6
0860995P,23810033403,N,AP,999,3
0861360L,23810025220,N,AP,999,4
0861360L,23810025225,N,AP,999,5
0860054S,23210022427,O,ST,0,7
0860054S,23210022427,O,ST,0,8
0860054S,23210022427,O,ST,0,1
0860054S,23210022427,O,ST,0,337
0860054S,23210022427,O,ST,0,10
0860054S,23210022427,O,ST,0,4
0860054S,23210022427,O,ST,0,6
0860054S,23210022427,O,ST,0,1
0860054S,23210022427,O,ST,0,7
0860054S,23210022427,O,ST,0,12
0860054S,23210022427,O,ST,0,4
0860054S,23210022427,O,ST,0,15
0860054S,23210022427,O,ST,0,4
0860054S,23210022427,O,ST,0,34
0860054S,23210022427,O,ST,0,345
0860054S,23210022427,O,ST,0,131
0860054S,23210022427,O,ST,0,1
0860054S,23210022427,O,ST,0,1
0860054S,23210022427,O,ST,0,84
0860054S,23210022427,O,ST,0,5
0860054S,23210022427,O,ST,0,13
0860054S,23210022427,O,ST,0,19
0860054S,23210022427,O,ST,0,0
0860054S,23210022427,O,ST,0,7
0860054S,23210022427,O,ST,0,1
0860054S,23210022427,O,ST,0,5
0860054S,23210022427,O,ST,0,2
0860054S,23210022427,O,ST,0,0
0860054S,23210022427,O,ST,0,1
0860054S,23210022427,O,ST,0,1
0860054S,23210022427,O,ST,0,5
0861318R,23210023224,N,AP,999,9
0860718N,23821021004,N,ST,27,2
0860718N,23811021004,N,ST,32,28
0860718N,23810020006,N,ST,15,10
0861219H,23210023123,N,AP,999,20
0861219H,23811021004,N,AP,999,5
0860845B,23210022715,N,AP,999,7
0860845B,23210023223,N,AP,999,17
0860845B,23210023224,N,AP,999,32
0860845B,23210023324,N,AP,999,3
0860845B,23210023325,N,AP,999,8
0860845B,23210023326,N,AP,999,6
0860845B,23210023327,N,AP,999,22
0860845B,23210023446,N,AP,999,6
0860845B,23210023447,N,AP,999,9
0860845B,23210023449,N,AP,999,4
0860841X,23210022137,N,AP,999,11
0860841X,23210022141,N,AP,999,46
0860841X,23210022142,N,AP,999,4
0860841X,23210022143,N,AP,999,8
0860841X,23210022144,N,AP,999,1
0860841X,23210025221,N,AP,999,4
0860841X,23210025223,N,AP,999,4
0860841X,23210025225,N,AP,999,44
0860841X,23210025226,N,AP,999,2
0860841X,23210025227,N,AP,999,6
0860841X,23210025440,N,AP,999,14
0860841X,23210025441,N,AP,999,1
0860841X,23210025524,N,AP,999,12
0860841X,23210031223,N,AP,999,2
0860841X,23210033615,N,AP,999,9
0860841X,23210033616,N,AP,999,40
0860841X,23810025221,N,AP,999,0
0860841X,23810025224,N,AP,999,3
0860841X,23810025226,N,AP,999,0
0860841X,23810025520,N,AP,999,0
0861468D,23210031126,N,AP,999,1
0861463Y,23211021405,N,AP,999,23
0861463Y,23811021405,N,AP,999,14
0860818X,23821021004,N,ST,10,0
0860818X,23821021114,N,ST,17,0
0860818X,23821021405,N,ST,27,4
0860818X,23211033003,N,ST,27,21
0860818X,23811021004,N,ST,11,7
0860818X,23811021114,N,ST,8,5
0860818X,23811021405,N,ST,27,19
0860000H,23210022427,O,ST,0,0
0860000H,23210022427,O,ST,0,0
0860000H,23210022427,O,ST,0,0
0860000H,23210022427,O,ST,0,122
0860000H,23210022427,O,ST,0,243
0860000H,23210022427,O,ST,0,14
0860000H,23210022427,O,ST,0,373
0860000H,23210022427,O,ST,0,43
0860000H,23210022427,O,ST,0,199
Total établissements sélectionnés - département VIENNE,,,,76660,12225
0881269B,23210022715,N,AP,999,8
0881269B,23210023122,N,AP,999,4
0881269B,23210023124,N,AP,999,7
0881269B,23210023223,N,AP,999,5
0881269B,23210023224,N,AP,999,10
0881269B,23210023225,N,AP,999,1
0881269B,23210023324,N,AP,999,4
0881269B,23210023325,N,AP,999,6
0881269B,23210023326,N,AP,999,9
0881269B,23210023446,N,AP,999,11
0881269B,23210023447,N,AP,999,8
0881269B,23210023449,N,AP,999,2
0881269B,23210025439,N,AP,999,9
0881269B,23210025524,N,AP,999,7
0880133S,23210034405,O,ST,50,27
0880133S,23810034403,O,ST,15,23
0881547D,23211021130,N,AP,999,4
0881547D,23211021130,N,ST,24,6
0881547D,23211033003,N,ST,24,5
0881547D,23211033003,N,ST,24,3
0881547D,23811021004,N,AP,999,7
0881547D,23811021112,N,ST,24,8
0880013L,23820022106,N,ST,10,13
0880013L,23820033403,N,ST,10,10
0880013L,23820033604,N,ST,10,24
0880013L,23820033606,N,ST,30,36
0880013L,23210022142,N,AP,999,2
0880013L,23210022142,N,ST,12,19
0880013L,23210033616,N,ST,15,33
0880013L,23810033404,N,ST,36,26
0880013L,23810033605,N,ST,45,68
0881119N,23210023327,N,ST,15,18
0881119N,23210023447,N,ST,8,13
0881119N,23210034308,N,AP,999,0
0881119N,23210034308,N,ST,8,11
0880101G,23210022146,N,AP,999,2
0880101G,23210033413,N,AP,999,1
0880023X,23820030004,N,ST,24,21
0880023X,23820031106,N,ST,30,30
0880023X,23820031212,N,ST,18,5
0880023X,23820031213,N,ST,30,51
0880023X,23820031214,N,ST,24,34
0880023X,23210031122,N,AP,999,1
0880023X,23210031122,N,ST,24,16
0880023X,23210031224,N,AP,999,6
0880023X,23210031224,N,ST,30,34
0880023X,23810030003,N,ST,60,38
0880023X,23810031211,N,ST,72,72
0880021V,23820020102,N,ST,10,10
0880021V,23820025012,N,ST,13,12
0880021V,23820025520,N,ST,45,46
0880021V,23810020008,N,ST,45,41
0880021V,23810020104,N,ST,24,20
0881530K,23210022146,O,ST,17,9
0881530K,23210033413,O,ST,10,2
0881530K,23810030003,O,ST,29,9
0881530K,23810033404,O,ST,22,7
0881104X,23210022137,N,AP,999,19
0881104X,23210022141,N,AP,999,14
0881104X,23210022143,N,AP,999,7
0881104X,23210022144,N,AP,999,0
0881104X,23210025225,N,AP,999,29
0881104X,23210025440,N,AP,999,5
0881104X,23210031224,N,AP,999,17
0881104X,23210033615,N,AP,999,11
0881104X,23210033616,N,AP,999,19
0881104X,23810025224,N,AP,999,10
0881104X,23810025412,N,AP,999,2
0880031F,23820025214,N,ST,20,20
0880031F,23820025215,N,ST,10,10
0880031F,23820025412,N,ST,12,10
0880031F,23820031107,N,ST,48,52
0880031F,23210031124,N,ST,6,1
0880031F,23210031126,N,ST,12,11
0880031F,23210031127,N,ST,12,4
0880031F,23810025222,N,ST,36,49
0880031F,23810025412,N,ST,12,13
0880031F,23810031117,N,ST,48,37
0881664F,23820022105,N,ST,43,43
0881664F,23820022106,N,ST,20,23
0881664F,23820033403,N,ST,20,21
0881664F,23210022137,N,AP,999,1
0881664F,23210022141,N,AP,999,8
0881664F,23210022146,N,AP,999,14
0881664F,23210033413,N,AP,999,5
0881664F,23810022107,N,ST,48,48
0881664F,23810033404,N,ST,48,46
0881711G,23811021112,N,ST,24,5
0881711G,23811022103,N,ST,24,0
0881592C,23811033001,N,ST,24,20
0881690J,23210033205,N,AP,999,3
0881690J,23211021237,N,ST,16,5
0881690J,23211021237,N,ST,16,1
0881690J,23211033003,N,ST,24,11
0881690J,23211033003,N,ST,24,3
0881690J,23811033001,N,ST,24,6
0880001Y,23820025216,N,ST,30,24
0880001Y,23820025219,N,ST,10,9
0880001Y,23820025221,N,ST,5,7
0880001Y,23210025223,N,ST,10,12
0880001Y,23810022706,N,AP,999,2
0880001Y,23810022707,N,AP,999,6
0880001Y,23810025222,N,ST,45,30
0880001Y,23810025517,N,AP,999,2
0881760K,23210023445,N,AP,999,1
0881760K,23210023447,N,AP,999,3
0881760K,23210024238,N,AP,999,0
0881760K,23210024239,N,AP,999,0
0881070K,23821021001,N,ST,19,18
0881070K,23821021004,N,ST,32,39
0881070K,23821021303,N,ST,32,32
0881070K,23811021112,N,ST,19,28
0881070K,23811021112,N,ST,27,59
0881070K,23811021404,N,ST,32,33
0881579N,23211021130,N,AP,999,9
0881579N,23211021314,N,AP,999,15
0880040R,23820024202,N,ST,8,5
0880040R,23820025012,N,ST,14,15
0880040R,23210023445,N,ST,15,22
0880040R,23810020104,N,ST,12,4
0880040R,23810024202,N,ST,8,9
0881651S,23810033007,O,ST,15,12
0881450Y,23211033003,N,AP,999,2
0881450Y,23211033003,N,ST,24,3
0881450Y,23211033003,N,ST,24,1
0881450Y,23811033001,N,ST,24,2
0881450Y,23811033003,N,AP,999,1
0881449X,23211021130,N,ST,24,2
0881449X,23211021130,N,AP,999,3
0881449X,23211021130,N,ST,24,7
0881449X,23211021237,N,AP,999,3
0881449X,23811021112,N,ST,24,21
0881449X,23811021211,N,AP,999,11
0881370L,23820023303,N,ST,6,5
0881370L,23820023304,N,ST,15,12
0881370L,23820031106,N,ST,5,9
0881370L,23820031213,N,ST,15,24
0881370L,23210023224,N,AP,999,0
0881370L,23210023224,N,ST,9,8
0881370L,23210023327,N,AP,999,0
0881370L,23210023327,N,ST,9,17
0881370L,23210031122,N,AP,999,0
0881370L,23210031122,N,ST,9,14
0881370L,23210031224,N,AP,999,0
0881370L,23210031224,N,ST,15,16
0881370L,23810020006,N,ST,30,15
0881370L,23810030003,N,ST,6,3
0881370L,23810031211,N,ST,18,11
0881140L,23820023208,N,ST,6,7
0881140L,23820031213,N,ST,30,29
0881140L,23210022142,N,ST,24,21
0881140L,23210022146,N,AP,999,2
0881140L,23210022146,N,ST,12,11
0881140L,23210023220,N,AP,999,1
0881140L,23210023221,N,AP,999,3
0881140L,23210033413,N,ST,12,7
0881140L,23810023208,N,ST,15,12
0881140L,23810031211,N,ST,30,38
0880153N,23820023404,N,ST,10,8
0880153N,23820023405,N,ST,10,6
0880153N,23820023406,N,ST,4,4
0880153N,23820023407,N,ST,4,5
0880153N,23810023404,N,AP,999,0
0880153N,23810023405,N,AP,999,0
0880153N,23810023406,N,AP,999,1
0880153N,23810023407,N,AP,999,1
0880153N,23810023409,N,ST,36,32
0881498A,23210031122,O,ST,16,6
0881498A,23810031211,O,ST,29,26
0881498A,23810033007,O,ST,30,23
0881452A,23821021114,N,ST,24,9
0881452A,23821021203,N,ST,24,9
0881452A,23821021302,N,ST,24,6
0881452A,23821021405,N,ST,24,21
0881452A,23211021130,N,ST,8,0
0881452A,23211021130,N,ST,16,5
0881452A,23211021405,N,ST,16,16
0881452A,23211021405,N,ST,8,7
0881452A,23811021404,N,ST,24,12
0881452A,23811021404,N,ST,24,20
0881452A,23811021112,N,ST,24,7
0881452A,23811022103,N,ST,24,12
0881623L,23210031223,N,ST,7,10
0881623L,23210031223,N,ST,2,2
0881709E,23210031223,N,AP,999,3
0881709E,23211021130,N,AP,999,2
0881709E,23211021405,N,AP,999,17
0881709E,23811021405,N,AP,999,19
0880057J,23820030004,N,ST,15,16
0880057J,23820031213,N,ST,15,24
0880057J,23820031214,N,ST,15,22
0880057J,23820033007,N,ST,39,47
0880057J,23210033002,N,ST,3,2
0880057J,23210033002,N,ST,12,7
0880057J,23810030003,N,ST,24,19
0880057J,23810031211,N,ST,36,49
0880057J,23810033007,N,ST,45,48
0880152M,23820025012,N,ST,15,18
0880152M,23820025014,N,ST,15,13
0880152M,23820025411,N,ST,14,13
0880152M,23820025519,N,ST,15,26
0880152M,23820025520,N,ST,23,17
0880152M,23210025439,N,AP,999,2
0880152M,23210025439,N,ST,10,11
0880152M,23810020008,N,ST,39,54
0880152M,23810020103,N,ST,30,29
0880152M,23810020104,N,ST,15,10
0880120C,23810032210,O,ST,18,5
0880120C,23810032304,O,ST,18,8
0881672P,23210031224,N,AP,999,5
0881672P,23810031213,N,AP,999,2
0881766S,23810025012,N,AP,999,0
0881766S,23810025013,N,AP,999,1
0881766S,23810025014,N,AP,999,0
0881593D,23210022146,N,AP,999,4
0881593D,23210033413,N,AP,999,4
0881593D,23211033003,N,ST,24,4
0881593D,23211033003,N,ST,24,1
0880064S,23820024204,N,ST,20,28
0880064S,23820033006,N,ST,17,22
0880064S,23820033007,N,ST,55,63
0880064S,23210024240,N,AP,999,2
0880064S,23210033205,N,AP,999,5
0880064S,23810024204,N,ST,15,32
0880064S,23810033006,N,ST,18,41
0880064S,23810033007,N,ST,60,47
0881721T,23210025437,N,AP,999,1
0881721T,23210025438,N,AP,999,4
0881721T,23810025012,N,AP,999,1
0881721T,23810025411,N,AP,999,10
0881721T,23810025520,N,AP,999,3
0889998P,,O,ST,999,105
Total établissements sélectionnés - département VOSGES,,,,89077,5983
0890965R,23210022715,N,AP,999,3
0890965R,23210023223,N,AP,999,9
0890965R,23210023224,N,AP,999,18
0890965R,23210023324,N,AP,999,6
0890965R,23210023325,N,AP,999,2
0890965R,23210023326,N,AP,999,9
0890965R,23210023327,N,AP,999,5
0890965R,23210023447,N,AP,999,6
0890965R,23210023449,N,AP,999,4
0890965R,23210025524,N,AP,999,10
0891251B,23210023223,N,AP,999,9
0891251B,23210023224,N,AP,999,12
0899999K,,O,ST,0,19
0899999K,,O,AP,0,21
0899999K,,O,ST,0,10
0890005X,23820022707,N,ST,12,16
0890005X,23820023004,N,ST,12,1
0890005X,23820023005,N,ST,12,19
0890005X,23820023405,N,ST,12,11
0890005X,23820025012,N,ST,12,12
0890005X,23820025014,N,ST,12,12
0890005X,23820025520,N,ST,24,22
0890005X,23820030004,N,ST,24,23
0890005X,23820031213,N,ST,24,34
0890005X,23820031214,N,ST,24,28
0890005X,23210023324,N,AP,999,0
0890005X,23210023324,N,ST,13,7
0890005X,23210023327,N,AP,999,1
0890005X,23210023327,N,ST,12,16
0890005X,23210025439,N,AP,999,2
0890005X,23210025439,N,ST,12,10
0890005X,23210025524,N,AP,999,0
0890005X,23210025524,N,ST,13,7
0890005X,23810020008,N,ST,38,34
0890005X,23810020103,N,ST,13,3
0890005X,23810020104,N,ST,13,7
0890005X,23810023007,N,ST,25,13
0890005X,23810023409,N,ST,14,14
0890005X,23810030003,N,ST,26,18
0890005X,23810031211,N,ST,52,73
0890819G,23820022106,N,ST,24,29
0890819G,23820033006,N,ST,24,35
0890819G,23820033007,N,ST,24,32
0890819G,23820033403,N,ST,24,17
0890819G,23210022142,N,ST,12,15
0890819G,23210022146,N,ST,12,27
0890819G,23210033205,N,ST,24,54
0890819G,23210033413,N,ST,12,10
0890819G,23810033006,N,ST,24,36
0890819G,23810033007,N,ST,24,45
0890819G,23810033404,N,ST,48,69
0890070T,23210034405,N,ST,26,18
0890070T,23810034403,N,ST,22,28
0890858Z,23210033616,N,AP,999,15
0890858Z,23810033604,N,AP,999,0
0891185E,23210025437,N,AP,999,4
0891185E,23810025012,N,AP,999,4
0891185E,23810025014,N,AP,999,1
0891185E,23810025411,N,AP,999,3
0890992V,23210022137,N,AP,999,23
0890992V,23210022141,N,AP,999,37
0890992V,23210022143,N,AP,999,8
0890992V,23210022144,N,AP,999,0
0890992V,23210022146,N,AP,999,10
0890992V,23210025221,N,AP,999,5
0890992V,23210025223,N,AP,999,4
0890992V,23210025225,N,AP,999,33
0890992V,23210025226,N,AP,999,9
0890992V,23210025440,N,AP,999,14
0890992V,23210031224,N,AP,999,37
0890992V,23210033413,N,AP,999,19
0890992V,23210033615,N,AP,999,19
0890992V,23210033616,N,AP,999,17
0890008A,23820025012,N,ST,12,12
0890008A,23820031212,N,ST,2,1
0890008A,23820031213,N,ST,22,23
0890008A,23810020104,N,ST,12,6
0890008A,23810031211,N,ST,24,15
0890064L,23810031211,N,ST,23,6
0890849P,23211033003,N,ST,32,24
0890849P,23811033001,N,ST,35,22
0890849P,23811022103,N,ST,22,2
0891041Y,23211021405,N,AP,999,5
0891041Y,23811021114,N,AP,999,4
0891041Y,23811021405,N,AP,999,7
0891041Y,23811021112,N,ST,10,0
0891041Y,23811021404,N,ST,25,1
0891016W,23210023224,N,AP,999,2
0891016W,23210023224,N,ST,8,13
0891016W,23210033002,N,AP,999,0
0891016W,23210033002,N,ST,8,7
0891016W,23211021130,N,ST,8,8
0891016W,23211021405,N,ST,8,16
0891319A,23210033615,N,AP,999,7
0891319A,23210033616,N,AP,999,3
0891199V,23820025214,N,ST,30,34
0891199V,23820025412,N,ST,10,12
0891199V,23820030004,N,ST,24,17
0891199V,23820031106,N,ST,18,16
0891199V,23820031212,N,ST,18,18
0891199V,23820031213,N,ST,30,46
0891199V,23210025225,N,ST,11,31
0891199V,23210025440,N,ST,11,8
0891199V,23210031224,N,ST,15,23
0891199V,23810025222,N,ST,30,44
0891199V,23810025412,N,ST,13,8
0891199V,23810030003,N,ST,45,27
0891199V,23810031211,N,ST,48,56
0891223W,23810020008,N,ST,24,26
0891001E,23211033003,N,ST,50,24
0891001E,23811033001,N,ST,40,26
0891001E,23811022103,N,ST,16,8
0890053Z,23820022503,N,ST,12,11
0890053Z,23820025012,N,ST,12,13
0890053Z,23820025013,N,ST,12,13
0890053Z,23820025411,N,ST,15,17
0890053Z,23820025519,N,ST,15,23
0890053Z,23820025520,N,ST,15,14
0890053Z,23820030004,N,ST,15,29
0890053Z,23820031114,N,ST,15,10
0890053Z,23820031213,N,ST,30,37
0890053Z,23820033007,N,ST,18,23
0890053Z,23820034403,N,ST,18,25
0890053Z,23210031224,N,ST,16,26
0890053Z,23810020008,N,ST,30,72
0890053Z,23810020103,N,ST,27,26
0890053Z,23810020104,N,ST,13,17
0890053Z,23810022503,N,ST,13,8
0890053Z,23810030003,N,ST,30,35
0890053Z,23810031211,N,ST,30,59
0890053Z,23810033007,N,ST,19,55
0890053Z,23810034403,N,ST,18,45
0890067P,23210022142,N,ST,12,8
0890067P,23210022146,N,ST,12,8
0890067P,23210033413,N,ST,12,3
0890032B,23820033007,N,ST,24,27
0890032B,23810033007,N,ST,25,19
0891015V,23211033003,N,AP,999,0
0891015V,23211033003,N,ST,20,2
0891015V,23811033001,N,ST,20,5
0891015V,23811033003,N,AP,999,4
0890045R,23210023122,N,AP,999,12
0890045R,23811021112,N,ST,35,31
0890045R,23811021404,N,ST,22,14
0891132X,23211021130,N,AP,999,10
0891132X,23211021237,N,AP,999,7
0891132X,23211021405,N,AP,999,12
0891132X,23811021211,N,AP,999,3
0891132X,23811021405,N,AP,999,6
0891277E,23210022142,N,AP,999,4
0891277E,23211021130,N,AP,999,0
0891277E,23211021130,N,ST,15,2
0891277E,23811021004,N,AP,999,4
0891277E,23811021112,N,ST,20,6
Total établissements sélectionnés - département YONNE,,,,59222,5534
0781950W,23820033007,N,ST,2,25
0781950W,23810033007,N,ST,60,77
0783447Y,23820020009,N,ST,0,0
0783447Y,23820025014,N,ST,12,11
0783447Y,23820025214,N,ST,10,35
0783447Y,23820025223,N,ST,2,0
0783447Y,23820025520,N,ST,36,30
0783447Y,23820030004,N,ST,28,31
0783447Y,23820031114,N,ST,28,23
0783447Y,23820031212,N,ST,28,15
0783447Y,23210025225,N,ST,10,31
0783447Y,23210025524,N,ST,12,18
0783447Y,23810020008,N,ST,36,35
0783447Y,23810020009,N,ST,24,12
0783447Y,23810020103,N,ST,12,11
0783447Y,23810025222,N,ST,20,34
0783447Y,23810025223,N,ST,20,13
0783447Y,23810030003,N,ST,56,29
0783447Y,23810031211,N,ST,28,33
0781578S,23820022105,N,ST,36,29
0781578S,23820022106,N,ST,48,64
0781578S,23820033403,N,ST,48,24
0781578S,23J00022110,N,ST,0,0
0781578S,23210022146,N,ST,24,45
0781578S,23210033413,N,ST,12,21
0781578S,23810022105,N,AP,999,12
0781578S,23810022107,N,ST,24,29
0781578S,23810033404,N,ST,72,122
0783706E,23810025226,N,AP,999,3
0782093B,23210022137,N,AP,999,5
0782093B,23210022141,N,AP,999,6
0782093B,23210022142,N,AP,999,0
0782093B,23210022146,N,AP,999,9
0782093B,23210031224,N,AP,999,2
0782093B,23210033205,N,AP,999,3
0782093B,23210033413,N,AP,999,2
0782093B,23810022105,N,AP,999,4
0782093B,23810022106,N,AP,999,10
0782093B,23810031212,N,AP,999,0
0782093B,23810031213,N,AP,999,9
0782093B,23810031214,N,AP,999,3
0782093B,23810033007,N,AP,999,1
0782093B,23810033403,N,AP,999,5
0783703B,23210025225,N,AP,999,27
0783703B,23810025224,N,AP,999,24
0781023N,23811021404,N,ST,0,0
0783214V,23820025006,N,ST,0,0
0783214V,23820025214,N,ST,40,70
0783214V,23820025216,N,ST,30,6
0783214V,23820025412,N,ST,6,6
0783214V,23210025225,N,AP,999,7
0783214V,23210025225,N,ST,30,33
0783214V,23210025440,N,ST,10,15
0783214V,23810020103,N,ST,0,0
0783214V,23810025222,N,ST,72,39
0783214V,23810025412,N,ST,20,10
0782822U,23820031212,N,ST,15,12
0782822U,23820031213,N,ST,45,33
0782822U,23820031214,N,ST,30,18
0782822U,23210031224,N,ST,15,12
0782822U,23810031211,N,ST,90,56
0781839A,23820031212,N,ST,15,14
0781839A,23820031213,N,ST,30,25
0781839A,23820031214,N,ST,15,24
0781839A,23810031211,N,ST,60,70
0782602E,23820022706,N,ST,24,12
0782602E,23820022707,N,ST,12,15
0782602E,23820023408,N,ST,24,24
0782602E,23820025517,N,ST,24,27
0782602E,23820025519,N,ST,24,40
0782602E,23820025520,N,ST,24,36
0782602E,23820033006,N,ST,0,0
0782602E,23820033007,N,ST,0,0
0782602E,23210022715,N,AP,999,5
0782602E,23210023324,N,AP,999,5
0782602E,23210023324,N,ST,12,21
0782602E,23210033002,N,ST,12,11
0782602E,23810020008,N,ST,108,50
0782602E,23810023409,N,ST,24,32
0782602E,23810033006,N,ST,30,50
0782602E,23810033007,N,ST,24,48
0781984H,23820025519,N,ST,24,49
0781984H,23820025520,N,ST,24,40
0781984H,23820030004,N,ST,30,34
0781984H,23820031212,N,ST,15,16
0781984H,23820031213,N,ST,45,58
0781984H,23820031214,N,ST,15,21
0781984H,23820033007,N,ST,0,0
0781984H,23110033205,N,ST,0,0
0781984H,23210022142,N,AP,999,3
0781984H,23210022142,N,ST,24,17
0781984H,23210025524,N,AP,999,11
0781984H,23210025524,N,ST,12,36
0781984H,23210031224,N,ST,15,31
0781984H,23210033205,N,ST,12,24
0781984H,23810020008,N,ST,48,119
0781984H,23810030003,N,ST,30,15
0781984H,23810031211,N,ST,90,69
0781984H,23810033007,N,AP,999,3
0781984H,23810033007,N,ST,60,61
0783455G,23211021405,N,ST,24,5
0783455G,23811021404,N,ST,60,17
0780762E,23210025226,N,AP,999,5
0780762E,23210031119,N,AP,999,0
0780762E,23210031124,N,AP,999,0
0780762E,23210031126,N,AP,999,6
0780762E,23810025225,N,AP,999,5
0780762E,23810031117,N,AP,999,10
0781203J,23810031115,N,AP,999,11
0781884Z,23820030004,N,ST,30,43
0781884Z,23820031106,N,ST,15,16
0781884Z,23820031213,N,ST,45,53
0781884Z,23820031214,N,ST,15,25
0781884Z,23210031224,N,ST,15,20
0781884Z,23810030003,N,ST,45,45
0781884Z,23810031211,N,ST,45,89
0781069N,23811021112,N,ST,30,13
0781951X,23820033007,N,ST,0,0
0781951X,23820033604,N,ST,15,16
0781951X,23820033606,N,ST,28,39
0781951X,23210033615,N,ST,28,21
0781951X,23210033616,N,ST,12,21
0781951X,23810033007,N,ST,45,66
0781951X,23810033605,N,ST,43,31
0782540M,23820025012,N,ST,24,16
0782540M,23820025214,N,ST,20,38
0782540M,23820025519,N,ST,24,24
0782540M,23820025520,N,ST,24,47
0782540M,23820033006,N,ST,0,0
0782540M,23210025225,N,AP,999,15
0782540M,23210025225,N,ST,12,40
0782540M,23210025437,N,ST,12,10
0782540M,23810020008,N,ST,48,109
0782540M,23810020104,N,ST,24,7
0782540M,23810025222,N,ST,30,48
0782540M,23810033006,N,ST,30,54
0783537W,23810030003,N,ST,23,20
0783537W,23810033007,N,ST,23,15
0783533S,23820022106,N,ST,24,18
0783533S,23820030004,N,ST,30,29
0783533S,23820031212,N,ST,15,29
0783533S,23820031213,N,ST,60,73
0783533S,23820031214,N,ST,13,13
0783533S,23820033007,N,ST,0,0
0783533S,23820033403,N,ST,24,13
0783533S,23110022141,N,ST,12,7
0783533S,23210022141,N,AP,999,12
0783533S,23210022146,N,AP,999,7
0783533S,23210022146,N,ST,12,31
0783533S,23210031224,N,AP,999,8
0783533S,23210031224,N,ST,39,28
0783533S,23210033205,N,ST,15,34
0783533S,23210033413,N,ST,12,4
0783533S,23810030003,N,ST,30,33
0783533S,23810031211,N,ST,90,93
0783533S,23810033007,N,ST,30,38
0783533S,23810033404,N,ST,48,26
0780850A,23810025012,N,AP,999,5
0780850A,23810025014,N,AP,999,4
0780850A,23810025411,N,AP,999,7
0780850A,23810025520,N,AP,999,19
0781070P,23211033003,N,ST,25,9
0781070P,23811021112,N,ST,30,23
0781070P,23811021203,N,AP,999,10
0781070P,23811022103,N,ST,50,10
0781070P,23811033001,N,ST,25,4
0781883Y,23820030004,N,ST,55,58
0781883Y,23810030003,N,ST,60,56
0781883Y,23810033006,N,ST,30,20
0781819D,23820025006,N,ST,24,26
0781819D,23820025519,N,ST,12,22
0781819D,23810020008,N,ST,12,91
0781819D,23810020103,N,ST,24,23
0781983G,23C10023412,N,ST,12,12
0781983G,23820024202,N,ST,2,1
0781983G,23820024204,N,ST,0,0
0781983G,23820025520,N,ST,36,31
0781983G,23820030004,N,ST,24,23
0781983G,23820031213,N,ST,45,67
0781983G,23820031214,N,ST,15,16
0781983G,23820033007,N,ST,1,24
0781983G,23110023445,N,ST,0,0
0781983G,23210023445,N,ST,24,20
0781983G,23210024240,N,ST,12,17
0781983G,23210031224,N,ST,15,47
0781983G,23210033205,N,ST,24,42
0781983G,23810020008,N,ST,36,46
0781983G,23810024202,N,ST,12,6
0781983G,23810024204,N,ST,24,31
0781983G,23810030003,N,ST,30,27
0781983G,23810031211,N,ST,60,95
0781983G,23810033007,N,ST,30,50
0780293V,23210033205,N,AP,999,12
0782092A,23210031224,N,AP,999,23
0782092A,23810031212,N,AP,999,3
0782092A,23810031213,N,AP,999,27
0782092A,23810031214,N,AP,999,9
0781948U,23820022004,N,ST,12,6
0781948U,23820022706,N,ST,24,14
0781948U,23820023210,N,ST,27,16
0781948U,23820025220,N,ST,20,25
0781948U,23820025517,N,ST,12,10
0781948U,23820025520,N,ST,24,20
0781948U,23210022715,N,ST,12,3
0781948U,23210023123,N,ST,20,38
0781948U,23210023324,N,ST,12,19
0781948U,23210025524,N,ST,12,16
0781948U,23210023224,N,ST,12,8
0781948U,23810020006,N,ST,15,16
0781948U,23810020008,N,ST,60,17
0781948U,23810020104,N,ST,12,7
0781948U,23810025222,N,ST,10,11
0782549X,23820020102,N,ST,12,6
0782549X,23820022106,N,ST,12,19
0782549X,23820025014,N,ST,12,10
0782549X,23820025520,N,ST,24,22
0782549X,23820030004,N,ST,30,41
0782549X,23820033403,N,ST,12,8
0782549X,23210022146,N,ST,12,14
0782549X,23210033413,N,ST,12,6
0782549X,23810020008,N,ST,24,26
0782549X,23810020103,N,ST,12,9
0782549X,23810020104,N,ST,12,3
0782549X,23810030003,N,ST,30,43
0782549X,23810033404,N,ST,24,17
0782120F,23210022137,N,AP,999,4
0782120F,23210022141,N,AP,999,5
0782120F,23210033205,N,AP,999,24
0782120F,23811033001,N,ST,40,25
0782055K,23210022146,N,AP,999,2
0782593V,23C10023304,N,ST,12,14
0782593V,23820023003,N,ST,0,0
0782593V,23820031212,N,ST,20,19
0782593V,23820031213,N,ST,30,45
0782593V,23820031214,N,ST,30,33
0782593V,23820033101,N,ST,0,0
0782593V,23210031224,N,ST,24,34
0782593V,23210032227,N,ST,24,15
0782593V,23810023003,N,ST,24,41
0782593V,23810031211,N,ST,60,132
0782593V,23810033101,N,ST,24,24
0780004F,23811021112,N,ST,10,10
0780004F,23811021404,N,ST,27,29
0780004F,23811022103,N,ST,10,6
0783288A,23810033007,N,ST,0,0
0782557F,23820030004,N,ST,30,42
0782557F,23820031212,N,ST,30,24
0782557F,23820031213,N,ST,30,82
0782557F,23820031214,N,ST,30,45
0782557F,23810030003,N,ST,29,44
0782557F,23810031211,N,ST,90,145
0782556E,23820025012,N,ST,24,25
0782556E,23820025520,N,ST,24,31
0782556E,23210025524,N,ST,12,14
0782556E,23810020008,N,ST,24,36
0782556E,23810020104,N,ST,24,13
0781856U,23810020008,N,ST,50,27
0781581V,23810030003,N,ST,56,30
0781581V,23810031211,N,ST,28,21
0781779K,23210031223,N,AP,999,4
0781779K,23211021237,N,AP,999,25
0781779K,23211021405,N,AP,999,10
0781779K,23811021405,N,AP,999,2
0783431F,23820025012,N,ST,24,26
0783431F,23820025519,N,ST,24,31
0783431F,23820025520,N,ST,24,36
0783431F,23820030004,N,ST,28,26
0783431F,23820031213,N,ST,56,71
0783431F,23820031214,N,ST,28,20
0783431F,23820034403,N,ST,0,0
0783431F,23210024127,N,ST,12,2
0783431F,23210031224,N,ST,15,34
0783431F,23210032307,N,ST,6,12
0783431F,23210034405,N,ST,12,13
0783431F,23810020008,N,ST,48,82
0783431F,23810020104,N,ST,24,7
0783431F,23810030003,N,ST,28,11
0783431F,23810031211,N,ST,84,86
0783431F,23810034403,N,ST,48,53
0783835V,23810033007,N,ST,16,6
0780584L,23820031212,N,ST,24,21
0780584L,23820031213,N,ST,45,65
0780584L,23820031214,N,ST,15,38
0780584L,23820033007,N,ST,0,0
0780584L,23210031224,N,ST,24,37
0780584L,23810031211,N,ST,75,90
0780584L,23810033007,N,ST,75,102
0780273Y,23820025012,N,ST,24,9
0780273Y,23820025519,N,ST,24,40
0780273Y,23820025520,N,ST,24,31
0780273Y,23820034403,N,ST,0,0
0780273Y,23J00033002,N,ST,12,2
0780273Y,23210022142,N,ST,12,24
0780273Y,23210025524,N,ST,24,42
0780273Y,23210033002,N,ST,12,5
0780273Y,23210034405,N,ST,12,14
0780273Y,23810020008,N,ST,48,47
0780273Y,23810020104,N,ST,24,11
0780273Y,23810034403,N,ST,24,19
0780819S,23210023006,N,AP,999,1
0780819S,23210023122,N,AP,999,1
0780819S,23210023124,N,AP,999,1
0780819S,23210023224,N,AP,999,1
0780819S,23210023327,N,AP,999,1
0780819S,23210023328,N,AP,999,0
0780819S,23810023203,N,AP,999,0
0780819S,23810023210,N,AP,999,6
0783351U,23210031224,N,AP,999,5
0783351U,23810031213,N,AP,999,11
0782603F,23820030004,N,ST,60,59
0782603F,23820031212,N,ST,15,17
0782603F,23820031213,N,ST,45,36
0782603F,23820031214,N,ST,30,46
0782603F,23210031224,N,ST,24,25
0782603F,23810030003,N,ST,60,45
0782603F,23810031211,N,ST,90,94
0782565P,23820020009,N,ST,0,0
0782565P,23820025014,N,ST,12,12
0782565P,23820025519,N,ST,24,66
0782565P,23820025520,N,ST,24,18
0782565P,23810020008,N,ST,48,135
0782565P,23810020009,N,ST,12,19
0782565P,23810020103,N,ST,12,6
0783325R,23210031224,N,ST,16,5
0783325R,23810031211,N,ST,90,30
0782100J,23210033205,N,ST,30,15
0782100J,23810033007,N,ST,30,17
0781582W,23810030003,N,ST,24,21
0781582W,23810031211,N,ST,24,20
0780503Y,,O,ST,0,41
0780503Y,,O,ST,0,13
0780503Y,,O,ST,0,24
0780503Y,,O,ST,0,15
0780503Y,,O,ST,0,1489
0780503Y,,O,ST,0,152
0780503Y,,O,ST,0,1267
0780503Y,,O,ST,0,35
0780503Y,,O,ST,0,10
0780503Y,,O,ST,0,42
0780503Y,,O,ST,0,6
0780503Y,,O,ST,0,26
0780503Y,,O,ST,0,30
0780503Y,,O,ST,0,27
0780503Y,,O,ST,0,27
0780503Y,,O,ST,0,39
0780503Y,,O,ST,0,6
0780503Y,,O,ST,0,22
0780503Y,,O,ST,0,40
0780503Y,,O,ST,0,6
0780503Y,,O,ST,0,35
0780503Y,,O,ST,0,48
0780503Y,,O,ST,0,220
0780503Y,,O,ST,0,16
0780503Y,,O,ST,0,154
0780503Y,,O,ST,0,10
0780503Y,,O,ST,0,38
0780503Y,,O,ST,0,863
0780503Y,,O,ST,0,1
0780503Y,,O,ST,0,8
0780503Y,,O,ST,0,18
0780503Y,,O,ST,0,11
0780503Y,,O,ST,0,7
0780503Y,,O,ST,0,1
0780503Y,,O,ST,0,3
0780503Y,,O,ST,0,6
0780503Y,,O,ST,0,244
0780503Y,,O,ST,0,91
0780503Y,,O,ST,0,128
0780503Y,,O,ST,0,745
0780503Y,,O,ST,0,820
0780424M,23210022137,N,AP,999,7
0780424M,23210022141,N,AP,999,18
0780424M,23210022143,N,AP,999,8
0780424M,23210022146,N,AP,999,3
0780424M,23210033615,N,AP,999,24
0780424M,23210033616,N,AP,999,31
0782587N,23820022707,N,ST,24,38
0782587N,23820023004,N,ST,24,11
0782587N,23820023005,N,ST,24,34
0782587N,23820023104,N,ST,12,19
0782587N,23820023304,N,ST,12,14
0782587N,23820023404,N,ST,0,0
0782587N,23820023405,N,ST,12,15
0782587N,23820025520,N,ST,24,14
0782587N,23210023006,N,ST,12,9
0782587N,23210023324,N,ST,12,10
0782587N,23210023327,N,ST,12,12
0782587N,23210023447,N,ST,12,9
0782587N,23810020006,N,ST,12,14
0782587N,23810020008,N,ST,48,45
0782587N,23810023007,N,ST,60,52
0782587N,23810023404,N,ST,12,8
0782587N,23810023409,N,ST,12,17
