UAI,NB_VOEUX_CONFIRMES,STATUT,CAPACITEPSUP,MEFSTAT11
0711782B,56,Apprentissage,12,32212031202
0252041H,209,Apprentissage,30,32211031212
0930126G,1894,Scolaire,24,32211032612
0572590F,89,Scolaire,15,32211023205
0572590F,115,Scolaire,24,32211022709
0572590F,106,Scolaire,15,32211023206
0572590F,126,Scolaire,10,32211025219
0572590F,167,Scolaire,24,32211025215
0570057C,749,Apprentissage,24,32211031213
0570057C,850,Apprentissage,24,32211031212
0570057C,284,Apprentissage,24,32211032612
0570057C,528,Apprentissage,24,32211033426
0572757M,467,Scolaire,15,32211022209
0572757M,602,Scolaire,59,32211033206
0573227Y,178,Scolaire,15,32211025520
0573231C,209,Scolaire,15,32211020116
0573231C,118,Scolaire,15,32211025521
0573281G,488,Scolaire,24,32211025521
0573281G,928,Scolaire,30,32211032003
0573281G,917,Scolaire,6,32211032329
0573281G,585,Scolaire,6,32211032330
0573281G,629,Scolaire,6,32211032332
0573281G,207,Scolaire,6,32211032331
0573320Z,248,Scolaire,60,32211033422
0573519R,145,Scolaire,35,32211033107
0573770N,109,Scolaire,24,32211033608
0580014A,92,Scolaire,24,32211020114
0580031U,51,Scolaire,12,32211020111
0580031U,72,Scolaire,15,32211025520
0580032V,97,Scolaire,24,32211032409
0580032V,218,Scolaire,24,32211031213
0190008F,146,Scolaire,12,44210099901
0383581L,98,Apprentissage,15,32211032003
0593063J,40,Apprentissage,12,32211031212
0690279D,390,Apprentissage,30,32212022115
0593117T,156,Apprentissage,15,32211031312
0593117T,124,Apprentissage,20,32211031213
0592965C,98,Apprentissage,30,32211031212
0680073K,112,Apprentissage,4,32211032409
0681810Y,59,Scolaire,15,32211025415
0383581L,119,Apprentissage,15,32211031212
0590093F,65,Apprentissage,18,23K00033501
0590125R,91,Apprentissage,15,23K00033404
0450809K,2,Apprentissage,12,23K00033404
9711261U,1,Apprentissage,8,32211032612
0580032V,104,Scolaire,18,32211031408
0580032V,130,Scolaire,24,32211032612
0580055V,153,Scolaire,25,32212021015
0580055V,247,Scolaire,32,32212021207
0580055V,86,Scolaire,20,32212034302
0580071M,55,Scolaire,24,32211032409
0580071M,87,Scolaire,18,32211033002
0580071M,128,Scolaire,24,32211031213
0580552K,135,Scolaire,24,32211033426
0580582T,183,Scolaire,30,32212021206
0580739N,53,Apprentissage,24,32212021401
0741710G,123,Apprentissage,40,32211031213
0580761M,60,Scolaire,18,32211031409
0891185E,25,Apprentissage,15,32211025014
0580071M,122,Scolaire,12,32211025215
0590010R,366,Scolaire,35,32211031212
0590010R,204,Scolaire,35,32211031409
0590010R,255,Scolaire,24,32211031408
0590011S,43,Scolaire,15,32211022314
0590258K,607,Apprentissage,24,32211032003
0590011S,107,Scolaire,15,32211020009
0590011S,404,Scolaire,30,32211020116
0590011S,38,Scolaire,15,32211020115
0590011S,281,Scolaire,30,32211022208
0590011S,107,Scolaire,15,32211025001
0590011S,309,Scolaire,15,32211025521
0590018Z,45,Scolaire,24,32211033422
0590034S,159,Scolaire,30,32211025520
0590034S,441,Scolaire,35,32211031213
0590034S,423,Scolaire,24,32211031312
0590034S,264,Scolaire,35,32211031408
0590035T,112,Scolaire,28,32211032409
0590035T,368,Scolaire,28,32211031215
0590035T,508,Scolaire,38,32211033426
0590042A,116,Scolaire,24,32211031409
0590044C,13,Scolaire,15,23K00022704
0590060V,88,Scolaire,18,32211025014
0590060V,71,Scolaire,35,32211031216
0590064Z,220,Scolaire,22,32211032409
0590064Z,656,Scolaire,33,32211031215
0590064Z,608,Scolaire,32,32211031213
0590065A,284,Scolaire,30,32211020116
0590065A,114,Scolaire,30,32211022710
0590065A,148,Scolaire,30,32211025520
9720932F,33,Apprentissage,20,32211034401
0610694Y,33,Apprentissage,5,32211033608
0290018M,88,Apprentissage,27,32212021015
0353005B,45,Apprentissage,5,32211033002
9711278M,110,Apprentissage,1,32211032003
9711278M,57,Apprentissage,4,32211032409
0831774C,40,Apprentissage,40,32211031212
0831774C,43,Apprentissage,40,32211031213
0222064Z,20,Apprentissage,6,32211020114
0590071G,389,Scolaire,35,32211031212
0590071G,189,Scolaire,35,32211032612
0590072H,93,Scolaire,15,32211020111
0590072H,486,Scolaire,45,32211020116
0590072H,24,Scolaire,15,32211022316
0590072H,81,Scolaire,15,32211025415
0590072H,244,Scolaire,30,32211025520
0590072H,95,Apprentissage,15,32211020116
0590072H,70,Apprentissage,15,32211025415
0590072H,127,Apprentissage,30,32211025520
0590073J,488,Scolaire,35,32211031215
0590073J,332,Scolaire,35,32211031213
0590073J,209,Scolaire,24,32211031408
0590083V,66,Scolaire,15,32211025001
0590083V,11,Apprentissage,12,32211022310
0590083V,85,Scolaire,24,32211031408
0590093F,57,Scolaire,15,32211022506
0590258K,245,Apprentissage,32,32211031103
0620190V,50,Apprentissage,4,23K00033501
0590101P,226,Scolaire,24,32211031213
0590101P,106,Scolaire,24,32211031408
0590102R,37,Apprentissage,15,32211025213
0590102R,148,Apprentissage,15,32211031212
0590110Z,582,Scolaire,35,32211031213
0590110Z,327,Scolaire,26,32211031408
0590112B,92,Scolaire,35,32211031212
0590117G,1384,Scolaire,35,32211031212
0590117G,1420,Scolaire,59,32211031312
0333440K,239,Apprentissage,200,32211031213
0332868N,425,Apprentissage,30,32211033111
0590121L,181,Scolaire,15,32211020009
0590121L,158,Scolaire,15,32211020111
0590121L,215,Scolaire,30,32211022709
0590121L,169,Scolaire,15,32211025015
0590121L,73,Scolaire,15,32211022316
0590121L,322,Scolaire,30,32211025520
0590121L,391,Scolaire,15,32211025521
0590121L,127,Apprentissage,13,32211022709
0590121L,97,Apprentissage,13,32211025015
0590121L,497,Scolaire,45,32211032209
0062307A,32,Apprentissage,30,32211031103
0692955M,235,Apprentissage,40,32211031213
0692955M,191,Apprentissage,20,32211031409
0694365V,22,Apprentissage,15,23K00031101
0694365V,158,Apprentissage,15,32211033426
0831770Y,82,Apprentissage,15,32211031213
0831769X,50,Apprentissage,15,32211031213
0333405X,71,Apprentissage,25,32211031212
0422160V,27,Apprentissage,12,23K00033412
0942461P,68,Apprentissage,25,32211031213
0942461P,32,Apprentissage,20,32211032409
9740679V,269,Scolaire,15,32211033426
0632002J,40,Apprentissage,24,32211033608
0401016M,110,Apprentissage,20,32211031212
0672959C,73,Apprentissage,15,32211032612
0672959C,12,Apprentissage,15,32211031409
0672959C,17,Apprentissage,15,32211031213
0682064Z,52,Apprentissage,20,32211031103
0694089V,78,Apprentissage,30,32211022711
0573801X,23,Apprentissage,10,32211031213
0380034F,717,Apprentissage,16,32211031212
0590258K,197,Apprentissage,32,32211031216
0590121L,235,Apprentissage,13,32211032209
0590122M,728,Scolaire,30,32211022209
0590122M,329,Scolaire,30,32211022210
0590122M,570,Scolaire,35,32211033002
0590122M,1084,Scolaire,30,32211033112
0590125R,216,Apprentissage,34,32211033422
0590149S,48,Scolaire,15,32211025415
0590149S,118,Scolaire,30,32211025520
0590184E,613,Scolaire,30,32211020116
0590184E,188,Apprentissage,8,32211020116
0590184E,179,Scolaire,26,32211032325
0590184E,1046,Scolaire,13,32211032329
0590184E,586,Scolaire,13,32211032330
0590184E,1006,Scolaire,13,32211032332
0590184E,324,Scolaire,13,32211032331
0590184E,416,Scolaire,13,32211032328
0590185F,379,Scolaire,35,32211032409
0590185F,732,Scolaire,35,32211031213
0590185F,748,Scolaire,35,32211031212
0590185F,341,Scolaire,35,32211031311
0590185F,370,Scolaire,35,32211031408
0590192N,186,Scolaire,24,32211031408
0741710G,88,Apprentissage,20,32211031409
0741710G,132,Apprentissage,30,32211031212
0141991N,105,Apprentissage,30,32212021401
0300002P,21,Apprentissage,3,32211022316
0731519E,35,Apprentissage,24,32211031213
0741781J,47,Apprentissage,12,32211031212
0061610T,29,Apprentissage,5,32211031408
0061610T,46,Apprentissage,10,32211031409
0061610T,58,Apprentissage,10,32211031213
0061610T,87,Apprentissage,8,32211031312
0831774C,68,Apprentissage,40,32211034401
0830662U,57,Apprentissage,20,32211031212
0830662U,31,Apprentissage,20,32211032612
0830662U,100,Apprentissage,20,32211034502
0062201K,46,Apprentissage,20,32211031212
0062201K,36,Apprentissage,20,32211032612
0831693P,15,Apprentissage,15,32211031311
0580555N,57,Apprentissage,22,32211031213
0081059H,35,Apprentissage,30,32211031213
0312550D,73,Apprentissage,12,32211033002
0672866B,117,Apprentissage,10,32211031212
0672866B,64,Apprentissage,7,32211031409
0672866B,128,Apprentissage,15,32211031213
0672959C,92,Apprentissage,15,32211031312
0672877N,105,Apprentissage,15,32211032003
0672877N,194,Apprentissage,15,32211033426
0030935A,102,Scolaire,18,32211031313
0851461B,150,Apprentissage,40,32211031212
0851461B,67,Apprentissage,40,32211031409
0134296Z,71,Apprentissage,20,32211031212
0134296Z,75,Apprentissage,20,32211031103
0142468G,44,Apprentissage,25,32211031408
0261505V,143,Apprentissage,3,32211020116
0442770X,107,Apprentissage,24,32211033107
0920171L,488,Apprentissage,12,32211025520
0731519E,25,Apprentissage,24,32211031409
0731519E,40,Apprentissage,24,32211033426
0510007F,30,Apprentissage,10,32211025216
0342189V,104,Apprentissage,30,32211032003
0420991Z,74,Apprentissage,10,32211034401
0313029Z,66,Apprentissage,12,32211031216
0691654Y,39,Apprentissage,15,32211023013
0010006B,88,Apprentissage,10,32211022710
0752376A,831,Apprentissage,100,32211033426
0694179T,158,Apprentissage,12,32211023012
0694179T,145,Apprentissage,14,32211023206
0763548U,326,Apprentissage,30,32211031311
0762624P,754,Apprentissage,30,32211031213
0820016X,50,Apprentissage,3,32211033206
0341651K,142,Apprentissage,25,32211033608
0772319C,21,Apprentissage,10,32211022709
9711278M,36,Apprentissage,1,32211032328
0310040A,104,Scolaire,20,23K00032601
0755544U,221,Apprentissage,24,32211033608
0755544U,60,Apprentissage,24,32211033607
0751698N,171,Apprentissage,20,32211034502
0751698N,36,Apprentissage,30,32211031408
0751698N,98,Apprentissage,30,32211033002
0755453V,201,Apprentissage,126,32211031408
0451335G,305,Scolaire,28,32211033115
0420979L,242,Apprentissage,12,32211031312
0420979L,269,Apprentissage,12,32211031213
0851233D,18,Apprentissage,30,23G00021220
0451565G,194,Scolaire,25,32212021308
0382099A,242,Apprentissage,15,32211023012
0382099A,101,Apprentissage,4,32211023013
0131484T,30,Scolaire,20,32211033422
0353005B,32,Apprentissage,5,32211031311
0353005B,44,Apprentissage,2,32211031103
0353005B,75,Apprentissage,8,32211031213
0353005B,146,Apprentissage,10,32211031212
0353005B,89,Apprentissage,3,32211031312
0342380C,208,Scolaire,10,32211032329
0171603A,75,Apprentissage,12,32211033608
0595728F,86,Apprentissage,20,32211032003
0595728F,18,Apprentissage,20,32211032409
0595728F,48,Apprentissage,20,32211031212
0595728F,34,Apprentissage,20,32211032612
0772893B,249,Apprentissage,50,32211031213
0772893B,169,Apprentissage,25,32211031212
0772893B,120,Apprentissage,25,32211032003
0772893B,100,Apprentissage,25,32211031409
0772893B,167,Apprentissage,30,32211031215
0772893B,82,Apprentissage,15,32211032612
0693733H,215,Apprentissage,31,32211031213
0693733H,85,Apprentissage,10,32211032409
0693733H,144,Apprentissage,21,32211031409
0693733H,168,Apprentissage,15,32211031312
0781069N,28,Apprentissage,30,32212021015
0711934S,2,Apprentissage,10,32211033608
0062221G,117,Apprentissage,20,32211031212
0641772D,77,Apprentissage,5,32211034502
0410955R,6,Apprentissage,12,23G00021108
0810095N,49,Scolaire,24,23K00033501
0731364L,166,Apprentissage,36,32212021401
0755545V,397,Apprentissage,50,32211034502
0755545V,104,Apprentissage,20,32211032409
0755545V,204,Apprentissage,40,32211031212
0380081G,245,Apprentissage,11,32211031213
0660010C,171,Apprentissage,10,32211031311
0593058D,82,Apprentissage,32,32211031213
0597345N,55,Apprentissage,60,32211031213
0520939N,114,Scolaire,18,32212021308
0540042C,87,Apprentissage,15,32211020009
0422315N,132,Apprentissage,60,32211031213
9720926Z,74,Apprentissage,20,32211031212
0313007A,242,Apprentissage,30,32211031213
0470974D,100,Apprentissage,50,32211031212
0860034V,360,Apprentissage,3,32211031215
0531021X,48,Apprentissage,12,32211031312
0301673F,29,Apprentissage,10,32211031213
0741236S,53,Apprentissage,16,32212021401
0210096R,182,Apprentissage,15,32211034502
0442416M,105,Apprentissage,20,32211023012
0670084C,179,Apprentissage,6,32211022106
0750436S,2387,Apprentissage,40,32211031213
0342419V,89,Apprentissage,64,32211031213
0342419V,192,Apprentissage,32,32211031212
0341821V,179,Apprentissage,96,32211031213
0341821V,70,Apprentissage,32,32211031409
0341821V,72,Apprentissage,32,32211032409
0341821V,92,Apprentissage,32,32211031408
0341821V,88,Apprentissage,32,32211031103
0341821V,194,Apprentissage,32,32211033426
0134280G,33,Apprentissage,15,32211031408
0134280G,18,Apprentissage,15,32211031409
0561456D,83,Apprentissage,24,32212021007
0142132S,219,Scolaire,12,23K00033404
0062221G,66,Apprentissage,30,32211031409
0313002V,255,Apprentissage,90,32211031213
0313002V,284,Apprentissage,90,32211031212
0313002V,152,Apprentissage,90,32211031409
0133787W,161,Apprentissage,15,32211032003
0756180K,286,Apprentissage,56,32211032612
0133787W,129,Apprentissage,15,32211031212
0694061P,104,Apprentissage,10,32211034401
0134308M,44,Apprentissage,8,32211031213
0134308M,71,Apprentissage,8,32211031212
0694253Y,168,Apprentissage,20,32211031312
0694253Y,107,Apprentissage,10,32211032328
0694253Y,225,Apprentissage,10,32211032329
0694253Y,188,Apprentissage,10,32211032330
0690128P,484,Apprentissage,16,32211025520
0260023J,19,Apprentissage,4,32211031213
0260023J,71,Apprentissage,3,32211031216
0492451Y,56,Apprentissage,25,32211020116
0762169V,80,Scolaire,15,32211020111
0762169V,117,Scolaire,24,32211025520
0762284V,197,Scolaire,50,32212021304
0762600N,105,Scolaire,30,32211025014
0762601P,70,Scolaire,15,32211032409
0762652V,20,Apprentissage,20,32212031205
0762652V,204,Apprentissage,20,32212021207
0762652V,147,Apprentissage,20,32212022115
0762652V,37,Apprentissage,18,32212022117
0840935K,538,Scolaire,16,32211024207
9730010Y,137,Scolaire,20,32211031313
0762765T,56,Scolaire,10,32211025216
0762879S,308,Scolaire,24,32211032409
0762879S,937,Scolaire,35,32211031213
0762880T,224,Scolaire,15,32211020116
0762911B,428,Scolaire,30,32211022209
0762964J,122,Scolaire,15,32211023205
0762964J,130,Scolaire,30,32211022709
0762964J,307,Scolaire,30,32211023012
0762964J,214,Scolaire,24,32211023206
0762964J,191,Scolaire,15,32211023108
0760058A,653,Scolaire,30,32211023305
0250067M,174,Scolaire,24,32211034401
0755203Y,420,Apprentissage,30,32211033112
0120006S,18,Apprentissage,12,23K00025406
0763417B,25,Apprentissage,20,32212021115
0880152M,8,Scolaire,10,23K00025407
0142106N,27,Apprentissage,15,32211025001
0370036N,661,Apprentissage,18,32211031213
0371395R,23,Apprentissage,15,32212034101
0880152M,13,Apprentissage,5,23K00025407
0342156J,90,Apprentissage,15,32211025215
0342156J,46,Apprentissage,15,32211025014
0190010H,44,Apprentissage,3,32211025521
0760058A,170,Scolaire,15,32211023013
0142468G,122,Apprentissage,25,32211031212
0142468G,84,Apprentissage,25,32211033426
0142468G,36,Apprentissage,25,32211031216
0451805T,76,Apprentissage,10,32211031408
0763237F,130,Scolaire,36,32211033422
0952187L,384,Apprentissage,60,32211033422
0763409T,407,Scolaire,35,32211031312
0770918E,342,Scolaire,30,32211022209
0770918E,254,Scolaire,35,32211032409
0770918E,279,Scolaire,24,32211033002
0770918E,417,Scolaire,35,32211031408
0770918E,291,Scolaire,24,32211033206
0770920G,468,Scolaire,28,32211020116
0770920G,49,Scolaire,24,32211022316
0770920G,180,Scolaire,24,32211025520
0770920G,296,Scolaire,35,32211025521
0770922J,605,Scolaire,24,32211020116
0770922J,247,Scolaire,24,32211025520
0770922J,551,Scolaire,35,32211031408
0770924L,113,Scolaire,24,32211032409
0311375B,166,Apprentissage,13,32211033608
0770926N,665,Scolaire,35,32211031213
0770930T,804,Scolaire,35,32211031312
0770931U,153,Scolaire,30,32211020111
0770931U,194,Scolaire,30,32211025520
0770934X,202,Scolaire,28,32211020009
0770934X,330,Scolaire,28,32211020111
0770934X,360,Apprentissage,18,32211025520
0770934X,1075,Scolaire,35,32211031213
0770934X,1386,Scolaire,35,32211031212
0770934X,794,Scolaire,24,32211031408
0770934X,923,Scolaire,70,32211032612
0770938B,158,Scolaire,24,32211025014
0770938B,180,Scolaire,22,32211032209
0770940D,224,Scolaire,27,32211031213
0770942F,125,Scolaire,35,32211031409
0770943G,189,Scolaire,17,32211023205
0771027Y,953,Scolaire,35,32211031215
0771171E,815,Scolaire,35,32211031212
0771200L,144,Scolaire,33,32211031213
0771238C,186,Scolaire,33,32211031408
0631904C,21,Apprentissage,20,32212031205
0755545V,109,Apprentissage,20,32211031409
0755545V,241,Apprentissage,40,32211031213
0261265J,117,Apprentissage,12,32212021304
0131484T,21,Apprentissage,15,32211033422
0160036C,18,Apprentissage,12,23K00025407
0542295B,78,Apprentissage,25,32211025217
0301270T,53,Apprentissage,10,32211025216
0601575L,4,Apprentissage,15,32212031205
0771238C,189,Scolaire,35,32211032612
0771238C,154,Apprentissage,33,32211032409
0771238C,163,Apprentissage,35,32211031409
0771336J,158,Scolaire,24,32211023012
0771336J,122,Scolaire,24,32211023206
0771436T,91,Scolaire,8,32212021015
0771436T,155,Scolaire,10,32212021401
0771512A,684,Scolaire,24,32211031409
0771512A,363,Scolaire,24,32211031408
0771658J,118,Scolaire,12,32211023306
0771658J,82,Scolaire,24,32211033422
0771663P,375,Scolaire,24,32211032409
0771763Y,276,Scolaire,35,32211032409
0771763Y,776,Scolaire,35,32211031212
0771763Y,716,Scolaire,35,32211031313
0770924L,39,Apprentissage,12,32211025213
0771940R,1468,Scolaire,35,32211031215
0771940R,253,Scolaire,24,32211022710
0771940R,151,Scolaire,24,32211022316
0771940R,135,Scolaire,24,32211025005
0771940R,499,Scolaire,24,32211025521
0771996B,781,Scolaire,24,32211031215
0772120L,1136,Scolaire,35,32211031213
0772120L,1509,Scolaire,52,32211033426
0772127U,1258,Scolaire,35,32211031215
0772153X,234,Scolaire,24,32211031215
0772153X,220,Scolaire,24,32211031213
0772153X,153,Scolaire,24,32211031408
0772153X,88,Apprentissage,30,32211032409
0772153X,211,Apprentissage,30,32211031213
0772153X,229,Apprentissage,30,32211031212
0772153X,132,Apprentissage,30,32211031409
0772188K,553,Scolaire,35,32211031408
0772223Y,1229,Scolaire,48,32211032612
0772228D,162,Scolaire,24,32211031408
0772229E,727,Scolaire,35,32211031215
0772229E,705,Scolaire,35,32211031213
0772230F,812,Scolaire,35,32211031213
0772243V,624,Scolaire,35,32211031408
0772276F,433,Scolaire,35,32211032409
0772292Y,223,Scolaire,24,32211025001
0772292Y,201,Apprentissage,24,32211025001
0772310T,550,Scolaire,24,32211031312
0770924L,75,Scolaire,15,32211025218
0772312V,311,Scolaire,35,32211031409
0460010L,15,Apprentissage,4,32211025521
0381867Y,31,Apprentissage,15,32211025014
0531021X,14,Apprentissage,18,32211031409
0531021X,57,Apprentissage,25,32211031213
0531021X,68,Apprentissage,25,32211031212
0531021X,40,Apprentissage,12,32211032003
0690563M,283,Apprentissage,18,32211034502
0756001R,83,Apprentissage,25,32211031408
0755931P,333,Apprentissage,120,32211032612
0755931P,303,Scolaire,120,32211032612
0761356L,233,Apprentissage,25,32211031213
0134308M,35,Apprentissage,8,32211031409
0250010A,414,Scolaire,35,32211033002
0250010A,574,Scolaire,35,32211031409
0250010A,424,Scolaire,24,32211031408
0250010A,371,Scolaire,35,32211032612
0250011B,190,Scolaire,26,32211020111
0250011B,123,Scolaire,18,32211020113
0250011B,609,Scolaire,26,32211020116
0250011B,392,Scolaire,26,32211025005
0250011B,102,Apprentissage,16,32211020111
0250011B,203,Apprentissage,24,32211025005
0250013D,158,Scolaire,15,32211023012
0250013D,141,Scolaire,15,32211023206
0250013D,132,Apprentissage,15,32211023012
0250030X,125,Scolaire,18,32211031216
0250030X,371,Scolaire,24,32211031409
0251994G,159,Scolaire,24,32211025215
0251994G,165,Scolaire,24,32211025520
0251994G,69,Apprentissage,15,32211025001
0251994G,119,Apprentissage,20,32211025215
0251994G,35,Apprentissage,10,32211025216
0134305J,117,Apprentissage,15,32211031213
0134305J,170,Apprentissage,15,32211031212
0134305J,75,Apprentissage,15,32211031409
0050665W,32,Apprentissage,20,32211031213
0050665W,16,Apprentissage,20,32211031409
0050665W,46,Apprentissage,20,32211031212
0422296T,43,Apprentissage,15,32211031213
0442667K,52,Apprentissage,50,32211031213
0442667K,96,Apprentissage,25,32211031212
0492424U,130,Apprentissage,50,32211031213
0492424U,168,Apprentissage,25,32211031212
0492424U,62,Apprentissage,30,32211031409
0694253Y,99,Apprentissage,15,32211031213
0711137A,52,Apprentissage,6,32211031213
0772893B,83,Apprentissage,25,32211031408
0860789R,33,Apprentissage,12,32211031103
0630021F,78,Apprentissage,15,32211025017
0251994G,484,Scolaire,12,32211032330
0251994G,529,Scolaire,12,32211032332
0251994G,202,Scolaire,12,32211032331
0251994G,228,Scolaire,12,32211032328
0251994G,538,Scolaire,32,32211031213
0251994G,560,Scolaire,32,32211031212
0251994G,293,Apprentissage,15,32211031212
0250043L,332,Scolaire,24,32211031215
0250043L,99,Scolaire,12,32211031408
0250043L,47,Apprentissage,12,32211031408
0250067M,182,Scolaire,24,32211031311
0250067M,105,Apprentissage,6,32211031311
0251021Z,103,Scolaire,20,32211020009
0251021Z,76,Scolaire,20,32211025001
0251028G,354,Scolaire,38,32211031213
0251028G,182,Scolaire,38,32211031408
0251028G,124,Apprentissage,36,32211034502
0251028G,207,Apprentissage,34,32211031213
0251028G,164,Apprentissage,25,32211031313
0251028G,89,Apprentissage,30,32211031409
0251028G,91,Apprentissage,28,32211031408
0251202W,449,Scolaire,34,32212022115
0251202W,142,Scolaire,32,32212034302
0251202W,142,Scolaire,28,32212022116
0672877N,51,Apprentissage,15,32211031408
0251263M,233,Scolaire,17,32212021015
0251263M,410,Scolaire,32,32212021207
0251477V,40,Scolaire,24,32212031205
0251480Y,96,Scolaire,22,32212021015
0251481Z,19,Apprentissage,20,32212031205
0694441C,72,Apprentissage,30,32211031103
9760316P,809,Scolaire,32,32211031408
0291808H,88,Apprentissage,12,32211031213
0870081R,141,Apprentissage,20,32211031213
0292455L,21,Apprentissage,10,32211032328
0353098C,157,Apprentissage,20,32211032003
0353098C,198,Apprentissage,25,32211031212
9741324W,175,Apprentissage,4,32211031409
0831557S,24,Apprentissage,3,23G00021406
0573690B,12,Apprentissage,20,32211022316
0711755X,6,Apprentissage,8,23K00033414
0801300D,81,Apprentissage,20,32211031212
0492454B,5,Apprentissage,10,32211033422
0620052V,39,Apprentissage,17,32211020009
0171238D,76,Scolaire,12,23K00025509
0353035J,82,Apprentissage,18,32211034401
0755513K,125,Apprentissage,25,32211031312
0353035J,90,Apprentissage,18,32211031212
0831779H,22,Apprentissage,30,32211031103
0595012C,47,Apprentissage,30,32211031213
0062307A,23,Apprentissage,30,32211033426
0450050K,321,Apprentissage,15,32211032409
0100025Y,147,Apprentissage,15,32211031213
9741880A,90,Apprentissage,12,32211031408
9741880A,151,Apprentissage,13,32211031213
0251643A,41,Apprentissage,40,32212031201
0251643A,237,Apprentissage,80,32212021015
0251643A,257,Apprentissage,50,32212021304
0251671F,212,Scolaire,24,32211025005
0251711Z,532,Scolaire,15,32211023305
0251711Z,871,Scolaire,24,32211031212
0251711Z,690,Scolaire,18,32211031312
0251711Z,320,Scolaire,18,32211031311
0251711Z,566,Scolaire,18,32211031313
0251711Z,420,Apprentissage,18,32211031212
0251727S,35,Apprentissage,20,32211033426
0251811H,53,Apprentissage,25,32211033002
0430065M,107,Scolaire,25,32211034502
0251829C,68,Apprentissage,20,32211031103
0430021P,178,Scolaire,18,32211031313
0770926N,435,Scolaire,35,32211034502
0241204D,24,Apprentissage,20,32211025014
0932667U,1121,Scolaire,35,32211033206
0251944C,47,Apprentissage,24,32211020009
0141275K,40,Apprentissage,4,32211031408
0251944C,35,Apprentissage,15,32211022316
0251944C,60,Apprentissage,24,32211025520
0260008T,85,Scolaire,15,32211023013
0260015A,430,Scolaire,32,32211031215
0260019E,206,Scolaire,34,32211031213
0260023J,126,Scolaire,24,32211025520
0260023J,125,Scolaire,15,32211031216
0260023J,320,Scolaire,34,32211031213
0260023J,210,Scolaire,24,32211031311
9760338N,41,Scolaire,12,23K00022704
0690128P,79,Scolaire,4,32211025520
0260072M,66,Scolaire,12,32211020116
0260074P,203,Scolaire,14,32311033105
0260074P,458,Scolaire,28,32311033114
0260074P,111,Scolaire,28,32211032409
0260074P,175,Scolaire,24,32211031409
0260074P,130,Scolaire,24,32211031408
0260113G,197,Scolaire,24,32211025014
0260113G,81,Scolaire,15,32211020111
0260113G,210,Scolaire,24,32211031103
0260765R,191,Scolaire,31,32212021115
0260765R,137,Scolaire,28,32212022117
0260791U,81,Scolaire,34,32212021114
0772468P,468,Apprentissage,38,32211031212
0772468P,188,Apprentissage,20,32211031409
0261067U,155,Scolaire,26,32212022115
0261097B,18,Scolaire,25,32212021114
0261097B,22,Apprentissage,15,32212021114
0261253W,58,Apprentissage,20,32211032409
0261253W,145,Apprentissage,50,32211031213
0261253W,200,Apprentissage,50,32211031212
0261253W,111,Apprentissage,40,32211031409
0261265J,29,Scolaire,24,32212031201
0261265J,188,Scolaire,35,32212021304
0342419V,65,Apprentissage,25,32211031409
0240090T,70,Apprentissage,15,32211031213
0261357J,244,Scolaire,48,32212021308
0333336X,222,Apprentissage,50,32211031213
0333336X,102,Apprentissage,25,32211031409
0590207E,222,Scolaire,35,32211031409
0590214M,210,Scolaire,32,32211025014
0590214M,201,Scolaire,32,32211025520
0590214M,348,Scolaire,16,32211025521
0590214M,180,Scolaire,32,32211022711
0590215N,348,Scolaire,35,32211031409
0590215N,478,Scolaire,35,32211033206
0590221V,417,Scolaire,59,32211032409
0590221V,281,Scolaire,35,32211031103
0590221V,477,Scolaire,35,32211031313
0590221V,350,Scolaire,35,32211032612
0590222W,643,Scolaire,35,32211031215
0590223X,90,Scolaire,15,32211020009
0590223X,247,Scolaire,30,32211025215
0590223X,173,Scolaire,30,32211025417
0590223X,201,Scolaire,30,32211025520
0590223X,43,Apprentissage,10,32211025415
0590233H,248,Scolaire,24,32211032409
0590233H,517,Scolaire,59,32211031212
0590255G,264,Scolaire,35,32211031103
0851403N,209,Apprentissage,35,32211031212
0590258K,526,Scolaire,35,32211031216
0590258K,565,Scolaire,35,32211032409
0590258K,478,Scolaire,35,32211031103
0590258K,2156,Scolaire,35,32211031215
0352785M,356,Apprentissage,25,32211033107
0130049H,517,Apprentissage,15,32211020116
9740097M,79,Scolaire,16,32212021207
0622169W,45,Apprentissage,12,32211033608
0134334R,63,Apprentissage,15,32211031409
0134334R,174,Apprentissage,15,32211031212
0134334R,97,Apprentissage,15,32211031213
0590258K,1990,Scolaire,70,32211031213
0590258K,1663,Scolaire,59,32211031212
0590258K,482,Scolaire,35,32211031311
0590258K,1109,Scolaire,35,32211031313
0590258K,890,Scolaire,35,32211031409
0590258K,1225,Scolaire,70,32211031408
0590258K,1396,Scolaire,35,32211032003
0590258K,955,Scolaire,70,32211032612
0590258K,1799,Scolaire,70,32211033426
0590282L,383,Scolaire,35,32211031212
0590282L,331,Scolaire,35,32211033206
0851635R,76,Apprentissage,40,32211031213
0851635R,111,Apprentissage,40,32211031212
0592916Z,61,Scolaire,24,32211031409
0592916Z,14,Apprentissage,12,32211031409
0592921E,60,Scolaire,20,32211025520
0592921E,69,Scolaire,24,32211031216
0592921E,190,Scolaire,35,32211032003
0592921E,145,Scolaire,33,32211032612
0592926K,198,Scolaire,26,32211031215
0592926K,130,Scolaire,30,32211031213
0592928M,68,Scolaire,24,32211033608
0592928M,169,Scolaire,40,32211033115
0592928M,19,Scolaire,15,32211033422
0592928M,107,Scolaire,24,32211033426
0592928M,9,Apprentissage,13,32211033422
0851635R,47,Apprentissage,30,32211031409
0851635R,32,Apprentissage,25,32211031311
0592921E,65,Scolaire,24,32211032409
0592965C,119,Scolaire,30,32211020111
0592965C,266,Scolaire,35,32211031213
0592965C,179,Scolaire,35,32211031313
0592965C,147,Scolaire,35,32211031408
0592967E,273,Scolaire,36,32211031213
0592967E,146,Scolaire,24,32211031409
0592967E,211,Scolaire,34,32211033206
0592969G,84,Scolaire,30,32211020111
0952242W,148,Apprentissage,50,32211031408
0952242W,190,Apprentissage,50,32211031409
0952242W,321,Apprentissage,50,32211031213
0952242W,338,Apprentissage,50,32211031212
0170100S,210,Apprentissage,20,32211031312
9741741Z,279,Apprentissage,20,32211033426
0383506E,202,Apprentissage,30,32211031212
0383506E,82,Apprentissage,20,32211031408
0442291B,42,Apprentissage,25,32211031408
0442291B,77,Apprentissage,20,32211032003
0352027N,82,Apprentissage,15,32211033206
0756298N,83,Apprentissage,30,32211031212
0756298N,248,Apprentissage,30,32211032612
0030026M,16,Apprentissage,7,32211022316
0030026M,34,Apprentissage,6,32211022208
0030026M,41,Apprentissage,8,32211031216
0030026M,51,Apprentissage,4,32211031408
0030026M,47,Apprentissage,4,32211031409
0592969G,146,Scolaire,35,32211031408
0592969G,230,Scolaire,60,32211032612
0592976P,72,Apprentissage,30,32211031213
0593006X,98,Scolaire,30,32211032409
0593006X,382,Scolaire,30,32211033112
0593006X,155,Scolaire,30,32211031409
0593006X,128,Scolaire,30,32211031408
0593007Y,77,Scolaire,18,32211025014
0593007Y,129,Scolaire,18,32211020111
0593007Y,205,Scolaire,18,32211020116
0593007Y,75,Scolaire,18,32211023013
0593007Y,80,Scolaire,18,32211025520
0593007Y,111,Scolaire,18,32211025521
0593007Y,27,Apprentissage,4,32211023013
0593027V,47,Scolaire,18,32211023412
0593030Y,142,Scolaire,45,32211033608
0593034C,46,Scolaire,30,32211025520
0593034C,76,Scolaire,30,32211031213
0593058D,111,Scolaire,30,32211031213
0593058D,94,Scolaire,30,32211031409
0593058D,85,Scolaire,30,32211031408
0593061G,170,Scolaire,36,32211033107
0593061G,146,Scolaire,36,32211031212
0593061G,55,Scolaire,18,32211031408
0593061G,145,Scolaire,36,32211032003
0593061G,111,Apprentissage,24,32211033107
0593071T,69,Scolaire,30,32211025014
0593071T,102,Scolaire,30,32211032409
0593071T,149,Scolaire,40,32211031213
0593071T,69,Scolaire,18,32211031408
0593077Z,80,Scolaire,36,32211025520
0593078A,191,Scolaire,40,32211033206
0593104D,48,Scolaire,38,32211031213
0593136N,58,Scolaire,20,32211031409
0593255T,405,Scolaire,32,32212022115
0593255T,114,Scolaire,22,32212022117
0593255T,96,Scolaire,22,32212034302
0134155W,927,Scolaire,15,32211033112
0593257V,411,Scolaire,72,32212021015
0593257V,345,Scolaire,36,32212021207
0593257V,76,Scolaire,36,32212021114
0593257V,382,Scolaire,36,32212021115
0131675A,40,Apprentissage,25,32211031409
0762169V,95,Apprentissage,15,32211025520
0870864S,153,Apprentissage,24,32211033107
0430020N,32,Apprentissage,4,32211020009
0430020N,38,Apprentissage,10,32211025520
0840039L,650,Scolaire,15,32211023305
0340937J,59,Apprentissage,25,32211031212
0142375F,99,Apprentissage,5,32211031212
0562035H,43,Apprentissage,14,32211031409
0562035H,19,Apprentissage,14,32211031408
0261392X,170,Apprentissage,40,32211031212
0841251D,23,Apprentissage,20,32211031213
0600015R,31,Apprentissage,6,32211020114
0600015R,59,Apprentissage,6,32211031216
0600015R,10,Apprentissage,12,23K00025510
0601863Z,13,Apprentissage,4,23K00033414
0353003Z,62,Apprentissage,5,32211032612
0353129L,179,Apprentissage,5,32211033426
0593257V,166,Scolaire,36,32212021401
0142468G,62,Apprentissage,25,32211032332
0754037F,302,Apprentissage,30,32211032612
0291792R,49,Apprentissage,22,32211031409
9740479C,30,Scolaire,10,23K00025508
0180036S,16,Apprentissage,3,32211022406
0382170C,72,Apprentissage,13,32211022711
0142468G,22,Apprentissage,25,32211033422
0542295B,101,Apprentissage,35,32211025215
0542295B,32,Apprentissage,25,32211025216
0542295B,38,Apprentissage,25,32211025520
0383232G,62,Apprentissage,15,32211025015
0640001D,79,Apprentissage,12,32211032409
0142468G,56,Apprentissage,25,32211032612
0922653J,113,Apprentissage,20,32211025014
9711071M,49,Apprentissage,4,32211032612
0590198V,41,Apprentissage,15,32211023013
0632067E,60,Apprentissage,20,32212031203
0060029Z,1004,Apprentissage,20,32211031312
0831453D,84,Scolaire,8,23K00033404
0831453D,82,Apprentissage,4,23K00033404
0763486B,177,Apprentissage,20,32211032003
0763548U,656,Apprentissage,30,32211031312
0741469V,85,Apprentissage,25,32211031212
0860034V,313,Apprentissage,3,32211031213
0694349C,107,Apprentissage,20,32211031216
0390799G,21,Apprentissage,12,32211031409
0353052C,57,Apprentissage,10,32211032003
0763486B,147,Apprentissage,25,32211031212
0763486B,122,Apprentissage,20,32211031213
0763486B,157,Apprentissage,25,32211033426
0353021U,109,Apprentissage,25,32211032003
0611175W,37,Apprentissage,20,32212031203
0492303M,72,Apprentissage,6,32211031408
0441552Y,152,Apprentissage,12,32211031103
0542408Z,107,Apprentissage,20,32211032409
0542408Z,100,Apprentissage,20,32211033002
0921625S,142,Apprentissage,40,23K00031101
0383474V,112,Apprentissage,15,32211031312
0542408Z,165,Apprentissage,20,32211031213
0212001L,20,Apprentissage,10,23K00025406
0772742M,125,Apprentissage,28,32211020116
0801742J,55,Apprentissage,10,32211025014
0772742M,145,Apprentissage,60,32211031213
0772742M,211,Apprentissage,60,32211031212
0772742M,62,Apprentissage,25,32211031409
0772742M,148,Apprentissage,84,32211032612
0772742M,27,Apprentissage,28,32211033422
0772742M,110,Apprentissage,15,32211033426
0780004F,91,Scolaire,24,32212021114
0780004F,254,Scolaire,27,32212021401
0301654K,95,Apprentissage,3,32211033206
0780422K,514,Scolaire,18,32211031212
0780422K,381,Scolaire,35,32211031408
0780582J,696,Scolaire,33,32211032612
0781069N,52,Scolaire,42,32212021115
0781297L,649,Scolaire,33,32211031213
0781297L,609,Scolaire,33,32211031312
0781297L,321,Scolaire,33,32211031408
0781512V,579,Scolaire,35,32211031409
0781578S,231,Scolaire,60,32211033422
0781578S,1940,Scolaire,70,32211033426
0061909T,106,Apprentissage,16,32211033608
0081150G,17,Apprentissage,15,32211031408
0081150G,24,Apprentissage,15,32211031409
0596906L,35,Apprentissage,20,32211031213
0260023J,87,Apprentissage,24,32211031311
0260023J,106,Apprentissage,8,32211025520
0180008L,43,Apprentissage,3,32211025520
0371099U,111,Apprentissage,5,32211025520
0370038R,255,Apprentissage,22,32211032409
0451442Y,165,Scolaire,15,32211033206
0781839A,300,Scolaire,35,32211031212
0781839A,215,Scolaire,35,32211031409
0781845G,761,Scolaire,32,32211032612
0781898P,140,Scolaire,26,32211025005
0597013C,11,Apprentissage,60,32211031213
0781948U,113,Scolaire,15,32211023206
0782092A,197,Apprentissage,60,32211031213
0381861S,7,Apprentissage,10,23K00022703
0782539L,302,Scolaire,30,32211032409
0782539L,319,Scolaire,30,32211031408
0782540M,200,Scolaire,22,32211025520
0782546U,1048,Scolaire,35,32211031213
0782549X,143,Scolaire,24,32211025520
0782549X,502,Scolaire,35,32211031213
0782556E,155,Scolaire,23,32211020111
0782556E,381,Scolaire,26,32211025520
0782557F,493,Scolaire,35,32211032409
0782557F,498,Scolaire,30,32211033002
0782557F,1983,Scolaire,33,32211031215
0782557F,740,Scolaire,35,32211031408
0241056T,12,Apprentissage,3,32211033422
0133395V,155,Apprentissage,45,32211031103
0133395V,196,Apprentissage,12,32211031213
0740100G,41,Apprentissage,1,32211033112
9720695Y,10,Apprentissage,8,32211022710
9720695Y,28,Apprentissage,6,32211025001
9720695Y,70,Apprentissage,8,32211025215
0694434V,103,Apprentissage,20,32211031212
0694434V,44,Apprentissage,20,32211031409
0912422N,32,Apprentissage,20,32211032409
0912422N,49,Apprentissage,20,32211022711
0596906L,98,Apprentissage,20,32211033426
0312723S,192,Apprentissage,50,32211032003
0731586C,88,Apprentissage,12,32211031312
0731586C,43,Apprentissage,12,32211031313
0782565P,271,Scolaire,24,32211020009
0782565P,1840,Scolaire,29,32211020116
0782565P,136,Scolaire,23,32211022316
0782565P,375,Scolaire,28,32211025520
0782565P,413,Scolaire,29,32211025521
0782565P,794,Apprentissage,10,32211020116
0782565P,315,Apprentissage,20,32211025520
0782567S,899,Scolaire,35,32211034502
0782567S,436,Scolaire,35,32211032409
0782567S,1821,Scolaire,60,32211033112
0782567S,1046,Scolaire,35,32211031213
0782567S,1130,Scolaire,35,32211031212
0782567S,670,Scolaire,35,32211031408
0782587N,128,Scolaire,15,32211022709
0782587N,112,Scolaire,15,32211025015
0782822U,494,Scolaire,32,32211031313
0782924E,1304,Scolaire,35,32211031212
0782924E,807,Scolaire,35,32211031313
0782924E,603,Scolaire,35,32211031408
0750691U,16,Apprentissage,10,23K00022705
0782822U,814,Apprentissage,24,32211031212
0783323N,117,Apprentissage,20,32211032409
0783323N,260,Apprentissage,25,32211031213
0783323N,134,Apprentissage,20,32211031409
0783344L,105,Scolaire,32,32211022208
0783344L,219,Scolaire,40,32211031213
0783344L,267,Apprentissage,20,32211031215
0783344L,131,Apprentissage,25,32211032003
0542161F,212,Apprentissage,30,32211031212
0783351U,1018,Scolaire,35,32211031215
0783351U,523,Scolaire,35,32211031213
0783351U,93,Apprentissage,30,32211032409
0783351U,275,Apprentissage,60,32211031213
0783351U,279,Apprentissage,60,32211031212
0783351U,140,Apprentissage,30,32211031409
0783455G,201,Scolaire,28,32212021308
0783533S,402,Scolaire,35,32211031213
0783533S,261,Scolaire,35,32211031409
0790007D,146,Scolaire,24,32211031409
0142375F,32,Apprentissage,5,32211031409
0790019S,129,Scolaire,24,32211031409
0142375F,79,Apprentissage,5,32211031213
0790024X,100,Scolaire,15,32211025014
0790024X,110,Scolaire,24,32211025415
0790024X,119,Scolaire,24,32211025417
0790024X,120,Scolaire,24,32211025520
0790024X,63,Scolaire,24,32211022711
0353117Y,117,Apprentissage,3,32211031212
0353117Y,34,Apprentissage,2,32211031409
0542161F,93,Apprentissage,30,32211032409
0353117Y,55,Apprentissage,2,32211032003
9710993C,145,Scolaire,30,32211033426
0261504U,70,Apprentissage,24,32211031311
0261504U,269,Apprentissage,24,32211031212
0492389F,5,Apprentissage,8,23G00021108
0632081V,117,Apprentissage,30,32211033426
0763559F,119,Apprentissage,54,32211031212
0382896S,44,Apprentissage,20,32211031312
0763559F,71,Apprentissage,54,32211031103
0353117Y,74,Apprentissage,5,32211031213
0080045F,173,Scolaire,18,32211031312
0790029C,196,Scolaire,35,32211031213
0790036K,50,Scolaire,24,32211022316
0790036K,64,Scolaire,20,32211032409
0790080H,100,Scolaire,18,32211031212
0790080H,57,Scolaire,18,32211032612
0711422K,298,Apprentissage,20,32211031312
0342156J,31,Apprentissage,25,32211033422
0342156J,160,Apprentissage,40,32211031212
0301649E,143,Apprentissage,22,32211022710
0301649E,109,Apprentissage,22,32211025015
0301649E,297,Apprentissage,25,32211033107
0300026R,137,Apprentissage,12,32211023013
0300026R,113,Apprentissage,12,32211023205
0300026R,185,Apprentissage,12,32211023108
0442925R,52,Apprentissage,20,32211031216
0110681F,55,Apprentissage,24,32211025215
0353021U,152,Apprentissage,25,32211031312
0341985Y,121,Apprentissage,30,32211031103
0341919B,93,Apprentissage,10,32211025416
0341919B,105,Apprentissage,12,32211025415
0341919B,46,Apprentissage,6,32211022316
0341919B,90,Apprentissage,14,32211025521
0341919B,84,Apprentissage,18,32211025014
0353021U,220,Apprentissage,25,32211032329
0080047H,38,Apprentissage,15,32211025520
0300106C,60,Apprentissage,16,32211022208
0080008R,42,Apprentissage,12,32211025001
0300106C,40,Apprentissage,15,32211020114
0210018F,83,Apprentissage,3,32211022710
0210018F,79,Apprentissage,3,32211025015
0110680E,110,Apprentissage,36,32211031213
0353021U,140,Apprentissage,25,32211032330
0921230M,1011,Scolaire,15,32211033107
0601996U,65,Apprentissage,25,32212021401
0601996U,23,Apprentissage,25,32212021114
0860995P,80,Apprentissage,30,32211031409
0590184E,164,Apprentissage,3,32211032328
0590184E,371,Apprentissage,10,32211032332
0020014E,167,Apprentissage,19,32211031213
0353021U,177,Apprentissage,25,32211032332
0222043B,46,Apprentissage,4,32211025014
0130050J,160,Apprentissage,12,32211023205
0130057S,143,Apprentissage,15,32211023108
9760370Y,342,Scolaire,29,23K00031201
0171418Z,931,Scolaire,31,32211031212
0451653C,41,Apprentissage,14,32211020111
0270003G,132,Scolaire,24,32211031409
0270016W,304,Scolaire,24,32211034502
0270016W,293,Scolaire,35,32211032409
0270016W,295,Scolaire,35,32211031408
0270017X,123,Scolaire,15,32211025014
0270017X,288,Scolaire,18,32211020116
0270017X,66,Scolaire,15,32211022316
0270017X,187,Scolaire,15,32211025521
0270026G,123,Scolaire,24,32211031409
0270044B,59,Scolaire,15,32211020111
0270044B,148,Scolaire,15,32211032409
0270044B,321,Scolaire,35,32211031213
0271016H,83,Scolaire,19,32212021007
0271016H,124,Scolaire,34,32212021015
0271016H,79,Scolaire,18,32212034302
0271053Y,144,Scolaire,35,32211032612
0271070S,206,Scolaire,35,32211031213
0271107G,113,Scolaire,16,32212021401
0271282X,74,Scolaire,18,32211033206
0271431J,71,Scolaire,24,32211025005
0271431J,193,Scolaire,35,32211031213
0271848M,37,Apprentissage,20,32212034302
0271579V,350,Scolaire,30,32211022209
0271580W,165,Scolaire,18,32211031408
0271582Y,312,Scolaire,16,32211033107
0271585B,75,Scolaire,15,32211025520
0271634E,97,Scolaire,36,32211033422
0370053G,168,Scolaire,16,32211020009
0280015P,155,Scolaire,18,32211031409
0280019U,150,Scolaire,24,32211022106
0280019U,584,Scolaire,30,32211033112
0280019U,366,Scolaire,30,32211031213
0280019U,245,Scolaire,30,32211031409
0312686B,16,Apprentissage,9,23K00025123
0280021W,86,Scolaire,15,32211025520
0280036M,193,Scolaire,24,32211031213
0280036M,63,Scolaire,17,32211031408
0280044W,69,Scolaire,10,32211022316
0280044W,110,Scolaire,12,32211025520
0280044W,261,Scolaire,30,32211033002
0280044W,361,Scolaire,32,32211033206
0741437K,42,Scolaire,20,32212034101
0301654K,108,Apprentissage,2,32211033002
0750691U,446,Apprentissage,8,32211022710
0623328F,54,Apprentissage,15,23K00033501
0530068L,149,Scolaire,18,32211034401
0790023W,61,Apprentissage,8,32211032409
0211033J,115,Apprentissage,4,32211025014
0211033J,83,Apprentissage,4,32211025016
0211033J,87,Apprentissage,2,32211025521
0710010A,76,Apprentissage,4,32211033002
0060034E,34,Apprentissage,12,23K00033404
0671636P,140,Apprentissage,18,32211031213
0280665W,89,Scolaire,16,32211022208
0280665W,118,Scolaire,20,32211031409
0280706R,84,Scolaire,13,32212021015
0280706R,74,Scolaire,19,32212022117
0281021H,30,Apprentissage,15,32211025014
0281041E,43,Apprentissage,20,32212022117
0281047L,566,Scolaire,34,32211031213
0281047L,697,Scolaire,34,32211031212
0281047L,305,Scolaire,24,32211031408
0281047L,316,Scolaire,34,32211032612
0731586C,20,Apprentissage,12,32211031311
0281077U,161,Scolaire,24,32211032409
0281077U,492,Scolaire,32,32211031215
0281077U,386,Scolaire,32,32211031213
0281077U,350,Scolaire,24,32211031408
0221593M,163,Apprentissage,22,32212021015
0290008B,849,Scolaire,35,32211031212
0290012F,238,Scolaire,26,32211020111
0290012F,234,Scolaire,26,32211025219
0290012F,183,Scolaire,30,32211025415
0290012F,211,Scolaire,26,32211025520
0290012F,176,Scolaire,12,32211025521
0290013G,1075,Scolaire,35,32211031215
0290013G,663,Scolaire,35,32211031312
0290013G,636,Scolaire,35,32211031409
0290013G,500,Scolaire,35,32211031408
0290018M,113,Scolaire,26,32212021015
0290018M,160,Scolaire,32,32212021206
0290022S,157,Scolaire,24,32211031409
0290044R,556,Scolaire,30,32211023305
0290044R,193,Scolaire,27,32211023411
0290044R,171,Scolaire,25,32211031216
0290051Y,716,Scolaire,30,32211025303
0290051Y,139,Scolaire,15,32211020009
0290051Y,89,Scolaire,15,32211025005
0290062K,493,Scolaire,34,32211033426
0290070U,382,Scolaire,28,32211034502
0290070U,294,Scolaire,24,32211032409
0290070U,237,Scolaire,24,32211033002
0290070U,318,Scolaire,24,32211032612
0290070U,411,Scolaire,28,32211033206
0290071V,162,Scolaire,30,32211025014
0290071V,164,Scolaire,30,32211025416
0756019K,91,Apprentissage,100,32211033422
0620161N,146,Apprentissage,15,32211031212
0620161N,73,Apprentissage,15,32211032409
0694430R,141,Apprentissage,60,32211031213
0081059H,20,Apprentissage,30,32211031409
9840267T,18,Scolaire,12,23K00032601
0333405X,46,Apprentissage,25,32211031409
0333405X,54,Apprentissage,30,32211031213
0290071V,122,Scolaire,30,32211022711
0290076A,450,Scolaire,35,32211031212
0290098Z,606,Scolaire,31,32211031213
0290108K,126,Scolaire,15,32211022709
0290108K,383,Scolaire,35,32211023012
0290126E,648,Scolaire,63,32212021308
0290156M,133,Scolaire,30,32211032612
0290159R,103,Scolaire,18,32211031311
0290159R,177,Scolaire,35,32211031313
0290170C,95,Scolaire,15,32211022316
0290170C,105,Scolaire,15,32211025520
0290170C,336,Scolaire,30,32211031215
0290170C,455,Scolaire,30,32211031212
0290170C,277,Scolaire,30,32211031409
0290170C,123,Scolaire,30,32211031408
0290171D,174,Scolaire,35,32211032409
0290177K,154,Scolaire,30,32211031215
0290181P,201,Scolaire,35,32211032409
0290181P,297,Scolaire,35,32211031409
0290181P,191,Scolaire,35,32211031408
0290181P,504,Scolaire,47,32211032003
0290184T,59,Scolaire,30,32211020111
0290186V,116,Scolaire,70,32211033422
0290335G,138,Scolaire,30,32211025014
0290335G,54,Scolaire,15,32211025521
0290335G,484,Scolaire,35,32211031213
0290336H,484,Scolaire,35,32211031212
0290336H,212,Scolaire,35,32211032612
0290340M,446,Scolaire,35,32211033426
0290341N,186,Scolaire,32,32212021401
0632081V,46,Apprentissage,30,32211032409
0632081V,41,Apprentissage,30,32211031409
0632081V,69,Apprentissage,30,32211031213
0382896S,67,Apprentissage,20,32211032003
0312838S,100,Apprentissage,20,32211031409
0541361L,116,Apprentissage,20,32211032003
0541361L,132,Apprentissage,20,32211031212
0541361L,119,Apprentissage,25,32211031213
0061542U,89,Apprentissage,15,32211031409
0061542U,131,Apprentissage,20,32211031213
0061542U,59,Apprentissage,15,32211031408
0763559F,56,Apprentissage,27,32211032409
0922676J,58,Apprentissage,30,32211031408
0751710B,142,Scolaire,15,32211034304
0593395V,237,Scolaire,20,32212021401
0754292H,469,Apprentissage,50,32211033107
0353021U,141,Apprentissage,25,32211031313
0594278E,107,Scolaire,30,32211020113
0594278E,97,Scolaire,30,32211025520
0594278E,31,Scolaire,30,32211025521
0594278E,33,Apprentissage,20,32211025415
9840267T,153,Scolaire,17,32211034401
0353021U,85,Apprentissage,25,32211031408
0860039A,315,Scolaire,15,32211034401
0631968X,11,Apprentissage,15,32211022316
0080047H,37,Scolaire,6,23K00025509
0080047H,25,Scolaire,6,23K00025510
9740472V,133,Scolaire,12,32211025520
9740921H,365,Scolaire,15,32211031103
0133334D,123,Apprentissage,12,32211031212
0353021U,136,Apprentissage,25,32211031212
0353021U,43,Apprentissage,25,32211031311
0353021U,61,Apprentissage,25,32211032409
0353021U,90,Apprentissage,25,32211031409
0353021U,119,Apprentissage,25,32211031213
0353021U,188,Apprentissage,25,32211033426
0353021U,239,Apprentissage,25,32211031215
0142467F,133,Apprentissage,54,32211031212
0353021U,33,Apprentissage,25,32211031216
0353021U,99,Apprentissage,25,32211034502
0390786T,41,Apprentissage,4,32211031409
0594424N,1052,Scolaire,35,32211031213
0595124Z,129,Scolaire,36,32212021015
0595616J,93,Scolaire,24,32211031216
0595616J,151,Scolaire,35,32211032409
0595616J,213,Scolaire,35,32211031409
0595657D,56,Scolaire,20,32211032409
0595657D,91,Scolaire,20,32211031409
0595657D,220,Scolaire,45,32211033206
0595786U,135,Scolaire,17,32211023205
0595786U,743,Scolaire,17,32211023305
0595786U,474,Scolaire,34,32211023012
0595786U,256,Scolaire,32,32211023013
0595786U,284,Scolaire,30,32211023108
0595786U,141,Scolaire,18,32211023412
0595786U,168,Scolaire,15,32211023411
0595786U,204,Scolaire,17,32211025416
0595809U,211,Scolaire,30,32211020113
0595809U,378,Scolaire,45,32211022208
0595809U,437,Scolaire,30,32211022209
0595867G,475,Scolaire,35,32211032409
0595867G,1904,Scolaire,35,32211031215
0595884A,65,Scolaire,24,32211031216
0595884A,94,Scolaire,24,32211032409
0595884A,260,Scolaire,59,32211031213
0595884A,126,Scolaire,24,32211031408
0595885B,210,Scolaire,35,32211032409
0595885B,347,Scolaire,35,32211031212
0595885B,198,Scolaire,35,32211031408
0900460L,38,Apprentissage,24,32211031409
0900460L,80,Apprentissage,24,32211031213
0261505V,493,Apprentissage,12,32211031212
0261505V,179,Apprentissage,8,32211031408
9720947X,146,Apprentissage,12,32211033426
0120012Y,27,Apprentissage,2,32211031409
0490910Y,26,Apprentissage,12,32211031408
0490910Y,21,Apprentissage,12,32211032409
0382050X,98,Apprentissage,20,32211031213
0383474V,58,Apprentissage,20,32211031311
0596854E,97,Scolaire,30,32211020111
0596854E,228,Scolaire,38,32211031213
0596854E,125,Scolaire,24,32211031409
0596854E,407,Scolaire,38,32211032003
0590011S,110,Apprentissage,12,32211022208
0600001A,196,Scolaire,33,32211031216
0600001A,244,Scolaire,33,32211032409
0600001A,812,Scolaire,33,32211031215
0600001A,363,Scolaire,33,32211031408
0600002B,134,Scolaire,15,32211025014
0721476N,26,Apprentissage,13,23G00021407
0332814E,43,Apprentissage,10,32211022316
0741476C,113,Apprentissage,15,32211025520
0880101G,25,Apprentissage,4,32211031216
0880101G,41,Apprentissage,8,32211031408
0730763H,77,Apprentissage,12,32211031409
0132193N,51,Scolaire,12,44210099901
0382050X,96,Apprentissage,15,32211031312
0382050X,48,Apprentissage,20,32211032328
0851307J,44,Apprentissage,12,23G00021215
0741739N,126,Apprentissage,30,32211031213
0921625S,1716,Apprentissage,20,32211031213
0382050X,96,Apprentissage,7,32211032329
0880101G,141,Apprentissage,16,32211031212
0010070W,160,Scolaire,24,32211031215
0132193N,26,Scolaire,12,44210099901
0382050X,66,Apprentissage,8,32211032330
0790768F,165,Scolaire,27,32212021207
0790768F,231,Scolaire,19,32212022115
0790768F,394,Scolaire,32,32212021308
0790928E,86,Apprentissage,12,32211025215
0791005N,50,Scolaire,40,32212021015
0791005N,40,Scolaire,30,32212034101
0791062A,174,Scolaire,18,32211033002
0791062A,468,Scolaire,24,32211033112
0791062A,522,Scolaire,32,32211031212
0791062A,314,Scolaire,29,32211031311
0791062A,253,Scolaire,24,32211032612
0180036S,42,Apprentissage,6,32211020009
0401007C,65,Apprentissage,12,32211025520
0530004S,87,Apprentissage,5,32211031213
0142454S,45,Apprentissage,25,23K00033501
0132922F,143,Apprentissage,15,32211031212
0720003M,41,Apprentissage,2,32211025016
0030888Z,66,Apprentissage,12,32212021304
0791171U,106,Scolaire,12,32211020116
0922676J,22,Apprentissage,30,32211031409
0791171U,125,Scolaire,24,32211031213
0791171U,84,Scolaire,18,32211031408
0791171U,121,Scolaire,32,32211033206
0800001S,96,Scolaire,24,32211032409
0800001S,223,Scolaire,35,32211031213
0800001S,299,Scolaire,24,32211033426
0800007Y,38,Scolaire,15,32211020111
0800007Y,187,Scolaire,35,32211031212
0360024F,111,Scolaire,15,32211025215
0300127A,216,Apprentissage,25,32211031213
0800011C,266,Scolaire,24,32211032409
0800011C,319,Scolaire,18,32211033002
0800011C,1050,Scolaire,35,32211031215
0800011C,828,Scolaire,35,32211031212
0800011C,346,Scolaire,18,32211031311
0800011C,537,Scolaire,35,32211031313
0800011C,450,Scolaire,18,32211031408
0800011C,412,Scolaire,35,32211032612
0800011C,614,Scolaire,53,32211033206
0800046R,105,Scolaire,24,32211031103
0801207C,261,Scolaire,32,32211031213
0801209E,287,Scolaire,24,32211033426
0801272Y,440,Scolaire,32,32212022115
0801272Y,107,Scolaire,22,32212034302
0801300D,46,Apprentissage,20,32211020009
0801300D,57,Apprentissage,20,32211025014
0801300D,24,Apprentissage,20,32211020111
0801300D,12,Apprentissage,20,32211022316
0801300D,4,Apprentissage,20,32211025520
0801327H,141,Scolaire,15,32211025014
0801327H,450,Scolaire,24,32211020116
0801327H,325,Scolaire,24,32211025521
0801327H,170,Scolaire,18,32211031216
0755545V,97,Apprentissage,20,32211031408
0755545V,150,Apprentissage,20,32211031312
0383166K,17,Apprentissage,6,23G00021218
0280015P,72,Apprentissage,6,32211031409
0370038R,281,Apprentissage,15,32211031408
0300002P,70,Apprentissage,2,32211033206
0383173T,48,Apprentissage,15,32211023109
0753396J,71,Apprentissage,15,32211031213
0753396J,387,Apprentissage,20,32211031215
0060022S,138,Apprentissage,15,32211022711
0060043P,335,Apprentissage,10,32211033608
0762624P,889,Apprentissage,30,32211031212
0100022V,396,Scolaire,24,32211031313
0310053P,229,Apprentissage,5,32211023306
0801479Y,126,Scolaire,35,32211032409
0801479Y,161,Scolaire,24,32211033002
0801479Y,195,Scolaire,35,32211031409
0801479Y,199,Scolaire,53,32211031408
0801479Y,158,Scolaire,35,32211032612
0801613U,186,Scolaire,40,32212022115
0801613U,83,Scolaire,40,32212022117
0801700N,361,Scolaire,29,32211022209
0801700N,216,Scolaire,28,32211025215
0801700N,157,Scolaire,24,32211025520
0801720K,40,Scolaire,10,32212021015
0801742J,203,Scolaire,30,32211020116
0801742J,87,Scolaire,30,32211025520
0801841S,294,Scolaire,24,32211032409
0381629P,1070,Scolaire,3400,32211033115
0381629P,353,Scolaire,2000,32211033206
0801853E,139,Scolaire,24,32211031409
0801864S,43,Scolaire,15,32211025005
0801864S,40,Scolaire,15,32211025520
0801882L,823,Scolaire,35,32211031213
0801882L,697,Scolaire,35,32211031312
0801882L,491,Scolaire,35,32211031409
0801888T,60,Scolaire,35,32211033422
0040533H,49,Apprentissage,4,32211020111
0802105D,48,Apprentissage,15,32211025014
0810004P,211,Scolaire,24,32211020009
0810004P,167,Scolaire,15,32211020111
0810004P,428,Scolaire,30,32211020116
0810004P,79,Scolaire,15,32211022316
0810004P,217,Scolaire,30,32211025520
0810004P,183,Scolaire,24,32211025521
0810004P,222,Scolaire,30,32211031216
0810004P,443,Scolaire,35,32211031408
0810012Y,62,Scolaire,12,32211025213
0810012Y,41,Scolaire,12,32211025218
0810018E,567,Scolaire,24,32211033107
0810023K,386,Scolaire,33,32211031213
0810079W,73,Scolaire,24,32211031212
0810095N,151,Scolaire,24,32211033002
0810103X,68,Scolaire,25,32211032409
0383471S,99,Apprentissage,50,32211031213
0491941U,37,Apprentissage,16,32212021401
0681955F,188,Apprentissage,30,32211032003
0756074V,120,Apprentissage,45,32211032612
0810121S,248,Scolaire,36,32212021015
0810121S,165,Scolaire,34,32212034302
0810121S,345,Scolaire,36,32212021401
0810833R,59,Scolaire,24,32212021015
0810959C,150,Scolaire,14,32211022106
0810959C,145,Scolaire,14,32211025014
0810959C,428,Scolaire,34,32211031213
0810959C,475,Scolaire,34,32211031212
0381629P,389,Scolaire,2000,32211033002
0381629P,703,Scolaire,1500,32211020116
0381629P,45,Scolaire,800,32211033422
0811106M,23,Scolaire,15,32212031203
0811106M,38,Scolaire,15,32212021015
0811239G,139,Apprentissage,27,32211025215
0811267M,123,Apprentissage,32,32211031213
0811267M,42,Apprentissage,24,32211031409
0720033V,229,Scolaire,13,32211020009
0830053G,378,Apprentissage,15,32211031409
0700905D,96,Scolaire,7,32211020111
0040533H,95,Scolaire,15,32211025014
0694434V,60,Apprentissage,20,32211031103
0171438W,199,Apprentissage,80,32211033426
0171438W,64,Apprentissage,25,32211032409
0171438W,100,Apprentissage,40,32211031409
0341919B,75,Apprentissage,8,32211025001
9760363R,1497,Scolaire,36,32211033206
0292038H,27,Apprentissage,20,32211031103
0622807P,58,Scolaire,15,23K00033413
0383350K,68,Apprentissage,50,32211031408
0754030Y,781,Scolaire,45,32211024207
0932893P,137,Apprentissage,60,32211031409
0690037R,1249,Scolaire,30,32211024207
0694070Z,107,Apprentissage,60,32211031408
0590215N,485,Scolaire,30,32211024207
0755437C,309,Apprentissage,35,32211034502
0880021V,268,Scolaire,24,32211024207
0271691S,185,Apprentissage,50,32211031213
0762572H,11,Apprentissage,12,32211031103
0700958L,8,Apprentissage,25,32212031205
0211530Z,64,Apprentissage,22,32212021015
9740472V,28,Scolaire,10,23K00025123
9730309Y,224,Scolaire,28,32211032612
0333273D,824,Scolaire,30,32211024207
0210019G,533,Scolaire,15,32211024207
0350797B,20,Scolaire,15,23K00031101
0132828D,383,Apprentissage,24,32211031215
0333005M,66,Apprentissage,30,32211031409
0342225J,624,Scolaire,72,32211033422
0342225J,2382,Scolaire,53,32211033426
0331708C,105,Apprentissage,15,32211031409
0310056T,887,Scolaire,15,32211024207
0131782S,43,Apprentissage,5,23K00025406
0331707B,170,Apprentissage,30,32211025215
0332194F,1074,Scolaire,35,32211033426
0333206F,39,Apprentissage,10,32211025014
0333273D,579,Scolaire,35,32211033002
0750650Z,488,Scolaire,24,32211024305
0750677D,2184,Scolaire,60,32211024207
0420996E,60,Scolaire,15,32211023412
6200002H,107,Scolaire,24,32211032612
0080008R,25,Apprentissage,5,32211020009
0160757L,49,Apprentissage,20,32211031409
0160757L,33,Apprentissage,20,32211032409
0341919B,125,Apprentissage,36,32211025520
0511949S,10,Apprentissage,20,32211022003
0130062X,60,Scolaire,14,44210099901
0101016A,350,Scolaire,30,32211024207
0180007K,455,Scolaire,24,32211024207
0210018F,571,Scolaire,14,32211033111
0110007Y,119,Scolaire,15,32211020111
0381666E,111,Scolaire,15,32211025001
0170020E,95,Apprentissage,12,32211023206
0260023J,234,Scolaire,24,32211031409
0161131T,93,Apprentissage,15,32211031215
0161131T,81,Apprentissage,20,32211031212
0171208W,31,Apprentissage,20,32211031409
0171208W,83,Apprentissage,25,32211031312
0171208W,104,Apprentissage,40,32211031213
0860995P,168,Apprentissage,35,32211031212
0861253V,61,Apprentissage,20,32211025014
0400027M,87,Scolaire,11,23K00025308
0596698K,66,Apprentissage,25,32211032003
0596698K,35,Apprentissage,50,32211031212
0342189V,141,Apprentissage,30,32211033426
0471027L,38,Apprentissage,30,32211031213
0831664H,31,Apprentissage,30,32211032612
0590060V,57,Apprentissage,15,32211025014
0341919B,125,Apprentissage,24,32211032612
0170060Y,104,Scolaire,15,32211025521
0670084C,909,Scolaire,24,32211024207
0383208F,166,Scolaire,15,32211032003
0170087C,102,Scolaire,19,32212034302
0922464D,967,Scolaire,28,32211024207
0390029V,91,Apprentissage,12,32211023411
0390033Z,64,Apprentissage,20,32211033422
0521032P,30,Apprentissage,3,32211023411
0391038S,53,Apprentissage,25,32212021112
0400027M,64,Scolaire,11,23K00025310
0881709E,24,Apprentissage,12,32212021114
0831407D,319,Apprentissage,15,32211031313
0830960T,97,Apprentissage,15,32211031103
0753535K,2437,Apprentissage,25,32211031212
0753535K,3064,Apprentissage,50,32211031213
0690128P,160,Apprentissage,14,32211025017
0590185F,258,Apprentissage,15,32211031213
0642147L,24,Apprentissage,15,32211025015
0642147L,25,Apprentissage,15,32211033422
0510036M,15,Apprentissage,10,23K00025406
0710001R,28,Scolaire,10,44210099901
0251893X,87,Apprentissage,24,32211033206
0580555N,64,Apprentissage,22,32211031212
0420034J,140,Apprentissage,17,32211031103
9730001N,180,Scolaire,15,32211022209
0680151V,168,Apprentissage,26,32211031213
0050012L,21,Apprentissage,32,32212031204
0291208F,118,Scolaire,19,32212021207
0291751W,77,Scolaire,20,32212031205
0291790N,86,Scolaire,50,32212021015
0291792R,33,Apprentissage,22,32211032409
0291792R,163,Apprentissage,44,32211031213
0291792R,169,Apprentissage,22,32211031212
0291842V,14,Scolaire,15,32212031205
0290168A,124,Scolaire,35,32211031103
0292047T,318,Scolaire,35,32211031213
0292252R,119,Apprentissage,15,32211023412
0292258X,54,Apprentissage,16,32211020009
0292258X,67,Apprentissage,32,32211025014
0292258X,34,Apprentissage,16,32211022316
0292258X,74,Apprentissage,32,32211025415
0300002P,74,Scolaire,15,32211020111
0300002P,203,Scolaire,14,32211025001
0300002P,96,Scolaire,15,32211025415
0353078F,89,Apprentissage,8,32211032003
0300023M,1606,Scolaire,35,32211031215
0300023M,1313,Scolaire,35,32211031213
0300023M,1349,Scolaire,53,32211031212
0300023M,596,Scolaire,35,32211031311
0300026R,208,Scolaire,15,32211023205
0300026R,227,Scolaire,15,32211025014
0300026R,673,Scolaire,30,32211020116
0300026R,514,Scolaire,30,32211023012
0300026R,284,Scolaire,30,32211023013
0300026R,262,Scolaire,15,32211023206
0300026R,387,Scolaire,30,32211023108
0300026R,283,Scolaire,30,32211025520
0300026R,300,Scolaire,15,32211025521
0300026R,216,Scolaire,30,32211022711
0300027S,524,Scolaire,35,32211032409
0300027S,796,Scolaire,35,32211031313
0300027S,895,Scolaire,35,32211031409
0300027S,861,Scolaire,35,32211031408
0300077W,79,Scolaire,22,32211031409
0300080Z,112,Scolaire,20,32211022710
0300080Z,334,Scolaire,30,32211033107
0300112J,286,Scolaire,32,32211031213
0300112J,246,Scolaire,32,32211031409
0755810H,110,Apprentissage,12,32211033426
0741627S,66,Apprentissage,16,32211033206
0011073L,48,Apprentissage,10,32211031213
0511383B,33,Apprentissage,8,32211022709
0400007R,58,Apprentissage,15,32211025014
9711071M,99,Apprentissage,4,32211025014
0300112J,352,Scolaire,34,32211032003
0300112J,289,Scolaire,60,32211032612
0300125Y,61,Scolaire,16,32211025014
0300125Y,72,Scolaire,16,32211020113
0300125Y,88,Scolaire,16,32211022709
0300125Y,108,Scolaire,15,32211025215
0300127A,209,Scolaire,35,32211032409
0300127A,189,Scolaire,35,32211031408
0300127A,517,Scolaire,53,32211033426
0300139N,133,Scolaire,27,32212021112
0300139N,173,Scolaire,32,32212034302
0300139N,269,Scolaire,31,32212021401
0300950V,179,Scolaire,26,32211025014
0300950V,137,Scolaire,15,32211020113
0300950V,295,Scolaire,28,32211031213
0300950V,238,Scolaire,16,32211031409
0301286K,65,Apprentissage,25,32211032409
0301286K,135,Apprentissage,50,32211031213
0301286K,130,Apprentissage,25,32211031212
0301286K,82,Apprentissage,28,32211031409
0301433V,33,Scolaire,25,32212021114
0301435X,73,Apprentissage,15,32212034302
0301435X,155,Apprentissage,20,32212021401
0301552Z,304,Scolaire,18,32211031216
0301552Z,1131,Scolaire,35,32211031312
0301654K,344,Scolaire,18,32211033002
0301654K,290,Scolaire,24,32211033206
0301778V,263,Scolaire,38,32211031213
0301778V,187,Scolaire,38,32211031408
0310017A,166,Scolaire,24,32211023013
0310017A,164,Scolaire,15,32211023206
0310024H,1062,Scolaire,35,32211031212
0310088C,660,Scolaire,15,32211023305
0310088C,143,Scolaire,15,32211023411
0310032S,185,Scolaire,12,32211031409
0310032S,155,Scolaire,12,32211031408
0891200W,39,Scolaire,4,32211020009
0891200W,40,Scolaire,4,32211022316
0923033X,159,Apprentissage,85,32211031213
0391146J,78,Apprentissage,35,32211031213
0310039Z,3200,Scolaire,55,32211031212
0310039Z,1586,Scolaire,35,32211031409
0310040A,1450,Scolaire,24,32211031313
0310044E,128,Scolaire,15,32211025522
0310044E,580,Scolaire,48,32211025014
0310044E,287,Scolaire,24,32211020113
0310044E,489,Scolaire,30,32211022208
0310044E,509,Scolaire,24,32211025001
0310044E,738,Scolaire,48,32211025520
0310044E,723,Scolaire,24,32211025521
0310046G,782,Scolaire,83,32211033422
0310046G,2873,Scolaire,33,32211033426
0490904S,34,Apprentissage,20,32211033002
0310047H,1300,Scolaire,70,32211032409
0310047H,4427,Scolaire,70,32211031215
0310047H,973,Scolaire,35,32211031311
0310047H,2201,Scolaire,59,32211031409
0310047H,2387,Scolaire,70,32211031408
0310047H,2493,Scolaire,35,32211032003
0310047H,1315,Scolaire,70,32211032612
0310057U,790,Scolaire,30,32211033608
0311092U,25,Scolaire,12,23K00022704
0311133N,156,Scolaire,15,32211023108
0311177L,235,Scolaire,30,32211020116
0311177L,169,Scolaire,24,32211031409
0311177L,217,Scolaire,24,32211031408
0311177L,153,Scolaire,30,32211032612
0600002B,69,Scolaire,15,32211020111
0600009J,127,Scolaire,24,32211032409
0600009J,229,Scolaire,18,32211031408
0312563T,563,Apprentissage,80,32211033107
0861437V,17,Apprentissage,8,32211031409
0861437V,8,Apprentissage,8,32211032409
0410001D,32,Apprentissage,1,32211020111
0920981S,4,Apprentissage,12,32211025520
0381678T,104,Apprentissage,8,32211031213
0381678T,26,Apprentissage,8,32211033422
0381678T,161,Apprentissage,8,32211031212
0595780M,121,Apprentissage,50,32211032330
0600009J,354,Scolaire,35,32211032612
0600013N,330,Scolaire,35,32211031213
0600013N,257,Scolaire,24,32211031408
0600013N,284,Apprentissage,18,32211031212
0600015R,109,Scolaire,15,32211025014
0600015R,90,Scolaire,24,32211020111
0600015R,115,Scolaire,24,32211031216
0600015R,127,Scolaire,24,32211032409
0600015R,132,Scolaire,24,32211020114
0600020W,92,Scolaire,15,32211025412
0600020W,60,Scolaire,15,32211022314
0600020W,90,Scolaire,15,32211020009
0600020W,91,Scolaire,15,32211020113
0600020W,180,Scolaire,30,32211022208
0600020W,45,Scolaire,22,32211022316
0600020W,135,Scolaire,30,32211025520
0600020W,473,Scolaire,35,32211033112
0600021X,210,Scolaire,35,32211031216
0600021X,201,Scolaire,35,32211032409
0600021X,462,Scolaire,35,32211031213
0600021X,346,Scolaire,35,32211031408
0600021X,184,Scolaire,18,32211033206
0190010H,40,Apprentissage,3,32211031216
0600040T,133,Scolaire,18,32211031409
0600040T,133,Scolaire,18,32211031408
0620140R,56,Apprentissage,8,32211031213
0050012L,19,Apprentissage,32,32212031205
0601149Y,100,Scolaire,24,32211032612
0601194X,168,Scolaire,40,32212021115
0601700X,67,Scolaire,18,32211031409
0601701Y,243,Scolaire,52,32211031215
0601782L,182,Scolaire,18,32212021115
0601782L,103,Scolaire,16,32212021401
0601823F,172,Scolaire,24,32211032409
0601824G,492,Scolaire,24,32211032003
0601826J,520,Scolaire,34,32211031215
0601831P,133,Scolaire,23,32211031212
0601832R,204,Scolaire,35,32211031213
0601863Z,477,Scolaire,35,32211031213
0601863Z,677,Scolaire,35,32211033426
0601864A,325,Scolaire,35,32211031409
0601865B,140,Scolaire,18,32211031409
0141992P,43,Apprentissage,25,32211031408
0110884B,29,Apprentissage,15,32211023013
0261253W,68,Apprentissage,25,32211031408
0132922F,57,Apprentissage,10,32211031408
0810100U,1,Apprentissage,5,32211031103
0131675A,91,Apprentissage,25,32211031212
0380092U,363,Apprentissage,15,32211023305
0132922F,51,Apprentissage,20,32211031213
0132922F,110,Apprentissage,15,32211031312
0131675A,22,Apprentissage,25,32211033422
0131675A,62,Apprentissage,25,32211031213
0721094Y,269,Apprentissage,2,32211031212
0721094Y,213,Apprentissage,2,32211025215
0610001V,72,Scolaire,15,32211025015
0610002W,181,Scolaire,18,32211033002
0610002W,332,Scolaire,33,32211031212
0610002W,160,Scolaire,24,32211031408
0610006A,78,Scolaire,18,32211032409
0610018N,142,Scolaire,24,32211031213
0610021S,19,Scolaire,6,32211022316
0610021S,132,Scolaire,18,32211031409
0610026X,29,Scolaire,6,32211022316
0610694Y,129,Scolaire,35,32211031212
0610698C,42,Scolaire,16,32211032409
0610698C,123,Scolaire,35,32211031213
0610698C,50,Scolaire,16,32211031408
0610790C,193,Scolaire,36,32212021015
0610790C,97,Scolaire,32,32212034101
0610790C,517,Scolaire,66,32212021308
0611130X,189,Apprentissage,24,32212021207
0611148S,182,Scolaire,24,32211031409
0611175W,31,Scolaire,20,32212031203
0611175W,53,Scolaire,20,32212021015
0610006A,139,Scolaire,15,32211023108
0755810H,105,Apprentissage,12,32211031103
0624430D,622,Scolaire,35,32211031312
0624430D,322,Scolaire,35,32211031311
0624430D,167,Scolaire,32,32211025219
0624430D,177,Scolaire,35,32211025520
0620011A,98,Scolaire,24,32211031216
0620040G,202,Scolaire,35,32211032409
0620040G,620,Scolaire,35,32211031215
0620040G,304,Scolaire,35,32211031409
0620040G,102,Apprentissage,15,32211032409
0620040G,148,Apprentissage,15,32211031409
0620042J,101,Scolaire,30,32211020009
0620042J,131,Scolaire,15,32211020111
0620042J,389,Scolaire,30,32211020116
0620042J,538,Scolaire,37,32211031213
0620042J,296,Scolaire,37,32211031408
0620042J,583,Scolaire,37,32211032003
0620042J,323,Scolaire,37,32211032612
0620052V,66,Scolaire,15,32211020009
0620052V,102,Scolaire,30,32211020111
0620052V,60,Scolaire,15,32211022710
0620052V,236,Scolaire,30,32211023012
0271073V,131,Apprentissage,15,32211031212
0133395V,337,Apprentissage,15,32211031212
0251021Z,71,Scolaire,20,32211023013
0790007D,53,Apprentissage,6,32211031409
0150754N,32,Apprentissage,10,23G00021222
0861113T,40,Apprentissage,5,32211025014
6200190M,53,Scolaire,22,32212034302
0922149L,1364,Apprentissage,15,32211033426
0594278E,44,Apprentissage,20,32211020116
0142468G,55,Apprentissage,25,32211020116
0251112Y,17,Apprentissage,10,23K00025509
0772688D,42,Scolaire,12,23K00033413
0932116V,57,Scolaire,12,23K00033413
0620056Z,151,Scolaire,30,32211020111
0620056Z,195,Scolaire,35,32211031216
0620056Z,215,Scolaire,35,32211031408
0620062F,251,Scolaire,40,32211031103
0620062F,330,Scolaire,36,32211031213
0620062F,337,Scolaire,36,32211031312
0620062F,234,Scolaire,24,32211031408
0620063G,191,Scolaire,35,32211032409
0620063G,310,Scolaire,35,32211031212
0620063G,287,Scolaire,35,32211031313
0620063G,416,Scolaire,35,32211033426
0620070P,218,Scolaire,24,32211031408
0620093P,235,Scolaire,24,32211032409
0620093P,306,Scolaire,35,32211031103
0620093P,543,Scolaire,35,32211031213
0620095S,121,Scolaire,32,32211023013
0620095S,198,Scolaire,32,32211023206
0620095S,106,Scolaire,30,32211022711
0620108F,331,Scolaire,35,32211032409
0620108F,503,Scolaire,35,32211031409
0620109G,113,Scolaire,15,32211025014
0620109G,188,Scolaire,30,32211025520
0620109G,202,Scolaire,24,32211031216
0620109G,354,Scolaire,24,32211031408
0620110H,99,Apprentissage,12,32211023412
0620113L,187,Scolaire,30,32211020113
0620113L,83,Scolaire,30,32211025415
0620113L,617,Scolaire,30,32211033112
0620113L,609,Scolaire,35,32211031212
0620120U,106,Scolaire,35,32211032409
0620140R,129,Scolaire,35,32211031213
0620161N,166,Scolaire,35,32211032409
0620161N,259,Scolaire,35,32211031212
0620161N,262,Scolaire,35,32211031409
0620161N,137,Scolaire,24,32211031408
0620166U,220,Scolaire,35,32211031212
0620166U,125,Scolaire,35,32211031409
9740922J,33,Apprentissage,10,32212022117
0620256S,304,Scolaire,59,32211032409
0620256S,586,Scolaire,23,32211031215
0620256S,790,Scolaire,56,32211031213
0620256S,293,Scolaire,35,32211031408
0620256S,398,Scolaire,67,32211032612
0300950V,127,Apprentissage,12,32211025014
0830661T,70,Scolaire,12,23K00032601
0430021P,50,Apprentissage,12,32211031409
0371495Z,20,Apprentissage,30,32211033422
0421975U,89,Apprentissage,20,32211031212
0352961D,94,Apprentissage,12,32211033422
0810018E,311,Apprentissage,32,32311033114
0810018E,388,Apprentissage,32,32211033107
0820004J,271,Scolaire,24,32211031409
0820021C,140,Scolaire,24,32211020111
0820021C,149,Scolaire,12,32211025521
0820021C,331,Scolaire,24,32211033002
0820021C,668,Scolaire,35,32211031213
0820021C,273,Scolaire,17,32211031408
0820559M,50,Scolaire,14,32212031205
0820559M,67,Scolaire,12,32212021114
0820021C,46,Apprentissage,1,32211020111
0820001F,124,Apprentissage,18,32211023206
0820001F,119,Apprentissage,18,32211023108
0830007G,182,Scolaire,24,32211031409
0830015R,530,Scolaire,50,32211031213
0830025B,532,Scolaire,35,32211031213
0830032J,71,Scolaire,15,32211020111
0830032J,241,Scolaire,24,32211020116
0830042V,152,Scolaire,24,32211032409
0830042V,376,Scolaire,24,32211031212
0830042V,257,Scolaire,24,32211031408
0830050D,235,Scolaire,24,32211032409
0830050D,657,Scolaire,35,32211031213
0830050D,586,Scolaire,24,32211031312
0830053G,1027,Scolaire,59,32211031212
0830053G,757,Scolaire,59,32211031409
0830059N,327,Scolaire,16,32211033206
0830077H,61,Scolaire,16,32212021114
0830100H,176,Scolaire,16,32211022209
0830100H,445,Scolaire,36,32211031215
0830923C,147,Scolaire,6,32211025014
0401002X,55,Apprentissage,4,32211031216
0060014H,307,Apprentissage,14,32211033112
0100945Y,83,Apprentissage,20,32211025215
0492220X,65,Apprentissage,7,23G00021215
0830923C,68,Scolaire,4,32211022711
0831141P,170,Scolaire,34,32211031408
0831207L,243,Scolaire,32,32211031213
0831243A,365,Scolaire,26,32211032409
0831243A,406,Scolaire,26,32211033002
0831243A,552,Scolaire,26,32211031408
0831243A,521,Scolaire,33,32211032612
0831407D,1165,Scolaire,35,32211031215
0831440P,303,Scolaire,24,32211033608
0831453D,352,Scolaire,60,32211033422
0831453D,1340,Scolaire,66,32211033426
0831559U,57,Scolaire,15,32211020115
0831563Y,635,Scolaire,28,32211033112
0831616F,142,Scolaire,23,32211022310
0831616F,117,Scolaire,13,32211020113
0831616F,130,Scolaire,21,32211022316
0831616F,231,Scolaire,18,32211025520
0831616F,350,Scolaire,21,32211025521
0831646N,342,Scolaire,24,32211033107
0840004Y,631,Scolaire,38,32211032409
0840004Y,1301,Scolaire,38,32211031212
0840004Y,775,Scolaire,38,32211031408
0840004Y,501,Scolaire,16,32211032612
0840005Z,196,Scolaire,15,32211020009
0840005Z,291,Scolaire,24,32211025014
0840005Z,209,Scolaire,24,32211025520
0840005Z,300,Scolaire,15,32211025521
0840005Z,57,Scolaire,12,32211025216
0840015K,89,Scolaire,15,32211020111
0840015K,58,Scolaire,15,32211022316
0840016L,308,Scolaire,24,32211032409
0840016L,282,Scolaire,24,32211033002
0840016L,397,Scolaire,24,32211031409
0840017M,353,Scolaire,24,32211031103
0840017M,388,Scolaire,24,32211031409
0840021S,236,Scolaire,15,32211020116
0840021S,131,Scolaire,15,32211025521
0840026X,626,Scolaire,24,32211031213
0840059H,328,Scolaire,25,32211031213
0840059H,145,Scolaire,20,32211031408
0840110N,58,Scolaire,16,32212021114
0840110N,119,Scolaire,24,32212022117
0840607D,128,Scolaire,22,32212034101
0840607D,194,Scolaire,22,32212021401
0756073U,194,Apprentissage,13,32211032332
0700905D,25,Apprentissage,2,32211020111
0071455U,37,Apprentissage,15,32212021015
0071455U,38,Apprentissage,20,32212031202
0031067U,95,Apprentissage,25,32212021015
0762624P,431,Apprentissage,30,32211031409
0755584M,224,Apprentissage,30,32211031215
0755584M,90,Apprentissage,30,32211032003
0620188T,21,Apprentissage,10,32211034304
0060674A,44,Apprentissage,30,32211031409
0062375Z,83,Apprentissage,30,32211031212
0631480S,44,Apprentissage,8,32211025216
0110012D,14,Scolaire,15,23K00025508
0840940R,131,Scolaire,18,32211020116
0840940R,136,Scolaire,32,32211025520
0850006V,83,Scolaire,15,32211031408
0850016F,265,Scolaire,32,32211033206
0850016F,474,Scolaire,32,32211033426
0150006A,82,Apprentissage,12,32211031213
0341651K,83,Apprentissage,25,32211033607
0850025R,301,Scolaire,32,32211031409
0850027T,801,Scolaire,15,32211023305
0850027T,94,Scolaire,12,32211020111
0850027T,104,Scolaire,24,32211022709
0850027T,216,Scolaire,30,32211023013
0850027T,57,Scolaire,10,32211022316
0850028U,115,Scolaire,12,32211033422
0850032Y,100,Scolaire,20,32211032409
0850032Y,215,Scolaire,32,32211032612
0850068M,243,Scolaire,24,32211031212
0850068M,132,Scolaire,24,32211031408
0850076W,130,Scolaire,35,32211031213
0850086G,87,Scolaire,14,32211020009
0850086G,103,Scolaire,12,32211020116
0850086G,56,Scolaire,12,32211025521
0850086G,98,Scolaire,18,32211031215
0850130E,76,Scolaire,18,32211031216
0850130E,138,Scolaire,18,32211034502
0850130E,101,Scolaire,24,32211032409
0850130E,458,Scolaire,35,32211031212
0850130E,157,Scolaire,35,32211031408
0850130E,184,Scolaire,35,32211032612
0850133H,231,Scolaire,35,32211031312
0850133H,344,Scolaire,35,32211033426
0850136L,86,Scolaire,24,32211031103
0150006A,92,Apprentissage,15,32211031212
0422327B,21,Apprentissage,20,23G00021220
0310088C,28,Scolaire,8,44210099901
0421976V,127,Apprentissage,1,32211020116
0851642Y,33,Scolaire,15,32211020115
0851642Y,111,Scolaire,15,32211025215
0850142T,128,Scolaire,24,32211031213
0850142T,68,Scolaire,18,32211031408
0850144V,93,Scolaire,24,32212031205
0850144V,620,Scolaire,32,32212021308
0271097W,64,Apprentissage,12,32211025014
0352512R,140,Apprentissage,24,32212021015
0061561P,234,Scolaire,24,32211034401
0360777Z,24,Apprentissage,10,32211031408
0570030Y,100,Apprentissage,50,32211031409
0383537N,66,Apprentissage,25,32212034302
0353021U,99,Apprentissage,25,32211020116
0300027S,594,Scolaire,30,32211024207
0660759S,144,Apprentissage,20,32211033426
0660759S,234,Apprentissage,45,32211031213
0660759S,230,Apprentissage,45,32211031312
0383072H,51,Scolaire,16,32211032612
0660759S,221,Apprentissage,45,32211031212
0800046R,45,Apprentissage,12,32211025213
0830042V,234,Scolaire,24,32211032612
0142106N,82,Apprentissage,40,32211025014
0142106N,63,Apprentissage,30,32211025415
0142106N,60,Apprentissage,40,32211025520
0320002D,315,Scolaire,18,32211033426
9720424D,370,Scolaire,32,32211031213
0940113M,259,Scolaire,24,44210099901
0590223X,68,Scolaire,15,32211025415
0142133T,126,Apprentissage,20,32211023206
0801327H,488,Scolaire,24,32211024207
0600021X,309,Scolaire,14,32211024207
9741233X,306,Scolaire,34,32211032409
9741233X,264,Scolaire,30,32211031408
9741233X,191,Scolaire,30,32211032612
0352025L,91,Scolaire,16,32212021207
0611061X,81,Apprentissage,10,32211031213
0611061X,86,Apprentissage,10,32211031212
0611162G,9,Apprentissage,25,32211022506
0660014G,196,Scolaire,12,32211025521
0932119Y,191,Apprentissage,15,32211023108
0490054T,393,Apprentissage,24,32211024207
0490054T,178,Apprentissage,30,32211024305
0490054T,837,Scolaire,45,32211024207
0490054T,255,Scolaire,15,32211024305
0440279P,248,Scolaire,15,32211024207
0590185F,300,Apprentissage,15,32211031212
0660733N,32,Apprentissage,25,32212031205
0594375K,383,Apprentissage,15,32211031213
0772890Y,91,Apprentissage,15,32211031409
0772890Y,66,Apprentissage,20,32211032409
0772890Y,117,Apprentissage,15,32211031408
0772890Y,191,Apprentissage,15,32211031213
0383474V,86,Apprentissage,20,32211022710
0383474V,62,Apprentissage,20,32211031216
0594375K,308,Apprentissage,15,32211031212
0431012S,144,Apprentissage,25,32212021207
0431012S,142,Apprentissage,25,32212021015
0594658T,114,Scolaire,25,32211034502
0531018U,124,Apprentissage,25,32211031213
0031067U,104,Apprentissage,15,32212021207
0150755P,156,Apprentissage,15,32212021304
0831207L,152,Scolaire,22,32211031313
0750788Z,67,Scolaire,15,23K00022704
0760088H,349,Scolaire,15,32211024207
0222046E,121,Apprentissage,8,32211031409
0950641F,89,Apprentissage,15,32211025415
0930125F,1545,Apprentissage,15,32211031212
0811106M,38,Apprentissage,15,32211033206
0100059K,255,Scolaire,26,32211023305
0160792Z,86,Apprentissage,12,32211023412
0930125F,85,Apprentissage,15,32211031213
0490985E,38,Apprentissage,2,23K00033413
0490984D,3,Apprentissage,2,23K00022705
0330069W,605,Scolaire,45,32211033608
0851412Y,4,Apprentissage,4,23K00022704
0851412Y,1,Apprentissage,4,23K00022705
0730760E,46,Apprentissage,15,32211031212
0134009M,1182,Scolaire,35,32211033107
0542262R,71,Apprentissage,15,32211022709
0542262R,82,Apprentissage,15,32211025015
0590249A,124,Scolaire,16,32211022106
0941355M,186,Apprentissage,16,32211022316
0790036K,24,Apprentissage,2,32211032409
0851412Y,3,Apprentissage,6,23K00023304
0790024X,26,Apprentissage,4,32211025417
0130063Y,382,Scolaire,16,32211033608
0352722U,33,Apprentissage,15,32211025014
0340076Y,173,Apprentissage,12,32211025215
0492220X,1,Apprentissage,10,23G00021108
0520028Y,166,Scolaire,15,32211034303
0260113G,432,Scolaire,15,32211034303
0694396D,22,Apprentissage,10,32211031311
0694396D,52,Apprentissage,10,32211034502
0840110N,280,Apprentissage,24,32212022115
0590122M,245,Apprentissage,12,32211033002
0593063J,106,Apprentissage,12,32211023305
0790036K,26,Apprentissage,4,32211022316
0861360L,34,Apprentissage,16,32211025218
0450064A,228,Scolaire,15,32211023012
0451565G,91,Scolaire,24,32212021401
0753815P,162,Apprentissage,20,32211031408
0590111A,65,Scolaire,18,23K00031201
0160862A,51,Apprentissage,6,32211031103
0951618T,86,Apprentissage,24,32211033422
0910808J,116,Apprentissage,15,32211031311
0750696Z,2307,Scolaire,24,32211031212
0650028C,7,Apprentissage,10,23K00022705
0030905T,35,Apprentissage,6,32211025218
9740078S,276,Scolaire,16,32212021308
0750691U,311,Apprentissage,8,32211022710
0370749N,295,Scolaire,18,32211031212
0750691U,597,Apprentissage,10,32211025520
0190866N,29,Apprentissage,10,23G00021406
0190866N,32,Apprentissage,6,23G00021006
0300002P,45,Scolaire,15,32211022316
0311177L,443,Scolaire,35,32211033115
0311177L,313,Scolaire,70,32211033206
0311177L,373,Scolaire,48,32211033426
0311186W,626,Scolaire,46,32211031215
0311186W,546,Scolaire,35,32211031213
0311186W,153,Scolaire,23,32211031409
0311213A,156,Scolaire,35,32211032409
0311213A,440,Scolaire,35,32211031213
0311213A,175,Scolaire,24,32211031409
0311262D,306,Scolaire,35,32212021015
0311262D,393,Scolaire,35,32212021115
0311262D,1046,Scolaire,35,32212022115
0311270M,36,Scolaire,30,32212021114
0311323V,1213,Scolaire,35,32211031408
0741101V,78,Apprentissage,15,32211031103
0680008P,296,Apprentissage,15,32211031213
9741090S,77,Apprentissage,10,32212021401
9741090S,9,Apprentissage,6,23G00021406
0755584M,170,Apprentissage,30,32211031313
0755584M,56,Apprentissage,30,32211031213
0312093G,93,Apprentissage,4,32211020111
0631068U,28,Apprentissage,4,32211020009
0631068U,161,Apprentissage,8,32211031212
0680008P,154,Apprentissage,15,32211031408
0851403N,71,Apprentissage,15,32211031409
0311586F,776,Scolaire,18,32211034502
0311586F,3422,Scolaire,35,32211031213
0311717Y,206,Apprentissage,40,32211031212
0311717Y,109,Apprentissage,40,32211031408
0311717Y,84,Apprentissage,40,32211032612
0311717Y,53,Apprentissage,60,32211033422
0820904M,136,Scolaire,12,32211031312
0131690S,22,Apprentissage,14,23G00021406
0851372E,14,Apprentissage,16,23G00021407
0212109D,67,Apprentissage,3,32211020116
0641545G,112,Scolaire,18,32212022115
0690651H,12,Apprentissage,8,23K00022704
0311902Z,741,Scolaire,30,32211031216
0311902Z,1446,Scolaire,30,32211033112
0312061X,327,Scolaire,30,32211032325
0312093G,274,Scolaire,30,32211020111
0312093G,992,Scolaire,30,32211020116
0312267W,1620,Scolaire,12,32211032329
0312267W,976,Scolaire,12,32211032330
0312267W,1369,Scolaire,12,32211032332
0312267W,857,Scolaire,12,32211032328
0312289V,380,Scolaire,30,32211020009
0312290W,1436,Scolaire,35,32211031213
0312290W,1374,Scolaire,24,32211031312
0312330P,138,Apprentissage,20,32212021207
0312331R,29,Apprentissage,6,32212031205
0312331R,255,Apprentissage,32,32212021401
0312354R,169,Scolaire,30,32212021007
0062221G,88,Apprentissage,30,32211031213
0312408Z,202,Scolaire,30,32211022209
0312408Z,391,Scolaire,35,32211031213
0312408Z,471,Scolaire,35,32211031212
9710067W,53,Scolaire,18,32211025520
9710067W,46,Scolaire,18,32211022711
0312686B,2056,Scolaire,24,32211025303
0311324W,1333,Apprentissage,20,32211031213
0310032S,53,Apprentissage,6,32211031409
0311902Z,407,Apprentissage,10,32211031216
0312759F,449,Scolaire,30,32211025215
0312759F,139,Scolaire,19,32211025216
0312822Z,233,Scolaire,24,32211022709
0312822Z,198,Scolaire,23,32211022711
0320002D,323,Scolaire,35,32211031213
0601211R,258,Apprentissage,20,32211033426
0320030J,33,Scolaire,15,23K00025508
0320039U,180,Scolaire,15,32212021115
0320039U,81,Scolaire,15,32212022117
0320067Z,161,Scolaire,15,32211023205
0320067Z,246,Scolaire,24,32211023012
0320067Z,137,Scolaire,24,32211023412
0320067Z,130,Scolaire,15,32211025416
0320633P,238,Scolaire,45,32212021308
0320677M,90,Apprentissage,40,32212021015
0320749R,55,Apprentissage,20,32212021112
0320677M,35,Apprentissage,30,32212022117
0131391S,140,Apprentissage,20,32211031409
0352503F,114,Apprentissage,16,32211031212
0920680P,332,Apprentissage,17,32211025014
0632059W,64,Scolaire,12,32211032329
0352927S,31,Apprentissage,16,32211025015
0511146U,73,Apprentissage,12,32211025215
0251773S,34,Apprentissage,20,23G00021220
0040011R,15,Scolaire,12,23K00025406
0011444P,111,Apprentissage,20,32212021015
0011444P,166,Apprentissage,20,32212021207
0342225J,208,Apprentissage,15,32211033422
0030124U,12,Apprentissage,6,32211033607
0300027S,186,Apprentissage,3,32211032409
0840607D,97,Scolaire,22,32212021015
0492389F,46,Apprentissage,8,23G00021406
0620150B,2,Scolaire,7,23K00022704
0320030J,20,Apprentissage,2,32211022316
0330018R,481,Scolaire,30,32211023012
0330018R,228,Apprentissage,15,32211023206
0340076Y,107,Apprentissage,12,32211025415
0352710F,96,Apprentissage,25,32211031212
0330027A,1416,Scolaire,35,32211031212
0330027A,643,Scolaire,35,32211031408
0330027A,530,Apprentissage,18,32211031408
0330028B,378,Scolaire,32,32211020009
0330028B,360,Scolaire,30,32211025014
0330028B,565,Scolaire,62,32211025520
0330028B,2471,Scolaire,35,32211031213
0330028B,2126,Scolaire,35,32211031212
0330028B,921,Scolaire,35,32211031408
0330028B,986,Scolaire,64,32211032612
0330029C,577,Scolaire,35,32211032409
0330029C,3327,Scolaire,68,32211031215
0330029C,2010,Scolaire,58,32211031212
0330029C,1099,Scolaire,33,32211031409
0330088S,217,Scolaire,35,32211032409
0330088S,576,Scolaire,35,32211031213
0330089T,163,Scolaire,30,32211025014
0330126H,673,Scolaire,35,32211032409
0330126H,258,Scolaire,18,32211031213
0330126H,1388,Scolaire,35,32211031212
0330126H,1137,Scolaire,35,32211031409
0330126H,716,Scolaire,35,32211031408
0330126H,1933,Scolaire,35,32211032003
0330135T,236,Scolaire,27,32211020111
0330135T,938,Scolaire,27,32211020116
0330135T,132,Scolaire,27,32211020115
0330135T,227,Scolaire,13,32211025001
0330135T,204,Scolaire,27,32211022316
0330135T,185,Scolaire,27,32211025415
0330135T,564,Scolaire,27,32211025521
0790928E,12,Apprentissage,2,23K00025409
0342189V,123,Apprentissage,30,32211031213
0400018C,174,Apprentissage,15,32211031213
0070031W,265,Scolaire,18,32211034401
0212245B,214,Apprentissage,50,32211031213
0212245B,243,Apprentissage,50,32211031212
0212245B,112,Apprentissage,50,32211031409
0650065T,66,Apprentissage,5,32211034401
9840482B,104,Scolaire,12,32211025215
0700796K,75,Apprentissage,24,32211033107
0810079W,34,Apprentissage,18,32211031212
0811175M,62,Apprentissage,12,32211022709
0331424U,268,Scolaire,32,32212021112
0331424U,781,Scolaire,34,32212022115
0331495W,314,Scolaire,34,32211031213
0331501C,167,Scolaire,22,32211033002
0331501C,327,Scolaire,35,32211031213
0331501C,291,Scolaire,35,32211032003
0331502D,187,Scolaire,35,32211031408
0650029D,183,Scolaire,16,32211033608
0331556M,180,Scolaire,15,32211023012
0331556M,124,Scolaire,15,32211023013
0331590Z,279,Scolaire,35,32211031212
0331591A,273,Scolaire,36,32211031409
0331591A,328,Scolaire,36,32211033206
0331683A,329,Scolaire,27,32212021304
0331760J,626,Scolaire,17,32211034502
0331760J,1426,Scolaire,35,32211031312
0331760J,688,Scolaire,35,32211031408
0620257T,426,Scolaire,45,32211033608
0620257T,68,Scolaire,15,32211034304
0622110G,28,Scolaire,30,32211033422
0622114L,67,Scolaire,24,32211031103
0622114L,58,Scolaire,24,32211031408
0622196A,116,Scolaire,36,32211022209
0622196A,55,Scolaire,25,32211025001
0622196A,70,Scolaire,32,32211031216
0622196A,192,Scolaire,60,32211031212
0622196A,99,Scolaire,36,32211031409
0622196A,87,Scolaire,40,32211032612
0622198C,62,Scolaire,24,32211020111
0622198C,132,Scolaire,38,32211020116
0622198C,58,Scolaire,18,32211025520
0622198C,173,Scolaire,42,32211033002
0622198C,190,Scolaire,44,32211031213
0622198C,73,Scolaire,22,32211031408
0622198C,208,Scolaire,50,32211032003
0622198C,79,Scolaire,38,32211032612
0420013L,178,Scolaire,15,44210099901
0622199D,78,Scolaire,25,32211031213
0622199D,79,Scolaire,25,32211031313
0781663J,50,Apprentissage,15,32211032409
0781663J,196,Apprentissage,50,32211031212
0062375Z,89,Apprentissage,30,32211031312
0400067F,54,Apprentissage,8,32211033608
0422296T,27,Apprentissage,15,32211032612
0061542U,38,Apprentissage,10,32211033422
0451780R,45,Apprentissage,25,32211034401
0622257S,245,Scolaire,24,32212021015
0622257S,255,Scolaire,24,32212021115
0622257S,461,Scolaire,32,32212021308
0622276M,304,Scolaire,40,32211033206
0622276M,262,Scolaire,24,32211033426
0622803K,113,Scolaire,30,32211020111
0622803K,175,Scolaire,30,32211020113
0622803K,103,Scolaire,15,32211025520
0622803K,74,Scolaire,15,32211025521
0622803K,83,Apprentissage,20,32211020113
0622803K,26,Apprentissage,13,32211020114
0622807P,221,Scolaire,85,32211033422
0542465L,171,Apprentissage,80,32211033107
0622949U,156,Scolaire,24,32211032409
0622949U,314,Scolaire,35,32211031215
0622949U,281,Scolaire,35,32211031212
0622949U,239,Scolaire,35,32211031409
0623276Z,60,Scolaire,30,32212034101
0623277A,125,Scolaire,40,32212021007
0623277A,278,Scolaire,45,32212021015
0623279C,106,Scolaire,35,32212021206
0623328F,356,Apprentissage,30,32211031213
0623328F,302,Apprentissage,30,32211031212
0623786D,78,Scolaire,15,32212021015
0623902E,609,Scolaire,36,32211033115
0623902E,308,Scolaire,36,32211033206
0623902E,132,Scolaire,36,32211033422
0623902E,56,Apprentissage,36,32211033422
0623915U,494,Scolaire,35,32211031212
0623915U,268,Scolaire,35,32211031409
0623915U,679,Scolaire,35,32211033426
0420996E,44,Apprentissage,8,32211023412
0802176F,21,Apprentissage,20,32211031408
0221033D,17,Apprentissage,15,23G00021224
0881711G,62,Apprentissage,25,32212021015
0931796X,215,Apprentissage,36,32211031408
0210019G,87,Scolaire,12,23K00033414
0756002S,32,Apprentissage,20,32211031213
0756002S,99,Apprentissage,20,32211031212
0430098Y,50,Apprentissage,40,32211032003
0756002S,26,Apprentissage,18,32211032409
0756002S,88,Apprentissage,20,32211032612
0352952U,129,Apprentissage,90,32211031213
0352952U,150,Apprentissage,40,32211031212
0110007Y,342,Scolaire,30,32211020116
0623981R,242,Scolaire,35,32211031213
0624109E,269,Scolaire,35,32211031408
0593077Z,137,Scolaire,36,32211020116
0624141P,139,Scolaire,30,32211025014
0624141P,196,Scolaire,30,32211022208
0624141P,105,Scolaire,15,32211025001
0624141P,102,Apprentissage,24,32211025014
0342090M,170,Scolaire,15,32211025520
0380083J,148,Apprentissage,14,32211022208
0380083J,72,Apprentissage,14,32211022003
0741670N,19,Apprentissage,24,23G00022104
0741670N,21,Apprentissage,24,32212022116
0741670N,12,Apprentissage,24,23G00021213
0880153N,176,Apprentissage,9,32211023305
0601194X,90,Apprentissage,5,32212021304
0880153N,21,Apprentissage,9,32211022316
0780850A,60,Apprentissage,24,32211025015
0922653J,161,Apprentissage,20,32211025521
9711071M,128,Apprentissage,20,32211025520
0921230M,1085,Apprentissage,18,32211031409
0150754N,17,Apprentissage,6,23G00021223
0010006B,37,Apprentissage,15,32211033422
0301778V,53,Apprentissage,6,32211031408
0422326A,40,Apprentissage,20,32212021114
0011444P,18,Apprentissage,8,23G00021220
0710010A,67,Apprentissage,4,32211032612
0890005X,30,Apprentissage,2,32211025014
0330076D,59,Scolaire,15,23K00022704
0251035P,159,Apprentissage,15,32211033426
0650065T,17,Apprentissage,5,32211022208
0650065T,56,Apprentissage,5,32211034502
0630020E,207,Scolaire,24,32211022106
0630020E,552,Scolaire,59,32211032409
0630020E,561,Scolaire,35,32211033002
0630020E,1291,Scolaire,70,32211031213
0630020E,869,Scolaire,35,32211031312
0630020E,600,Scolaire,35,32211031408
0630020E,526,Scolaire,32,32211032612
0630020E,698,Scolaire,30,32211033206
0690128P,202,Scolaire,12,44210099901
0630021F,206,Scolaire,24,32211025014
0630021F,122,Scolaire,15,32211020113
0630021F,265,Scolaire,24,32211025520
0630021F,201,Scolaire,15,32211025521
0630021F,156,Apprentissage,24,32211025014
0630021F,32,Apprentissage,3,32211020113
0630021F,159,Apprentissage,12,32211025520
0630021F,83,Apprentissage,3,32211025521
0632091F,317,Scolaire,24,32211033608
0630034V,421,Scolaire,35,32211031212
0630052P,381,Scolaire,24,32211031409
0630052P,129,Apprentissage,12,32211031409
0630068G,308,Scolaire,30,32211031212
0630069H,80,Scolaire,15,32211020111
0630069H,7,Scolaire,8,32211022506
0630077S,1267,Scolaire,35,32211031215
0630077S,1165,Scolaire,70,32211031213
0630077S,581,Scolaire,35,32211031311
0630077S,768,Scolaire,35,32211031313
0630111D,173,Scolaire,135,32211034502
0630984C,254,Scolaire,27,32212021015
0630984C,241,Scolaire,27,32212021401
0341385W,351,Scolaire,16,32211023013
0660856X,191,Scolaire,35,32211031216
0870118F,37,Scolaire,10,32211022003
0650065T,27,Apprentissage,5,32211020116
0650065T,33,Apprentissage,18,32211031216
0650065T,15,Apprentissage,5,32211031409
0650065T,73,Apprentissage,12,32211031212
0121423G,54,Apprentissage,10,32211033206
0311145B,130,Apprentissage,24,32211025520
0311145B,53,Apprentissage,15,32211022316
0422327B,62,Apprentissage,20,32211025213
0490886X,65,Apprentissage,18,32211033107
0490910Y,74,Apprentissage,12,32211031212
0070001N,12,Apprentissage,13,23K00022705
0341821V,178,Apprentissage,32,32211032003
0291790N,28,Apprentissage,10,23G00021220
0811106M,18,Apprentissage,15,32212031203
0620190V,15,Scolaire,15,23K00025407
9720005Y,261,Scolaire,28,32211033002
0341794R,313,Apprentissage,24,32211032209
0150640P,16,Apprentissage,30,32211031409
0310039Z,1425,Apprentissage,20,32211031212
9730309Y,383,Scolaire,15,32211033002
0763153P,103,Apprentissage,25,32211031408
0763153P,245,Apprentissage,25,32211031213
0760145V,93,Scolaire,16,23K00033501
0690712Z,43,Scolaire,15,44210099901
0850151C,121,Scolaire,19,32212034101
0850151C,307,Scolaire,27,32212022115
0850152D,54,Scolaire,19,32212021015
0850153E,46,Apprentissage,20,32211031409
0850027T,112,Apprentissage,12,32211023012
0850027T,31,Apprentissage,5,32211022316
0850076W,120,Apprentissage,25,32211031212
0851642Y,12,Apprentissage,6,32211020115
0850609A,118,Scolaire,35,32212021015
0850609A,96,Scolaire,35,32212021115
0850609A,93,Scolaire,40,32212034302
0851196N,274,Apprentissage,24,32211023305
0851196N,99,Apprentissage,24,32211023411
0851252Z,141,Scolaire,35,32212021015
0851252Z,100,Scolaire,40,32212021207
0851344Z,82,Scolaire,24,32211023412
0851344Z,78,Scolaire,13,32211023411
0851390Z,1018,Scolaire,8,32211032329
0851390Z,571,Scolaire,8,32211032330
0851390Z,925,Scolaire,8,32211032332
0851390Z,220,Scolaire,8,32211032331
0851390Z,291,Scolaire,8,32211032328
0851401L,330,Scolaire,15,32211020116
0851401L,103,Scolaire,24,32211025520
0851401L,132,Scolaire,15,32211025521
0771880A,380,Scolaire,35,32211031408
0030094L,191,Scolaire,20,32212021207
0260765R,314,Scolaire,32,32212021207
0771880A,196,Scolaire,30,32211032409
0371417P,370,Apprentissage,12,32211031313
0221677D,29,Apprentissage,12,32212034101
0442925R,258,Apprentissage,60,32211031212
9711071M,170,Apprentissage,12,32211031408
0442804J,21,Apprentissage,18,32211031213
0442804J,30,Apprentissage,18,32211031409
0623820R,24,Scolaire,20,32211032612
0830662U,60,Apprentissage,20,32211032003
0830662U,34,Apprentissage,20,32211031409
0062201K,17,Apprentissage,20,32211031213
0062116T,29,Apprentissage,30,32211031213
0851592U,55,Apprentissage,32,32211025014
0860005N,88,Scolaire,15,32211025005
0860005N,92,Scolaire,15,32211025520
0860005N,58,Apprentissage,15,32211025520
0560051B,380,Scolaire,14,32211020116
0860005N,378,Scolaire,35,32211031312
0860009T,92,Scolaire,18,32211031408
0860021F,126,Scolaire,24,32211032612
0860021F,73,Apprentissage,18,32211032612
0860028N,84,Scolaire,24,32211031409
0860034V,1021,Scolaire,35,32211031215
0860034V,866,Scolaire,35,32211031213
0860037Y,135,Scolaire,24,32211020111
0860037Y,238,Scolaire,15,32211025521
0230051F,11,Apprentissage,2,32211022711
0860038Z,343,Scolaire,18,32211034502
0860038Z,313,Scolaire,34,32211032409
0860038Z,562,Scolaire,34,32211031408
0860038Z,378,Scolaire,31,32211032612
0860038Z,507,Scolaire,34,32211033206
0271431J,31,Apprentissage,4,32211025005
0860718N,141,Scolaire,32,32212021015
0860718N,218,Scolaire,32,32212021115
0860755D,367,Scolaire,80,32211033426
0860774Z,324,Scolaire,28,32211031212
0860774Z,170,Scolaire,27,32211031408
0860774Z,61,Scolaire,12,32211020114
0860789R,122,Scolaire,12,32211025219
0860789R,42,Scolaire,20,32211025216
0860789R,87,Scolaire,30,32211031103
0860789R,297,Scolaire,40,32211031215
0440086E,147,Apprentissage,5,32211033002
0350918H,125,Apprentissage,18,32212021015
0352495X,78,Apprentissage,20,32212021401
0642147L,24,Apprentissage,15,32211025001
0190034J,181,Scolaire,13,32211034401
0301433V,1,Apprentissage,20,32212021114
0250010A,146,Apprentissage,5,32211032612
0790928E,16,Scolaire,10,23K00025409
0451551S,80,Apprentissage,80,32211031213
9710062R,59,Scolaire,32,32211031409
9710062R,104,Scolaire,32,32211032003
0451551S,135,Apprentissage,80,32211031212
0932893P,190,Apprentissage,60,32211031212
0861145C,6,Scolaire,8,32212031205
0861223M,383,Scolaire,30,32211020116
0861223M,115,Apprentissage,6,32211020116
0861228T,876,Scolaire,30,32211031212
0861228T,664,Scolaire,24,32211031313
0861463Y,79,Apprentissage,15,32212021401
0861408N,739,Scolaire,16,32211033115
0861408N,141,Scolaire,19,32212034101
0870017W,831,Scolaire,35,32211031215
0870019Y,289,Scolaire,35,32211032409
0870019Y,816,Scolaire,35,32211031213
0870019Y,570,Scolaire,35,32211031409
0870019Y,466,Scolaire,35,32211031408
0870019Y,390,Scolaire,35,32211032612
0870019Y,515,Scolaire,35,32211033206
0870040W,394,Scolaire,22,32211033426
0870056N,349,Scolaire,25,32211020116
0870056N,154,Scolaire,24,32211025520
0870081R,117,Scolaire,30,32211031408
0870081R,110,Scolaire,30,32211032612
0870097H,178,Scolaire,30,32211033206
0870118F,130,Scolaire,24,32211025014
0870118F,83,Scolaire,13,32211020113
0870118F,306,Scolaire,13,32211022209
0870118F,656,Scolaire,28,32211033112
0342156J,29,Apprentissage,20,32211025216
0881452A,158,Scolaire,26,32212021308
0710001R,85,Scolaire,15,32211023411
0741758J,66,Apprentissage,14,32211025520
0922688X,129,Apprentissage,20,32212021401
0922688X,25,Apprentissage,10,23G00021407
0312745R,154,Scolaire,30,32211033608
0580020G,112,Scolaire,8,32211025219
0442227G,84,Apprentissage,8,32211033608
0431012S,33,Apprentissage,15,23G00021220
0511383B,72,Apprentissage,8,32211023012
0330076D,164,Scolaire,15,32211022711
0260006R,24,Scolaire,12,23K00033501
0441854B,57,Apprentissage,15,32211031103
0600049C,59,Apprentissage,15,32211022709
0251729U,39,Apprentissage,25,32211031213
9760182U,1234,Scolaire,35,32211031213
0730043A,30,Apprentissage,4,32211022316
0011170S,42,Scolaire,15,32212034101
9760229V,804,Scolaire,24,32211031408
9760163Y,79,Scolaire,24,32211033422
0330060L,890,Scolaire,12,32211025303
0640017W,221,Scolaire,12,32211032325
0560180S,367,Scolaire,35,32211031215
0560180S,174,Scolaire,30,32211031216
0341821V,58,Apprentissage,32,32211031311
0451709N,235,Apprentissage,200,32211031212
0271070S,122,Apprentissage,35,32211031213
0271070S,161,Apprentissage,35,32211031212
0710001R,146,Apprentissage,2,32211023305
0342189V,143,Apprentissage,30,32211031212
0590065A,82,Apprentissage,18,32211025520
0593136N,36,Apprentissage,20,32211031409
0180035R,43,Apprentissage,2,32211031408
0451462V,85,Apprentissage,4,32211020113
9740737H,11,Scolaire,6,23K00022704
0763544P,31,Apprentissage,10,32211025415
0540081V,136,Apprentissage,15,32211025215
0333435E,92,Apprentissage,20,32211031311
0131403E,91,Apprentissage,8,32211031216
0130050J,198,Scolaire,12,32211022711
0130043B,1595,Scolaire,24,32211031312
0511951U,120,Apprentissage,15,32211031213
0540034U,167,Apprentissage,12,32211031213
0875095R,59,Apprentissage,100,32211031409
0690042W,1608,Apprentissage,16,32211031212
0342189V,77,Apprentissage,30,32211032612
0342189V,44,Apprentissage,30,32211031409
0690697H,171,Apprentissage,20,32211034401
0420976H,39,Apprentissage,5,32211020114
0420976H,173,Apprentissage,20,32211032003
0420976H,112,Apprentissage,20,32211031409
0371495Z,77,Apprentissage,30,32211031311
0690651H,113,Apprentissage,15,32211031409
0690132U,1517,Apprentissage,16,32211031213
0762920L,86,Scolaire,15,32211025015
0761343X,27,Scolaire,14,23K00025406
0762624P,287,Apprentissage,30,32211032409
0755584M,122,Apprentissage,30,32211031212
0755584M,120,Apprentissage,30,32211031312
0631068U,48,Apprentissage,8,32211025520
0311092U,20,Apprentissage,4,23K00022704
0600013N,205,Apprentissage,5,32211031213
0751698N,74,Apprentissage,30,32211031212
0751698N,32,Apprentissage,20,32211032409
0420979L,92,Apprentissage,12,32211031408
0420979L,357,Apprentissage,12,32211031212
0590011S,19,Apprentissage,14,32211020115
0782565P,89,Apprentissage,10,32211022316
0782565P,271,Apprentissage,10,32211020009
0271070S,48,Apprentissage,35,32211031409
0320737C,7,Apprentissage,10,32211033422
0763409T,285,Apprentissage,20,32211031312
0142248T,102,Apprentissage,20,32211034502
0411086H,54,Apprentissage,50,32211031212
0590102R,71,Apprentissage,15,32211025014
0351883G,79,Apprentissage,20,32211031409
0571998M,41,Apprentissage,15,32211031408
0571998M,102,Apprentissage,15,32211031212
0382435R,45,Apprentissage,12,32211025520
0492451Y,156,Apprentissage,25,32211032003
0942169X,207,Apprentissage,100,32211032612
0772241T,57,Apprentissage,24,32211025014
0600002B,212,Scolaire,15,32211025521
0694215G,159,Apprentissage,20,32211032612
0271073V,109,Apprentissage,25,32211031213
0511430C,358,Apprentissage,14,32211031212
0511430C,395,Apprentissage,14,32211031213
0062116T,65,Apprentissage,30,32211031212
0062116T,15,Apprentissage,20,32211031409
0062116T,21,Apprentissage,20,32211031408
0831693P,81,Apprentissage,15,32211031212
0922752S,155,Apprentissage,30,32211031213
0597011A,204,Apprentissage,60,32211031213
0597011A,103,Apprentissage,30,32211031409
0690723L,117,Apprentissage,30,32211033206
0422296T,38,Apprentissage,15,32211031212
0422296T,23,Apprentissage,15,32211031408
0442667K,49,Apprentissage,25,32211031409
0383506E,142,Apprentissage,20,32211031409
0383506E,158,Apprentissage,30,32211031213
0756074V,127,Apprentissage,60,32211031212
0756074V,87,Apprentissage,60,32211031408
0756004U,356,Apprentissage,110,32211031213
0756004U,348,Apprentissage,100,32211033608
0650026A,156,Apprentissage,4,32211033426
0342368P,89,Apprentissage,20,32211031212
0342368P,76,Apprentissage,25,32211031213
0912422N,42,Apprentissage,20,32211031409
0922916V,44,Apprentissage,30,32211031408
0755811J,108,Apprentissage,35,32211032409
0331863W,130,Scolaire,19,32212031202
0331863W,191,Scolaire,27,32212021112
0332081H,333,Scolaire,24,32211031212
0332192D,669,Scolaire,105,32211033422
0332192D,2111,Scolaire,70,32211033426
0332282B,105,Scolaire,42,32212031202
0332282B,173,Scolaire,42,32212021015
0332282B,116,Scolaire,42,32212022117
0332282B,126,Scolaire,42,32212034302
0332468D,481,Scolaire,32,32211022208
0332468D,619,Scolaire,16,32211022209
0332468D,434,Scolaire,32,32211022210
0332468D,1308,Scolaire,30,32211033112
0332468D,1460,Scolaire,30,32211033115
0332473J,65,Scolaire,30,32212031202
0332473J,49,Scolaire,27,32212021112
0332722E,301,Scolaire,15,32211025521
0332722E,337,Scolaire,35,32211031216
0932893P,107,Apprentissage,60,32211031213
0332744D,1006,Scolaire,35,32211031213
0332744D,837,Scolaire,35,32211031313
0332747G,619,Scolaire,34,32211032409
0332747G,3049,Scolaire,34,32211031215
0332747G,640,Scolaire,34,32211031311
0332747G,876,Scolaire,34,32211031408
0332832Z,280,Scolaire,30,32211020009
0332832Z,288,Scolaire,24,32211025520
0491941U,43,Apprentissage,14,32212021007
0332832Z,374,Scolaire,26,32211032209
0731518D,60,Apprentissage,15,32211033002
0451551S,38,Apprentissage,80,32211032409
0040533H,55,Apprentissage,4,32211025014
0772890Y,213,Apprentissage,20,32211031212
0130053M,123,Apprentissage,10,32211022316
0383474V,51,Apprentissage,20,32211022711
0721684P,174,Apprentissage,16,32211031212
0660655D,35,Apprentissage,14,32211031213
0660856X,15,Scolaire,12,44210099901
0451483T,374,Scolaire,15,32211020116
0340011C,138,Scolaire,30,32211020009
0340011C,85,Scolaire,30,32211022316
0340011C,224,Scolaire,30,32211025520
0340023R,236,Scolaire,24,32211031409
0340030Y,448,Scolaire,19,32211031409
0340030Y,398,Scolaire,19,32211031408
0592610S,185,Scolaire,18,32211033002
0340039H,1019,Scolaire,35,32211031311
0340040J,932,Scolaire,36,32211032409
0340040J,3416,Scolaire,36,32211031215
0340040J,1868,Scolaire,36,32211031213
0340040J,1195,Scolaire,36,32211031408
0340042L,326,Scolaire,30,32211020009
0340042L,1271,Scolaire,24,32211020116
0340042L,873,Scolaire,30,32211022209
0340042L,304,Scolaire,15,32211022710
0340042L,175,Scolaire,24,32211022316
0340043M,421,Scolaire,30,32211025520
0340042L,504,Scolaire,30,32211022210
0340042L,280,Apprentissage,16,32211025015
0340042L,1060,Scolaire,32,32211032612
0340043M,729,Scolaire,35,32211031103
0340043M,2320,Scolaire,35,32211031212
0340045P,685,Scolaire,36,32211033608
0340059E,627,Scolaire,35,32211033426
0340076Y,138,Scolaire,24,32211020111
0340076Y,283,Scolaire,30,32211025215
0340076Y,277,Scolaire,15,32211025521
0340076Y,576,Scolaire,35,32211031409
0340128E,210,Scolaire,19,32212031202
0340128E,271,Scolaire,27,32212021112
0592963A,153,Scolaire,20,32311033105
0711322B,153,Scolaire,12,32211031103
0510035L,236,Apprentissage,15,32211034502
0831243A,194,Apprentissage,16,32211033002
0810012Y,52,Apprentissage,12,23K00033501
0631974D,69,Apprentissage,30,32211032003
0141274J,42,Apprentissage,11,32211025001
0340040J,737,Apprentissage,15,32211031409
0290070U,105,Scolaire,15,32211022106
0350791V,48,Apprentissage,16,32211031216
0761356L,125,Apprentissage,25,32211034401
0340871M,110,Scolaire,32,32211031409
0741781J,52,Apprentissage,16,32211031409
0340920R,185,Scolaire,34,32211033206
0340991T,139,Scolaire,22,32211032409
0340991T,363,Scolaire,18,32211031213
0340991T,200,Scolaire,35,32211031408
0851253A,46,Apprentissage,40,32212031203
0801743K,62,Apprentissage,14,32211031312
0340937J,54,Apprentissage,25,32211031213
0631033F,46,Scolaire,26,32211031216
0631068U,72,Scolaire,24,32211020009
0631068U,98,Scolaire,24,32211025520
0631068U,400,Scolaire,68,32211031212
0631068U,143,Scolaire,26,32211031408
0631068U,127,Scolaire,30,32211032612
0110012D,102,Apprentissage,15,32211023206
0631075B,124,Scolaire,25,32211032409
0631075B,226,Scolaire,35,32211031213
0631075B,175,Scolaire,32,32211031409
0922398G,240,Apprentissage,20,32211033002
0631225P,567,Scolaire,27,32212021308
0261504U,151,Apprentissage,24,32211031409
0261504U,226,Apprentissage,24,32211031213
0261504U,80,Apprentissage,24,32211031103
0922752S,93,Apprentissage,25,32211031409
0171603A,143,Apprentissage,20,32211033107
0861398C,66,Apprentissage,12,32211033608
0632081V,86,Apprentissage,30,32211031212
0382896S,27,Apprentissage,20,32211031103
0342419V,57,Apprentissage,32,32211031408
0941887R,96,Apprentissage,12,32211031103
0301757X,5,Apprentissage,5,32211031409
0311192C,116,Apprentissage,15,32211031311
0340991T,123,Apprentissage,6,32211031408
0340991T,88,Apprentissage,6,32211032409
0161216K,36,Apprentissage,16,32211020009
0382441X,53,Apprentissage,10,32211025215
0631480S,242,Scolaire,24,32211031103
0141178E,210,Scolaire,24,32211034502
0711729U,155,Scolaire,12,44210099901
0631669X,260,Scolaire,60,32211033422
0631669X,1002,Scolaire,70,32211033426
0631669X,109,Apprentissage,24,32211033422
0440035Z,59,Apprentissage,7,23K00033501
0631985R,138,Scolaire,15,32211025015
0631985R,229,Scolaire,15,32211023012
0631985R,267,Scolaire,30,32211023206
0631985R,160,Scolaire,15,32211023412
0631985R,87,Apprentissage,16,32211025015
0640001D,255,Scolaire,30,32211023205
0640001D,148,Scolaire,30,32211022710
0640001D,316,Scolaire,30,32211023012
0640001D,248,Scolaire,30,32211023013
0640001D,288,Scolaire,30,32211023206
0640010N,604,Scolaire,12,32211032330
0640010N,747,Scolaire,12,32211032332
0640010N,337,Scolaire,24,32211032331
0851252Z,87,Apprentissage,25,32212021207
0640011P,113,Scolaire,20,32211022316
0640011P,188,Scolaire,30,32211025520
0590044C,9,Apprentissage,15,32211022316
0597010Z,76,Scolaire,40,32211032612
0941952L,291,Scolaire,35,32211034401
0640011P,250,Scolaire,35,32211032409
0640011P,845,Scolaire,35,32211031213
0640011P,414,Scolaire,35,32211031409
0640011P,404,Scolaire,35,32211031408
0640044A,176,Scolaire,15,32211022208
0640052J,325,Scolaire,35,32211031213
0640057P,100,Scolaire,24,32211020111
0640057P,85,Scolaire,24,32211020113
0640057P,166,Scolaire,15,32211025520
0640057P,164,Scolaire,10,32211025521
0640057P,140,Scolaire,24,32211031216
0640057P,49,Apprentissage,6,32211020111
0640057P,46,Apprentissage,6,32211020113
0640057P,97,Apprentissage,15,32211025520
0640057P,83,Apprentissage,8,32211031216
0640111Y,73,Scolaire,18,32211031408
0640130U,63,Scolaire,17,32211025014
0640131V,109,Scolaire,24,32211032409
0640131V,336,Scolaire,32,32211033112
0640131V,141,Scolaire,35,32211031409
0640131V,252,Scolaire,33,32211032003
0640137B,151,Scolaire,18,32211031212
0640176U,225,Scolaire,30,32211033206
0640220S,208,Scolaire,32,32212021015
0640220S,379,Scolaire,32,32212021207
0640220S,199,Scolaire,19,32212021401
0641441U,194,Scolaire,35,32211031213
0641441U,168,Scolaire,35,32211033206
0641535W,99,Scolaire,25,32212021401
0641545G,19,Scolaire,12,32212031205
0641545G,82,Scolaire,29,32212021015
0641545G,45,Scolaire,17,32212022117
0641545G,320,Scolaire,49,32212021308
0641547J,363,Scolaire,33,32212021308
0573820T,16,Apprentissage,10,32211025415
0910755B,200,Apprentissage,24,32211034401
0782593V,646,Apprentissage,24,32211031213
0690275Z,94,Apprentissage,19,32212031202
0690275Z,96,Apprentissage,19,32212021112
0780273Y,125,Apprentissage,24,32211034401
0580739N,48,Apprentissage,20,32212021007
0400018C,189,Scolaire,15,32211033002
0721381K,18,Apprentissage,20,32212034101
0161002C,42,Apprentissage,30,32212021015
0631070W,90,Apprentissage,12,32211032003
0861231W,36,Apprentissage,40,32211031103
0641547J,117,Scolaire,32,32212021206
0641732K,728,Scolaire,35,32211031215
0641732K,676,Scolaire,35,32211031213
0641732K,403,Scolaire,35,32211031408
0641732K,266,Scolaire,32,32211032612
0641752G,135,Apprentissage,36,32212021207
0641752G,145,Apprentissage,36,32212022115
0641823J,609,Scolaire,69,32211033422
0641823J,1116,Scolaire,34,32211033426
0641839B,297,Scolaire,30,32211022209
0650005C,79,Scolaire,15,32211020111
0650026A,190,Scolaire,18,32211032409
0650026A,542,Scolaire,24,32211031215
0650026A,310,Scolaire,18,32211031313
0650026A,274,Scolaire,24,32211031409
0650026A,283,Scolaire,24,32211031408
0650026A,194,Scolaire,24,32211032612
0650026A,352,Scolaire,35,32211033206
0650026A,599,Scolaire,35,32211033426
0650027B,98,Scolaire,24,32211022310
0650027B,164,Scolaire,24,32211020009
0650027B,169,Scolaire,22,32211025014
0650027B,97,Scolaire,22,32211022316
0650027B,146,Scolaire,22,32211025520
9711066G,81,Scolaire,12,23K00033413
0501931C,33,Apprentissage,16,32211025014
0501614H,28,Apprentissage,18,32211033422
0870581J,93,Scolaire,25,32212031204
0611037W,74,Apprentissage,15,32212021304
0060015J,551,Scolaire,15,32211024207
0762976X,500,Scolaire,15,32211033112
0870581J,369,Scolaire,35,32212021207
0870581J,72,Scolaire,15,32212022117
0870590U,95,Scolaire,27,32212031203
0870773T,53,Apprentissage,14,32211025215
0871030X,168,Scolaire,24,32211033422
0875023M,187,Scolaire,12,32211032209
0880019T,404,Scolaire,35,32211031213
0880019T,295,Scolaire,35,32211031409
0880019T,201,Scolaire,24,32211031408
0880021V,95,Scolaire,24,32211020111
0880021V,230,Scolaire,24,32211020116
0880021V,73,Scolaire,15,32211025520
0880055G,237,Scolaire,35,32211031212
0880101G,72,Scolaire,24,32211031216
0880101G,104,Scolaire,35,32211031408
0880152M,55,Scolaire,15,32211025520
0880153N,338,Scolaire,15,32211023305
0880153N,99,Scolaire,15,32211023412
0880153N,47,Scolaire,15,32211022316
0881070K,172,Scolaire,26,32212021015
0881070K,376,Scolaire,35,32212021304
0881493V,23,Apprentissage,30,32211022003
0881579N,252,Apprentissage,30,32212021304
0881664F,170,Scolaire,36,32211033422
0881664F,48,Apprentissage,36,32211033422
0881709E,24,Apprentissage,12,32212031203
0881709E,64,Apprentissage,24,32212021401
0881711G,30,Scolaire,25,32212021015
0881711G,29,Scolaire,24,32212034101
0890005X,73,Scolaire,15,32211025014
0890005X,263,Scolaire,18,32211031212
0890005X,161,Scolaire,18,32211031408
0890008A,123,Scolaire,22,32211031213
0890032B,120,Scolaire,15,32211025001
0890045R,126,Scolaire,24,32212021015
0890045R,137,Scolaire,24,32212021115
0890045R,229,Scolaire,27,32212022115
0890070T,75,Scolaire,30,32211034502
0890070T,135,Scolaire,32,32211031215
0890819G,63,Scolaire,18,32211033422
0890992V,72,Apprentissage,25,32211031212
0890992V,39,Apprentissage,25,32211031409
0891041Y,32,Scolaire,20,32212021401
0891185E,11,Apprentissage,20,32211020009
0062260Z,42,Apprentissage,25,32211032409
0891185E,7,Apprentissage,20,32211022316
0891185E,33,Apprentissage,20,32211032612
0891199V,115,Scolaire,24,32211025215
0891199V,73,Scolaire,15,32211031103
0891200W,62,Scolaire,15,32211020009
0891200W,157,Scolaire,15,32211020116
0891200W,41,Scolaire,8,32211022506
0891200W,89,Scolaire,15,32211025521
0891200W,115,Scolaire,24,32211032409
0891200W,129,Scolaire,18,32211031409
0900002N,788,Scolaire,35,32211031215
0900002N,137,Apprentissage,18,32211032612
0851412Y,17,Apprentissage,8,32211025015
0900004R,158,Scolaire,15,32211025014
0900004R,83,Scolaire,15,32211025415
0900004R,30,Apprentissage,2,32211025415
0900004R,206,Apprentissage,16,32211031409
0900029T,140,Scolaire,30,32211032409
0900029T,226,Scolaire,40,32211031213
0900029T,206,Scolaire,32,32211033115
0900029T,108,Apprentissage,30,32211032409
0900029T,204,Apprentissage,30,32211031213
0900246D,143,Scolaire,22,32212021401
0900378X,48,Apprentissage,8,32212031203
0900378X,99,Apprentissage,17,32212021401
0660077A,58,Apprentissage,12,32211032612
0660077A,70,Apprentissage,12,32211031409
0660014G,77,Apprentissage,15,32211025520
0341588S,137,Scolaire,90,32211032612
0060818G,55,Apprentissage,10,32211032003
0134309N,102,Apprentissage,15,32211031312
0060818G,41,Apprentissage,10,32211031408
0910620E,283,Scolaire,26,32211020009
0910620E,1445,Scolaire,27,32211020116
0910620E,161,Scolaire,24,32211022316
0910620E,381,Scolaire,22,32211025520
0910620E,773,Scolaire,34,32211032409
0910620E,1762,Scolaire,34,32211031212
0910620E,1079,Scolaire,34,32211031312
0910620E,924,Scolaire,34,32211031408
0912364A,489,Scolaire,34,32211031212
0910622G,154,Scolaire,29,32211025520
0910622G,367,Scolaire,33,32211031409
0910622G,466,Scolaire,32,32211032612
0910623H,1679,Scolaire,32,32211031213
0910623H,738,Scolaire,32,32211031408
0910625K,590,Scolaire,35,32211032409
0910625K,974,Scolaire,35,32211031409
0910625K,698,Scolaire,35,32211031408
0251481Z,18,Apprentissage,20,32212031204
0910627M,635,Scolaire,36,32211032409
0910627M,1367,Scolaire,36,32211031213
0910627M,1463,Scolaire,36,32211031212
0910676R,322,Scolaire,30,32211025014
0910687C,1701,Scolaire,36,32211031215
0910687C,1794,Scolaire,32,32211031212
0910727W,297,Scolaire,24,32211020111
0910727W,1200,Scolaire,30,32211020116
0910727W,373,Scolaire,24,32211025001
0910727W,163,Scolaire,24,32211025005
0910727W,454,Scolaire,24,32211031216
0910727W,1010,Apprentissage,12,32211020116
0910727W,243,Apprentissage,12,32211025001
0910727W,745,Scolaire,35,32211034502
0910727W,607,Scolaire,35,32211032409
0910727W,1170,Scolaire,35,32211031313
0910727W,1014,Scolaire,35,32211031408
0910727W,1545,Scolaire,70,32211032612
0910727W,77,Apprentissage,12,32211032612
0910808J,207,Scolaire,35,32211031213
0910808J,243,Scolaire,35,32211031313
0910843X,404,Scolaire,36,32211031215
0910843X,140,Scolaire,36,32211031408
0910843X,269,Scolaire,36,32211032003
0910843X,57,Scolaire,36,32211033422
0910843X,350,Scolaire,36,32211033426
0910843X,163,Apprentissage,32,32211032409
0910843X,344,Apprentissage,32,32211031213
0910843X,218,Apprentissage,32,32211031312
0750692V,3077,Scolaire,35,32211031212
0171622W,51,Scolaire,18,32211033426
0110823K,22,Scolaire,15,23K00033412
0593058D,93,Apprentissage,32,32211031212
0492420P,57,Scolaire,15,32211025005
0290013G,354,Scolaire,32,32211024207
0851344Z,64,Scolaire,18,32211033002
0721684P,152,Scolaire,18,32211031409
0492015Z,305,Scolaire,18,32211031409
0595809U,37,Apprentissage,15,32211022003
0490055U,32,Apprentissage,5,32211020111
0572590F,116,Apprentissage,12,32211025215
0620124Y,57,Apprentissage,15,32211023306
0593335E,30,Apprentissage,13,32211025415
0593335E,59,Apprentissage,26,32211025520
0593335E,39,Apprentissage,13,32211025014
0595379B,49,Apprentissage,26,32211025520
0595379B,9,Apprentissage,13,32211022316
0595379B,45,Apprentissage,26,32211025014
0623373E,40,Apprentissage,26,32211025014
0772750W,134,Apprentissage,26,32212021401
0922464D,1060,Apprentissage,28,32211031409
0260023J,205,Scolaire,24,32211024305
0595380C,17,Apprentissage,13,32211022316
0595380C,50,Apprentissage,26,32211025014
0911577V,512,Apprentissage,15,32211032409
0622276M,204,Scolaire,35,32211033002
0781578S,80,Apprentissage,70,32211033422
0910676R,336,Apprentissage,18,32211025014
0922274X,0,Apprentissage,15,32211031213
0597067L,30,Apprentissage,20,32211031103
0130064Z,726,Scolaire,24,32211024207
0381603L,534,Scolaire,30,32211024207
0450782F,476,Scolaire,24,32211033002
0100059K,35,Apprentissage,6,32211023013
0900239W,13,Apprentissage,16,23K00033414
0783822F,36,Apprentissage,15,32211031409
0311902Z,958,Scolaire,35,32211033002
0562029B,336,Scolaire,18,32211033206
0371700X,214,Apprentissage,42,32211031212
0590125R,53,Apprentissage,15,23K00033414
0311092U,177,Scolaire,12,32211025415
0880019T,180,Scolaire,24,32211033002
0942262Y,140,Apprentissage,14,32211025215
0133836Z,113,Apprentissage,20,32211032612
0133836Z,110,Apprentissage,10,32211031212
0451709N,197,Apprentissage,40,32211031213
0681750H,75,Apprentissage,26,32212021112
0681750H,85,Apprentissage,20,32212021401
0310052N,257,Scolaire,10,32211025217
0320015T,108,Scolaire,12,32211031409
0753378P,137,Apprentissage,10,32211031311
0756206N,152,Apprentissage,30,32211032208
9711312Z,74,Apprentissage,18,32211033426
0593040J,8,Apprentissage,8,23K00033414
0622196A,2,Apprentissage,10,23K00033414
0752068R,78,Apprentissage,45,32211031213
0120022J,135,Apprentissage,15,32211033426
0360846Z,21,Apprentissage,24,32211033608
0120022J,15,Apprentissage,15,23K00033413
0673264J,4,Apprentissage,30,32211031213
0750691U,880,Apprentissage,10,32211025520
0672615D,107,Scolaire,15,32211025415
0750691U,16,Scolaire,15,23K00022705
0912267V,114,Apprentissage,24,32211031216
0781578S,90,Apprentissage,12,23K00033413
0631070W,98,Scolaire,28,32211033002
0932229T,456,Apprentissage,15,32211025520
0941294W,358,Scolaire,12,32211023206
0690646C,212,Scolaire,24,32211033002
0420013L,427,Scolaire,24,32211033002
0370054H,193,Apprentissage,15,32211023012
0932126F,33,Scolaire,12,23K00033412
0500017X,190,Scolaire,15,32211024207
0420976H,56,Scolaire,14,32211020114
0660014G,134,Scolaire,12,32211025520
0860028N,30,Apprentissage,4,32211031409
0170042D,246,Apprentissage,12,32211033426
0770934X,20,Scolaire,12,23K00022704
0030905T,46,Scolaire,6,32211025213
0910630R,88,Scolaire,12,23K00025308
0710026T,183,Scolaire,12,32211034303
0922149L,23,Scolaire,16,23K00033412
0951974E,62,Scolaire,9,23K00025002
0920680P,41,Scolaire,12,23K00022704
0141175B,62,Scolaire,15,32211022710
0951673C,32,Scolaire,12,23K00022704
0710048S,144,Scolaire,10,32211025215
0710023P,51,Apprentissage,12,32211031216
0630022G,86,Scolaire,12,32211022316
0932331D,295,Apprentissage,24,32211032003
0861219H,103,Apprentissage,40,32212021015
0910630R,40,Scolaire,6,23K00025312
0910630R,27,Scolaire,6,23K00025309
0920163C,72,Scolaire,12,23K00025122
0951710T,56,Scolaire,14,23K00025122
0782113Y,50,Apprentissage,16,32212021015
0080007P,140,Scolaire,24,32211033002
0100023W,356,Scolaire,36,32211031409
0510037N,147,Scolaire,15,32211023108
0780762E,28,Apprentissage,12,32211031103
0922594V,100,Apprentissage,75,32211031213
0922594V,146,Apprentissage,60,32211031212
0922594V,71,Apprentissage,50,32211031409
0780819S,5,Apprentissage,48,32211023206
0921679A,151,Apprentissage,12,32211031103
0671685T,202,Scolaire,27,32212021115
0941952L,83,Scolaire,12,23K00025002
0762169V,265,Scolaire,15,32211034303
0211530Z,26,Apprentissage,18,32212034101
0680161F,67,Scolaire,15,44210099901
0752792C,475,Scolaire,50,32211031213
0770938B,263,Apprentissage,10,32211034303
0341470N,35,Scolaire,19,32212021114
0341470N,161,Scolaire,30,32212021401
0341521U,95,Scolaire,21,32211025521
0341523W,313,Scolaire,20,32211031215
0341621C,5,Apprentissage,50,32212021112
0341736C,2159,Scolaire,36,32211031212
0341736C,2114,Scolaire,35,32211032003
0341921D,507,Scolaire,35,32211032409
0341921D,1272,Scolaire,35,32211031213
0341921D,862,Scolaire,36,32211031408
0342066L,391,Scolaire,28,32211033206
0342073U,324,Scolaire,30,32211033206
0350005R,394,Scolaire,84,32211033422
0350011X,143,Scolaire,24,32211025014
0350011X,211,Scolaire,18,32211031408
0350022J,228,Scolaire,24,32211032409
0350022J,444,Scolaire,35,32211031213
0350026N,807,Scolaire,35,32211032409
0350026N,2679,Scolaire,35,32211031215
0350028R,401,Scolaire,30,32211025001
0350028R,485,Scolaire,30,32211025521
0350028R,679,Scolaire,35,32211032409
0350028R,731,Scolaire,35,32211033002
0350028R,1042,Scolaire,29,32211033112
0350028R,1449,Scolaire,35,32211031409
0350028R,1394,Scolaire,32,32211031408
0350029S,324,Scolaire,30,32211020111
0350029S,157,Scolaire,24,32211022316
0350029S,362,Scolaire,30,32211025520
0350029S,562,Scolaire,35,32211031216
0350030T,291,Scolaire,10,32211023412
0350030T,241,Scolaire,10,32211023205
0350030T,225,Scolaire,28,32211022709
0350030T,566,Scolaire,30,32211023012
0350042F,392,Scolaire,30,32211020116
0350042F,142,Scolaire,24,32211025520
0080028M,80,Scolaire,15,32211023012
9711122T,43,Apprentissage,10,32211025520
9711122T,56,Apprentissage,10,32211032003
0851642Y,77,Apprentissage,10,32211020116
0711979R,8,Apprentissage,12,32211031212
0352503F,8,Apprentissage,12,23K00025407
0292384J,121,Apprentissage,40,32211031212
0780273Y,78,Scolaire,12,23K00025509
0350048M,796,Scolaire,35,32211031213
0350053T,187,Scolaire,24,32211032409
0350053T,911,Scolaire,35,32211032003
0350700W,322,Scolaire,32,32212021015
0350700W,456,Scolaire,32,32212021207
0350700W,171,Scolaire,32,32212034302
0350700W,316,Scolaire,32,32212021401
0350769W,215,Scolaire,24,32211031213
0350774B,160,Scolaire,35,32211032612
0350777E,252,Scolaire,35,32211033002
0540044E,63,Apprentissage,15,32211020114
0350791V,91,Scolaire,30,32211025520
0350793X,164,Scolaire,15,32211020009
0350793X,223,Scolaire,12,32211025215
0350793X,139,Scolaire,24,32211025520
0350795Z,212,Scolaire,35,32211031213
0350795Z,293,Scolaire,35,32211031212
0350795Z,72,Scolaire,35,32211031311
0350795Z,153,Scolaire,35,32211031408
0350795Z,93,Scolaire,33,32211032612
0350797B,153,Scolaire,55,32211032409
0350797B,159,Scolaire,55,32211031409
0350797B,275,Scolaire,35,32211032003
0350797B,123,Scolaire,35,32211033206
0350797B,241,Scolaire,35,32211033426
0350808N,95,Scolaire,30,32211025521
0350793X,556,Scolaire,35,32211031213
0350918H,217,Scolaire,30,32212021015
0350918H,203,Scolaire,19,32212021207
0672601N,22,Apprentissage,20,23K00033413
0790767E,79,Scolaire,19,32212021114
0340042L,925,Scolaire,15,32211033107
0120621K,7,Apprentissage,12,23G00021213
0951998F,177,Scolaire,30,32211031213
0351047Y,53,Scolaire,20,32212031205
0351047Y,132,Scolaire,24,32212021015
0351047Y,71,Scolaire,24,32212022117
0673268N,15,Apprentissage,20,32211034304
0673268N,37,Apprentissage,20,32211034401
0351884H,317,Apprentissage,40,32211031212
0351907H,2287,Scolaire,70,32211031213
0351907H,1536,Scolaire,35,32211031312
0351947B,48,Scolaire,27,32212034101
0352009U,2655,Scolaire,70,32211031212
0352009U,841,Scolaire,35,32211032612
0352072M,423,Scolaire,34,32211031215
0352072M,365,Scolaire,35,32211033426
0352193U,320,Apprentissage,20,32212021308
0650065T,79,Scolaire,24,32211022208
0650065T,67,Scolaire,18,32211034502
0650065T,169,Scolaire,24,32211031213
0650065T,152,Scolaire,18,32211031212
0650065T,45,Scolaire,12,32211031409
0650139Y,46,Scolaire,12,32212031201
0650139Y,123,Scolaire,24,32212021015
0650065T,86,Scolaire,30,32211020116
0781779K,26,Apprentissage,10,23G00021407
0010099C,23,Scolaire,12,44210099901
0650028C,72,Apprentissage,15,32211022709
0650028C,40,Apprentissage,10,32211025015
0660010C,352,Scolaire,35,32211031216
0660010C,210,Apprentissage,15,32211031216
0660010C,510,Scolaire,35,32211031408
0010099C,42,Scolaire,12,44210099901
0710026T,5,Apprentissage,10,32211031409
0923029T,14,Apprentissage,150,32211031215
0061542U,6,Apprentissage,20,32211032612
0690085T,25,Apprentissage,18,32211031409
0021874B,5,Apprentissage,15,32211031311
0060026W,9,Apprentissage,5,32211032409
0755774U,3,Apprentissage,60,32211031213
0660011D,263,Scolaire,18,32211032409
0660011D,935,Scolaire,36,32211031213
0660011D,733,Scolaire,36,32211031212
0660011D,317,Scolaire,32,32211032612
0660011D,535,Scolaire,36,32211033206
0660014G,140,Scolaire,24,32211020111
0660014G,324,Scolaire,24,32211020116
0660021P,51,Scolaire,15,32211025005
0752792C,173,Scolaire,30,32211031409
0660059F,93,Scolaire,24,32211032409
0660059F,390,Scolaire,36,32211031215
0660077A,129,Scolaire,18,32211023012
0660077A,75,Scolaire,18,32211025521
0660924W,346,Scolaire,40,32211033422
0660924W,982,Scolaire,76,32211033426
0660699B,77,Scolaire,14,32212021114
0660699B,41,Scolaire,13,32212022117
0660733N,102,Apprentissage,30,32212021401
0660809W,494,Scolaire,35,32211031409
0660809W,967,Scolaire,35,32211032003
0670005S,279,Scolaire,24,32211031409
0670020H,341,Scolaire,35,32211032409
0670020H,720,Scolaire,35,32211031213
0670041F,295,Scolaire,24,32211031216
0781779K,193,Apprentissage,25,32212021401
0670057Y,210,Scolaire,24,32211031408
0670071N,302,Scolaire,24,32211032409
0670071N,573,Scolaire,35,32211031212
0670071N,460,Scolaire,30,32211031408
0670078W,1736,Scolaire,35,32211031212
0670078W,1006,Scolaire,35,32211031408
0752792C,522,Scolaire,30,32211031312
0752792C,410,Scolaire,30,32211032003
0752792C,765,Scolaire,50,32211031215
0750787Y,3,Scolaire,7,23K00022306
0270003G,4,Apprentissage,2,32211031409
0670084C,269,Scolaire,24,32211022106
0670084C,92,Scolaire,18,32211020115
0670084C,899,Scolaire,30,32211022209
0670084C,445,Scolaire,32,32211022210
0670084C,1441,Scolaire,30,32211033112
0670084C,1246,Scolaire,30,32211033115
0670084C,595,Scolaire,36,32211033206
0670085D,263,Scolaire,30,32211020009
0670085D,147,Scolaire,16,32211020113
0670085D,173,Scolaire,15,32211023412
0670085D,179,Scolaire,15,32211023411
0670085D,137,Scolaire,18,32211022316
0670085D,473,Scolaire,60,32211025520
0670085D,447,Scolaire,12,32211025521
0670086E,685,Scolaire,35,32211032409
0670086E,2149,Scolaire,35,32211031215
0670086E,2156,Scolaire,35,32211031213
0670086E,1304,Scolaire,35,32211031409
0670086E,1277,Scolaire,60,32211031408
0670086E,1321,Scolaire,35,32211032003
0670086E,1001,Scolaire,64,32211032612
0690553B,42,Scolaire,12,44210099901
0670087F,408,Scolaire,84,32211033422
0670087F,1438,Scolaire,70,32211033426
0670089H,387,Scolaire,30,32211031103
0670114K,116,Scolaire,15,32211025416
0671509B,131,Scolaire,24,32211020111
0671509B,273,Scolaire,15,32211020116
0671509B,88,Scolaire,15,32211022316
0671636P,378,Scolaire,32,32211033107
0671636P,322,Scolaire,30,32211031215
0671639T,404,Scolaire,36,32211031213
0671639T,311,Scolaire,30,32211031409
0622110G,56,Apprentissage,12,32211033608
0755701P,1272,Apprentissage,100,32211031215
0860010U,14,Apprentissage,15,23K00033412
0711755X,52,Apprentissage,10,32211033107
0755732Y,555,Apprentissage,200,32211033107
0671639T,234,Scolaire,30,32211031408
0671639T,305,Scolaire,29,32211032003
0671685T,217,Scolaire,32,32212021015
0671685T,97,Scolaire,27,32212034302
0671779V,119,Scolaire,33,32212034101
0671832C,149,Scolaire,15,32211025014
0671832C,154,Scolaire,24,32211031216
0672050P,275,Scolaire,40,32211031213
0672050P,148,Scolaire,26,32211031408
0690281F,122,Scolaire,15,44210099901
0672198A,358,Scolaire,24,32211023012
0672198A,198,Scolaire,30,32211023013
0672198A,190,Scolaire,15,32211023206
0751710B,99,Apprentissage,12,32211022003
0672534R,192,Scolaire,24,32211025005
0030925P,35,Scolaire,25,32211033206
0672616E,244,Scolaire,24,32211032209
0672689J,150,Scolaire,25,32211034502
0130175V,518,Apprentissage,12,32211031409
0593027V,68,Scolaire,18,32211031216
0590044C,112,Scolaire,15,32211020116
0021874B,103,Apprentissage,15,32211031213
0622196A,33,Apprentissage,20,32211025001
0622196A,40,Apprentissage,20,32211031216
0622196A,121,Apprentissage,30,32211031212
0740027C,60,Apprentissage,22,32211022316
0740027C,137,Scolaire,15,32211020009
0910975R,536,Scolaire,30,32211023012
0910975R,298,Scolaire,30,32211023013
0910975R,242,Scolaire,30,32211023108
0910975R,258,Scolaire,15,32211025416
0694070Z,130,Apprentissage,30,32211031409
0911251R,1371,Scolaire,30,32211032612
0911264E,218,Scolaire,96,32211033107
0911346U,1958,Scolaire,35,32211031215
0911492C,144,Scolaire,15,32211025014
0911492C,248,Scolaire,28,32211025520
0911577V,531,Scolaire,35,32211032409
0911577V,783,Scolaire,40,32211031408
0641441U,74,Apprentissage,5,32211031213
0911632E,720,Scolaire,36,32211031213
0911632E,606,Scolaire,35,32211031408
0911828T,725,Scolaire,30,32211025521
0911913K,338,Scolaire,28,32211022210
0911937L,859,Scolaire,34,32211031409
0911946W,298,Scolaire,26,32211025520
0911961M,734,Scolaire,30,32211020116
0760032X,52,Apprentissage,2,32211033426
0912364A,171,Scolaire,26,32211025014
0912142J,199,Scolaire,20,32211025219
0912142J,358,Scolaire,24,32211025215
0912163G,1236,Scolaire,33,32211031212
0912251C,817,Scolaire,32,32211033002
0912267V,403,Apprentissage,64,32211033426
0541898V,4,Apprentissage,8,23K00023304
0920130S,554,Scolaire,35,32211031408
0920134W,1697,Scolaire,12,32211032329
0920134W,1115,Scolaire,12,32211032330
0920134W,1725,Scolaire,12,32211032332
0920134W,454,Scolaire,12,32211032331
0920134W,828,Scolaire,12,32211032328
0920135X,322,Scolaire,34,32211032409
0920135X,703,Scolaire,32,32211031213
0920135X,582,Scolaire,32,32211031409
0920136Y,515,Scolaire,30,32211025014
0920136Y,640,Scolaire,30,32211025520
0920136Y,65,Apprentissage,15,32211025014
0920137Z,1276,Scolaire,36,32211031213
0920137Z,710,Scolaire,36,32211031408
0920138A,666,Scolaire,35,32211031311
0920138A,1914,Scolaire,35,32211032612
0920141D,2563,Scolaire,30,32211031212
0920141D,992,Scolaire,30,32211033206
0573212G,167,Apprentissage,40,32211031213
0573212G,89,Apprentissage,40,32211031409
0573212G,270,Apprentissage,60,32211031312
0573212G,195,Apprentissage,40,32211031212
0312211K,466,Apprentissage,40,32211031312
0312211K,120,Apprentissage,20,32211031409
0920144G,2107,Scolaire,30,32211020116
0422028B,50,Apprentissage,15,32211031212
0920147K,2182,Scolaire,35,32211031215
0920147K,751,Scolaire,35,32211031408
0920799U,349,Scolaire,30,32211031216
0920802X,1612,Scolaire,35,32211031215
0920802X,641,Scolaire,35,32211031409
0920802X,467,Scolaire,35,32211031408
0741758J,56,Apprentissage,14,32211022711
0920894X,92,Scolaire,28,32211031408
0920894X,182,Scolaire,32,32211032612
0920897A,812,Scolaire,74,32211031215
0920928J,116,Scolaire,18,32211025001
0920928J,76,Apprentissage,20,32211025520
0921156G,462,Scolaire,30,32211022208
0921156G,630,Scolaire,30,32211022210
0921156G,259,Apprentissage,16,32211022208
0921166T,265,Scolaire,26,32211020111
0921166T,238,Scolaire,26,32211022711
0921166T,550,Scolaire,32,32211033002
0921166T,418,Scolaire,32,32211033206
0593117T,40,Apprentissage,15,32211031408
0841251D,29,Apprentissage,30,32211031409
9711248E,72,Apprentissage,20,32211031213
0593027V,10,Apprentissage,6,32211031216
0622192W,36,Apprentissage,30,32211031213
0622110G,22,Apprentissage,20,32211031409
0622192W,16,Apprentissage,30,32211031409
0371211R,20,Scolaire,12,23K00033501
0080027L,29,Scolaire,12,23K00032601
0021906L,91,Scolaire,15,44210099901
0261148G,75,Scolaire,14,23K00033414
0640080P,67,Scolaire,12,44210099901
0831821D,27,Apprentissage,15,32211033426
0755559K,330,Apprentissage,20,32211031215
0342092P,266,Apprentissage,20,32211031215
0312211K,388,Apprentissage,30,32211031213
0312211K,481,Apprentissage,50,32211031212
0470815F,19,Apprentissage,10,32212022117
0801328J,67,Scolaire,22,32212034101
0120024L,65,Apprentissage,24,32211020009
0512117Z,76,Apprentissage,20,32211031213
9740002J,217,Scolaire,24,32211025520
0721528V,31,Apprentissage,14,32211025001
0490984D,6,Apprentissage,2,23K00022704
0450758E,259,Scolaire,18,32211032003
0932618R,269,Scolaire,50,32211032612
0120024L,32,Apprentissage,24,32211020111
0120024L,190,Apprentissage,24,32211031212
0120024L,83,Apprentissage,35,32211032409
0820899G,48,Apprentissage,2,32211031103
0952196W,346,Apprentissage,16,32211025520
0921625S,1840,Apprentissage,20,32211031212
0782822U,596,Apprentissage,25,32211031213
0342175E,226,Apprentissage,20,32211031212
0133979E,430,Apprentissage,24,32212021308
0831557S,186,Apprentissage,16,32212021401
0150008C,25,Apprentissage,12,32211033422
0313029Z,441,Apprentissage,12,32211031215
0694215G,65,Apprentissage,20,32211031212
0922946C,77,Apprentissage,25,32211031212
0922650F,239,Apprentissage,25,32211031313
0911864G,409,Apprentissage,90,32211032003
0911864G,565,Apprentissage,75,32211031215
0911864G,246,Apprentissage,60,32211031409
0911864G,160,Apprentissage,30,32211032409
0911864G,318,Apprentissage,60,32211031408
0850609A,88,Apprentissage,35,32212021015
0440030U,80,Apprentissage,2,32211025014
0490903R,36,Apprentissage,15,32211020009
0851642Y,64,Apprentissage,15,32211023013
0620062F,59,Apprentissage,10,32211031103
0170028N,125,Apprentissage,8,32211032409
0790029C,65,Apprentissage,4,32211031213
0292206R,62,Apprentissage,15,32211031213
0292206R,90,Apprentissage,15,32211031312
0340043M,207,Apprentissage,6,32211025217
0920134W,787,Apprentissage,8,32211032330
0451335G,131,Scolaire,24,32211033002
0490903R,23,Apprentissage,23,32211025014
0590065A,61,Scolaire,15,32211020111
6200003J,4,Scolaire,12,23K00022705
0590065A,89,Scolaire,15,32211025014
0952262T,161,Apprentissage,30,32211031408
0801999N,79,Apprentissage,25,32212021401
0880099E,179,Scolaire,15,32211032325
0311213A,514,Scolaire,35,32211031212
0320051G,78,Scolaire,18,32211033002
0280944Z,58,Apprentissage,25,32212021015
0110007Y,106,Scolaire,15,32211020009
0260791U,228,Scolaire,34,32212021401
0332380H,279,Scolaire,27,32212021401
0650139Y,582,Scolaire,32,32212021308
0312355S,99,Scolaire,15,32211025520
9720070U,118,Scolaire,38,32211032003
0291208F,166,Scolaire,20,32212021304
9840386X,91,Scolaire,16,32211025520
9840339W,59,Scolaire,20,32211023013
0820904M,71,Scolaire,18,32211033608
0370038R,57,Apprentissage,6,32211022316
0480025S,69,Scolaire,26,32211032003
0030026M,36,Scolaire,15,32211022316
0280944Z,54,Apprentissage,20,32211020116
0592965C,74,Scolaire,20,32211031216
0751883P,40,Apprentissage,25,32212031202
0831765T,126,Apprentissage,15,32211031312
0831808P,52,Apprentissage,20,32211033426
0332814E,70,Apprentissage,10,32211025415
9740479C,174,Scolaire,15,32211025001
0440333Y,114,Apprentissage,12,32211033608
0561949P,85,Apprentissage,24,32211025415
0570210U,27,Apprentissage,10,32211031409
0690200T,196,Scolaire,35,32211034502
0190866N,197,Apprentissage,18,32212021304
0802097V,13,Apprentissage,20,32211025014
0230553B,3,Apprentissage,10,23G00021224
0311989U,144,Apprentissage,25,32211031409
0694434V,107,Apprentissage,20,32211034502
0694434V,48,Apprentissage,20,32211032409
0694434V,80,Apprentissage,20,32211031311
0730032N,86,Apprentissage,12,32211023411
0211033J,176,Apprentissage,2,32211020116
0400018C,166,Apprentissage,15,32211031212
0820004J,102,Apprentissage,3,32211031212
0810959C,22,Apprentissage,1,32211022209
0471027L,22,Apprentissage,25,32211031409
0542161F,261,Apprentissage,30,32211031213
0940141T,27,Scolaire,12,44210099901
0912142J,343,Apprentissage,24,32211025215
0572698Y,11,Apprentissage,20,32211022316
0624109E,172,Scolaire,24,32211034502
0623864N,654,Scolaire,18,32211033107
0131775J,55,Apprentissage,14,32211032409
0502009M,97,Scolaire,15,32211023012
0160010Z,44,Apprentissage,4,32211031409
9710067W,45,Scolaire,18,32211022710
0310053P,359,Scolaire,12,32211023306
0310039Z,849,Scolaire,24,32211032409
0320023B,29,Scolaire,9,32211031216
0810003N,537,Scolaire,18,32211033426
0820021C,90,Scolaire,15,32211022316
0341692E,310,Apprentissage,25,32211033426
0301286K,35,Apprentissage,15,32211033422
0352449X,9,Apprentissage,24,32211034304
0351963U,89,Apprentissage,22,32211031213
0352490S,140,Apprentissage,50,32211031213
0352504G,35,Apprentissage,24,32211025014
0352512R,183,Scolaire,48,32212021015
0360003H,25,Apprentissage,12,32211033422
0360009P,183,Scolaire,22,32211031409
0360017Y,148,Scolaire,20,32212021115
0360043B,92,Scolaire,15,32211025014
0360043B,75,Scolaire,15,32211025520
0360043B,90,Scolaire,17,32211031216
0360043B,36,Apprentissage,9,32211025014
0360043B,385,Scolaire,28,32211031213
0360043B,141,Scolaire,15,32211031408
0360043B,183,Scolaire,16,32211032612
0360686A,70,Scolaire,32,32212021207
0360766M,34,Apprentissage,15,32212031204
0360766M,110,Apprentissage,25,32212021207
0950800D,182,Scolaire,30,32211031213
0160083D,10,Scolaire,12,23K00033414
0171405K,99,Scolaire,12,23K00033414
0370009J,70,Scolaire,15,32211025014
0370009J,189,Scolaire,30,32211031213
0920134W,405,Apprentissage,8,32211032331
0062314H,28,Apprentissage,60,32211031409
0370036N,1152,Scolaire,35,32211031213
0370037P,484,Scolaire,36,32211032409
0370037P,1687,Scolaire,36,32211031215
0370037P,1330,Scolaire,36,32211031213
0370037P,855,Scolaire,24,32211031409
0370038R,222,Scolaire,24,32211020111
0370038R,625,Scolaire,24,32211020116
0370038R,78,Scolaire,15,32211020115
0370038R,132,Scolaire,15,32211022316
0370038R,123,Scolaire,24,32211025415
0370038R,253,Scolaire,24,32211025521
0370038R,258,Scolaire,36,32211031216
0370038R,83,Apprentissage,12,32211025415
0370038R,1407,Scolaire,36,32211031212
0370038R,853,Scolaire,24,32211031312
0370038R,460,Apprentissage,7,32211031312
0370039S,661,Scolaire,34,32211031408
0370039S,500,Scolaire,32,32211032612
0370040T,464,Scolaire,30,32211032209
0370054H,180,Scolaire,15,32211025015
0622276M,444,Scolaire,15,32311033114
0370748M,170,Scolaire,16,32211023012
0370748M,110,Scolaire,16,32211023013
0370748M,103,Scolaire,16,32211023206
0370749N,209,Scolaire,38,32211031213
0370749N,142,Scolaire,24,32211031409
0370749N,175,Scolaire,38,32211031408
0370749N,426,Scolaire,38,32211032003
0062314H,57,Apprentissage,60,32211032003
0370771M,291,Apprentissage,15,32211031409
0370781Y,312,Scolaire,27,32212021207
0370781Y,78,Scolaire,13,32212021114
0370781Y,131,Scolaire,27,32212021112
0370781Y,110,Scolaire,14,32212034302
0763237F,49,Apprentissage,2,32211033422
0161003D,28,Apprentissage,12,32211022711
0195069G,77,Apprentissage,100,32211031212
0195069G,64,Apprentissage,26,32211031213
0370881G,189,Scolaire,18,32211022209
0370881G,353,Scolaire,18,32211033112
0371123V,20,Apprentissage,10,32211022506
0371417P,738,Scolaire,24,32211031313
0371418R,118,Scolaire,24,32211025522
0371418R,141,Scolaire,24,32211025005
0371436K,151,Apprentissage,50,32212021401
0371532P,227,Scolaire,38,32211033608
0380008C,170,Scolaire,24,32211025014
0380008C,505,Scolaire,34,32211031212
0380008C,285,Scolaire,24,32211031408
0380018N,321,Scolaire,32,32211031215
0380018N,175,Scolaire,24,32211031213
0380018N,136,Scolaire,30,32211033206
0471027L,41,Apprentissage,25,32211031212
0380033E,280,Scolaire,24,32211025014
0380033E,223,Scolaire,24,32211020111
0380033E,208,Scolaire,30,32211031216
0380034F,569,Scolaire,30,32211022209
0380034F,474,Scolaire,32,32211032409
0380034F,1061,Scolaire,30,32211033112
0380034F,1739,Scolaire,48,32211031215
0380034F,776,Scolaire,32,32211031313
0380034F,990,Scolaire,32,32211031409
0380034F,663,Scolaire,32,32211032612
0380034F,484,Scolaire,26,32211033206
0380035G,319,Scolaire,61,32211033422
0380035G,1071,Scolaire,54,32211033426
0380081G,224,Scolaire,24,32211032409
0380081G,290,Scolaire,34,32211031408
0380081G,496,Scolaire,34,32211032003
0292384J,70,Apprentissage,40,32211032003
0100025Y,84,Apprentissage,12,32211023306
0333540U,329,Apprentissage,20,32211031215
0711958T,54,Apprentissage,12,32211031213
C752887F,381,Apprentissage,55,32211031213
0382440W,109,Apprentissage,1,32211032331
0831679Z,87,Apprentissage,20,32211033608
0380081G,382,Scolaire,32,32211032612
0380083J,149,Scolaire,24,32211025520
0380083J,136,Scolaire,30,32211022711
0380089R,141,Scolaire,24,32211020113
0380089R,181,Scolaire,24,32211025521
0380091T,406,Scolaire,34,32211031213
0380091T,267,Scolaire,30,32211031408
0380092U,133,Scolaire,15,32211022316
0381603L,129,Scolaire,24,32211025522
0381603L,598,Scolaire,30,32211033107
0381603L,372,Scolaire,38,32211032209
0381666E,82,Scolaire,15,32211025521
0311989U,259,Apprentissage,35,32211031213
0381678T,266,Scolaire,36,32211031215
0381678T,187,Scolaire,26,32211031213
0381678T,267,Scolaire,26,32211031212
0381678T,153,Scolaire,24,32211031409
0381678T,80,Scolaire,15,32211031408
0381817U,269,Scolaire,32,32212021401
0381818V,216,Apprentissage,20,32211031213
0831760M,28,Apprentissage,10,32211031312
0781949V,794,Scolaire,30,32211031212
0910629P,18,Scolaire,12,23K00033414
0680001G,246,Scolaire,24,32211031408
0680003J,103,Scolaire,27,32212031202
0680003J,138,Scolaire,27,32212021112
0680008P,607,Scolaire,35,32211031213
0680008P,413,Scolaire,30,32211031408
0680008P,372,Scolaire,34,32211032612
0680010S,106,Scolaire,15,32211020111
0680010S,380,Scolaire,24,32211020116
0680015X,477,Scolaire,24,32211031212
0680016Y,149,Scolaire,12,32211025014
0680016Y,82,Scolaire,12,32211022316
0680016Y,134,Scolaire,18,32211025520
0680031P,469,Scolaire,30,32211032409
0680031P,1120,Scolaire,35,32211031215
0680031P,964,Scolaire,24,32211031212
0680031P,765,Scolaire,30,32211031409
0741691L,80,Apprentissage,15,32211031312
0680032R,396,Scolaire,30,32211033002
0680034T,171,Scolaire,16,32211020113
0680034T,227,Scolaire,24,32211025001
0680034T,270,Scolaire,24,32211025520
0680034T,243,Scolaire,12,32211025521
9711051R,247,Apprentissage,50,32211031213
0680066C,102,Scolaire,15,32211022310
0680066C,162,Scolaire,18,32211020009
0680066C,117,Scolaire,24,32211031216
0680066C,217,Scolaire,24,32211031311
0680066C,271,Scolaire,24,32211031408
0680073K,202,Scolaire,24,32211032409
0680149T,94,Scolaire,24,32211033206
0680151V,168,Scolaire,26,32211031213
0160757L,118,Apprentissage,30,32211031213
0681222J,55,Scolaire,18,32212021114
0681768C,433,Scolaire,30,32211022208
0681768C,998,Scolaire,30,32211033112
0922276Z,29,Scolaire,8,23K00033404
0681809X,218,Scolaire,24,32211025215
0681817F,29,Scolaire,15,32211022506
0681817F,18,Apprentissage,8,32211022506
0681839E,177,Scolaire,36,32211033422
0681839E,80,Apprentissage,40,32211033422
0681882B,568,Scolaire,30,32211031312
0572590F,84,Scolaire,15,32211025216
0690023A,4602,Scolaire,35,32211031215
0130151U,226,Scolaire,24,32211033002
0831354W,261,Scolaire,12,32211025013
0220023F,68,Scolaire,16,23K00032601
0620256S,354,Apprentissage,15,32211031213
0171183U,36,Apprentissage,16,23K00033413
0020079A,8,Apprentissage,8,23K00025406
0301874Z,54,Apprentissage,12,32211025520
0110670U,31,Apprentissage,30,32211032409
0690023A,2361,Scolaire,35,32211031312
0690042W,1427,Scolaire,35,32211031408
0690046A,795,Scolaire,30,32211032409
0690029G,2195,Scolaire,35,32211031212
0690032K,950,Scolaire,34,32211032409
0690032K,2592,Scolaire,34,32211031213
0690035N,3158,Scolaire,40,32211031215
0690037R,85,Scolaire,15,32211024111
0690037R,61,Scolaire,15,32211024112
0690037R,604,Scolaire,30,32211025014
0690037R,356,Scolaire,30,32211020113
0690037R,565,Scolaire,15,32211022208
0022041H,4,Apprentissage,10,32212031205
0623279C,20,Apprentissage,30,32212031203
0595541C,97,Apprentissage,25,32212021207
0741627S,308,Apprentissage,65,32211031213
0690038S,618,Scolaire,24,32211022210
0690038S,1067,Scolaire,35,32211032409
0690038S,2166,Scolaire,30,32211033112
0690038S,3172,Scolaire,35,32211031215
0690038S,2131,Scolaire,35,32211031212
0690038S,1638,Scolaire,35,32211031409
0690038S,2012,Scolaire,70,32211031408
0690038S,2205,Scolaire,35,32211032003
0690038S,1761,Scolaire,48,32211032612
0690038S,1039,Scolaire,35,32211033206
0690040U,63,Scolaire,12,32211022314
0690042W,1013,Scolaire,32,32211032409
0690107S,914,Scolaire,32,32211031103
0690042W,2191,Scolaire,35,32211031312
0690042W,2899,Scolaire,59,32211033426
0690074F,307,Scolaire,15,32211025014
0690074F,891,Scolaire,33,32211031408
0690085T,346,Scolaire,24,32211031409
0690092A,807,Scolaire,32,32211033608
0690097F,1136,Scolaire,24,32211031215
0690097F,687,Scolaire,24,32211031213
0690103M,282,Scolaire,18,32211022316
0690103M,306,Scolaire,18,32211025416
0690104N,343,Scolaire,30,32211020111
0690104N,511,Scolaire,24,32211025520
0690104N,969,Scolaire,15,32211025521
0222027J,62,Apprentissage,20,32211031409
0222027J,165,Apprentissage,20,32211031213
0222027J,190,Apprentissage,20,32211031212
0311716X,93,Apprentissage,20,32211032612
0660952B,58,Apprentissage,20,32211031213
0150030B,41,Apprentissage,15,32211025014
0460706T,19,Apprentissage,10,32211031409
0840005Z,549,Scolaire,12,32211033115
0011326L,413,Scolaire,12,32211020116
0690128P,1809,Scolaire,45,32211020116
0690128P,721,Scolaire,30,32211025520
0690128P,934,Scolaire,15,32211025521
0690132U,2429,Scolaire,32,32211031213
0690132U,1353,Scolaire,32,32211031408
0601845E,263,Apprentissage,15,32211031312
0382271M,148,Apprentissage,10,32211025215
0022046N,12,Apprentissage,12,23G00021223
0631968X,9,Apprentissage,30,23K00025406
0624184L,109,Apprentissage,10,32212021401
0870730W,602,Scolaire,12,32211031212
0420079H,211,Apprentissage,15,32211032209
0921230M,167,Scolaire,12,32211025005
0921230M,1293,Scolaire,32,32211031409
0382938M,77,Apprentissage,20,32211031409
0580071M,86,Apprentissage,20,32211031212
0921399W,1090,Scolaire,32,32211031312
0921484N,678,Scolaire,37,32211031215
0921484N,333,Scolaire,37,32211031213
0921484N,319,Scolaire,35,32211032612
0921594H,597,Scolaire,38,32211032409
0921594H,1556,Scolaire,38,32211031212
0921676X,873,Apprentissage,24,32211031213
0921676X,97,Apprentissage,24,32211033422
0921935D,431,Scolaire,16,32211034502
0921935D,183,Scolaire,16,32211031408
0922149L,1011,Scolaire,38,32211033115
0922149L,283,Scolaire,39,32211033422
0922149L,2892,Scolaire,90,32211033426
0922276Z,731,Apprentissage,20,32211031409
0922276Z,599,Apprentissage,20,32211031408
0922277A,330,Scolaire,15,32211025417
0922398G,1271,Scolaire,34,32211032003
0922427N,513,Scolaire,26,32211032209
0580071M,82,Apprentissage,20,32211031213
0492389F,38,Apprentissage,8,23G00021407
0922653J,64,Scolaire,45,32211031216
0922653J,142,Apprentissage,34,32211025215
0930116W,1191,Scolaire,35,32211031213
0930116W,739,Scolaire,35,32211031408
0930117X,1924,Scolaire,24,32211020116
0930117X,192,Scolaire,24,32211022316
0930117X,398,Scolaire,35,32211031216
0930117X,792,Scolaire,30,32211032409
0930118Y,2066,Scolaire,35,32211031213
0930118Y,1001,Scolaire,35,32211031408
0930119Z,609,Scolaire,35,32211032409
0930119Z,1106,Scolaire,35,32211031213
0930119Z,1531,Scolaire,35,32211031408
0331501C,270,Apprentissage,18,32211033426
0930120A,733,Scolaire,24,32211032409
0930120A,2231,Scolaire,35,32211033426
0930121B,828,Scolaire,30,32211032409
0930121B,1220,Scolaire,32,32211033002
0930121B,1701,Scolaire,35,32211031213
0930121B,1558,Scolaire,24,32211031212
0930122C,75,Scolaire,24,32211022310
0930122C,508,Scolaire,30,32211025014
0930122C,419,Scolaire,24,32211025215
0930123D,1463,Scolaire,30,32211031312
0930123D,1197,Scolaire,35,32211031409
0930125F,359,Scolaire,30,32211022106
0930125F,537,Scolaire,24,32211025520
0930125F,559,Scolaire,12,32211025521
0930125F,1906,Scolaire,45,32211033112
0930125F,1294,Scolaire,35,32211031213
0930125F,1595,Scolaire,70,32211031409
0930127H,1127,Scolaire,35,32211031213
0930127H,842,Scolaire,35,32211031408
0930830X,2164,Scolaire,35,32211031215
0930830X,1305,Scolaire,35,32211031313
0930833A,2500,Scolaire,35,32211031215
0930833A,1352,Scolaire,35,32211032003
0930834B,198,Scolaire,24,32211020009
0930834B,263,Scolaire,24,32211020111
0930834B,419,Scolaire,24,32211025520
0930834B,502,Scolaire,35,32211031216
0930834B,775,Scolaire,35,32211032409
0930834B,1303,Scolaire,35,32211031409
0930834B,1374,Scolaire,59,32211031408
0930834B,2148,Scolaire,108,32211032612
0930863H,226,Scolaire,20,32211031215
0931026K,254,Scolaire,28,32211031212
0931026K,148,Scolaire,28,32211031409
0301649E,328,Apprentissage,18,32211025303
0931272C,660,Scolaire,30,32211023012
0931272C,518,Scolaire,12,32211025521
0931430Z,903,Scolaire,35,32211031408
0931430Z,1517,Scolaire,35,32211032003
0931565W,606,Scolaire,24,32211032409
0931565W,974,Scolaire,35,32211031408
0931584S,1171,Scolaire,24,32211020116
0931584S,151,Scolaire,26,32211025005
0931585T,1697,Scolaire,37,32211031213
0931613Y,2274,Scolaire,24,32211031212
0931613Y,1736,Scolaire,24,32211032612
0931779D,447,Scolaire,65,32212021401
0931796X,286,Scolaire,36,32211033107
0931796X,363,Scolaire,72,32211032612
0620221D,64,Apprentissage,9,32211025215
0922653J,132,Scolaire,45,32211034401
0310039Z,830,Apprentissage,20,32211031409
0090013R,37,Apprentissage,4,32211020116
0352267Z,48,Apprentissage,10,32211033607
0931797Y,85,Scolaire,20,32211025520
0931797Y,191,Apprentissage,18,32211025520
0632069G,28,Apprentissage,12,32211031409
0850086G,22,Apprentissage,12,32211020111
0251750S,12,Apprentissage,7,32211025414
0351047Y,166,Apprentissage,35,32212021401
0160862A,78,Apprentissage,8,32211025215
0630034V,139,Apprentissage,15,32211031212
0342368P,55,Apprentissage,20,32211031408
0755902H,2273,Apprentissage,20,32211031212
0760114L,113,Apprentissage,20,32211031213
0700958L,61,Apprentissage,25,32212021015
0371515W,15,Apprentissage,30,32211034304
0451653C,51,Apprentissage,32,32211025520
0451653C,16,Apprentissage,12,32211020009
0451653C,24,Apprentissage,24,32211025415
0451653C,88,Apprentissage,48,32211025014
0451653C,34,Apprentissage,12,32211025001
0451653C,31,Apprentissage,12,32211031216
0451653C,37,Apprentissage,24,32211022316
0410590U,230,Apprentissage,48,32211031213
0410590U,240,Apprentissage,24,32211031212
0410590U,110,Apprentissage,24,32211031409
0410590U,102,Apprentissage,24,32211031408
0370811F,107,Apprentissage,30,32211025215
0370811F,121,Apprentissage,16,32211033608
0370811F,179,Apprentissage,48,32211031213
0371761N,48,Apprentissage,20,32211031103
0370811F,116,Apprentissage,24,32211033002
0180755Y,178,Apprentissage,15,32211031212
0180755Y,134,Apprentissage,15,32211031213
0180755Y,81,Apprentissage,15,32211031409
0811377G,32,Apprentissage,12,32211031408
0542221W,51,Apprentissage,40,32211025520
0542221W,54,Apprentissage,50,32211025014
0542221W,18,Apprentissage,24,32211022316
0542221W,31,Apprentissage,24,32211025001
0542221W,17,Apprentissage,24,32211020111
0542221W,38,Apprentissage,24,32211025415
0651115J,71,Apprentissage,15,32211031213
0811377G,64,Apprentissage,12,32211031213
0542563T,61,Apprentissage,18,32211031213
0651115J,21,Apprentissage,8,32211031409
0542563T,34,Apprentissage,18,32211031409
0651115J,66,Apprentissage,12,32211031212
0811377G,63,Apprentissage,14,32211031212
0542563T,102,Apprentissage,18,32211031212
0542563T,40,Apprentissage,18,32211031408
0562047W,45,Apprentissage,10,32211032612
0380035G,52,Scolaire,12,23K00033414
0670087F,104,Scolaire,15,23K00033404
0381861S,41,Apprentissage,10,32211025015
0130050J,233,Scolaire,15,32211023013
0881452A,35,Scolaire,24,32212021114
0022044L,68,Apprentissage,15,32211023012
0622196A,97,Apprentissage,45,32211031213
0622196A,26,Apprentissage,25,32211033422
0881721T,19,Apprentissage,24,32211025014
0623564M,13,Apprentissage,13,32211025415
0120937D,63,Scolaire,19,32212022117
0624141P,55,Apprentissage,15,32211025001
0510036M,76,Scolaire,10,23K00033404
0142215G,45,Apprentissage,25,32211031103
9711071M,52,Apprentissage,2,32211031216
0870671G,76,Scolaire,19,32212021007
0831014B,113,Scolaire,12,32211023206
9710418C,67,Scolaire,12,32211025216
0320067Z,79,Apprentissage,6,32211023412
0352503F,71,Apprentissage,12,32211025520
0590215N,443,Scolaire,30,32211033002
0511147V,58,Apprentissage,15,32211034401
0631985R,141,Apprentissage,8,32211023012
0597282V,8,Apprentissage,300,32211032003
0341385W,183,Apprentissage,15,32211023412
0341385W,216,Apprentissage,15,32211023013
0400019D,62,Apprentissage,13,32211025216
0752426E,200,Apprentissage,20,32212021401
0442752C,213,Scolaire,15,32211023013
0351878B,595,Scolaire,30,32211032209
0620095S,99,Apprentissage,22,32211025520
9720615L,139,Scolaire,20,32211031312
0740006E,156,Apprentissage,16,32211023412
0130235K,242,Scolaire,40,32211034502
9741570N,116,Apprentissage,30,32211031408
9740983A,231,Apprentissage,12,32211031409
9740983A,151,Apprentissage,12,32211032409
9740983A,256,Apprentissage,12,32211031212
9740983A,229,Apprentissage,18,32211032003
9741242G,75,Apprentissage,12,32211025014
0597282V,0,Apprentissage,100,32211031408
0755559K,110,Apprentissage,20,32211032612
0694565M,142,Apprentissage,15,32211031313
0590098L,41,Apprentissage,5,32211025520
0731505P,82,Apprentissage,40,32211025014
0731505P,66,Apprentissage,16,32211020009
0731505P,30,Apprentissage,10,32211025001
0731505P,37,Apprentissage,12,32211031216
0383551D,22,Apprentissage,20,32211031408
0230002C,37,Apprentissage,3,32211032612
0010856A,34,Apprentissage,14,32211020009
0010856A,27,Apprentissage,12,32211025415
0010856A,79,Apprentissage,32,32211025520
0010856A,25,Apprentissage,16,32211022316
0010856A,55,Apprentissage,32,32211025014
0421139K,97,Apprentissage,17,32211023013
0421139K,116,Apprentissage,17,32211022709
0694480V,68,Apprentissage,12,23K00033413
0693640G,6,Apprentissage,23,32211022506
0681810Y,157,Apprentissage,24,32211023012
0333203C,162,Scolaire,12,32211034502
0694366W,44,Apprentissage,25,32211031408
0693702Z,36,Apprentissage,30,32211034304
0590065A,135,Apprentissage,15,32211020116
0951994B,154,Scolaire,32,32211031313
0593058D,34,Apprentissage,16,32211031408
0421609W,71,Apprentissage,14,32211025215
0692210C,109,Apprentissage,16,32211025001
0692210C,175,Apprentissage,16,32211020009
0692210C,214,Apprentissage,48,32211025520
0692210C,119,Apprentissage,16,32211022711
0692210C,119,Apprentissage,32,32211022316
0110670U,80,Apprentissage,30,32211031213
0351002Z,62,Apprentissage,15,32211022711
0110670U,140,Apprentissage,30,32211033426
0770998S,98,Apprentissage,24,32211025520
0671509B,9,Scolaire,10,23K00022705
0261505V,207,Scolaire,15,32211025521
0261505V,313,Scolaire,32,32211032612
0241056T,141,Apprentissage,30,32211031212
0312686B,111,Scolaire,9,23K00025308
0312686B,51,Scolaire,9,23K00025309
0380034F,628,Apprentissage,20,32211031312
0760114L,57,Apprentissage,16,32211032409
0693699W,618,Apprentissage,100,32211033107
0690037R,332,Apprentissage,15,32211022208
0782058N,93,Apprentissage,20,32211031312
0381819W,144,Scolaire,16,32212021015
0133274N,3,Apprentissage,15,32211031103
0060075Z,197,Apprentissage,8,32211025520
0190849V,16,Apprentissage,15,32211025520
0261504U,151,Apprentissage,24,32211033426
0753268V,3041,Apprentissage,24,32211031213
0690097F,491,Apprentissage,16,32211031213
0811374D,118,Apprentissage,100,32211031213
0333460G,73,Apprentissage,30,32211031408
0640187F,47,Apprentissage,45,32211031213
0772667F,155,Apprentissage,30,32211031212
0170100S,53,Apprentissage,10,32211022710
0381886U,174,Scolaire,34,32212034302
0381886U,712,Scolaire,36,32212021308
0383208F,96,Scolaire,15,32211033002
0383208F,210,Scolaire,24,32211031213
0383208F,270,Scolaire,30,32211031212
0383208F,176,Scolaire,24,32211031409
0383208F,119,Scolaire,15,32211031408
0382099A,209,Scolaire,15,32211022709
0382099A,373,Scolaire,24,32211023012
0382203N,249,Scolaire,24,32211025520
0340992U,39,Apprentissage,5,32211031213
0342175E,160,Apprentissage,20,32211031213
0772468P,457,Apprentissage,38,32211031213
0341521U,71,Apprentissage,5,32211025521
0340992U,92,Apprentissage,15,32211031312
0210006T,152,Apprentissage,4,32211033426
0580552K,43,Apprentissage,5,32211033426
0210019G,534,Apprentissage,4,32211031213
0711322B,90,Apprentissage,12,32211031103
0710018J,45,Apprentissage,6,32211031409
0891200W,54,Apprentissage,18,32211031409
0631450J,76,Apprentissage,6,32211025217
0382433N,57,Apprentissage,20,32212031203
0382440W,1167,Scolaire,10,32211032329
0382440W,659,Scolaire,10,32211032330
0382440W,897,Scolaire,9,32211032332
0382440W,253,Scolaire,10,32211032331
0382440W,528,Scolaire,10,32211032328
0382780R,650,Scolaire,34,32211031213
0382780R,635,Scolaire,34,32211031408
0382780R,1007,Scolaire,34,32211032003
0382780R,453,Scolaire,32,32211032612
0382838D,88,Scolaire,18,32211031216
0382838D,342,Scolaire,14,32211031215
0382863F,562,Scolaire,30,32211020116
0382863F,283,Apprentissage,16,32211020116
0382863F,541,Scolaire,34,32211031213
0382895R,120,Scolaire,15,32211022106
0382895R,336,Scolaire,32,32211031409
0382920T,1193,Scolaire,52,32211031212
0382938M,39,Scolaire,20,32211033002
0382938M,119,Scolaire,20,32212022115
0382938M,19,Apprentissage,10,32212022117
0381678T,76,Scolaire,28,32211033422
0390012B,438,Scolaire,35,32211033426
0390013C,104,Scolaire,20,32211020009
0390013C,90,Scolaire,15,32211025520
0390013C,74,Scolaire,15,32211031216
0390013C,75,Apprentissage,12,32211025520
0390013C,44,Apprentissage,12,32211020114
0390019J,96,Scolaire,26,32211031408
0390019J,37,Apprentissage,12,32211032409
0390027T,94,Scolaire,30,32211025522
0390027T,111,Scolaire,15,32211025005
0390027T,643,Scolaire,90,32211033107
0390027T,232,Apprentissage,30,32211033107
0390029V,168,Scolaire,30,32211023412
0390029V,166,Scolaire,28,32211023411
0390029V,137,Apprentissage,45,32211023412
0390033Z,209,Scolaire,29,32211033206
0390033Z,187,Scolaire,62,32211033422
0390091M,79,Scolaire,30,32211031212
0390786T,119,Scolaire,24,32211031409
0390809T,127,Scolaire,28,32212034101
0390810U,159,Scolaire,28,32212021015
0390810U,489,Scolaire,27,32212021308
0390812W,94,Scolaire,32,32212022117
0390812W,89,Scolaire,32,32212022116
0391038S,305,Apprentissage,20,32212021308
0391153S,36,Apprentissage,20,32212022117
0391092A,90,Scolaire,15,32211025014
0391092A,61,Scolaire,15,32211022316
0391146J,31,Apprentissage,35,32211022711
0391146J,30,Apprentissage,35,32211031216
0292198G,72,Apprentissage,8,32211033107
0922946C,113,Apprentissage,20,32211031313
0142120D,53,Apprentissage,15,32211025520
0623280D,48,Scolaire,30,32211025213
0382440W,21,Scolaire,24,23K00025122
0391146J,136,Scolaire,40,32211033002
0391146J,83,Scolaire,40,32211031408
0391146J,118,Scolaire,40,32211032612
0391146J,160,Apprentissage,35,32211031215
0391146J,75,Apprentissage,35,32211031212
0391146J,108,Apprentissage,35,32211031312
0391146J,37,Apprentissage,35,32211031409
0391146J,47,Apprentissage,35,32211031408
0391146J,77,Apprentissage,35,32211032612
0400002K,34,Scolaire,15,32211022003
0400002K,84,Scolaire,17,32211020009
0400002K,293,Scolaire,30,32211020116
0400002K,52,Scolaire,15,32211022316
0400002K,150,Scolaire,30,32211025520
0400007R,99,Scolaire,30,32211025014
0400007R,94,Scolaire,15,32211025521
0400007R,516,Scolaire,35,32211031213
0400007R,267,Scolaire,35,32211031409
0400007R,128,Scolaire,24,32211020114
0400017B,435,Scolaire,33,32211031212
0400018C,185,Scolaire,35,32211032409
0400018C,462,Scolaire,35,32211031213
0400018C,214,Scolaire,35,32211031408
0400067F,81,Scolaire,15,32211033608
0400750Y,133,Scolaire,19,32212021015
0400750Y,123,Scolaire,19,32212021115
0261505V,152,Apprentissage,14,32211032612
0671639T,117,Apprentissage,15,32211033002
0671696E,232,Apprentissage,24,32211031213
0620011A,74,Apprentissage,15,32211023205
0590144L,84,Apprentissage,10,32211025216
0590144L,247,Apprentissage,20,32211025215
0622801H,138,Apprentissage,50,32211023206
0060776L,170,Apprentissage,24,32211031212
0061478Z,212,Scolaire,15,32211022709
0350030T,168,Scolaire,10,32211023012
0340011C,449,Scolaire,30,32211033002
0593117T,106,Scolaire,30,32211031408
0670114K,32,Apprentissage,18,32211025415
0670114K,68,Apprentissage,24,32211025014
0670114K,47,Apprentissage,8,32211025416
0681948Y,130,Apprentissage,20,32211031409
0450759F,64,Scolaire,25,32211031213
0620109G,434,Scolaire,30,32211033002
0120096P,61,Scolaire,12,32211023411
9720779P,41,Scolaire,19,32212022117
0190624A,109,Scolaire,16,32212021015
0240006B,56,Scolaire,24,32211025213
0942269F,855,Scolaire,35,32211031103
0622114L,246,Scolaire,36,32211031215
0693654X,93,Scolaire,10,32211020115
9740054R,39,Scolaire,15,32211020115
9740934X,71,Scolaire,15,32211025017
0760082B,51,Scolaire,12,32211025213
6200002H,245,Apprentissage,15,32211031213
0360024F,142,Scolaire,15,32211024305
0550752U,70,Scolaire,19,32212022117
0761353H,60,Scolaire,15,32211033607
0790024X,41,Apprentissage,2,32211025014
0121423G,208,Scolaire,12,32211023305
0650058K,78,Scolaire,18,32211033426
0660488X,74,Apprentissage,8,32211022709
0800011C,703,Scolaire,18,32211033115
0690250X,215,Scolaire,24,32212031203
0690250X,446,Scolaire,32,32212021401
0690279D,746,Scolaire,37,32212022115
0490983C,71,Apprentissage,20,32211031213
0383474V,48,Apprentissage,15,32211031103
0690520R,75,Scolaire,24,32211032409
0690520R,182,Scolaire,24,32211031409
0420033H,81,Apprentissage,5,32211032409
0690521S,624,Scolaire,45,32211031215
0690521S,273,Scolaire,45,32211031408
0690564N,92,Scolaire,30,32211032409
0690539L,102,Scolaire,30,32211022711
0690539L,141,Scolaire,36,32211032409
0690539L,585,Scolaire,36,32211031215
0690542P,212,Scolaire,30,32211031213
0690543R,118,Scolaire,28,32211031408
0690553B,113,Scolaire,25,32211032612
0690563M,314,Scolaire,26,32211031212
0753268V,3331,Apprentissage,24,32211031212
0740092Y,44,Apprentissage,15,32211034401
0811175M,29,Apprentissage,12,32211025520
0711915W,121,Apprentissage,90,32211031213
0711915W,125,Apprentissage,60,32211031212
0711915W,64,Apprentissage,60,32211031409
0241092G,34,Apprentissage,16,32212021015
0134288R,118,Apprentissage,18,32211031213
0134335S,87,Apprentissage,20,32211031216
0811175M,30,Apprentissage,12,32211025014
0650065T,86,Apprentissage,12,32211031213
0121423G,39,Apprentissage,10,32211033002
0311145B,101,Apprentissage,15,32211025014
0640013S,182,Scolaire,15,32211031311
0370811F,188,Apprentissage,24,32211031212
0623277A,131,Apprentissage,45,32212021015
0710054Y,14,Apprentissage,3,32211034304
0670058Z,212,Apprentissage,12,32211031212
0690563M,264,Scolaire,28,32211032003
0763417B,50,Apprentissage,25,32212021015
0690564N,248,Scolaire,30,32211031408
0690564N,256,Scolaire,35,32211032612
0690571W,1005,Scolaire,45,32211031215
0690571W,475,Scolaire,45,32211031313
0690631L,113,Scolaire,32,32211032409
0690631L,329,Scolaire,32,32211031409
0690631L,182,Scolaire,32,32211031408
0690631L,326,Scolaire,32,32211032612
0690634P,509,Scolaire,16,32211023305
0690634P,121,Scolaire,16,32211025415
0690634P,154,Scolaire,16,32211025416
0690634P,248,Scolaire,24,32211025520
0690642Y,391,Scolaire,22,32211020116
0690646C,466,Scolaire,35,32211031212
0690646C,191,Scolaire,35,32211033206
0690671E,502,Scolaire,30,32211022209
0690671E,127,Scolaire,36,32211031216
0352025L,101,Apprentissage,16,32212021207
0430098Y,109,Scolaire,16,32211033426
0691644M,152,Scolaire,15,32211020111
0631450J,92,Apprentissage,6,32211031312
0691678Z,81,Scolaire,16,32212021115
0691678Z,58,Scolaire,16,32212034302
0922149L,105,Scolaire,18,23K00033413
0290012F,212,Scolaire,12,32211020116
0770924L,109,Scolaire,15,44210099901
0763417B,170,Apprentissage,20,32212021308
0611061X,43,Apprentissage,10,32211025215
0141300M,69,Apprentissage,20,32211031409
0141300M,182,Apprentissage,26,32211033107
0922377J,140,Apprentissage,25,32211031103
0370054H,102,Apprentissage,15,32211023206
0593007Y,43,Apprentissage,12,32211025014
0492220X,25,Apprentissage,7,23G00021222
0441972E,20,Apprentissage,12,23G00021407
0492220X,5,Apprentissage,5,23G00021213
0492220X,9,Apprentissage,7,23G00021224
0831771Z,36,Apprentissage,10,32211031213
0840733R,157,Apprentissage,15,32211031213
0831771Z,8,Apprentissage,10,32211031409
0772884S,577,Apprentissage,20,32211031409
0763237F,23,Scolaire,12,23K00033414
0641752G,16,Apprentissage,8,23G00021303
0470641S,32,Apprentissage,15,32211025014
0820021C,72,Apprentissage,1,32211025521
9741570N,169,Apprentissage,25,32211031213
9741570N,257,Apprentissage,35,32211033426
0350005R,107,Scolaire,12,23K00033404
9741242G,78,Apprentissage,12,32211032409
9740984B,219,Apprentissage,20,32211031409
9740988F,127,Apprentissage,8,32211025215
0451067R,226,Scolaire,14,32211033608
0383057S,32,Apprentissage,16,32211025001
0383057S,39,Apprentissage,16,32211022316
0383057S,75,Apprentissage,12,32211020009
0383057S,74,Apprentissage,35,32211025014
0383057S,64,Apprentissage,40,32211025015
0383057S,73,Apprentissage,35,32211025520
0941470M,598,Apprentissage,16,32211023012
0470815F,57,Apprentissage,16,32212021115
0301376H,170,Scolaire,40,32211034502
0692514H,136,Apprentissage,30,32211032209
0692514H,406,Apprentissage,28,32211033111
0692514H,290,Apprentissage,15,32211024207
0692514H,180,Apprentissage,54,32211023108
0694480V,180,Apprentissage,30,32211033422
0680066C,118,Apprentissage,5,32211031408
0660856X,19,Apprentissage,10,32211022506
0011324J,60,Apprentissage,18,32211023412
0421187M,39,Apprentissage,5,32211031212
0422218H,55,Apprentissage,24,32211023412
0421975U,98,Apprentissage,22,32211025520
0421975U,78,Apprentissage,36,32211022316
0421975U,130,Apprentissage,36,32211025014
0421975U,127,Apprentissage,32,32211032612
0421975U,79,Apprentissage,20,32211031216
9740922J,58,Apprentissage,20,32212021207
0110680E,126,Apprentissage,40,32211031212
0422264H,39,Apprentissage,16,32211025415
0721478R,25,Scolaire,15,32211022711
0730016W,108,Apprentissage,15,32211025415
0260113G,41,Apprentissage,12,32211020115
0701001H,39,Apprentissage,20,32211031213
0692360R,96,Apprentissage,20,32211031409
0500087Y,21,Apprentissage,2,32211025218
0772884S,981,Apprentissage,50,32211031213
0820021C,34,Apprentissage,4,32211022316
0261505V,642,Scolaire,32,32211031409
0261505V,247,Scolaire,24,32211032409
0721684P,24,Scolaire,12,23K00032601
0760032X,12,Apprentissage,2,32211022316
0760032X,5,Apprentissage,2,32211022505
0762964J,72,Apprentissage,4,32211022709
0510036M,70,Scolaire,12,23K00033414
0132974M,56,Scolaire,15,23K00033414
0755214K,263,Apprentissage,100,32211031103
0932026X,1646,Scolaire,30,32211031212
0932030B,1241,Scolaire,35,32211031213
0932031C,2026,Scolaire,35,32211031213
0932036H,135,Apprentissage,30,32211022711
0932036H,271,Apprentissage,40,32211031213
0932046U,1034,Scolaire,35,32211031103
0932047V,362,Scolaire,24,32211025520
0932047V,503,Scolaire,12,32211032331
0932047V,689,Scolaire,12,32211032328
0932120Z,694,Scolaire,30,32211033206
0932121A,1743,Scolaire,13,32211032329
0932121A,1075,Scolaire,13,32211032330
0932121A,1433,Scolaire,12,32211032332
0932121A,659,Scolaire,13,32211032328
0932126F,168,Scolaire,24,32211033422
0932291K,327,Scolaire,20,32211025215
0940580V,390,Scolaire,30,32211020111
0940580V,262,Scolaire,36,32211022316
0940580V,1072,Scolaire,24,32211025521
0940113M,1185,Scolaire,30,32211020116
0940113M,362,Scolaire,24,32211025520
0940113M,1399,Scolaire,35,32211031212
0940113M,540,Scolaire,35,32211031408
0940114N,1041,Scolaire,37,32211032409
0940114N,1616,Scolaire,37,32211031213
0940114N,1146,Scolaire,35,32211031409
0940114N,1066,Scolaire,35,32211031408
0940116R,773,Scolaire,35,32211032409
0170027M,406,Scolaire,14,32211033608
0860039A,46,Scolaire,12,23K00032601
0281197Z,161,Scolaire,28,32211025521
0940116R,1276,Scolaire,48,32211031408
0940118T,308,Scolaire,24,32211020009
0940118T,1128,Scolaire,24,32211020116
0940118T,377,Scolaire,20,32211025520
0940118T,502,Scolaire,24,32211025521
0940118T,983,Apprentissage,6,32211020116
0940118T,1867,Scolaire,35,32211032612
0940119U,399,Scolaire,35,32211032409
0940119U,903,Scolaire,35,32211031213
0940119U,472,Scolaire,24,32211031408
0672614C,49,Apprentissage,12,32211025014
0940120V,2900,Scolaire,70,32211031215
0940121W,538,Scolaire,24,32211022208
0940122X,1477,Scolaire,35,32211031213
0940123Y,1106,Scolaire,35,32211031213
0940123Y,1773,Scolaire,35,32211031212
0940123Y,1183,Scolaire,35,32211031409
0940123Y,697,Scolaire,35,32211031408
0940124Z,1395,Scolaire,35,32211031213
0940124Z,721,Scolaire,24,32211031311
0940126B,331,Scolaire,24,32211022710
0940126B,413,Scolaire,24,32211025015
0940129E,456,Scolaire,15,32211025014
0940129E,118,Scolaire,15,32211025415
0940129E,433,Scolaire,24,32211031216
0940129E,607,Apprentissage,15,32211025520
0940129E,1143,Scolaire,35,32211031213
0940129E,672,Scolaire,35,32211031408
0940138P,644,Scolaire,24,32211033608
0940140S,284,Apprentissage,15,32211025014
0940141T,213,Scolaire,20,32211025217
0940580V,797,Scolaire,35,32211032409
0940580V,1448,Scolaire,30,32211033112
0940580V,2455,Scolaire,35,32211031215
0940580V,1101,Scolaire,35,32211031313
0940580V,882,Scolaire,35,32211031408
0940580V,2207,Scolaire,60,32211032612
0940580V,677,Scolaire,35,32211033206
0940585A,448,Scolaire,24,32211023013
0940585A,183,Scolaire,26,32211023412
0940585A,174,Scolaire,18,32211023411
0940585A,253,Scolaire,24,32211031216
0940742W,796,Scolaire,35,32211031213
0940742W,453,Scolaire,35,32211031408
0940743X,992,Scolaire,35,32211031213
0940821G,232,Scolaire,34,32211031213
0410031L,97,Apprentissage,9,32211034401
0050004C,105,Apprentissage,6,32211033426
0383208F,126,Apprentissage,12,32211032003
0940821G,331,Scolaire,34,32211032003
0940821G,488,Scolaire,34,32211033426
0940822H,447,Scolaire,70,32211023012
0940822H,164,Scolaire,30,32211023013
0940822H,231,Scolaire,30,32211023206
0940822H,114,Scolaire,16,32211023108
0940822H,402,Apprentissage,16,32211023012
0940822H,217,Apprentissage,18,32211023206
0940878U,149,Scolaire,24,32211033002
0940878U,230,Scolaire,36,32211031313
0940878U,148,Scolaire,36,32211031409
0940878U,137,Scolaire,36,32211031408
0941018W,457,Scolaire,48,32211025014
0941018W,169,Scolaire,24,32211025005
0941018W,515,Scolaire,24,32211025520
0941018W,470,Apprentissage,20,32211025014
0690037R,55,Apprentissage,15,32211024111
0620095S,124,Apprentissage,11,32211023012
0241056T,122,Apprentissage,30,32211031213
0891200W,23,Apprentissage,15,32211022506
0020014E,55,Apprentissage,17,32211022710
0340042L,346,Scolaire,15,32211022709
0771914M,34,Apprentissage,30,32211033422
0890819G,24,Apprentissage,6,32211033422
0671696E,123,Apprentissage,15,32211031409
0061478Z,159,Scolaire,15,32211022710
0360766M,76,Apprentissage,25,32212021115
0672736K,383,Apprentissage,45,32211031213
0593117T,265,Scolaire,36,32211031213
0672736K,331,Apprentissage,18,32211033107
0672736K,172,Apprentissage,23,32211032612
0750696Z,603,Scolaire,24,32211031408
0762976X,78,Scolaire,15,32211034304
0451335G,39,Scolaire,19,32211022711
0921229L,194,Scolaire,30,32211034304
0640011P,104,Scolaire,15,32211025014
0640057P,250,Scolaire,10,32211020116
0370054H,97,Scolaire,15,32211022710
0080008R,80,Scolaire,15,32211025016
0650038N,346,Scolaire,12,32211033111
0562047W,104,Apprentissage,20,32211032003
0562047W,46,Apprentissage,10,32211031408
0562047W,50,Apprentissage,20,32211031409
0562047W,145,Apprentissage,60,32211031213
0562047W,33,Apprentissage,5,32211031103
0542208G,992,Scolaire,24,32211033426
9760163Y,1053,Scolaire,24,32211033426
0831242Z,197,Scolaire,15,32211031213
0180036S,78,Apprentissage,3,32211020116
0450807H,117,Apprentissage,12,32211025014
0640253C,11,Apprentissage,15,23G00021407
0121423G,17,Apprentissage,3,32211025520
0121423G,29,Apprentissage,4,32211031408
0311145B,98,Apprentissage,24,32211025015
0562047W,127,Apprentissage,20,32211033426
0490903R,46,Apprentissage,20,32211025213
0630001J,45,Apprentissage,12,32211031409
0490840X,51,Apprentissage,18,32211031213
0562047W,165,Apprentissage,30,32211031212
0562047W,115,Apprentissage,15,32211031312
0331501C,93,Apprentissage,10,32211033002
0261098C,83,Scolaire,12,32211033206
0333435E,292,Apprentissage,20,32211031212
0692866R,634,Apprentissage,16,32211023012
0100078F,62,Apprentissage,20,32211034401
0451481R,48,Apprentissage,8,32211025015
0451481R,121,Apprentissage,16,32211032612
0141555P,177,Apprentissage,16,32211033107
0510035L,146,Apprentissage,15,32211032409
0510035L,128,Apprentissage,15,32211033002
0502019Y,94,Apprentissage,15,32211025413
0134338V,25,Apprentissage,10,32211031409
0134338V,43,Apprentissage,10,32211031213
0942461P,41,Apprentissage,25,32211031409
0912431Y,81,Apprentissage,200,32211031408
0942461P,106,Apprentissage,50,32211031212
0690696G,127,Apprentissage,10,32211033608
0171641S,194,Apprentissage,13,32211031212
0171641S,131,Apprentissage,10,32211031213
0171641S,189,Apprentissage,13,32211032003
0171641S,87,Apprentissage,8,32211031409
0631968X,14,Apprentissage,15,32211020009
0861479R,89,Apprentissage,5,32211032003
0861479R,104,Apprentissage,12,32211031213
0861479R,82,Apprentissage,12,32211031212
0861479R,45,Apprentissage,12,32211031409
0430058E,31,Apprentissage,14,32211031103
0401120A,19,Apprentissage,22,32211031212
0597269F,81,Apprentissage,24,32211033426
0291107W,20,Scolaire,4,32211021304
0171432P,20,Scolaire,4,32211021304
0520028Y,26,Scolaire,15,44210099901
0022022M,29,Apprentissage,28,32211031213
0422028B,37,Apprentissage,15,32211031103
0422028B,35,Apprentissage,15,32211031213
0561983B,105,Apprentissage,12,32211023411
0681917P,100,Apprentissage,20,32211033426
0370054H,94,Apprentissage,20,32211025015
0711566S,27,Apprentissage,10,23K00025406
9840465H,87,Scolaire,15,32211020116
0811374D,119,Apprentissage,50,32211031212
0730763H,141,Apprentissage,12,32211031212
0420033H,222,Apprentissage,18,32211031212
0490984D,108,Apprentissage,4,32211031212
0731505P,49,Apprentissage,16,32211025415
0381666E,61,Apprentissage,15,32211022316
0920164D,170,Apprentissage,10,32211023108
0380092U,98,Apprentissage,3,32211020009
0420043U,99,Apprentissage,3,32211023412
0560182U,36,Scolaire,12,23K00033404
0261504U,106,Apprentissage,24,32211033002
0380092U,50,Apprentissage,3,32211022316
0190847T,9,Apprentissage,15,32211025520
0381867Y,50,Apprentissage,20,32211025415
0597156H,244,Apprentissage,20,32211031215
0791062A,149,Apprentissage,6,32211031311
0292425D,99,Apprentissage,60,32211031212
0292425D,82,Apprentissage,60,32211031213
0791168R,18,Apprentissage,8,32211032409
0791168R,23,Apprentissage,8,32211031409
0171501P,52,Apprentissage,10,32211033002
0171501P,92,Apprentissage,10,32211033206
0171501P,179,Apprentissage,15,32211031312
0171501P,74,Apprentissage,15,32211031408
0171501P,211,Apprentissage,20,32211031212
0171501P,166,Apprentissage,20,32211031213
0171501P,235,Apprentissage,20,32211032003
0861294P,46,Apprentissage,10,32211031408
0861294P,84,Apprentissage,10,32211031212
0861294P,22,Apprentissage,8,32211032409
0861294P,33,Apprentissage,8,32211031409
0861294P,75,Apprentissage,8,32211031213
0861294P,36,Apprentissage,8,32211032612
0451335G,56,Apprentissage,5,32211033002
0451335G,37,Apprentissage,5,32211020111
0831775D,28,Apprentissage,30,32211031311
0831775D,139,Apprentissage,40,32211031312
0831775D,50,Apprentissage,20,32211031409
0831775D,70,Apprentissage,30,32211031213
0470821M,40,Apprentissage,15,32211032409
0470821M,66,Apprentissage,15,32211031312
0470821M,22,Apprentissage,10,32211032612
0401016M,22,Apprentissage,5,32211022106
0142180U,28,Apprentissage,24,23G00021222
0560008E,19,Apprentissage,4,23K00025406
0510068X,124,Apprentissage,3,32211031312
0100025Y,80,Apprentissage,1,32211020116
0100025Y,52,Apprentissage,12,32211025520
0100025Y,29,Apprentissage,1,32211022106
0141274J,150,Apprentissage,18,32211033426
0694521P,169,Scolaire,30,32211032003
0130062X,316,Scolaire,30,32211025215
0130006L,1248,Scolaire,24,32211031212
0840004Y,1009,Scolaire,26,32211033426
0542408Z,93,Apprentissage,20,32211032612
0590214M,17,Scolaire,15,23K00025510
0831771Z,31,Apprentissage,10,32211031212
0020048S,125,Apprentissage,15,32211032331
0801613U,70,Apprentissage,20,32212022115
0831771Z,22,Apprentissage,10,32211032003
0830050D,121,Apprentissage,6,32211032409
0831014B,135,Apprentissage,12,32211023206
0831243A,499,Apprentissage,16,32211032003
0682098L,25,Apprentissage,24,32211031213
0682098L,51,Apprentissage,24,32211031212
9730328U,228,Scolaire,34,32211031213
0360777Z,35,Apprentissage,20,32211032612
0010014K,390,Scolaire,24,32211034502
0010014K,313,Scolaire,30,32211032409
0010014K,463,Scolaire,30,32211031409
0010016M,118,Scolaire,13,32211022316
0010016M,221,Scolaire,24,32211025520
0010016M,551,Scolaire,35,32211031213
0010016M,507,Scolaire,40,32211031408
0010016M,408,Scolaire,23,32211032612
0010034G,220,Scolaire,18,32211031409
0010059J,140,Scolaire,27,32212031203
0010059J,358,Scolaire,27,32212021207
0010070W,47,Scolaire,18,32211031408
0010072Y,495,Scolaire,24,32211033426
0010819K,152,Scolaire,32,32212022117
0011119L,132,Scolaire,15,32211020009
0011119L,59,Scolaire,15,32211022316
0011119L,26,Scolaire,10,32211022506
0011194T,142,Scolaire,24,32211020111
0011194T,388,Scolaire,24,32211022209
0292167Y,43,Apprentissage,12,32211031103
0211479U,46,Apprentissage,40,32211031409
0692390Y,18,Scolaire,6,44210099901
0690048C,138,Scolaire,12,44210099901
0711896A,81,Apprentissage,20,32211031212
0360686A,37,Apprentissage,12,23G00021215
0180847Y,13,Apprentissage,15,23G00021407
0755978R,186,Apprentissage,48,32211033107
0271124A,35,Apprentissage,15,32211033607
0451463W,38,Apprentissage,20,32212031203
0371256P,32,Apprentissage,15,32212031203
0451463W,18,Apprentissage,10,23G00021006
0011074M,23,Apprentissage,20,32212021115
0932779R,57,Apprentissage,25,32211034401
0062209U,44,Apprentissage,25,32211031408
0062209U,33,Apprentissage,25,32211031213
0140052F,44,Apprentissage,4,32211031408
0750692V,2321,Scolaire,35,32211031213
0755978R,414,Apprentissage,48,32211023305
0755978R,130,Apprentissage,48,32211031409
0755978R,126,Apprentissage,48,32211033002
0755978R,95,Apprentissage,40,32211031408
0630022G,42,Scolaire,12,23K00025406
0801882L,43,Scolaire,12,23K00033404
0011194T,132,Scolaire,24,32211031216
0011276G,156,Scolaire,15,32211025520
0011446S,136,Apprentissage,24,32212021015
0011446S,93,Apprentissage,24,32212021206
0020012C,114,Scolaire,18,32211031409
0020012C,98,Scolaire,18,32211031408
0020014E,292,Scolaire,35,32211031212
0020031Y,53,Scolaire,15,32211025014
0020031Y,82,Scolaire,35,32211031212
0020031Y,67,Scolaire,18,32211031409
0020032Z,148,Scolaire,35,32211032409
0020032Z,343,Scolaire,35,32211031215
0020032Z,157,Scolaire,24,32211031408
0020032Z,191,Scolaire,24,32211032612
0020034B,111,Scolaire,30,32211020009
0020034B,201,Scolaire,30,32211020116
0020048S,774,Scolaire,15,32211032329
0020048S,487,Scolaire,15,32211032330
0020048S,708,Scolaire,14,32211032332
0020048S,219,Scolaire,15,32211032331
0020048S,251,Scolaire,13,32211032328
0020049T,346,Scolaire,35,32211031213
0020049T,278,Scolaire,35,32211031409
0020050U,54,Scolaire,15,32211020111
0020050U,181,Scolaire,15,32211020116
0020050U,54,Scolaire,15,32211022316
0020050U,202,Scolaire,30,32211025520
0020050U,221,Scolaire,24,32211034502
0020050U,167,Scolaire,35,32211032409
0020050U,248,Scolaire,35,32211031408
0020059D,151,Scolaire,35,32211032409
0020059D,349,Scolaire,35,32211031213
0020059D,207,Scolaire,35,32211031408
0020060E,73,Scolaire,16,32212021015
0021476U,54,Scolaire,15,32211020111
0021476U,51,Scolaire,15,32211025415
0021522U,259,Scolaire,20,32212021207
0650139Y,283,Scolaire,17,32212021304
0021796S,30,Apprentissage,20,32211025014
0021796S,17,Apprentissage,20,32211025415
0021818R,190,Scolaire,34,32212021308
0021869W,30,Scolaire,12,32211033422
0021873A,54,Scolaire,18,32211031409
0021874B,116,Scolaire,18,32211031213
0350005R,69,Scolaire,12,23K00033414
0470029B,75,Scolaire,12,44210099901
0730774V,95,Scolaire,12,32211034401
0021874B,117,Scolaire,24,32211032003
0060818G,88,Apprentissage,10,32211031212
0021939X,92,Scolaire,30,32211025520
0594652L,49,Scolaire,15,32211025014
0022022M,58,Scolaire,18,32211033206
0022044L,76,Apprentissage,15,32211023412
0022044L,98,Scolaire,35,32211033422
0572698Y,68,Apprentissage,12,32211032612
0030026M,197,Scolaire,24,32211022208
0030026M,74,Scolaire,15,32211025415
0030026M,112,Scolaire,15,32211025521
0030026M,126,Scolaire,35,32211031216
0030026M,44,Apprentissage,15,32211025415
0030026M,215,Scolaire,35,32211031409
0030026M,164,Scolaire,20,32211031408
0030038A,68,Scolaire,15,32211025520
0030038A,41,Apprentissage,3,32211025520
0030038A,243,Scolaire,35,32211031213
0030038A,171,Scolaire,35,32211031408
0030051P,501,Scolaire,15,32211023305
0030051P,103,Scolaire,15,32211023411
0030051P,96,Scolaire,15,32211025001
0030051P,185,Scolaire,18,32211034502
0030051P,119,Scolaire,18,32211032409
0030051P,353,Scolaire,35,32211031212
0030051P,441,Scolaire,35,32211032003
0030051P,204,Scolaire,24,32211032612
0030094L,134,Scolaire,20,32212021015
0120938E,371,Scolaire,30,32212021207
0811105L,149,Scolaire,20,32212021304
0922149L,1287,Apprentissage,15,32211032612
0690723L,282,Apprentissage,150,32211031213
0672736K,208,Apprentissage,45,32211031408
0542448T,169,Apprentissage,15,32211031312
0850028U,62,Scolaire,12,23K00033404
0620150B,259,Scolaire,24,32211033206
0422326A,22,Apprentissage,12,23G00021407
0301431T,57,Apprentissage,30,32212031203
0451463W,27,Apprentissage,13,23G00021304
0572820F,60,Apprentissage,27,32211023108
0755206B,326,Apprentissage,60,32211031212
0341921D,779,Apprentissage,15,32211031213
0340040J,675,Apprentissage,15,32211031408
9720926Z,59,Apprentissage,20,32211031409
9720926Z,95,Apprentissage,20,32211031213
0352025L,51,Apprentissage,16,23G00021220
0351976H,28,Apprentissage,15,32212021114
0700018P,38,Apprentissage,6,32211025014
0280665W,171,Scolaire,22,32211032003
0460493L,122,Scolaire,10,32211025215
0820021C,192,Scolaire,17,32211032409
0820021C,237,Scolaire,12,32211020116
0573281G,302,Scolaire,6,32211032328
0090006H,85,Scolaire,15,32211020114
0610770F,14,Apprentissage,18,32211022711
0610694Y,53,Scolaire,18,32211033608
0791115H,117,Apprentissage,14,32212022115
0881711G,21,Apprentissage,24,32212034101
0560198L,139,Scolaire,15,32211023412
0910629P,73,Apprentissage,24,32211033422
0580014A,11,Apprentissage,4,32211020114
0060776L,232,Apprentissage,24,32211031312
0600020W,15,Apprentissage,2,32211022314
0601787S,78,Apprentissage,14,32211022711
0561949P,37,Apprentissage,16,32211025416
0561949P,56,Apprentissage,24,32211025014
0690723L,93,Apprentissage,70,32211033002
0720048L,38,Apprentissage,4,32211025015
0531018U,169,Apprentissage,25,32211031212
0530816Z,44,Apprentissage,20,32212022115
0450807H,590,Apprentissage,40,32211031312
0590258K,316,Apprentissage,32,32211031408
0060034E,291,Apprentissage,33,32211033422
0922946C,124,Apprentissage,20,32211032612
0681948Y,90,Apprentissage,28,32211032612
0922946C,192,Apprentissage,18,32211031215
0340061G,377,Scolaire,18,32211031212
0721713W,31,Apprentissage,7,32211031409
9840160B,75,Scolaire,16,32211023305
0312093G,255,Apprentissage,4,32211020116
0090015T,45,Apprentissage,2,32211025520
0810959C,55,Apprentissage,1,32211022106
0650038N,185,Apprentissage,1,32211033111
0030124U,63,Apprentissage,20,32211031213
0851592U,14,Apprentissage,12,23K00025406
0442096P,7,Apprentissage,28,23K00025406
0130001F,576,Apprentissage,20,32211031409
0660969V,176,Apprentissage,20,32211031215
0130049H,275,Apprentissage,15,32211032209
0130043B,916,Apprentissage,15,32211031312
0350807M,13,Scolaire,12,23K00033412
0292164V,8,Apprentissage,12,23K00022705
0772824B,60,Apprentissage,24,32211020009
0333206F,40,Apprentissage,14,32211020113
0780819S,95,Apprentissage,24,32211023205
0071126L,84,Apprentissage,20,32211031213
0731519E,38,Apprentissage,24,32211031212
0741627S,208,Apprentissage,48,32211031212
0341674K,211,Apprentissage,80,32211031312
0341674K,64,Apprentissage,15,32211031409
0211579C,29,Apprentissage,15,32212031203
9730545E,51,Apprentissage,10,32211031212
0590117G,755,Apprentissage,24,32211031312
0731518D,145,Apprentissage,50,32211031213
0190849V,24,Apprentissage,15,32211022709
0400750Y,130,Scolaire,32,32212034302
0401105J,80,Apprentissage,25,32212021007
0400898J,100,Apprentissage,24,32212021401
0333019C,210,Apprentissage,22,32212021304
0401002X,169,Scolaire,30,32211023412
0401002X,142,Scolaire,15,32211023411
0401002X,79,Scolaire,15,32211031216
0401002X,334,Apprentissage,13,32211023305
0401002X,110,Apprentissage,13,32211023412
0401016M,121,Scolaire,35,32211033002
0401016M,188,Scolaire,35,32211031212
0410001D,116,Scolaire,15,32211025014
0410001D,105,Scolaire,15,32211020111
0410001D,124,Scolaire,14,32211031216
0410001D,69,Apprentissage,12,32211025014
0410002E,261,Scolaire,24,32211032409
0410002E,501,Scolaire,34,32211031213
0410002E,510,Scolaire,24,32211031212
0410002E,313,Scolaire,34,32211031408
0410018X,266,Scolaire,27,32212021207
0410018X,207,Scolaire,21,32212022115
0410018X,602,Scolaire,32,32212021308
0410030K,207,Scolaire,18,32211031213
0410030K,182,Scolaire,15,32211031409
0410031L,44,Apprentissage,12,32211025213
0410693F,92,Scolaire,30,32211032409
0442349P,63,Apprentissage,6,32211025520
0631070W,58,Apprentissage,6,32211033002
0861437V,57,Apprentissage,8,32211032003
0861437V,35,Apprentissage,8,32211031213
0861437V,46,Apprentissage,8,32211031212
0861437V,63,Apprentissage,8,32211031312
0131690S,38,Apprentissage,24,32212034302
0694377H,238,Apprentissage,55,32212021401
0593117T,138,Apprentissage,20,32211031212
0593058D,56,Apprentissage,32,32211032409
0311902Z,478,Apprentissage,15,32211033112
0561802E,83,Apprentissage,45,32211031213
0212251H,69,Apprentissage,25,32211032612
0410693F,112,Scolaire,30,32211033002
0410693F,222,Scolaire,30,32211031215
0410693F,189,Scolaire,40,32211033206
0950657Y,481,Apprentissage,12,32211032409
0410899E,189,Scolaire,60,32211033422
0410899E,850,Scolaire,60,32211033426
0410626H,56,Apprentissage,18,32212021015
0421288X,79,Apprentissage,20,32211031213
0410959V,127,Scolaire,24,32211025520
0410959V,444,Scolaire,32,32211033107
0420013L,722,Scolaire,35,32211031213
0420014M,83,Scolaire,15,32211020111
0420018S,136,Scolaire,24,32211031216
0420027B,482,Scolaire,24,32211020116
0420027B,131,Scolaire,18,32211031216
0420033H,163,Scolaire,24,32211032409
0420033H,392,Scolaire,32,32211031212
0420033H,300,Scolaire,12,32211031409
0420034J,143,Scolaire,15,32211020009
0420040R,139,Scolaire,15,32211025415
0420040R,349,Scolaire,18,32211031103
0420042T,760,Scolaire,24,32211022209
0420042T,462,Scolaire,35,32211032409
0420042T,1243,Scolaire,34,32211031212
0420042T,542,Scolaire,24,32211031408
0420042T,1037,Scolaire,24,32211032003
0420042T,700,Scolaire,24,32211033206
0420043U,1438,Scolaire,35,32211031215
0420043U,739,Scolaire,24,32211031409
0420043U,582,Scolaire,35,32211031408
0420044V,487,Scolaire,30,32211032612
0420046X,311,Scolaire,24,32211020009
0420046X,307,Scolaire,15,32211025014
0420046X,445,Scolaire,30,32211025520
0420043U,84,Scolaire,15,32211022310
0420043U,877,Scolaire,14,32211023305
0420043U,183,Scolaire,12,32211023412
0810004P,70,Apprentissage,5,32211025520
0593188V,477,Apprentissage,70,32211033107
0331506H,108,Apprentissage,15,32211034502
0222036U,123,Apprentissage,40,32211031213
0222036U,128,Apprentissage,40,32211031212
0222036U,56,Apprentissage,40,32211031409
0632069G,24,Apprentissage,12,32211031408
0420974F,76,Scolaire,25,32211031408
0420976H,80,Scolaire,20,32211020113
0420976H,85,Scolaire,15,32211022316
0420979L,131,Scolaire,30,32211032409
0420979L,375,Scolaire,30,32211031213
0420979L,413,Scolaire,30,32211031212
0420979L,137,Scolaire,30,32211031408
0420979L,506,Scolaire,60,32211033426
0420976H,282,Scolaire,34,32211031215
0421021G,365,Scolaire,30,32211033115
0421021G,191,Scolaire,60,32211033206
0421078U,143,Scolaire,24,32212021015
0421090G,178,Scolaire,32,32212021207
0595124Z,50,Apprentissage,20,32211031213
0922946C,31,Apprentissage,18,32211031311
0922946C,62,Apprentissage,60,32211031408
0922946C,193,Apprentissage,25,32211032332
0922946C,184,Apprentissage,20,32211032330
0330031E,20,Scolaire,12,44210099901
0922946C,63,Apprentissage,15,32211031312
0271016H,138,Scolaire,18,32212021115
0681810Y,16,Scolaire,8,23K00025407
0922946C,123,Apprentissage,60,32211032003
0421807L,59,Scolaire,30,32212034302
0421859T,73,Apprentissage,20,32212021207
0422327B,102,Apprentissage,20,32212021007
0682029L,137,Apprentissage,25,32211031213
0682029L,164,Apprentissage,25,32211031212
0672736K,468,Apprentissage,23,32211031312
0593007Y,68,Apprentissage,12,32211025520
0682019A,48,Apprentissage,15,32211031409
0682019A,49,Apprentissage,12,32211031212
0252021L,135,Apprentissage,50,32211031213
0252021L,131,Apprentissage,50,32211031212
0422327B,54,Apprentissage,30,32212031204
0422327B,118,Apprentissage,20,32212021015
0421976V,170,Scolaire,15,32211025521
0422329D,135,Apprentissage,40,32212021401
0422160V,84,Scolaire,30,32211033422
0430020N,53,Scolaire,7,32211022316
0430020N,73,Scolaire,15,32211025520
0430020N,662,Scolaire,7,32211032329
0430020N,125,Scolaire,5,32211032331
0430020N,222,Scolaire,8,32211032328
0430020N,309,Apprentissage,5,32211032329
0430020N,277,Apprentissage,12,32211032330
0430020N,304,Apprentissage,12,32211032332
0430020N,107,Apprentissage,7,32211032331
0430020N,106,Apprentissage,4,32211032328
0430021P,244,Scolaire,30,32211022210
0430021P,335,Scolaire,35,32211031212
0430021P,109,Scolaire,18,32211031408
0430055B,60,Scolaire,36,32211032612
0430065M,207,Scolaire,25,32211033107
0430098Y,130,Scolaire,40,32211031213
0430098Y,101,Scolaire,40,32211031409
0440069L,342,Apprentissage,14,32211025303
6200739J,66,Apprentissage,18,32211031409
0133015G,76,Scolaire,8,23K00025310
0593117T,267,Scolaire,36,32211031212
0922149L,167,Apprentissage,30,32211033422
0760035A,113,Scolaire,9,32211025016
6200002H,204,Apprentissage,15,32211031212
9730469X,288,Apprentissage,30,32211031212
0100023W,389,Scolaire,36,32211033206
0100059K,62,Scolaire,16,32211023013
0620257T,173,Scolaire,15,32211033607
9730469X,267,Apprentissage,25,32211031409
0220027K,115,Scolaire,14,32211025016
0261505V,356,Scolaire,15,32211020116
0350028R,1037,Scolaire,30,32211020116
0371099U,180,Scolaire,15,32211025520
9730469X,180,Apprentissage,25,32211032409
0710001R,40,Apprentissage,5,32211023411
0590223X,45,Apprentissage,10,32211025417
0050012L,6,Apprentissage,32,23G00021213
0841026J,27,Apprentissage,24,23G00021407
0840800N,6,Apprentissage,6,23G00021406
0131690S,17,Apprentissage,14,23G00021409
9740004L,98,Scolaire,15,32211025015
0410693F,114,Scolaire,20,32211020116
0623631K,85,Apprentissage,30,32211031213
9720070U,169,Scolaire,38,32211033426
0810018E,489,Scolaire,16,32311033114
0691875N,257,Scolaire,107,32211033608
0762964J,152,Apprentissage,15,32211023206
0672772Z,96,Apprentissage,25,32211031213
0212187N,81,Apprentissage,14,32211033608
0530074T,29,Apprentissage,15,32211033608
0692517L,367,Scolaire,24,32211020009
0692517L,182,Scolaire,24,32211025417
0692517L,573,Scolaire,35,32211031311
0692706S,55,Scolaire,20,32212021015
0692717D,1939,Scolaire,35,32211031212
0692717D,1444,Scolaire,24,32211032612
0692800U,372,Scolaire,16,32211025001
0692800U,130,Scolaire,10,32211025218
0692800U,1317,Scolaire,35,32211031409
0692866R,304,Scolaire,15,32211022710
0692866R,853,Scolaire,24,32211023012
0692866R,477,Scolaire,24,32211023013
0692866R,487,Scolaire,24,32211023108
0692918X,64,Apprentissage,15,32212021401
0693044J,1603,Scolaire,35,32211031213
0693044J,1396,Scolaire,36,32211031313
0312746S,273,Apprentissage,15,32211034401
0693330V,230,Scolaire,24,32211025005
0693330V,812,Scolaire,24,32211031213
0693478F,467,Scolaire,24,32211025215
0693478F,1298,Scolaire,28,32211032003
0693504J,519,Scolaire,72,32211033422
0422327B,2,Apprentissage,20,23G00021219
0693619J,529,Scolaire,32,32211031216
0693654X,288,Scolaire,24,32211020113
0694060N,311,Scolaire,90,32212021308
0342225J,171,Scolaire,15,23K00033404
0700009E,128,Scolaire,15,32211031213
0700018P,142,Scolaire,24,32211031408
0700018P,79,Apprentissage,20,32211031408
0700827U,144,Scolaire,32,32212021007
0700905D,66,Scolaire,8,32211020111
0700905D,77,Scolaire,10,32211022316
0700905D,58,Scolaire,18,32211025520
0700905D,40,Apprentissage,15,32211022316
0700958L,9,Scolaire,25,32212031205
0701029N,99,Apprentissage,25,32211025213
0721476N,96,Apprentissage,18,32212021401
0671509B,2,Apprentissage,5,23K00022705
0380008C,150,Apprentissage,20,32211025014
0781663J,202,Apprentissage,50,32211031213
0781663J,51,Apprentissage,15,32211031408
0781663J,73,Apprentissage,15,32211031409
0781663J,59,Apprentissage,10,32211031312
0142084P,39,Apprentissage,1,32211033206
0880153N,70,Apprentissage,12,32211023411
0292404F,36,Apprentissage,25,32211033002
0292404F,39,Apprentissage,25,32211034502
0292404F,61,Apprentissage,25,32211032003
0292404F,98,Apprentissage,25,32211031312
0750787Y,564,Scolaire,9,44210099901
0701029N,142,Apprentissage,25,32212021207
0701035V,95,Scolaire,12,32211022709
0701035V,82,Apprentissage,15,32211025015
0701052N,128,Scolaire,24,32211032409
0701052N,217,Scolaire,24,32211031212
0261462Y,1,Apprentissage,15,32211031103
0701078S,193,Scolaire,30,32211022210
0710010A,242,Scolaire,24,32211033002
0710010A,233,Scolaire,36,32211031408
0710010A,251,Scolaire,36,32211032612
0133015G,81,Scolaire,8,23K00025308
0920164D,406,Apprentissage,15,32211023206
0760090K,473,Scolaire,6,32211032328
0382099A,215,Scolaire,15,32211023013
0701035V,77,Scolaire,12,32211022710
0290335G,105,Scolaire,15,32211020116
0261148G,94,Apprentissage,16,32211033422
0750664P,2278,Scolaire,24,32211031313
0941294W,579,Scolaire,12,32211023012
0941294W,361,Scolaire,24,32211025520
0941301D,736,Scolaire,30,32211031409
0941347D,933,Scolaire,24,32211034502
0941347D,1006,Scolaire,35,32211031408
0941355M,1004,Scolaire,30,32211031409
0941407U,222,Scolaire,35,32211032325
0941470M,1073,Scolaire,35,32211031409
0941470M,355,Scolaire,35,32211031408
0941470M,1271,Scolaire,40,32211032003
0941474S,1009,Scolaire,30,32211033002
0941474S,1392,Scolaire,35,32211031213
0941474S,1794,Scolaire,35,32211031212
0942354Y,398,Scolaire,32,32211031215
0942354Y,172,Scolaire,32,32211031213
0942354Y,208,Scolaire,33,32211031212
0941918Z,787,Scolaire,24,32211020116
0941952L,1113,Scolaire,35,32211031212
0312223Y,28,Apprentissage,18,23G00021406
0560858D,41,Apprentissage,16,32212034101
0596322B,86,Apprentissage,36,32212031203
0070001N,90,Scolaire,15,32211025014
0230027E,105,Scolaire,15,44210099901
0641752G,100,Apprentissage,36,32212021015
0941972H,384,Scolaire,20,32211025215
0942130E,87,Apprentissage,24,32211033422
0596698K,26,Apprentissage,50,32211031213
0510062R,314,Scolaire,24,32211033426
0520032C,130,Scolaire,24,32211034401
0950640E,1128,Scolaire,33,32211031409
0950641F,317,Scolaire,30,32211020009
0950641F,1567,Scolaire,30,32211020116
0950641F,169,Scolaire,15,32211022316
0950641F,96,Scolaire,15,32211025415
0950641F,495,Scolaire,30,32211025520
0950641F,1014,Scolaire,30,32211025521
0952196W,261,Scolaire,24,32211020111
0952196W,431,Scolaire,24,32211025520
0952196W,407,Scolaire,28,32211031216
0950645K,786,Scolaire,34,32211034502
0950645K,1557,Scolaire,34,32211031213
0950645K,1346,Scolaire,34,32211031212
0950646L,786,Scolaire,34,32211031103
0950646L,578,Scolaire,34,32211031408
0950648N,491,Scolaire,35,32211031408
0950648N,1203,Scolaire,35,32211032612
0950649P,479,Scolaire,35,32211032409
0950649P,742,Scolaire,35,32211031409
0950649P,493,Scolaire,35,32211033206
0950650R,537,Scolaire,35,32211032409
0950650R,1569,Scolaire,35,32211031215
0950650R,756,Scolaire,35,32211031409
0950651S,490,Scolaire,35,32211032409
0950651S,592,Scolaire,35,32211031408
0950666H,646,Scolaire,35,32211032409
0950666H,1852,Scolaire,35,32211031213
0950666H,836,Scolaire,35,32211031408
0950667J,193,Scolaire,24,32211025014
0950667J,755,Scolaire,30,32211031409
0950759J,242,Scolaire,40,32211031215
0950812S,245,Apprentissage,25,32211031213
0950947N,1062,Scolaire,23,32211020116
0950947N,94,Scolaire,23,32211025005
0951104J,248,Scolaire,28,32211020111
0951104J,272,Scolaire,28,32211025520
0951104J,487,Scolaire,28,32211025521
0951147F,1189,Scolaire,35,32211031215
0930117X,391,Apprentissage,12,32211031216
0100072Z,48,Apprentissage,20,32211033608
0701052N,102,Apprentissage,4,32211031212
0330060L,38,Scolaire,10,44210099901
0951147F,546,Scolaire,35,32211031312
0442649R,98,Apprentissage,30,32211033608
0951399E,1680,Scolaire,30,32211031212
0951637N,318,Scolaire,30,32211022709
0951637N,927,Scolaire,35,32211031408
0951637N,1379,Scolaire,35,32211032003
0951710T,1823,Scolaire,35,32211031215
0951722F,1196,Scolaire,30,32211033112
0951727L,465,Scolaire,35,32211031212
0951728M,1298,Scolaire,53,32211031213
0951756T,306,Scolaire,30,32211025014
0951763A,1135,Scolaire,30,32211020116
0951787B,302,Scolaire,20,32211025215
0951788C,638,Scolaire,32,32211031213
0951811C,851,Scolaire,30,32211033002
0951824S,681,Scolaire,32,32211032612
0951922Y,1192,Scolaire,35,32211031212
0951922Y,1084,Scolaire,35,32211031313
0820001F,256,Scolaire,15,32211023108
0501784T,35,Apprentissage,12,32212021114
0831563Y,76,Scolaire,12,23K00025509
0030905T,37,Scolaire,6,32211025218
0030935A,69,Scolaire,24,32211033608
0030935A,169,Scolaire,24,32211031213
0030935A,197,Scolaire,42,32211033426
0031041R,76,Scolaire,18,32211031409
0031043T,119,Scolaire,20,32211025215
0031043T,77,Apprentissage,10,32211025215
0031082K,410,Scolaire,30,32211033107
0031082K,534,Scolaire,24,32211033115
0031082K,85,Scolaire,24,32211033422
0040010P,203,Scolaire,35,32211031213
0040027H,106,Scolaire,24,32211031408
0040056P,152,Scolaire,22,32212021207
0040490L,58,Scolaire,15,32211022711
0040490L,99,Scolaire,24,32211020114
0040533H,118,Scolaire,24,32211020111
0050003B,41,Scolaire,15,32211025014
0050004C,235,Scolaire,24,32211033426
0292404F,61,Apprentissage,10,32211032330
0050006E,229,Scolaire,40,32211031212
0050006E,168,Scolaire,35,32211032612
0160010Z,72,Apprentissage,4,32211032612
0060001U,239,Scolaire,24,32211032409
0060001U,810,Scolaire,24,32211031212
0060001U,887,Scolaire,24,32211031312
0060001U,275,Scolaire,24,32211031311
0060001U,647,Scolaire,24,32211031313
0060001U,445,Scolaire,24,32211031408
0060009C,902,Scolaire,35,32211031213
0060011E,1115,Scolaire,8,32211032329
0060011E,535,Scolaire,8,32211032330
0060011E,824,Scolaire,8,32211032332
0060011E,191,Scolaire,8,32211032331
0060011E,512,Scolaire,8,32211032328
0060013G,218,Scolaire,25,32211031103
0060013G,1675,Scolaire,35,32211031215
0060014H,165,Scolaire,24,32211025014
0060014H,346,Scolaire,24,32211025521
0060014H,278,Scolaire,24,32211022210
0060014H,738,Scolaire,24,32211033112
0060020P,131,Scolaire,24,32211031216
0060020P,421,Scolaire,35,32211031213
0060026W,143,Scolaire,30,32211032409
0060029Z,3080,Scolaire,35,32211031215
0060029Z,1077,Scolaire,35,32211031212
0060029Z,1137,Scolaire,35,32211032003
0292404F,80,Apprentissage,10,32211032329
0292404F,60,Apprentissage,15,32211032332
0422256Z,90,Apprentissage,15,32211020113
0292404F,55,Apprentissage,25,32211031313
0630020E,11,Apprentissage,8,32211032409
0111044A,118,Apprentissage,18,32211031212
0111044A,47,Apprentissage,18,32211031409
0111044A,109,Apprentissage,18,32211031213
0301645A,36,Apprentissage,15,32211031409
0840026X,375,Scolaire,15,32211031313
0130054N,556,Scolaire,12,32211032328
0130054N,988,Scolaire,12,32211032332
0332344U,65,Scolaire,15,23K00032601
0060031B,1228,Scolaire,35,32211031213
0060033D,376,Scolaire,24,32211033002
0060033D,567,Scolaire,32,32211032612
0060033D,418,Scolaire,24,32211033206
0060034E,634,Scolaire,90,32211033422
0060034E,2249,Scolaire,100,32211033426
0060033D,578,Scolaire,24,32211034502
0060033D,482,Scolaire,48,32211032409
0060033D,738,Scolaire,35,32211031409
0060033D,1173,Scolaire,70,32211031408
0060042N,1031,Scolaire,24,32211031212
0060075Z,236,Scolaire,27,32211020009
0060075Z,957,Scolaire,30,32211020116
0060075Z,134,Scolaire,20,32211022316
0060075Z,326,Scolaire,20,32211025215
0060075Z,240,Scolaire,24,32211025520
0060670W,355,Scolaire,64,32211033426
0542519V,27,Apprentissage,18,32212031204
0060673Z,369,Scolaire,36,32211031213
0060677D,316,Scolaire,36,32211033115
0060735S,101,Scolaire,26,32211033206
0060774J,167,Scolaire,24,32211031409
0060774J,143,Scolaire,24,32211031408
0060793E,82,Scolaire,24,32212021114
0060793E,287,Scolaire,32,32212021401
0542519V,6,Apprentissage,18,32212031205
0381629P,771,Scolaire,2400,32211033426
0690276A,296,Scolaire,1200,32211032409
0690276A,1210,Scolaire,2400,32211031215
0690276A,791,Scolaire,3200,32211032003
0690276A,831,Scolaire,2400,32211031213
0690276A,747,Scolaire,2000,32211031212
0142180U,58,Apprentissage,24,32212031203
0142180U,29,Apprentissage,24,32212031204
0811106M,5,Apprentissage,15,32212031205
0601575L,29,Apprentissage,15,32212031203
0251481Z,19,Apprentissage,20,32212031202
0932282A,281,Scolaire,12,44210099901
0770931U,33,Scolaire,12,23K00025312
0132276D,129,Scolaire,15,32211025520
0861273S,446,Scolaire,1200,32211031409
0861273S,478,Scolaire,1500,32211031408
0861273S,360,Scolaire,1000,32211034502
0331556M,120,Apprentissage,15,32211023206
0061478Z,314,Scolaire,24,32211023012
0061478Z,256,Scolaire,24,32211023013
0061478Z,247,Scolaire,15,32211023206
0061478Z,239,Scolaire,24,32211023108
0061478Z,192,Apprentissage,15,32211023206
0061691F,266,Scolaire,24,32211022208
0061760F,369,Scolaire,26,32211022209
0061763J,193,Scolaire,24,32211025001
0061763J,490,Scolaire,24,32211025521
0070001N,204,Scolaire,24,32211031213
0070003R,164,Scolaire,24,32211031212
0070003R,79,Scolaire,12,32211031408
0070004S,170,Scolaire,24,32211020116
0070029U,470,Scolaire,34,32211031215
0070064G,73,Scolaire,16,32211031213
0071125K,72,Scolaire,20,32212021015
0071125K,579,Scolaire,32,32212021308
0071126L,112,Scolaire,24,32211022209
0071126L,150,Scolaire,24,32211031212
0071126L,72,Scolaire,15,32211031409
0071126L,54,Scolaire,15,32211031408
0071126L,68,Scolaire,18,32211033206
0071126L,32,Apprentissage,15,32211033002
0071126L,121,Apprentissage,25,32211031212
0071126L,51,Apprentissage,15,32211031409
0071126L,43,Apprentissage,15,32211031408
0071351F,144,Scolaire,24,32211031409
0080007P,126,Scolaire,18,32211032409
0080007P,463,Scolaire,36,32211032003
0080008R,35,Scolaire,15,32211022314
0080008R,83,Scolaire,30,32211020009
0080008R,73,Scolaire,15,32211025014
0080008R,32,Scolaire,15,32211022316
0080008R,62,Scolaire,15,32211025415
0080008R,104,Scolaire,24,32211025521
0860845B,73,Apprentissage,14,32211023012
0861273S,483,Scolaire,1500,32211032612
0160010Z,158,Scolaire,24,32211032612
0772685A,98,Apprentissage,15,32211031408
0382838D,219,Scolaire,15,32211031409
0150605B,36,Apprentissage,20,32211023306
0680010S,151,Scolaire,15,32211020009
0010016M,227,Scolaire,13,32211020009
0171209X,2,Apprentissage,6,23K00022705
0755432X,84,Apprentissage,60,32211031408
9741256X,208,Scolaire,16,32211033206
0940585A,285,Apprentissage,12,32211023013
0590185F,115,Apprentissage,15,32211032409
0131782S,83,Apprentissage,5,32211025520
0890005X,163,Scolaire,24,32211033002
0710012C,27,Scolaire,6,32211022003
0622801H,97,Scolaire,15,32211025218
0592967E,69,Scolaire,20,32211031216
0442096P,83,Apprentissage,20,32211025014
0831109E,26,Apprentissage,20,32212031202
0312290W,488,Scolaire,23,32211032612
0731248K,49,Scolaire,15,32211022003
0620229M,58,Scolaire,10,23K00031201
0383057S,53,Apprentissage,20,32211025415
0930133P,100,Scolaire,15,23K00025002
0430098Y,168,Scolaire,40,32211032003
0430112N,362,Scolaire,32,32212021207
0430112N,261,Scolaire,24,32212021304
0430113P,138,Scolaire,30,32212034101
0430947W,84,Scolaire,24,32211031216
0430953C,67,Scolaire,15,32211025014
0430953C,60,Apprentissage,9,32211025014
0431000D,135,Scolaire,30,32212022115
0431000D,37,Scolaire,16,32212034302
0431000D,67,Apprentissage,28,32212021015
0440005S,195,Scolaire,19,32211031409
0440012Z,887,Scolaire,35,32211033426
0783325R,144,Apprentissage,25,32211031312
0071455U,51,Apprentissage,20,32212021112
0690279D,11,Apprentissage,16,23G00021213
0831808P,38,Apprentissage,20,32211031213
0440029T,550,Scolaire,24,32211023012
0440029T,279,Scolaire,24,32211023206
0440029T,405,Scolaire,30,32211023108
0440029T,187,Scolaire,24,32211025005
0440029T,322,Scolaire,30,32211025520
0440029T,493,Scolaire,24,32211025521
0440030U,203,Scolaire,22,32211025014
0440030U,126,Scolaire,13,32211022710
0442765S,779,Scolaire,35,32211032409
0442765S,988,Scolaire,35,32211031313
0442765S,800,Scolaire,35,32211031408
0440033X,250,Scolaire,15,32211023412
0440033X,262,Scolaire,15,32211023411
0440062D,115,Scolaire,20,32211022711
0440062D,267,Scolaire,32,32211031216
0440062D,733,Scolaire,29,32211033112
0440063E,306,Scolaire,12,32211033608
0440069L,641,Scolaire,10,32211025303
0440069L,86,Scolaire,10,32211022316
0440069L,96,Scolaire,10,32211025415
0440069L,329,Scolaire,22,32211025413
0440069L,141,Scolaire,10,32211025416
0440069L,98,Scolaire,18,32211025520
0440069L,207,Scolaire,16,32211032409
0440069L,422,Scolaire,30,32211031213
0440086E,722,Scolaire,33,32211032612
0440096R,82,Apprentissage,32,32211025014
0440096R,37,Apprentissage,16,32211022316
0440096R,51,Apprentissage,16,32211025415
0440113J,139,Scolaire,35,32211034502
0440119R,146,Scolaire,53,32211033422
0440119R,29,Scolaire,15,23K00033413
0440149Y,124,Scolaire,24,32211031213
0440151A,145,Scolaire,18,32211031212
0440178E,133,Scolaire,24,32211031213
0440178E,51,Scolaire,18,32211031408
0440030U,81,Apprentissage,12,32211025015
0440246D,115,Scolaire,18,32211032409
0440246D,390,Scolaire,35,32211031213
0440246D,243,Scolaire,35,32211031409
0261265J,10,Apprentissage,12,32212031201
0383166K,183,Apprentissage,80,32212021207
0755545V,253,Apprentissage,20,32211032003
0260765R,66,Apprentissage,30,32212021115
0260765R,55,Apprentissage,25,32212022117
0692706S,85,Apprentissage,20,32212021015
0741670N,27,Apprentissage,24,32212022117
0940823J,93,Apprentissage,30,32211034401
0170051N,93,Apprentissage,4,32211031213
0572590F,85,Apprentissage,12,32211022710
0440246D,401,Scolaire,35,32211033426
0440246D,54,Scolaire,15,23K00031101
0442774B,624,Scolaire,35,32211031215
0442774B,812,Scolaire,35,32211031212
0442774B,614,Scolaire,35,32211032003
0442725Y,225,Scolaire,45,32211022210
0442725Y,196,Scolaire,35,32211032409
0442725Y,241,Scolaire,35,32211033002
0442774B,91,Scolaire,15,32211025014
0442774B,355,Scolaire,30,32211020116
0442774B,106,Scolaire,24,32211025520
0440254M,136,Scolaire,24,32211032409
0440254M,502,Scolaire,33,32211031213
0440254M,734,Scolaire,33,32211031212
0440254M,160,Scolaire,30,32211031311
0440254M,277,Scolaire,32,32211031313
0440254M,318,Scolaire,30,32211031409
0440254M,517,Scolaire,33,32211033426
0440256P,513,Scolaire,35,32211031213
0440256P,257,Scolaire,45,32211031408
0440256P,325,Scolaire,68,32211032612
0442725Y,177,Scolaire,18,32211031408
0442725Y,384,Scolaire,70,32211033206
0440282T,161,Scolaire,18,32211031212
0440282T,79,Scolaire,18,32211031409
0440288Z,1441,Scolaire,35,32211031213
0440288Z,1162,Scolaire,35,32211031312
0440288Z,691,Scolaire,35,32211031408
0442095N,144,Apprentissage,15,32211031311
0440342H,175,Apprentissage,36,32211032209
0440344K,188,Apprentissage,18,32211025215
0440344K,49,Apprentissage,18,32211031409
0440344K,48,Apprentissage,18,32211031408
0440355X,33,Scolaire,14,32212031203
0440355X,103,Scolaire,30,32212034101
0440395R,38,Apprentissage,10,32212022117
0440395R,160,Apprentissage,20,32212021401
0440980B,63,Scolaire,24,32212021112
0440980B,347,Scolaire,32,32212021308
0711078L,12,Apprentissage,15,23K00033404
0890819G,23,Apprentissage,4,23K00033404
0410626H,22,Apprentissage,10,23G00021007
0391257E,55,Apprentissage,30,32211031212
0391257E,35,Apprentissage,30,32211031213
0352822C,148,Apprentissage,12,32211031212
0352822C,52,Apprentissage,9,32211031409
0352822C,142,Apprentissage,24,32211031213
0352822C,51,Apprentissage,4,32211032003
0291208F,54,Apprentissage,10,32212021207
0492064C,36,Apprentissage,5,32211033002
0492520Y,113,Apprentissage,5,32211032003
0492520Y,116,Apprentissage,5,32211031212
0492520Y,36,Apprentissage,5,32211031409
0492520Y,93,Apprentissage,5,32211031213
0011467P,50,Apprentissage,15,32211031409
0451805T,72,Apprentissage,10,32211031409
0783289B,66,Apprentissage,20,32211031409
0783289B,57,Apprentissage,20,32211033002
0731604X,34,Apprentissage,22,32211032003
0694672D,85,Apprentissage,250,32211031311
0022022M,48,Apprentissage,25,32211033206
0942585Z,120,Apprentissage,15,32211023306
0942585Z,4,Apprentissage,15,23K00023304
0693267B,41,Apprentissage,10,32211031409
0860995P,29,Apprentissage,20,23K00033404
0781663J,96,Apprentissage,15,32211032003
0441032H,82,Scolaire,32,32212021007
0441032H,99,Scolaire,32,32212021015
0441552Y,1386,Scolaire,33,32211031213
0441653H,236,Scolaire,28,32211025219
0441653H,267,Scolaire,28,32211025215
0442674T,191,Scolaire,32,32212022117
0441782Y,82,Scolaire,19,32212021114
0441946B,73,Scolaire,18,32211031216
0441946B,87,Scolaire,18,32211032409
0441946B,202,Scolaire,18,32211031213
0441946B,91,Scolaire,18,32211031408
0441946B,373,Scolaire,35,32211032003
0441972E,47,Scolaire,25,32212021015
0441993C,1735,Scolaire,35,32211031215
0441993C,1654,Scolaire,35,32211032003
0441993C,766,Scolaire,33,32211032612
0441993C,1789,Scolaire,70,32211033426
0442061B,338,Scolaire,36,32212021401
0442094M,153,Scolaire,12,32211020111
0442094M,577,Scolaire,24,32211020116
0442094M,159,Scolaire,20,32211025520
0442094M,329,Scolaire,72,32211033422
0442095N,1151,Scolaire,30,32211031212
0442095N,653,Scolaire,30,32211031409
0442096P,109,Apprentissage,26,32211020009
0442096P,55,Apprentissage,26,32211020111
0442096P,58,Apprentissage,24,32211022316
0442096P,60,Apprentissage,20,32211025416
0710012C,118,Scolaire,15,32211020009
0710012C,261,Scolaire,15,32211020116
0710012C,280,Scolaire,27,32211022208
0710012C,97,Scolaire,15,32211025521
0710018J,44,Apprentissage,10,32211022106
0710018J,112,Scolaire,15,32211031409
0710023P,67,Scolaire,15,32211031216
0710026T,107,Scolaire,15,32211025014
0693733H,97,Apprentissage,15,32211031408
0755626H,347,Apprentissage,100,32211032328
0755626H,556,Apprentissage,100,32211032329
0755626H,527,Apprentissage,100,32211032330
0755626H,599,Apprentissage,100,32211032332
0134333P,43,Apprentissage,15,32211031409
0134333P,88,Apprentissage,15,32211031213
0134333P,107,Apprentissage,15,32211031212
0133787W,193,Apprentissage,15,32211031312
0694061P,32,Apprentissage,10,23K00031101
0021818R,3,Apprentissage,12,23G00021304
0741789T,66,Apprentissage,15,32211033608
0710026T,84,Scolaire,15,32211025415
0710026T,103,Scolaire,24,32211032409
0710042K,190,Scolaire,24,32211031213
0710045N,573,Scolaire,24,32211031213
0710045N,296,Scolaire,24,32211031408
0710045N,259,Scolaire,36,32211032612
0710048S,75,Scolaire,12,32211025213
0710048S,108,Scolaire,15,32211031216
0710048S,62,Scolaire,12,32211025218
0710048S,26,Scolaire,2,32211025216
0710054Y,66,Scolaire,15,32211025520
0710054Y,62,Scolaire,15,32211034304
0134357R,3,Apprentissage,20,32211031213
0912267V,129,Apprentissage,16,32211033608
0352906U,238,Apprentissage,60,32211031212
9741270M,5,Apprentissage,3,23K00025406
0711067Z,130,Scolaire,16,32212021112
0711068A,180,Scolaire,30,32212021015
0711078L,57,Apprentissage,20,32211031213
0711078L,26,Apprentissage,15,32211031311
0711137A,108,Scolaire,24,32211031213
0711249X,268,Scolaire,32,32211033426
0711317W,135,Apprentissage,24,32211025215
0711317W,38,Apprentissage,12,32211025216
0711422K,142,Apprentissage,20,32211031409
0711729U,414,Scolaire,24,32211031212
0711729U,289,Apprentissage,20,32211031212
0711068A,187,Apprentissage,25,32212021207
0711068A,85,Apprentissage,25,32212021115
0711755X,17,Apprentissage,12,32211020009
0711755X,58,Scolaire,24,32211033002
0711073F,74,Apprentissage,25,32212021401
0711896A,80,Scolaire,30,32211033608
0711896A,221,Scolaire,40,32211031213
0720010V,222,Scolaire,32,32212021015
0720010V,327,Scolaire,27,32212021304
0720017C,58,Scolaire,15,32211020111
0720017C,33,Scolaire,10,32211022316
0720017C,96,Scolaire,18,32211031408
0720021G,55,Scolaire,19,32211022711
0720021G,256,Scolaire,35,32211031213
0760056Y,27,Apprentissage,2,32211022316
0573796S,44,Apprentissage,60,32211031213
0310046G,668,Apprentissage,3,32211033426
0420014M,54,Apprentissage,3,32211020111
0560105K,108,Apprentissage,18,32211031213
0881766S,10,Apprentissage,20,32211022316
0952302L,201,Apprentissage,120,32211031212
0760095R,122,Apprentissage,5,32211020009
0542295B,52,Apprentissage,25,32211031103
0720033V,143,Scolaire,13,32211020111
0720033V,537,Scolaire,24,32211020116
0720033V,134,Scolaire,22,32211025520
0720033V,498,Scolaire,22,32211034502
0720033V,430,Scolaire,33,32211032409
0720033V,1042,Scolaire,33,32211031213
0720033V,666,Scolaire,20,32211031409
0720033V,477,Scolaire,22,32211031408
0720048L,80,Scolaire,7,32211025014
0720048L,79,Scolaire,20,32211031216
0720048L,114,Scolaire,22,32211032409
0720048L,56,Apprentissage,8,32211025014
0720017C,13,Apprentissage,5,32211022316
0721684P,82,Apprentissage,20,32211032612
0891200W,51,Scolaire,8,32211022505
0720021G,27,Apprentissage,5,32211022711
0721684P,186,Scolaire,18,32211033002
0721684P,355,Scolaire,35,32211031213
0721684P,111,Scolaire,18,32211031408
0720822C,99,Scolaire,35,32211033422
0410899E,53,Apprentissage,24,32211033422
0550049E,27,Apprentissage,5,32211033206
0721684P,317,Scolaire,24,32211031215
0721684P,198,Scolaire,35,32211032612
0720837U,206,Scolaire,26,32211022209
0763519M,213,Apprentissage,20,32211031215
0134122K,50,Apprentissage,15,32212021112
0741775C,32,Apprentissage,40,23G00021220
0500017X,48,Apprentissage,2,32211034502
0690105P,148,Apprentissage,6,32211025216
0672866B,161,Apprentissage,10,32211031312
0672959C,34,Apprentissage,15,32211031212
0642134X,81,Apprentissage,15,32211033426
0410959V,211,Apprentissage,15,32211033107
9741831X,77,Apprentissage,15,32211031409
0281021H,73,Apprentissage,12,32211020116
0756029W,195,Apprentissage,18,32211020116
0720930V,35,Apprentissage,12,32211025216
0720930V,199,Apprentissage,78,32211031213
0720930V,220,Apprentissage,52,32211031212
0720930V,85,Apprentissage,52,32211031409
0721009F,98,Scolaire,30,32212021015
0721009F,162,Scolaire,40,32212021207
0721094Y,105,Scolaire,11,32211022316
0721094Y,519,Scolaire,28,32211025215
0721094Y,1194,Scolaire,68,32211031212
0721094Y,499,Scolaire,35,32211031311
0721329D,60,Scolaire,24,32212034101
0721366U,202,Apprentissage,22,32212021308
0721381K,26,Scolaire,20,32212021015
0721381K,69,Apprentissage,20,32212021015
0721493G,1098,Scolaire,35,32211031215
0721493G,476,Scolaire,35,32211031408
0721528V,50,Apprentissage,30,32211025014
0721528V,31,Apprentissage,30,32211022316
0721548S,371,Scolaire,35,32211032612
0730003G,293,Scolaire,24,32211034502
0730003G,458,Scolaire,24,32211031213
0730005J,65,Scolaire,18,32211032409
0730005J,106,Scolaire,18,32211031408
0730016W,90,Scolaire,15,32211022310
0730016W,291,Scolaire,24,32211020009
0730016W,124,Scolaire,14,32211025415
0730016W,132,Scolaire,12,32211025417
0730016W,291,Scolaire,24,32211025416
0730016W,683,Scolaire,48,32211031212
0730029K,225,Scolaire,32,32211033426
0730032N,155,Apprentissage,14,32211023108
0730037U,52,Scolaire,15,32211025014
0730043A,46,Scolaire,15,32211022316
0730043A,118,Scolaire,20,32211025520
0730760E,72,Scolaire,12,32211031212
0756029W,221,Apprentissage,18,32211033426
0211479U,29,Apprentissage,15,23K00033404
0401118Y,6,Apprentissage,15,32211031408
0312355S,303,Scolaire,20,32211031215
0690038S,847,Apprentissage,17,32211031408
0682029L,55,Apprentissage,25,32211032409
0682029L,20,Apprentissage,25,32211034304
0840709P,31,Apprentissage,16,23K00033404
0841204C,132,Apprentissage,10,32211033107
0952302L,114,Apprentissage,20,32211032612
0756070R,134,Apprentissage,50,32211031212
0756070R,455,Apprentissage,50,32211032332
0921679A,3,Apprentissage,12,32211031212
0694666X,64,Apprentissage,20,32211031212
0694666X,93,Apprentissage,20,32211032003
0694666X,46,Apprentissage,20,32211031409
0694666X,32,Apprentissage,20,32211031213
0851196N,86,Apprentissage,24,32211023306
0730763H,90,Scolaire,15,32211032409
0730763H,223,Scolaire,18,32211031213
0730763H,132,Scolaire,18,32211031408
0730813M,105,Scolaire,16,32212021007
0730813M,142,Scolaire,18,32212021015
0731198F,38,Scolaire,20,32212021114
0731248K,185,Scolaire,10,32211025215
0772225A,246,Scolaire,23,32211033206
0332441Z,479,Apprentissage,24,32211033107
0831710H,102,Apprentissage,15,32211033426
0891200W,23,Apprentissage,15,32211022505
0673055G,102,Apprentissage,75,32211031213
0440355X,65,Apprentissage,18,32212031202
0442789T,14,Apprentissage,10,23K00033414
0831453D,163,Apprentissage,22,32211033422
0572027U,267,Scolaire,24,32211033002
0590258K,586,Apprentissage,48,32211031313
0470015L,37,Apprentissage,12,32211025218
0673055G,170,Apprentissage,75,32211031212
C752887F,106,Apprentissage,30,32211031409
0150640P,28,Apprentissage,30,32211031213
0931796X,293,Apprentissage,32,32211031312
0401016M,62,Apprentissage,10,32211033002
0261392X,80,Apprentissage,30,32211031409
0261392X,158,Apprentissage,60,32211031213
0500017X,42,Apprentissage,5,32211020113
0371813V,56,Apprentissage,20,32212021112
0300028T,4,Scolaire,13,23K00032601
0783325R,235,Apprentissage,25,32211031212
0754042L,322,Scolaire,36,32211033002
0080008R,279,Scolaire,36,32211031213
0951998F,147,Scolaire,30,32211025217
0951998F,370,Scolaire,60,32211025215
0951998F,159,Scolaire,25,32211025417
0951998F,278,Scolaire,30,32211031212
0542161F,66,Scolaire,10,23K00033501
0360686A,42,Apprentissage,20,32212021015
0772587U,114,Apprentissage,12,32211031103
6200002H,108,Scolaire,15,32211025521
6200002H,91,Scolaire,15,32211032409
6200002H,195,Scolaire,15,32211031212
6200002H,186,Scolaire,30,32211031408
6200190M,60,Scolaire,10,32212021015
6200190M,263,Scolaire,16,32212021308
6200190M,94,Scolaire,10,32212021304
7200009X,461,Scolaire,34,32211033426
7200011Z,148,Scolaire,24,32211033422
7200073S,164,Scolaire,30,32211031213
7200583W,115,Scolaire,13,32211020116
7200583W,93,Scolaire,24,32211025001
7200583W,80,Scolaire,12,32211025520
7200583W,118,Scolaire,24,32211032409
7200583W,205,Scolaire,25,32211031408
0922946C,170,Apprentissage,60,32211033206
0640111Y,44,Apprentissage,4,32211031408
7200680B,105,Apprentissage,45,32211031213
7200680B,91,Apprentissage,40,32211031409
0340937J,72,Apprentissage,25,32211031312
0590144L,114,Apprentissage,2,32211025217
0721713W,103,Apprentissage,5,32211032003
0292342N,75,Apprentissage,12,32211031408
0610692W,32,Apprentissage,20,32211031408
0511383B,25,Apprentissage,6,32211025520
0932605B,147,Apprentissage,12,32211031103
0442982C,84,Apprentissage,20,32211032003
0694623A,64,Apprentissage,25,32211031213
9710002A,159,Scolaire,32,32211032409
9710002A,452,Scolaire,32,32211031213
9710002A,178,Scolaire,16,32211031408
9710002A,274,Scolaire,16,32211032003
9710003B,574,Scolaire,32,32211031409
9710003B,331,Scolaire,32,32211031408
9710003B,282,Scolaire,32,32211032612
9710418C,73,Scolaire,12,32211025215
0171208W,35,Apprentissage,15,32211031311
0171208W,76,Apprentissage,15,32211034502
0171208W,92,Apprentissage,25,32211031212
0360043B,35,Scolaire,12,23K00033501
0620113L,50,Apprentissage,10,32211020113
9710746J,407,Scolaire,32,32211031409
9710774P,494,Scolaire,32,32211031213
9710774P,380,Scolaire,32,32211031212
9710774P,328,Scolaire,32,32211031409
9710804X,57,Scolaire,15,32212021016
9710882G,232,Scolaire,32,32211032409
9710882G,646,Scolaire,32,32211031215
9710884J,134,Scolaire,16,32211023012
9710884J,79,Scolaire,16,32211023013
9711032V,134,Scolaire,28,32211025014
9711032V,139,Scolaire,15,32211022208
9711032V,57,Scolaire,15,32211022316
9711032V,212,Scolaire,30,32211025520
9711046K,248,Scolaire,32,32211020116
9711046K,178,Scolaire,32,32211025521
9711046K,227,Scolaire,32,32211031216
9711066G,150,Scolaire,36,32211033422
9711066G,646,Scolaire,30,32211033426
9711082Z,284,Scolaire,24,32211033002
9711082Z,230,Scolaire,16,32211033608
9711082Z,151,Scolaire,18,32211031103
9711082Z,254,Scolaire,24,32211033206
0940143V,106,Scolaire,15,23K00032601
0141178E,238,Apprentissage,20,32211031213
0141178E,295,Apprentissage,15,32211031212
9720002V,532,Scolaire,30,32211031213
9720002V,444,Scolaire,30,32211031409
0451335G,215,Apprentissage,15,32211031213
0450107X,13,Apprentissage,20,32211033422
0442982C,83,Apprentissage,20,32211031312
0180561M,88,Apprentissage,20,32211033107
0180572Z,40,Apprentissage,15,32211033608
0660924W,335,Apprentissage,12,32211033426
C752887F,262,Apprentissage,30,32211031312
0940821G,237,Scolaire,34,32211022210
9720003W,220,Scolaire,12,32211022209
9720003W,302,Scolaire,12,32211033112
9720003W,417,Scolaire,26,32211031212
9720003W,575,Scolaire,24,32211033426
0142108R,51,Apprentissage,20,32211033422
9720004X,207,Scolaire,24,32211020116
9720004X,132,Scolaire,30,32211025520
9720004X,141,Scolaire,28,32211031216
9720004X,204,Scolaire,28,32211032409
9720004X,223,Scolaire,26,32211031408
9720004X,190,Scolaire,26,32211032612
9720004X,273,Scolaire,24,32211033206
9720005Y,39,Scolaire,16,32211034304
9720091S,69,Scolaire,20,32211023206
9720350Y,110,Scolaire,26,32211023012
9720350Y,146,Scolaire,26,32211025521
9720350Y,225,Scolaire,30,32211033002
9720350Y,430,Scolaire,32,32211031215
9720424D,271,Scolaire,27,32211031212
9720429J,236,Scolaire,31,32211031313
9720501M,214,Scolaire,22,32211033608
9720515C,164,Scolaire,28,32211031103
9720615L,19,Scolaire,25,32211022711
9720615L,79,Scolaire,25,32211031213
9720615L,51,Scolaire,25,32211031409
9720615L,44,Scolaire,25,32211031408
9720615L,50,Scolaire,20,32211032612
9720616M,45,Scolaire,24,32212021115
9720695Y,73,Scolaire,24,32211022710
9720695Y,53,Scolaire,12,32211025001
9720695Y,109,Scolaire,24,32211025215
9720725F,66,Scolaire,14,32211025014
9720726G,27,Scolaire,12,32211022106
9720727H,165,Scolaire,24,32211031409
0430966S,38,Apprentissage,20,32211031213
9720823M,93,Scolaire,30,32211033422
9720825P,166,Scolaire,30,32211031408
0431038V,33,Apprentissage,15,32211031213
0080008R,63,Scolaire,15,32211031216
0080027L,256,Scolaire,36,32211031212
0080027L,144,Scolaire,36,32211031408
0080027L,137,Scolaire,36,32211032612
0520008B,24,Scolaire,15,32211022316
0080045F,166,Scolaire,24,32211031215
0791115H,12,Apprentissage,12,23G00021225
0420042T,430,Apprentissage,5,32211032003
0440355X,41,Scolaire,21,32212031202
0311270M,8,Apprentissage,12,23G00021407
0490072M,43,Scolaire,22,32212031203
0875113K,111,Apprentissage,24,32211031212
0762312A,15,Apprentissage,5,23K00025406
0292455L,103,Apprentissage,10,32211032329
0292455L,92,Apprentissage,12,32211032332
0292455L,64,Apprentissage,10,32211032330
0271635F,24,Apprentissage,20,23G00021406
0682125R,46,Apprentissage,50,32211031408
0597369P,383,Apprentissage,40,32211033111
0333016Z,230,Apprentissage,50,32211033426
0642098H,56,Apprentissage,14,32211033002
0762204H,120,Apprentissage,20,32211031213
0771204R,84,Apprentissage,30,32211032409
0596769M,25,Apprentissage,12,32211031103
0923084C,168,Apprentissage,60,32211032612
0371836V,172,Apprentissage,25,32211031312
0371836V,161,Apprentissage,45,32211031213
0371836V,60,Apprentissage,25,32211032409
0371836V,150,Apprentissage,25,32211033426
0371836V,78,Apprentissage,25,32211031408
0141599M,31,Apprentissage,4,23K00025406
0080045F,127,Scolaire,36,32211031409
0080047H,81,Scolaire,24,32211025215
0080804F,113,Scolaire,29,32212021015
0080863V,253,Scolaire,35,32212021308
0597317H,107,Apprentissage,15,32211032329
0081047V,122,Scolaire,60,32211033422
0081047V,313,Scolaire,48,32211033426
0081059H,53,Apprentissage,40,32211025014
0081059H,4,Apprentissage,20,32211022316
0090002D,109,Scolaire,18,32211031408
0090002D,359,Scolaire,24,32211033426
0090013R,46,Scolaire,15,32211022316
0090013R,77,Scolaire,15,32211025005
0090015T,258,Scolaire,24,32211031213
0891200W,27,Scolaire,9,32211022316
0090022A,316,Scolaire,27,32212021207
0090656P,36,Apprentissage,24,32211031213
0090656P,53,Apprentissage,24,32211031212
0090656P,22,Apprentissage,24,32211031409
0100004A,45,Scolaire,12,32211025213
0100004A,34,Scolaire,12,32211025218
0100004A,59,Apprentissage,7,32211025213
0100004A,12,Apprentissage,5,32211025218
0100015M,65,Scolaire,24,32211031216
0100022V,549,Scolaire,36,32211031213
0100022V,222,Scolaire,24,32211031311
0100022V,115,Apprentissage,5,32211031313
0580071M,38,Apprentissage,6,32211033002
0100023W,243,Scolaire,24,32211032409
0100023W,309,Scolaire,24,32211031408
0100025Y,83,Scolaire,15,32211022106
0100025Y,108,Scolaire,15,32211025014
0100025Y,459,Scolaire,36,32211020116
0100025Y,115,Scolaire,24,32211025520
0641823J,154,Scolaire,12,23K00033404
0100059K,33,Scolaire,17,32211022710
0100059K,78,Scolaire,24,32211031408
0100059K,183,Scolaire,23,32211032003
0100687T,298,Scolaire,36,32212021304
0100734U,84,Scolaire,25,32212021115
0100734U,23,Scolaire,20,32212034302
0100735V,178,Scolaire,32,32212021015
0011444P,37,Apprentissage,15,32212022117
0801613U,26,Apprentissage,25,32212022117
0011444P,9,Apprentissage,8,23G00021225
0070016E,15,Apprentissage,6,23K00033413
9710055H,68,Scolaire,20,32211031212
9710709U,110,Scolaire,16,32211034401
0762964J,47,Apprentissage,2,32211023205
0762964J,75,Apprentissage,2,32211022711
0672602P,39,Apprentissage,24,32211033422
0101016A,437,Scolaire,35,32211031215
0101016A,417,Scolaire,35,32211031212
0260017C,94,Scolaire,24,32211031409
0101039A,15,Apprentissage,12,32211020009
0101039A,22,Apprentissage,30,32211025014
0110004V,191,Scolaire,36,32211032409
0110004V,234,Scolaire,32,32211032612
0110007Y,178,Scolaire,30,32211025520
0110007Y,278,Scolaire,33,32211033002
0110012D,141,Scolaire,35,32211031408
0110012D,359,Scolaire,30,32211023012
0110012D,182,Scolaire,18,32211023206
0110019L,124,Scolaire,22,32211031409
0110022P,941,Scolaire,45,32211033112
0110023R,187,Scolaire,30,32211025014
0110023R,898,Scolaire,35,32211031215
0110023R,578,Scolaire,35,32211031212
0110023R,365,Scolaire,35,32211031408
0110045P,94,Scolaire,30,32211031213
0110669T,133,Scolaire,24,32212021115
0110669T,155,Scolaire,27,32212021112
0110669T,735,Scolaire,32,32212021308
0110670U,145,Scolaire,30,32211033206
0110856W,79,Apprentissage,16,32212021007
0111024D,32,Scolaire,15,32212021015
0111024D,33,Scolaire,15,32212021115
0111024D,30,Scolaire,15,32212034101
0111024D,95,Scolaire,40,32212022115
0111024D,27,Scolaire,15,32212022117
0111024D,27,Scolaire,20,32212034302
0120006S,35,Scolaire,15,32211022316
0120006S,14,Scolaire,7,32211022506
0120006S,86,Scolaire,24,32211025415
0120006S,150,Scolaire,24,32211022210
0120012Y,66,Scolaire,9,32211031409
0120012Y,61,Scolaire,9,32211031408
0120024L,81,Scolaire,12,32211020009
0120024L,96,Scolaire,24,32211020111
0120024L,173,Scolaire,18,32211032409
0120024L,335,Scolaire,24,32211031212
0120025M,62,Scolaire,15,32211025520
0120031U,145,Scolaire,18,32211031213
0120096P,73,Scolaire,12,32211023412
0120621K,57,Scolaire,24,32211022106
0694070Z,341,Apprentissage,50,32211032329
9740737H,33,Scolaire,12,23K00023306
0440063E,187,Apprentissage,12,32211033608
0342548K,108,Apprentissage,60,32211031213
0061394H,182,Apprentissage,20,32211031212
0120936C,28,Scolaire,33,32212031205
0120936C,105,Scolaire,33,32212021015
0120937D,555,Scolaire,52,32212021207
0120937D,410,Scolaire,32,32212022115
0121291N,86,Scolaire,30,32212021401
0121298W,295,Scolaire,64,32212021308
0121423G,48,Scolaire,15,32211025520
0756347S,67,Apprentissage,30,32211031409
0121423G,158,Scolaire,18,32211031213
0121423G,70,Scolaire,12,32211031408
0121440A,104,Apprentissage,50,32211031213
0121440A,96,Apprentissage,27,32211031212
0121440A,28,Apprentissage,27,32211031409
0881664F,72,Scolaire,12,23K00033404
0120006S,48,Apprentissage,16,32211025415
0130001F,458,Scolaire,24,32211032409
0130001F,679,Scolaire,35,32211033002
0130001F,1109,Scolaire,35,32211031409
0130001F,870,Scolaire,24,32211031408
0130003H,372,Scolaire,30,32211020111
0130003H,780,Scolaire,16,32211020116
0130006L,1258,Scolaire,24,32211031213
0130010R,366,Scolaire,26,32211031408
0130011S,173,Scolaire,15,32211025014
0130011S,103,Scolaire,24,32211020111
0130036U,703,Scolaire,35,32211032409
0130036U,3406,Scolaire,50,32211031215
0130036U,1680,Scolaire,60,32211031213
0130037V,1798,Scolaire,35,32211031212
0130037V,864,Scolaire,35,32211031409
0130037V,972,Scolaire,35,32211031408
0130043B,652,Scolaire,24,32211034502
0130043B,719,Scolaire,32,32211031311
0130043B,1109,Scolaire,32,32211031313
0130043B,888,Scolaire,32,32211032612
0130048G,1395,Scolaire,31,32211031212
0130048G,1352,Scolaire,30,32211032003
0923033X,103,Apprentissage,85,32211032003
0573770N,99,Scolaire,24,32211034502
0130049H,252,Scolaire,24,32211020111
0130049H,359,Scolaire,24,32211025001
0490946M,110,Scolaire,20,32212031203
0130049H,311,Scolaire,24,32211025520
0130049H,421,Scolaire,15,32211025521
0130049H,563,Scolaire,35,32211031216
0130050J,226,Scolaire,15,32211023205
0130050J,187,Scolaire,15,32211022710
0130050J,284,Scolaire,15,32211025015
0130050J,465,Scolaire,32,32211023012
0130050J,274,Scolaire,30,32211023206
0540081V,21,Scolaire,15,23K00025406
0620110H,95,Apprentissage,15,32211025014
0630041C,75,Scolaire,15,32211025415
9711333X,54,Apprentissage,20,32211031103
0690651H,179,Apprentissage,15,32211022709
0831243A,1018,Scolaire,26,32211032003
0222026H,19,Apprentissage,15,32211025522
0211091X,29,Scolaire,15,44210099901
0860037Y,30,Scolaire,10,44210099901
0062329Z,23,Apprentissage,2,32211031212
0755893Y,346,Apprentissage,10,32211032330
0750808W,148,Scolaire,24,23K00033501
0595380C,29,Apprentissage,13,32211025001
0442124V,377,Scolaire,35,32211031215
0442124V,301,Scolaire,35,32211031213
0442124V,215,Scolaire,35,32211033426
0442227G,169,Scolaire,35,32211033608
0442227G,277,Scolaire,35,32211033115
0442275J,83,Apprentissage,60,32211032409
0442275J,348,Apprentissage,150,32211031213
0442275J,400,Apprentissage,100,32211031212
0442349P,37,Apprentissage,12,32211020113
0442349P,84,Apprentissage,24,32211022208
0442631W,53,Apprentissage,30,32211031409
0442632X,73,Apprentissage,80,32211031213
0442632X,111,Apprentissage,40,32211031212
0450029M,247,Scolaire,30,32211031213
0450040Z,427,Scolaire,29,32211031212
0450040Z,296,Scolaire,29,32211031409
0450040Z,311,Scolaire,28,32211031408
0450042B,76,Scolaire,15,32211020009
0450042B,59,Scolaire,15,32211020111
0450042B,69,Scolaire,15,32211025520
0222064Z,15,Apprentissage,4,32211032409
0562023V,89,Apprentissage,20,32211031213
0332551U,31,Apprentissage,20,32211031212
0121529X,54,Apprentissage,40,32211031212
0121529X,72,Apprentissage,40,32211031213
0820928N,48,Apprentissage,50,32211031409
0624510R,26,Apprentissage,20,32211031409
0860774Z,57,Apprentissage,20,32211031409
0940118T,594,Apprentissage,6,32211025521
0561810N,52,Apprentissage,10,32211023108
0333389E,108,Apprentissage,20,32211032612
0333444P,55,Apprentissage,18,32211031409
0860995P,71,Apprentissage,30,32211031408
0450050K,595,Scolaire,24,32211032409
0450050K,1366,Scolaire,34,32211031215
0450051L,202,Scolaire,24,32211020009
0450051L,122,Scolaire,15,32211022316
0450051L,301,Scolaire,28,32211025520
0450051L,192,Apprentissage,30,32211025520
0450051L,876,Scolaire,56,32211031408
0450051L,685,Scolaire,32,32211032612
0450062Y,212,Scolaire,24,32211031409
0450064A,125,Scolaire,15,32211022709
0450064A,141,Scolaire,15,32211023013
0450064A,141,Scolaire,15,32211023206
0450064A,103,Apprentissage,15,32211023108
0450066C,224,Scolaire,30,32211025215
0450094H,105,Scolaire,16,32212021007
0450094H,185,Scolaire,28,32212021015
0450106W,68,Scolaire,20,32211022208
0450106W,76,Scolaire,30,32211031409
0755273Z,168,Apprentissage,15,32211031103
0450758E,150,Scolaire,18,32211032409
0450758E,114,Scolaire,18,32211031103
0450758E,276,Scolaire,18,32211031213
0450758E,384,Scolaire,32,32211031212
0450758E,302,Scolaire,32,32211031409
0450758E,217,Scolaire,32,32211031408
0450758E,178,Scolaire,32,32211032612
0450782F,505,Scolaire,24,32211034502
0450782F,1591,Scolaire,36,32211031213
0450782F,1492,Scolaire,36,32211031212
0450782F,1240,Scolaire,30,32211032003
0450782F,810,Apprentissage,20,32211031212
0451304Y,64,Apprentissage,24,32211033422
0451335G,77,Scolaire,19,32211020111
0451335G,54,Scolaire,19,32211020115
0451335G,113,Scolaire,24,32211031216
0451335G,264,Scolaire,30,32211033426
0451462V,111,Scolaire,11,32211020113
0451462V,243,Scolaire,28,32211022210
0451463W,13,Apprentissage,20,32212031204
0451483T,223,Scolaire,15,32211025521
0451535Z,390,Scolaire,32,32212021308
0451535Z,320,Scolaire,32,32212021304
0420013L,257,Apprentissage,3,32211031213
0772918D,212,Apprentissage,80,32211031215
0250030X,148,Apprentissage,6,32211031409
0430021P,69,Apprentissage,2,32211031313
0460007H,217,Scolaire,18,32211031212
0460007H,167,Scolaire,18,32211031409
0460010L,47,Scolaire,12,32211022316
0460010L,49,Scolaire,12,32211025521
0460028F,65,Scolaire,15,32211022710
0460028F,112,Scolaire,24,32211023012
0460490H,173,Scolaire,28,32212021015
0460493L,90,Scolaire,15,32211025014
0460493L,78,Scolaire,15,32211025520
0460706T,49,Apprentissage,10,32211031213
0460493L,72,Apprentissage,15,32211025014
0460028F,39,Apprentissage,12,32211022710
0592965C,25,Apprentissage,6,32211031408
0470001W,714,Scolaire,35,32211032003
0470003Y,134,Scolaire,20,32211020009
0470003Y,54,Scolaire,14,32211022316
0470003Y,96,Scolaire,24,32211025520
0470003Y,151,Scolaire,14,32211025521
0470003Y,234,Scolaire,35,32211032409
0470003Y,485,Scolaire,35,32211031213
0470003Y,404,Scolaire,35,32211031409
0470003Y,246,Scolaire,35,32211031408
0134478X,28,Apprentissage,15,32211031213
0470019R,354,Scolaire,27,32212022115
0470019R,48,Scolaire,14,32212022117
0470020S,131,Scolaire,30,32211020111
0470020S,90,Scolaire,30,32211022316
0470020S,31,Scolaire,15,32211022506
0470020S,157,Scolaire,35,32211031216
0470038L,163,Scolaire,35,32211031408
0470060K,141,Scolaire,18,32211031212
0470060K,56,Scolaire,18,32211031408
0470662P,95,Scolaire,27,32212021015
0470815F,72,Apprentissage,20,32212021015
0470815F,39,Apprentissage,16,32212021114
0470823P,40,Scolaire,35,32212034101
0480007X,320,Scolaire,35,32211033426
0480009Z,125,Scolaire,30,32211025520
0480009Z,168,Scolaire,18,32211033002
0480009Z,100,Scolaire,18,32211031213
0480009Z,82,Scolaire,18,32211032612
0480022N,75,Scolaire,16,32211025215
0480025S,77,Scolaire,26,32211031212
0480025S,122,Scolaire,26,32211033115
0480025S,84,Scolaire,26,32211033206
0480502K,179,Scolaire,40,32212021207
0480514Y,150,Scolaire,27,32212021015
0570085H,69,Apprentissage,3,32211031408
0782549X,109,Apprentissage,12,32211025520
0134478X,72,Apprentissage,15,32211032003
0741164N,607,Scolaire,14,32211031312
0134478X,70,Apprentissage,15,32211034401
0062327X,74,Apprentissage,20,32211033206
0480514Y,495,Scolaire,35,32212021308
0480657D,88,Scolaire,27,32212034302
0480657D,129,Scolaire,27,32212021206
0480677A,65,Apprentissage,15,32212021015
0480680D,34,Scolaire,18,32211025213
0480680D,31,Scolaire,20,32211023412
0480680D,100,Scolaire,70,32211033422
0480688M,53,Scolaire,15,32211022310
0490002L,1452,Scolaire,35,32211031213
0731248K,57,Scolaire,10,32211025216
0731248K,156,Scolaire,24,32211020114
0512221M,104,Apprentissage,6,32211031215
0731392S,236,Scolaire,18,32211032409
0731392S,363,Scolaire,32,32211031409
0731392S,285,Scolaire,36,32211031408
0730774V,53,Apprentissage,12,32211025520
0740005D,256,Scolaire,18,32211032409
0740005D,396,Scolaire,28,32211033002
0740005D,526,Scolaire,24,32211031409
0740005D,487,Scolaire,34,32211031408
0740005D,511,Scolaire,24,32211032612
0740006E,150,Scolaire,15,32211025014
0740006E,326,Scolaire,30,32211023012
0740006E,180,Scolaire,15,32211023013
0740006E,165,Scolaire,24,32211023412
0740006E,158,Scolaire,15,32211023411
0740006E,110,Scolaire,15,32211022316
0510037N,61,Apprentissage,2,32211023108
9720945V,35,Apprentissage,50,32211031103
0831559U,66,Scolaire,15,32211025017
0720930V,126,Apprentissage,24,32211033107
0431056P,29,Apprentissage,15,32211031212
0672772Z,93,Apprentissage,15,32211032328
0672772Z,203,Apprentissage,15,32211032332
0261556A,51,Apprentissage,30,32211032409
0371838X,10,Apprentissage,90,32211033422
0451818G,14,Apprentissage,90,32211033422
0756460P,77,Apprentissage,40,32211033422
0062329Z,13,Apprentissage,4,32211032003
0062329Z,17,Apprentissage,4,32211032612
0562062M,35,Apprentissage,40,32211031408
0292384J,27,Apprentissage,40,32211031408
0030867B,22,Apprentissage,24,32211033607
0030867B,30,Apprentissage,24,32211033608
0682093F,45,Apprentissage,15,32211020116
0682093F,94,Apprentissage,15,32211031313
0682093F,33,Apprentissage,15,32211031311
0682093F,45,Apprentissage,15,32211031408
0352275H,104,Apprentissage,12,32211032003
0352275H,236,Apprentissage,12,32211031215
0271124A,86,Apprentissage,30,32211033426
0411088K,64,Apprentissage,10,32211032003
0682029L,29,Apprentissage,25,32212031202
0271382F,19,Apprentissage,20,32212031204
0740006E,322,Scolaire,15,32211025521
0740009H,194,Scolaire,24,32211032409
0740009H,807,Scolaire,34,32211031215
0740013M,275,Scolaire,24,32211031213
0740017S,77,Scolaire,15,32211020111
0740017S,235,Scolaire,15,32211020116
0740017S,167,Scolaire,24,32211025005
0755893Y,350,Apprentissage,10,32211032332
0740027C,59,Scolaire,18,32211031216
0740037N,244,Scolaire,24,32211031408
0740046Y,241,Scolaire,24,32211031212
0740047Z,428,Scolaire,84,32211033422
0740051D,295,Scolaire,18,32211033426
0740082M,279,Scolaire,24,32211020116
0740082M,162,Scolaire,30,32211032612
0740092Y,119,Scolaire,24,32211031408
0740098E,98,Scolaire,24,32211031212
0740100G,122,Scolaire,15,32211022209
0740100G,193,Scolaire,15,32211033112
0740143D,61,Apprentissage,30,32211031213
0740143D,59,Apprentissage,30,32211031409
0740283F,122,Scolaire,35,32212021015
0740283F,306,Scolaire,35,32212021304
0740283F,115,Scolaire,35,32212021206
0740927F,470,Scolaire,32,32212022115
0740927F,77,Scolaire,16,32212022117
0740927F,92,Scolaire,16,32212022116
0741101V,234,Scolaire,15,32211031213
0741101V,169,Scolaire,15,32211031409
0741101V,159,Scolaire,15,32211031408
0860995P,150,Apprentissage,30,32211031313
0741307U,51,Scolaire,12,32211032409
0741307U,78,Scolaire,12,32211031409
0741418P,962,Scolaire,32,32211031213
0741418P,867,Scolaire,34,32211031212
0741476C,129,Scolaire,24,32211025520
0763557D,62,Apprentissage,15,32211031409
0741739N,48,Apprentissage,30,32212034302
0741739N,115,Apprentissage,45,32212021401
0420976H,56,Apprentissage,5,32211020113
0694586K,57,Apprentissage,25,32211031213
0694586K,109,Apprentissage,25,32211031212
0763542M,42,Apprentissage,15,32211031409
0860995P,11,Apprentissage,20,23K00033412
0342156J,49,Apprentissage,15,32211025520
9740979W,90,Apprentissage,12,32211023108
0312956V,144,Apprentissage,20,32211020116
0312956V,73,Apprentissage,20,32211032612
0756066L,30,Apprentissage,50,32211032409
0756066L,32,Apprentissage,50,32211031408
0241242V,29,Apprentissage,10,32211020116
0360777Z,67,Apprentissage,20,32211032003
0910843X,357,Apprentissage,28,32211031212
0450759F,63,Apprentissage,25,32211031213
0756637G,319,Apprentissage,40,32211020116
0756637G,228,Apprentissage,40,32211032612
0561975T,41,Apprentissage,15,32211031409
0891160C,74,Apprentissage,20,32211031212
0891160C,61,Apprentissage,20,32211031213
0754924V,41,Scolaire,25,23K00033501
0750647W,2715,Scolaire,59,32211031408
0750647W,3384,Scolaire,48,32211032612
0755701P,271,Apprentissage,30,32211032325
0750650Z,328,Scolaire,24,32311033105
0750650Z,614,Scolaire,24,32311033114
0750651A,1380,Scolaire,24,32211031409
0750651A,2304,Scolaire,24,32211031408
0750653C,1980,Scolaire,24,32211031313
0750653C,3293,Scolaire,24,32211032003
0755701P,489,Apprentissage,40,32211031313
0755701P,174,Apprentissage,50,32211031103
0755701P,486,Apprentissage,25,32211032332
0134464G,44,Apprentissage,15,32211031212
0131403E,8,Apprentissage,4,32211020115
0131403E,109,Apprentissage,8,32211031409
0750664P,1332,Scolaire,24,32211032409
0134476V,24,Apprentissage,15,32211031408
0750671X,955,Scolaire,24,32211032409
0750671X,4955,Scolaire,24,32211031215
0750671X,1728,Scolaire,24,32211031408
0750674A,2997,Scolaire,35,32211031213
0750674A,3068,Scolaire,35,32211031212
0750674A,2759,Scolaire,35,32211031313
0750674A,1848,Scolaire,24,32211031409
0750674A,1318,Scolaire,35,32211031408
0750676C,513,Scolaire,24,32211020009
0750676C,2493,Scolaire,24,32211020116
0750676C,395,Scolaire,24,32211023108
0750676C,241,Scolaire,15,32211022316
0750676C,1164,Scolaire,24,32211025521
0750676C,537,Apprentissage,15,32211020009
0750676C,636,Apprentissage,15,32211025014
0750676C,306,Apprentissage,15,32211020111
0750676C,2333,Apprentissage,15,32211020116
0750676C,268,Apprentissage,15,32211023108
0750676C,221,Apprentissage,15,32211022316
0750676C,1065,Apprentissage,15,32211025521
0750677D,624,Scolaire,35,32211031216
0750677D,1488,Scolaire,48,32211033608
0750677D,2993,Scolaire,35,32211031212
0750680G,2645,Scolaire,35,32211031213
0134476V,32,Apprentissage,15,32211031212
0134476V,38,Apprentissage,15,32211031213
9740097M,43,Scolaire,16,32212021114
0301758Y,47,Apprentissage,15,32211031212
0134476V,44,Apprentissage,15,32211032003
0380034F,316,Scolaire,15,32211022210
0170060Y,31,Scolaire,12,23K00025510
7200093N,88,Scolaire,12,32211034401
0271382F,8,Apprentissage,20,32212031205
0450786K,51,Apprentissage,4,23K00033501
0831693P,34,Apprentissage,15,32211032409
0831692N,7,Apprentissage,15,32211032409
0861483V,96,Apprentissage,30,32211031213
0861483V,90,Apprentissage,30,32211031212
0420998G,16,Apprentissage,15,32211031408
0442291B,120,Apprentissage,10,32211031215
0442291B,73,Apprentissage,15,32211031313
0212271E,119,Apprentissage,30,32211031213
0212271E,108,Apprentissage,30,32211031212
0891340Y,37,Apprentissage,60,32211031212
0342515Z,80,Apprentissage,30,32211031409
0781663J,103,Apprentissage,15,32211032612
0673200P,164,Apprentissage,30,32211033426
0820776Y,27,Apprentissage,20,32211025213
0422341S,59,Apprentissage,20,32211031212
0880019T,237,Apprentissage,12,32211031213
0261286G,121,Scolaire,30,32211031213
0261286G,105,Scolaire,30,32211033426
0492015Z,275,Apprentissage,25,32211032003
0530068L,36,Apprentissage,6,32211033002
0942594J,53,Apprentissage,24,32211025001
0942594J,118,Apprentissage,24,32211025520
0942594J,99,Apprentissage,24,32211032612
0942594J,97,Apprentissage,24,32211020009
0942594J,41,Apprentissage,24,32211025415
0573838M,13,Apprentissage,10,32211031408
0755335S,228,Apprentissage,60,32211033002
0313003W,60,Apprentissage,15,32211031103
0571998M,23,Apprentissage,15,32211031103
0756677A,323,Apprentissage,30,32211033107
0060674A,225,Scolaire,38,32211031215
9730001N,331,Scolaire,23,32211032409
9730001N,509,Scolaire,36,32211031212
9730001N,564,Scolaire,36,32211031409
9730001N,430,Scolaire,36,32211031408
9730108E,114,Scolaire,24,32211025014
9730108E,170,Scolaire,20,32211031408
9730108E,376,Scolaire,20,32211033426
9730196A,165,Scolaire,15,32211023012
9730196A,122,Scolaire,15,32211023206
9730235T,156,Scolaire,15,32211033002
9730309Y,492,Scolaire,28,32211033206
0060015J,474,Scolaire,15,32211031213
0590258K,774,Apprentissage,24,32211033426
9730364H,193,Scolaire,27,32212021308
9740001H,1347,Scolaire,35,32211031215
9740001H,974,Scolaire,30,32211031213
9740001H,748,Scolaire,30,32211032003
9740002J,291,Scolaire,15,32211020116
9740002J,167,Scolaire,24,32211025001
9740002J,203,Scolaire,15,32211025521
9740002J,585,Scolaire,30,32211033112
9740002J,539,Scolaire,24,32211031213
9740002J,713,Scolaire,35,32211033206
9740015Y,402,Scolaire,30,32211031213
9740019C,546,Scolaire,35,32211031408
9740043D,488,Scolaire,35,32211031212
9740045F,442,Scolaire,24,32211031212
9740045F,514,Scolaire,24,32211031312
9740053P,281,Scolaire,24,32211025215
9740054R,228,Scolaire,30,32211025014
0860038Z,158,Apprentissage,4,32211034502
0430020N,29,Apprentissage,4,32211022316
0750691U,393,Apprentissage,8,32211025015
0750691U,489,Apprentissage,8,32211022709
0750691U,419,Apprentissage,8,32211022711
0383166K,329,Apprentissage,25,32212021308
0501578U,50,Apprentissage,22,23G00021220
0630069H,111,Scolaire,24,32211020009
0040007L,14,Apprentissage,8,32211025213
0752792C,1158,Scolaire,30,32211031215
0752792C,116,Scolaire,30,32211031216
0752792C,397,Scolaire,30,32211033426
0130150T,57,Scolaire,12,23K00025509
0942130E,23,Scolaire,12,23K00033404
9740054R,181,Scolaire,30,32211020111
9740054R,258,Scolaire,24,32211025520
9740078S,78,Scolaire,16,32212034302
9740078S,64,Scolaire,16,32212021016
9740082W,721,Scolaire,24,32211031409
0770945J,55,Apprentissage,10,32211025415
0772277G,198,Scolaire,35,32211031213
0770918E,37,Scolaire,12,23K00033501
9740597F,647,Scolaire,35,32211031213
9740597F,1424,Scolaire,60,32211033426
9740679V,220,Scolaire,28,32211031215
9740738J,123,Scolaire,34,32211033422
9740787M,318,Scolaire,24,32211032409
9740787M,455,Scolaire,24,32211031213
9740952S,167,Scolaire,30,32211032612
9740979W,298,Scolaire,24,32211023012
9740979W,177,Scolaire,24,32211023206
0222037V,21,Apprentissage,12,23K00025406
9730513V,10,Scolaire,15,23K00033501
9741046U,600,Scolaire,30,32211032409
9741046U,767,Scolaire,35,32211031409
9741046U,660,Scolaire,35,32211031408
9741046U,362,Scolaire,32,32211032612
9741050Y,662,Scolaire,30,32211031409
9741050Y,447,Scolaire,30,32211031408
9741051Z,127,Scolaire,15,32211023013
9741087N,294,Scolaire,18,32211032409
9741087N,456,Scolaire,18,32211031409
9741173G,431,Scolaire,32,32211031103
9741182S,86,Scolaire,15,32211023412
9741182S,118,Scolaire,15,32211023411
9741185V,770,Scolaire,35,32211031212
9741185V,534,Scolaire,30,32211031311
9741185V,668,Scolaire,30,32211031313
9741186W,142,Scolaire,14,32211025521
0692360R,41,Apprentissage,10,32211025014
9741206T,82,Scolaire,11,32211022710
9741230U,292,Scolaire,35,32211031409
9741231V,355,Scolaire,18,32211033002
9741231V,452,Scolaire,18,32211033206
0312331R,76,Apprentissage,6,32212031203
0542519V,26,Scolaire,18,32212031204
0660733N,48,Apprentissage,25,32212031203
0060907D,67,Scolaire,20,32211033608
9741233X,364,Scolaire,30,32211031213
9741255W,333,Scolaire,36,32211031215
9741255W,157,Scolaire,20,32211031212
9741256X,173,Scolaire,35,32211031408
9741270M,113,Scolaire,12,32211023205
9741270M,134,Scolaire,24,32211025416
9741324W,484,Scolaire,32,32211031409
9741380G,137,Scolaire,15,32211022106
9741380G,346,Scolaire,15,32211022209
9840001D,111,Scolaire,26,32211031409
0190834D,33,Apprentissage,10,32211033608
0922946C,256,Apprentissage,30,32211020116
9840268U,136,Scolaire,48,32211033422
9840268U,530,Scolaire,28,32211033426
9840277D,66,Scolaire,26,32212021016
9840339W,130,Scolaire,20,32211031409
0421976V,85,Apprentissage,2,32211025521
0440246D,71,Apprentissage,18,32211032409
0440246D,66,Apprentissage,10,32211031409
0440246D,131,Apprentissage,10,32211031213
9840386X,133,Scolaire,24,32211031103
9840394F,168,Scolaire,22,32211031409
0440246D,234,Apprentissage,10,32211033426
0810959C,112,Apprentissage,1,32211033608
0630068G,84,Apprentissage,5,32211031212
0031082K,39,Apprentissage,4,32211033422
0831760M,18,Apprentissage,10,32211032003
0130050J,235,Apprentissage,15,32211022709
0130050J,375,Apprentissage,25,32211023012
0130050J,241,Apprentissage,25,32211023206
0130051K,699,Scolaire,30,32211022209
0130051K,503,Scolaire,35,32211022210
9710746J,141,Scolaire,24,32211031311
0130051K,654,Scolaire,15,32211032409
0130051K,1902,Scolaire,48,32211033112
0922972F,62,Apprentissage,30,32211032409
0922972F,46,Apprentissage,30,32211034401
0062140U,105,Apprentissage,15,32211031312
0062140U,248,Apprentissage,15,32211031215
0831662F,39,Apprentissage,15,32211031213
0132495S,185,Apprentissage,5,32211031408
0061610T,48,Apprentissage,2,32211032328
0061610T,97,Apprentissage,3,32211032329
0061610T,72,Apprentissage,2,32211032332
0492534N,124,Apprentissage,90,32211031213
0673200P,14,Apprentissage,30,32211033422
0952299H,296,Apprentissage,200,32211031213
0021873A,74,Apprentissage,15,32211031313
0750657G,1903,Apprentissage,15,32211031312
0741758J,70,Apprentissage,8,32211022709
0672598K,148,Apprentissage,35,32211031212
0597284X,65,Apprentissage,20,32211032612
0597284X,86,Apprentissage,20,32211020116
0597378Z,112,Apprentissage,60,32211031313
0597378Z,47,Apprentissage,60,32211031408
0301431T,19,Apprentissage,20,32212031205
0312222X,26,Apprentissage,15,23G00021007
0693733H,110,Apprentissage,15,32211031103
0597333A,88,Apprentissage,20,32211031213
0597333A,51,Apprentissage,20,32211031409
0597333A,26,Apprentissage,20,32211032409
0597333A,120,Apprentissage,15,32211031212
0130051K,1135,Scolaire,48,32211031408
0130051K,911,Scolaire,32,32211032612
0130051K,1148,Scolaire,30,32211033115
0130051K,1081,Scolaire,35,32211033206
0624510R,28,Apprentissage,20,32211031408
0922443F,231,Scolaire,12,44210099901
0130053M,291,Scolaire,30,32211020009
0130053M,891,Scolaire,24,32211020116
0130053M,448,Scolaire,35,32211022208
0130053M,165,Scolaire,24,32211022316
0130053M,61,Scolaire,12,32211022506
0062260Z,67,Apprentissage,25,32211032003
0130053M,225,Scolaire,24,32211025415
0130053M,363,Scolaire,30,32211025520
0130053M,556,Scolaire,30,32211025521
0130053M,638,Scolaire,35,32211031216
0130057S,236,Scolaire,15,32211023108
0130143K,167,Scolaire,24,32211020111
0130143K,103,Scolaire,15,32211022316
0130143K,283,Scolaire,24,32211032409
0130143K,479,Scolaire,35,32211031213
0130143K,367,Scolaire,24,32211031409
0130161E,313,Scolaire,24,32211032409
0130161E,840,Scolaire,35,32211031212
0130175V,1203,Scolaire,35,32211031409
0131339K,158,Scolaire,35,32211031408
0131391S,171,Scolaire,30,32211025014
0131391S,99,Scolaire,14,32211025521
0131391S,76,Scolaire,15,32211032409
0131391S,192,Scolaire,24,32211031409
0131398Z,231,Scolaire,45,32211031103
0131398Z,300,Scolaire,45,32211031213
0131398Z,401,Scolaire,45,32211031212
0131398Z,159,Scolaire,45,32211031311
0131398Z,194,Scolaire,45,32211031408
0131402D,88,Scolaire,35,32211032409
0131402D,201,Scolaire,35,32211031313
0131402D,187,Scolaire,35,32211032612
0131402D,352,Scolaire,70,32211033426
0131403E,43,Scolaire,17,32211020115
0131403E,168,Scolaire,26,32211031409
0131436R,104,Scolaire,15,32211025521
0330114V,180,Apprentissage,20,32211031213
0756465V,154,Apprentissage,25,23K00033501
0131456M,120,Scolaire,18,32211033002
0131456M,157,Scolaire,36,32211033206
0131549N,607,Scolaire,24,32211031213
0131549N,621,Scolaire,24,32211031212
0311189Z,101,Apprentissage,10,32211031312
0131656E,117,Scolaire,27,32212021115
0131656E,699,Scolaire,36,32212021308
0131681G,149,Scolaire,30,32211022208
0131681G,524,Scolaire,75,32211033112
0131684K,91,Scolaire,24,32211032409
0131684K,686,Scolaire,64,32211031215
0131684K,419,Scolaire,62,32211031213
0131684K,145,Scolaire,26,32211031409
0131684K,103,Scolaire,24,32211031408
0131684K,335,Scolaire,40,32211032003
0133305X,81,Scolaire,27,32211031408
0133305X,328,Scolaire,90,32211033426
0131690S,56,Scolaire,30,32212021015
0131690S,58,Scolaire,40,32212034302
0850027T,201,Scolaire,12,32211023012
0831407D,259,Scolaire,24,32211031311
0060023T,312,Scolaire,26,32211031409
0831563Y,343,Scolaire,15,32211020116
0131862D,111,Scolaire,35,32211031408
0132010P,16,Scolaire,24,32212021114
0590122M,676,Scolaire,35,32211033206
0650065T,108,Scolaire,18,32211034401
0831453D,66,Scolaire,6,23K00033414
0530931Z,101,Scolaire,25,32211032612
0596854E,113,Apprentissage,4,32211032003
0932750J,128,Apprentissage,20,32211031213
0932750J,112,Apprentissage,20,32211031212
0660919R,82,Apprentissage,15,32211031212
0922869U,41,Apprentissage,70,32211032409
0641545G,40,Apprentissage,10,32212021015
0755335S,254,Apprentissage,30,32211022209
0923084C,156,Apprentissage,60,32211022209
0755335S,183,Apprentissage,30,32211022210
0451462V,49,Apprentissage,2,32211022210
0281205H,89,Apprentissage,30,32211032003
0333641D,62,Apprentissage,12,32211033002
0333641D,98,Apprentissage,12,32211033206
0451709N,53,Apprentissage,30,32211031103
0593034C,23,Apprentissage,10,32211031213
0330114V,164,Apprentissage,10,32211031212
0620109G,551,Scolaire,35,32211033206
0620120U,262,Scolaire,35,32211033002
0132210G,209,Scolaire,24,32211025416
0132300E,153,Scolaire,40,32211031213
0132410Z,705,Scolaire,35,32211031212
0132495S,371,Scolaire,35,32211031408
0132733A,312,Scolaire,30,32211025014
0132733A,352,Scolaire,30,32211025520
0132733A,669,Scolaire,24,32211031408
0132828D,525,Scolaire,36,32211031215
0132828D,224,Scolaire,36,32211031212
0132828D,175,Scolaire,36,32211031408
0132828D,223,Scolaire,36,32211033115
0132828D,171,Scolaire,36,32211033206
0132828D,307,Scolaire,50,32211033426
0132922F,168,Scolaire,25,32211031213
0132922F,97,Scolaire,24,32211031408
9710746J,51,Scolaire,15,23K00033501
0132974M,335,Scolaire,84,32211033422
0132974M,1587,Scolaire,35,32211033426
0133015G,1310,Scolaire,30,32211025303
0133015G,220,Scolaire,24,32211020113
0133015G,170,Scolaire,24,32211025005
0133244F,335,Scolaire,27,32211025520
0133244F,191,Scolaire,13,32211025521
0133288D,757,Scolaire,35,32211031213
0133334D,157,Scolaire,24,32211031212
0133396W,103,Scolaire,15,32211025520
0133525L,2180,Scolaire,35,32211031215
0772342C,332,Scolaire,24,32211031103
0301758Y,9,Apprentissage,15,32211031408
0694126K,84,Apprentissage,20,32211033608
0694389W,91,Apprentissage,40,32211031408
0801206B,24,Apprentissage,15,32211031409
0301673F,22,Apprentissage,10,32211032409
0381809K,43,Apprentissage,15,32211032409
0590121L,179,Apprentissage,18,32211031216
0772961A,377,Apprentissage,200,32211031212
0772961A,76,Apprentissage,200,32211032409
0772961A,212,Apprentissage,200,32211031213
0772961A,326,Apprentissage,200,32211031215
0590214M,82,Apprentissage,15,32211025014
0811387T,35,Apprentissage,10,32211031213
0312759F,280,Apprentissage,20,32211025215
0300002P,48,Apprentissage,3,32211025001
0931796X,320,Apprentissage,32,32211032612
0811387T,15,Apprentissage,10,32211031409
0490003M,263,Scolaire,21,32211020009
0490003M,219,Scolaire,21,32211020111
0490003M,371,Scolaire,21,32211025521
0490003M,586,Scolaire,24,32211032409
0490003M,642,Scolaire,35,32211033002
0490003M,1355,Scolaire,70,32211031409
0490003M,902,Scolaire,48,32211031408
0490003M,848,Scolaire,70,32211032612
0490018D,508,Scolaire,23,32211031215
0490018D,421,Scolaire,32,32211031213
0490018D,191,Scolaire,18,32211031408
0490040C,594,Scolaire,24,32211033426
0490054T,90,Scolaire,15,32211025014
0490054T,73,Scolaire,18,32211025520
0490055U,60,Scolaire,10,32211020111
0490055U,242,Scolaire,30,32211025219
0490055U,235,Scolaire,32,32211031213
0490055U,128,Scolaire,32,32211033422
0490072M,32,Scolaire,23,32212031205
0490072M,503,Scolaire,45,32212021015
0490013Y,122,Apprentissage,44,32211025213
0490013Y,210,Apprentissage,20,32211025215
0490013Y,50,Apprentissage,22,32211025218
0490054T,56,Apprentissage,15,32211025014
0490054T,69,Apprentissage,12,32211025520
0490782J,43,Apprentissage,8,32211025014
0492123S,221,Apprentissage,20,32211023012
0492123S,168,Apprentissage,20,32211023206
0811387T,2,Apprentissage,40,32211033426
0811387T,73,Apprentissage,10,32211031312
0120024L,7,Apprentissage,5,23K00022704
0922907K,127,Apprentissage,150,32211031212
0353098C,144,Apprentissage,30,32211031213
0502010N,37,Apprentissage,15,32211031313
9760125G,618,Scolaire,15,32211031103
9760220K,30,Scolaire,15,23K00022705
0442094M,44,Scolaire,10,23K00033414
0762652V,104,Apprentissage,18,32212021115
0312765M,84,Apprentissage,15,32211031212
0502010N,16,Apprentissage,15,32211034502
0502010N,28,Apprentissage,10,32211031215
0623280D,10,Apprentissage,12,23G00021007
0801999N,10,Apprentissage,20,23G00021007
0195069G,30,Apprentissage,26,32211031409
0851390Z,212,Apprentissage,4,32211032325
0562055E,149,Apprentissage,12,32211031212
0562055E,41,Apprentissage,9,32211031409
0562055E,78,Apprentissage,9,32211032003
0490782J,55,Scolaire,7,32211025014
0932750J,83,Apprentissage,20,32211031409
0490828J,22,Scolaire,12,32211022710
0490838V,56,Scolaire,18,32211031408
0490840X,78,Scolaire,24,32211031213
0490886X,54,Scolaire,18,32211032409
0490886X,135,Scolaire,35,32211031409
0490886X,161,Scolaire,18,32211033426
0492406Z,278,Scolaire,35,32211031212
0492406Z,72,Scolaire,35,32211031408
0492406Z,219,Scolaire,35,32211032003
0492406Z,116,Scolaire,35,32211032612
0492420P,95,Scolaire,15,32211020116
0492420P,49,Scolaire,15,32211025520
0492420P,57,Scolaire,15,32211025521
0492420P,98,Scolaire,18,32211031408
0490890B,239,Scolaire,70,32211033206
0490904S,67,Scolaire,18,32211033002
0490946M,107,Scolaire,20,32212031204
0490946M,109,Scolaire,32,32212021114
0490946M,367,Scolaire,34,32212021401
0490984D,22,Apprentissage,4,32211020111
0490984D,55,Apprentissage,4,32211022710
0490985E,77,Apprentissage,4,32211032409
0490985E,194,Apprentissage,50,32211033107
9840268U,51,Scolaire,24,23K00033414
0342225J,70,Scolaire,12,23K00033414
0660924W,50,Scolaire,12,23K00033414
0911264E,79,Scolaire,18,32211031212
0400097N,143,Scolaire,15,32211023306
0680034T,234,Scolaire,18,32211034401
0490985E,361,Apprentissage,10,32211031213
0490985E,383,Apprentissage,5,32211031212
0490985E,167,Apprentissage,20,32211031409
0491027A,57,Scolaire,30,32212021114
0491027A,225,Scolaire,44,32212021115
0491941U,98,Apprentissage,44,32212021015
0922816L,494,Apprentissage,20,32211020116
0492015Z,132,Scolaire,18,32211032409
0492015Z,768,Scolaire,35,32211031215
0492015Z,647,Scolaire,35,32211031213
0492015Z,718,Scolaire,35,32211031212
0492022G,56,Apprentissage,22,32212031202
0492022G,61,Apprentissage,22,32212021112
0492061Z,1819,Scolaire,35,32211032003
0492089E,1626,Scolaire,35,32211031212
0492113F,335,Scolaire,70,32211033107
0492123S,609,Scolaire,24,32211022209
0492123S,112,Scolaire,15,32211022709
0490072M,24,Apprentissage,35,32212031205
0490072M,56,Apprentissage,35,32212021114
0490072M,147,Apprentissage,35,32212021115
0490072M,205,Apprentissage,68,32212021401
0492224B,333,Scolaire,24,32211020116
0492298G,329,Scolaire,70,32211022208
0492298G,116,Scolaire,30,32211020114
0492303M,42,Apprentissage,12,32211022316
0492303M,65,Apprentissage,24,32211025520
0500002F,231,Scolaire,24,32211031213
0500017X,108,Scolaire,15,32211025014
0500017X,96,Scolaire,24,32211020113
0500017X,93,Scolaire,15,32211031216
0500017X,175,Scolaire,24,32211034502
0500026G,246,Scolaire,24,32211031212
0500026G,263,Scolaire,18,32211033426
0500036T,90,Scolaire,24,32211025520
0500036T,87,Scolaire,15,32211025521
0500049G,157,Scolaire,24,32211033206
0500060U,212,Scolaire,27,32212021207
0500060U,160,Scolaire,29,32212022115
0500060U,36,Scolaire,8,32212022117
0500087Y,110,Scolaire,30,32211025213
0500087Y,72,Scolaire,12,32211031216
0500087Y,37,Scolaire,12,32211025218
0500087Y,36,Scolaire,12,32211025216
0500112A,62,Scolaire,12,32211032409
0500112A,106,Scolaire,24,32211031409
0500112A,77,Scolaire,24,32211032612
0500120J,132,Scolaire,24,32211031213
0922816L,322,Apprentissage,20,32211032612
0500127S,78,Scolaire,18,32211033002
0500127S,112,Scolaire,24,32211033426
0501213X,158,Scolaire,28,32212021015
0501213X,55,Scolaire,20,32212021114
0340043M,257,Apprentissage,12,32211025520
0352496Y,64,Apprentissage,20,32211031103
0693478F,656,Apprentissage,3,32211032003
0550049E,35,Apprentissage,5,32211032003
0755203Y,270,Apprentissage,50,32211033107
0601863Z,62,Apprentissage,24,32211033422
0910755B,219,Scolaire,12,32211034401
0755335S,317,Apprentissage,90,32211033107
0260111E,34,Apprentissage,20,32211033608
0260111E,25,Apprentissage,20,32211031213
0443042T,28,Apprentissage,25,32211031409
0443042T,70,Apprentissage,25,32211031212
0443042T,67,Apprentissage,25,32211032003
0443042T,24,Apprentissage,25,32211031408
0443042T,56,Apprentissage,25,32211031213
0081177L,17,Apprentissage,6,32211031215
0501213X,115,Scolaire,20,32212021401
0501219D,47,Scolaire,15,32211020111
0501219D,90,Scolaire,15,32211031216
0501219D,123,Scolaire,18,32211031408
0501219D,360,Scolaire,18,32211032003
0501234V,212,Scolaire,27,32212021015
0930129K,232,Scolaire,24,44210099901
0611162G,8,Apprentissage,25,32211022505
0750685M,458,Scolaire,30,32211022106
0750685M,312,Scolaire,24,32211020113
0750685M,179,Scolaire,24,32211020115
0750685M,961,Scolaire,60,32211022208
0750685M,1847,Scolaire,60,32211022209
0750685M,1119,Scolaire,30,32211022210
0750685M,270,Apprentissage,15,32211020113
0750685M,402,Apprentissage,16,32211022208
0750685M,3429,Scolaire,60,32211033112
0750685M,448,Scolaire,30,32211020114
0750685M,201,Apprentissage,12,32211020114
0750686N,592,Scolaire,30,32211032208
0750686N,1421,Scolaire,70,32211032209
0941934S,417,Scolaire,36,32211032612
0750691U,457,Scolaire,30,32211022710
0750691U,614,Scolaire,30,32211025015
0750691U,643,Scolaire,35,32211031216
0750692V,5326,Scolaire,35,32211031215
0750692V,3086,Scolaire,35,32211031409
0750692V,2160,Scolaire,35,32211031408
0750695Y,1682,Scolaire,72,32211033107
0750695Y,1338,Apprentissage,32,32211033107
0750696Z,1080,Scolaire,24,32211031409
0750696Z,1072,Scolaire,24,32211031408
0750697A,1336,Scolaire,30,32211023012
0571998M,33,Apprentissage,15,32211031409
0831761N,13,Apprentissage,10,32211031408
0831761N,10,Apprentissage,10,32211031409
0062375Z,22,Apprentissage,30,32211031213
0750697A,622,Scolaire,30,32211023013
0750697A,785,Scolaire,30,32211023206
0750697A,660,Scolaire,35,32211031216
0750697A,1051,Apprentissage,16,32211023012
0922907K,39,Apprentissage,100,32211032409
0562055E,119,Apprentissage,12,32211031213
0750705J,1768,Scolaire,24,32211031408
0750707L,2313,Scolaire,70,32211032409
0750707L,11222,Scolaire,70,32211031215
0750707L,4789,Scolaire,70,32211031213
0750707L,4990,Scolaire,70,32211031212
0750707L,3013,Scolaire,35,32211031312
0750707L,2311,Scolaire,35,32211031409
0750707L,2783,Scolaire,70,32211031408
0750707L,4690,Scolaire,70,32211032003
0750707L,3567,Scolaire,32,32211032612
0750707L,6074,Scolaire,105,32211033426
0750708M,652,Scolaire,72,32211033422
0750710P,403,Scolaire,24,32211032325
0622949U,66,Apprentissage,15,32211032409
0700038L,12,Scolaire,12,23K00025406
0750712S,78,Scolaire,15,32211022310
0750712S,470,Scolaire,24,32211020009
0750712S,531,Scolaire,15,32211020111
0750712S,3914,Scolaire,30,32211020116
0750712S,240,Scolaire,24,32211025005
0750712S,663,Scolaire,24,32211025520
0750712S,1219,Scolaire,24,32211025521
0750711R,545,Scolaire,24,32211025014
0750711R,2694,Scolaire,24,32211020116
0750711R,662,Scolaire,48,32211025001
0750711R,761,Scolaire,24,32211025520
0750711R,1350,Scolaire,24,32211025521
0750715V,1540,Scolaire,35,32211034502
0750715V,1136,Scolaire,24,32211032409
0750715V,4513,Scolaire,35,32211031215
0750715V,2718,Scolaire,35,32211031312
0751457B,510,Apprentissage,150,32211033107
0110856W,101,Apprentissage,16,32212021015
0750697A,511,Scolaire,24,32211023205
0755978R,121,Apprentissage,40,32211034401
0312135C,198,Apprentissage,42,32211031212
0400019D,85,Scolaire,12,44210099901
0353126H,291,Apprentissage,40,32211033111
0341576D,39,Apprentissage,20,32211031311
0341576D,32,Apprentissage,20,32211031409
0341576D,71,Apprentissage,20,32211032003
0341576D,78,Apprentissage,40,32211031213
0341576D,84,Apprentissage,20,32211031212
0341576D,50,Apprentissage,20,32211031408
0352496Y,66,Apprentissage,20,32211031212
0353005B,63,Apprentissage,2,32211034502
0342560Y,127,Apprentissage,20,32211034401
0751708Z,1555,Scolaire,24,32211025521
0751708Z,2550,Scolaire,35,32211031213
0751708Z,3790,Scolaire,48,32211032612
0751710B,133,Apprentissage,15,32212034302
0660077A,160,Scolaire,18,32211031213
0741525F,13,Apprentissage,30,23K00025309
0741525F,33,Apprentissage,30,23K00025310
9741570N,121,Apprentissage,25,32211031409
0020022N,150,Scolaire,18,32211033608
0353078F,88,Apprentissage,8,32211031213
0353078F,30,Apprentissage,5,32211031311
0770934X,770,Scolaire,24,32211031409
0640253C,75,Apprentissage,36,32212021401
0400800C,24,Apprentissage,20,32212031203
0756492Z,39,Apprentissage,24,32211031213
0756492Z,105,Apprentissage,24,32211031212
0756492Z,55,Apprentissage,24,32211031409
0561860T,25,Apprentissage,12,32211031408
0142395C,17,Apprentissage,15,32211031103
0142466E,69,Apprentissage,15,32211031408
0142466E,146,Apprentissage,15,32211033426
0142466E,63,Apprentissage,15,32211032612
0840787Z,85,Apprentissage,12,32211031212
0840787Z,71,Apprentissage,12,32211031213
0142395C,30,Apprentissage,10,32211032328
0141992P,117,Apprentissage,25,32211031215
0141992P,107,Apprentissage,25,32211031313
0141992P,26,Apprentissage,25,32211031103
0141992P,53,Apprentissage,25,32211032409
0142220M,46,Apprentissage,12,32211031212
0142248T,50,Apprentissage,10,32211023013
0061920E,18,Apprentissage,15,23G00021409
0694070Z,66,Apprentissage,20,32211023013
0762572H,71,Apprentissage,12,32211031212
0292457N,20,Apprentissage,12,23K00033413
0512232Z,26,Apprentissage,6,32211031215
0081177L,15,Apprentissage,6,32211031408
0512232Z,9,Apprentissage,6,32211031408
0512232Z,16,Apprentissage,6,32211031409
0430098Y,117,Scolaire,40,32211033206
0332747G,331,Apprentissage,12,32211031311
0920136Y,2649,Scolaire,30,32211020116
0950667J,429,Scolaire,30,32211032409
0333131Z,97,Apprentissage,20,32211031213
0081177L,16,Apprentissage,6,32211031409
0640010N,280,Apprentissage,4,32211032332
0271691S,130,Apprentissage,25,32211032003
0470974D,57,Apprentissage,50,32211031409
0470974D,105,Apprentissage,50,32211031213
0081177L,24,Apprentissage,6,32211031213
0010014K,165,Apprentissage,24,32211033002
0081177L,8,Apprentissage,6,32211032612
0081177L,12,Apprentissage,6,32211032409
0512232Z,10,Apprentissage,6,32211032409
0261548S,62,Apprentissage,12,32211031213
0261548S,65,Apprentissage,12,32211031212
0081177L,33,Apprentissage,6,32211032003
0512232Z,31,Apprentissage,6,32211032003
0802207P,47,Apprentissage,25,32211032409
9741709P,152,Apprentissage,18,32211031312
9741709P,122,Apprentissage,20,32211031409
9741709P,67,Apprentissage,18,32211031311
0923067J,135,Apprentissage,50,32211031312
0923067J,138,Apprentissage,50,32211031408
0923067J,185,Apprentissage,50,32211032612
9741709P,151,Apprentissage,20,32211031212
0492015Z,50,Apprentissage,4,32211032409
0121423G,12,Apprentissage,3,32211020116
0602008G,23,Apprentissage,30,32211025521
0801300D,4,Apprentissage,20,23K00025406
0021906L,87,Scolaire,35,32211034401
0761356L,360,Apprentissage,25,32211031212
0573773S,73,Apprentissage,40,32211031213
0573773S,108,Apprentissage,40,32211031212
0573766J,98,Apprentissage,15,32211031213
0140014P,1071,Scolaire,35,32211031215
0596406T,113,Apprentissage,20,32211033608
0250030X,48,Apprentissage,4,32211031216
0624176C,39,Apprentissage,10,32211033002
9740575G,187,Scolaire,15,32211025217
0840218F,159,Apprentissage,64,32212021112
0772942E,104,Apprentissage,40,32211031409
0331882S,456,Scolaire,24,32211034401
0952196W,173,Apprentissage,6,32211020111
0781951X,231,Apprentissage,15,32211031213
0891001E,7,Apprentissage,16,32212031205
0820888V,32,Apprentissage,16,32211031213
0811161X,28,Apprentissage,20,23G00021407
0090631M,26,Apprentissage,16,23G00021406
0811343V,138,Apprentissage,20,32212021015
0811343V,83,Apprentissage,20,32212021115
0570146Z,133,Apprentissage,15,32211031408
0700018P,35,Apprentissage,6,32211031216
0520027X,71,Apprentissage,4,32211031212
0693044J,911,Apprentissage,20,32211031313
0520027X,35,Apprentissage,4,32211032409
0520027X,29,Apprentissage,4,32211031408
0310088C,399,Apprentissage,12,32211023305
0070003R,74,Apprentissage,4,32211031212
0341385W,216,Apprentissage,15,32211023206
0312745R,150,Apprentissage,25,32211033608
0281099T,92,Apprentissage,20,32211033426
0450066C,114,Apprentissage,6,32211025217
9740078S,71,Scolaire,16,32212031203
0140017T,408,Scolaire,30,32211022209
0140017T,386,Scolaire,35,32211032409
0140017T,649,Scolaire,35,32211031409
0140017T,549,Scolaire,32,32211031408
0140017T,449,Scolaire,35,32211032612
0140017T,503,Scolaire,24,32211033206
0550003E,52,Scolaire,15,23K00033501
0140043W,518,Scolaire,24,32211033426
0140052F,110,Scolaire,15,32211031408
0141112H,311,Scolaire,32,32212021207
0141112H,211,Scolaire,32,32212021115
0141112H,148,Scolaire,32,32212034302
0331556M,161,Apprentissage,12,32211020116
0141175B,101,Scolaire,24,32211025014
0141175B,117,Scolaire,30,32211020111
0141175B,250,Scolaire,30,32211020116
0141175B,76,Scolaire,15,32211025520
0141178E,149,Scolaire,17,32211032409
0141178E,475,Scolaire,35,32211031215
0141178E,505,Scolaire,35,32211031213
0141178E,505,Scolaire,35,32211031212
0141178E,168,Scolaire,24,32211031408
0141178E,410,Scolaire,18,32211032003
0141178E,142,Scolaire,24,32211032612
0141274J,59,Scolaire,8,32211025001
0141274J,133,Scolaire,24,32211031103
0031043T,11,Scolaire,8,44210099901
0141275K,186,Scolaire,15,32211020116
0141275K,80,Scolaire,15,32211025520
0141275K,234,Scolaire,24,32211031213
0141275K,107,Scolaire,15,32211031408
0141275K,121,Scolaire,18,32211032209
0331556M,112,Apprentissage,12,32211025520
0280665W,35,Apprentissage,9,32211022208
0851372E,12,Apprentissage,10,23G00021223
0530909A,41,Apprentissage,30,23G00021220
0601863Z,16,Scolaire,12,23K00033414
0922972F,38,Apprentissage,60,32211031311
0573727S,41,Apprentissage,14,32211031212
9711071M,22,Apprentissage,2,23K00033501
0010826T,56,Apprentissage,24,32211031212
0141418R,109,Scolaire,24,32211031312
0141555P,131,Scolaire,18,32211033002
0141555P,359,Scolaire,32,32211033107
0850130E,99,Apprentissage,24,32211031409
0460007H,295,Scolaire,18,32211031312
0460007H,150,Apprentissage,4,32211031312
0141687H,216,Scolaire,24,32211025215
0141687H,149,Scolaire,24,32211025520
0141687H,164,Scolaire,12,32211025521
0141796B,889,Scolaire,35,32211031213
0141796B,920,Scolaire,34,32211031212
0141941J,95,Apprentissage,16,32212021007
0142084P,176,Scolaire,25,32211033206
0142108R,71,Scolaire,36,32211033422
0142133T,154,Scolaire,24,32211020009
0142133T,35,Scolaire,6,32211022316
0142133T,93,Scolaire,24,32211025005
0142132S,221,Scolaire,36,32211033422
0142133T,101,Scolaire,15,32211022709
0142133T,308,Scolaire,24,32211023012
0142133T,199,Scolaire,15,32211023013
0142133T,178,Scolaire,15,32211023206
0142133T,114,Scolaire,12,32211023412
0142133T,162,Scolaire,12,32211023411
0142180U,16,Apprentissage,24,32212031205
0150006A,42,Scolaire,15,32211020111
9720468B,4,Scolaire,12,23K00025406
0763501T,77,Apprentissage,15,32211033426
0763501T,171,Apprentissage,30,32211031215
0763501T,34,Apprentissage,15,32211031216
0763501T,69,Apprentissage,15,32211031313
0632091F,30,Scolaire,15,23K00025510
0150006A,135,Scolaire,15,32211020116
0150006A,262,Scolaire,35,32211031213
0150006A,111,Scolaire,24,32211032612
0150006A,41,Apprentissage,15,32211031408
0150030B,88,Scolaire,18,32211031409
0150037J,182,Scolaire,30,32212021015
0150037J,37,Scolaire,20,32212022117
0150037J,52,Scolaire,20,32212022116
0150047V,136,Scolaire,30,32211032003
0150688S,48,Scolaire,18,32212021015
0150747F,98,Scolaire,15,32211020114
0160003S,164,Scolaire,24,32211032409
0160003S,501,Scolaire,28,32211031215
0160003S,439,Scolaire,35,32211031213
0160003S,196,Scolaire,18,32211031408
0160003S,528,Scolaire,28,32211032003
0160004T,122,Scolaire,15,32211020009
0160004T,157,Scolaire,24,32211025014
0160004T,48,Apprentissage,6,32211025014
0160004T,88,Apprentissage,24,32211025520
0160006V,87,Scolaire,16,32212021015
0160006V,107,Scolaire,16,32212021112
0160010Z,158,Scolaire,24,32211031409
0160020K,79,Scolaire,15,32211032409
0160020K,209,Scolaire,24,32211031213
0160079Z,93,Scolaire,24,32211033002
0160079Z,108,Scolaire,24,32211031409
0160079Z,73,Scolaire,24,32211031408
0160083D,46,Scolaire,26,32211033422
0160119T,69,Scolaire,12,32211020111
0160792Z,124,Apprentissage,30,32211023108
0160862A,113,Scolaire,24,32211031103
0161002C,25,Scolaire,20,32212021015
0161095D,1224,Scolaire,12,32211032329
0161095D,724,Scolaire,12,32211032330
0161095D,982,Scolaire,12,32211032332
0161095D,287,Scolaire,12,32211032331
0161095D,550,Scolaire,12,32211032328
0170020E,159,Scolaire,24,32211023012
0170020E,132,Scolaire,24,32211023206
0170022G,615,Scolaire,28,32211032003
0170022G,222,Scolaire,28,32211032612
0170027M,464,Scolaire,28,32211022209
0940126B,372,Apprentissage,15,32211022711
9720490A,34,Apprentissage,15,32211025215
0597241A,12,Apprentissage,7,23K00025312
0252041H,276,Apprentissage,30,32211031213
0900473A,99,Apprentissage,30,32211031409
0062201K,84,Apprentissage,20,32211033426
0134464G,56,Apprentissage,15,32211031313
0134448P,79,Apprentissage,20,32211033426
0134448P,55,Apprentissage,20,32211032003
0694089V,142,Apprentissage,30,32211022709
0711068A,152,Apprentissage,25,32212021015
0830662U,50,Apprentissage,10,32211032328
0830662U,105,Apprentissage,10,32211032329
0830662U,65,Apprentissage,10,32211032330
0830662U,87,Apprentissage,10,32211032332
0590065A,0,Apprentissage,12,32211025415
0942355Z,194,Apprentissage,25,32211031213
0071126L,91,Apprentissage,20,32211032003
0624566B,12,Apprentissage,30,32211031409
0932851U,100,Apprentissage,35,32211031213
0442978Y,30,Apprentissage,10,32211032409
0170028N,277,Scolaire,24,32211032409
0170029P,114,Scolaire,24,32211020111
0170029P,445,Scolaire,24,32211020116
0170029P,237,Scolaire,19,32211025215
0170042D,597,Scolaire,30,32211033426
0170051N,191,Scolaire,24,32211031213
0501299R,68,Scolaire,24,32211031311
0501299R,96,Scolaire,35,32211031409
0501677B,79,Scolaire,15,32211020114
0501735P,104,Scolaire,25,32212021015
0501839C,157,Scolaire,32,32211031409
0501850P,408,Scolaire,16,32211033115
0501850P,161,Scolaire,36,32211033422
0501899T,182,Apprentissage,40,32212021015
0501899T,138,Apprentissage,35,32212021207
0501899T,19,Apprentissage,16,32212022117
0501899T,18,Apprentissage,16,32212022116
0510007F,46,Scolaire,15,32211022316
0510007F,76,Apprentissage,18,32211031103
0510034K,90,Scolaire,30,32211022310
0510034K,220,Scolaire,30,32211020111
0510034K,221,Scolaire,30,32211025520
0510034K,505,Scolaire,36,32211031408
0510034K,396,Scolaire,36,32211032612
0510035L,207,Scolaire,24,32211022208
0510035L,331,Scolaire,15,32211022209
0510035L,147,Apprentissage,15,32211022209
0510035L,569,Scolaire,35,32211034502
0510035L,354,Scolaire,36,32211032409
0510035L,415,Scolaire,24,32211033002
0510035L,695,Scolaire,30,32211033112
0510035L,1056,Scolaire,36,32211031215
0510035L,579,Scolaire,36,32211031409
0510035L,645,Scolaire,72,32211033206
0510038P,433,Scolaire,36,32211033608
0510062R,38,Scolaire,15,32211020111
0510062R,90,Scolaire,15,32211020116
0510062R,129,Scolaire,24,32211031409
0510062R,28,Apprentissage,4,32211031409
0510068X,320,Scolaire,36,32211031213
0573320Z,41,Scolaire,12,23K00033414
0871059D,19,Apprentissage,10,23G00021222
0510068X,173,Scolaire,36,32211031408
0511145T,154,Scolaire,26,32211031409
0511145T,146,Scolaire,26,32211031408
0511145T,407,Scolaire,36,32211033426
0511146U,177,Scolaire,14,32211032330
0511146U,224,Scolaire,14,32211032332
0511146U,74,Scolaire,16,32211032331
0511146U,115,Scolaire,16,32211032328
0511147V,45,Scolaire,25,32211032409
0511147V,81,Scolaire,22,32211033002
0511147V,163,Scolaire,30,32211031215
0511196Y,161,Scolaire,19,32212021115
0511196Y,59,Scolaire,16,32212022117
0511219Y,124,Scolaire,36,32212031202
0511219Y,215,Scolaire,36,32212021112
0420042T,818,Apprentissage,20,32211031212
0900355X,53,Apprentissage,2,32211025521
0511430C,761,Scolaire,36,32211031212
0511565Z,128,Scolaire,15,32211023205
0511565Z,96,Scolaire,15,32211022709
0511565Z,261,Scolaire,30,32211023012
0511565Z,105,Scolaire,15,32211023013
0511565Z,130,Scolaire,15,32211023206
0511645L,161,Scolaire,36,32212021015
0511645L,161,Scolaire,41,32212022115
0511678X,70,Scolaire,20,32212021007
0511884W,67,Scolaire,15,32211020113
0511884W,173,Scolaire,15,32211025521
0511901P,1094,Scolaire,72,32211031213
0511901P,845,Scolaire,36,32211031212
0511949S,56,Apprentissage,40,32211025014
0511949S,26,Apprentissage,20,32211020111
0510007F,12,Apprentissage,6,32211022316
0511949S,49,Apprentissage,50,32211025520
0511951U,289,Scolaire,36,32211031213
0511951U,226,Scolaire,36,32211031408
0511951U,160,Apprentissage,15,32211031212
0942169X,244,Apprentissage,200,32211031213
0942169X,249,Apprentissage,150,32211031212
0597156H,46,Apprentissage,20,32211031216
0542551E,78,Apprentissage,20,32211031213
0801743K,54,Apprentissage,14,32211034502
0597013C,38,Apprentissage,60,32211031212
0801888T,35,Apprentissage,12,32211033422
0550969E,3,Apprentissage,15,23G00021219
0071481X,33,Apprentissage,20,32211031213
0261591N,12,Apprentissage,12,32211031311
0261591N,30,Apprentissage,24,32211031409
0261591N,50,Apprentissage,24,32211034401
0261591N,35,Apprentissage,24,32211031213
0261591N,39,Apprentissage,12,32211020113
0261591N,34,Apprentissage,12,32211025415
0261591N,36,Apprentissage,24,32211031212
0261591N,18,Apprentissage,24,32211031408
0261591N,126,Apprentissage,12,32211034303
0311189Z,48,Apprentissage,20,32211031409
0313217D,325,Apprentissage,60,32211031313
0673018S,77,Apprentissage,18,32211032612
0773006Z,111,Apprentissage,20,32211020116
0773006Z,85,Apprentissage,20,32211032612
0520021R,94,Scolaire,24,32211031409
0520027X,87,Scolaire,12,32211032409
0520027X,166,Scolaire,24,32211031212
0520027X,105,Scolaire,18,32211031408
0520028Y,48,Scolaire,15,32211025014
0520679F,79,Scolaire,20,32211031409
0520685M,65,Scolaire,24,32211031408
0520727H,207,Scolaire,22,32212021207
0520844K,165,Scolaire,36,32211033002
0520844K,170,Scolaire,36,32211031213
0520844K,103,Scolaire,36,32211032612
0520892M,19,Apprentissage,20,32211025014
0520892M,5,Apprentissage,20,32211022316
0521032P,72,Scolaire,12,32211023412
0521032P,79,Scolaire,12,32211023411
0530004S,240,Scolaire,30,32211031213
0530010Y,259,Scolaire,24,32211031103
0530010Y,798,Scolaire,35,32211031212
0530010Y,316,Scolaire,24,32211031408
0530011Z,173,Scolaire,24,32211032409
0530011Z,328,Scolaire,24,32211032612
0530012A,153,Scolaire,15,32211020009
0530012A,144,Scolaire,18,32211023206
0530012A,46,Scolaire,12,32211022316
0530012A,128,Scolaire,12,32211025417
0530012A,97,Scolaire,24,32211025520
0530012A,124,Scolaire,12,32211025521
0530012A,282,Scolaire,32,32211033002
0530012A,380,Scolaire,32,32211033206
0530016E,217,Scolaire,30,32211031213
0530048P,96,Scolaire,15,32211020116
0530049R,234,Scolaire,24,32211032003
0530049R,240,Scolaire,35,32211033426
0530068L,128,Scolaire,35,32211033002
0530068L,297,Scolaire,70,32211031213
0530068L,145,Scolaire,35,32211031409
0530068L,91,Scolaire,18,32211031408
0530079Y,216,Scolaire,24,32211032209
0530081A,425,Scolaire,50,32212021015
0530081A,428,Scolaire,32,32212021207
0530081A,55,Scolaire,16,32212022117
0530012A,54,Apprentissage,9,32211020009
0530012A,27,Apprentissage,3,32211022316
0530949U,42,Apprentissage,15,32211025014
0530816Z,110,Scolaire,42,32212022115
0530818B,94,Scolaire,46,32212021015
0530909A,215,Apprentissage,20,32212021207
0692210C,96,Apprentissage,16,32211025415
0301649E,15,Apprentissage,22,23K00025312
0301649E,49,Apprentissage,22,23K00025308
0062418W,0,Apprentissage,25,32211031212
0062418W,9,Apprentissage,25,32211031215
0062418W,2,Apprentissage,25,32211031213
0932893P,112,Apprentissage,60,32211031408
0932893P,103,Apprentissage,60,32211032003
0631070W,26,Apprentissage,12,32211031409
0900473A,158,Apprentissage,30,32211031213
0050668Z,14,Apprentissage,30,32211031103
0471051M,106,Apprentissage,100,32211032003
0134249Y,7,Apprentissage,20,32211031212
0760032X,44,Apprentissage,2,32211031409
0841206E,183,Apprentissage,20,32211033107
0751883P,111,Scolaire,24,32211032409
0751883P,288,Scolaire,74,32211033206
0751883P,715,Scolaire,74,32211033426
0752206R,209,Apprentissage,30,32211031213
0752206R,282,Apprentissage,30,32211031212
0752206R,427,Apprentissage,30,32211033426
0752426E,240,Scolaire,28,32212021401
0641940L,8,Apprentissage,36,23G00021213
0211479U,92,Apprentissage,30,32211031213
0391038S,176,Apprentissage,40,32212021015
0391038S,29,Apprentissage,20,23G00021220
0756077Y,57,Apprentissage,60,32211031409
9711302N,117,Apprentissage,30,32211031213
0754039H,47,Apprentissage,15,32211031408
0720825F,28,Apprentissage,15,23K00033501
0141890D,163,Apprentissage,15,32211033426
0791062A,80,Apprentissage,3,32211032612
0791062A,79,Apprentissage,4,32211033002
0171238D,30,Apprentissage,3,23K00025509
0134280G,117,Apprentissage,15,32211031215
C590350K,122,Apprentissage,15,32211020116
C590350K,88,Apprentissage,15,32211031408
0791216T,96,Apprentissage,20,32211033115
0597380B,97,Apprentissage,60,32211031213
0353137V,152,Apprentissage,60,32211031213
0861327A,3,Apprentissage,5,32211020116
0291790N,9,Apprentissage,10,32212034101
0062375Z,80,Apprentissage,30,32211032003
0753268V,1486,Scolaire,35,32211031103
0753268V,4011,Scolaire,35,32211031215
0753268V,2452,Scolaire,35,32211031213
0753268V,5519,Scolaire,35,32211031212
0753268V,2750,Scolaire,35,32211031312
0753268V,1145,Scolaire,35,32211031311
0753268V,2089,Scolaire,35,32211031409
0753268V,1387,Scolaire,35,32211031408
0753268V,2797,Scolaire,35,32211032003
0753268V,2204,Apprentissage,35,32211032003
0694534D,58,Apprentissage,12,32211031408
0753537M,379,Scolaire,39,32211022209
0753537M,250,Apprentissage,16,32211022209
0753537M,800,Scolaire,80,32211033112
0753537M,489,Apprentissage,16,32211033112
0880019T,207,Scolaire,24,32211033206
0142430R,24,Apprentissage,15,32211025014
0891041Y,34,Apprentissage,20,32212021401
0753815P,744,Apprentissage,20,32211031215
0753815P,153,Apprentissage,20,32211031213
0753815P,410,Apprentissage,20,32211032003
0753815P,454,Apprentissage,20,32211032612
0442393M,40,Apprentissage,8,32211031312
0442393M,26,Apprentissage,10,32211031409
0353052C,61,Apprentissage,10,32211031213
0753890W,460,Scolaire,33,32211031215
0271582Y,170,Apprentissage,12,32211033107
0754015G,116,Scolaire,34,32211025005
0754016H,107,Scolaire,30,32211031213
0754016H,128,Scolaire,24,32211031409
9720692V,171,Scolaire,20,32211031212
0501594L,27,Apprentissage,10,32211033206
0370748M,47,Scolaire,16,32211022711
0011326L,75,Scolaire,12,23K00025509
0570086J,107,Scolaire,12,32212021007
9760127J,619,Scolaire,15,32211031216
0421090G,11,Apprentissage,25,32212031205
0870875D,22,Apprentissage,10,32212021015
0595779L,111,Apprentissage,35,32211031212
0595779L,80,Apprentissage,35,32211031213
0630022G,42,Apprentissage,1,32211022316
0760035A,26,Apprentissage,2,32211031216
0142407R,62,Apprentissage,60,32211031213
0350031U,45,Scolaire,12,23K00025123
0940822H,177,Apprentissage,19,32211023013
0740276Y,287,Scolaire,27,32212021207
0632078S,26,Apprentissage,16,32211031213
0720837U,129,Apprentissage,12,32211033112
0142180U,65,Apprentissage,24,32212021401
9740472V,112,Scolaire,15,32211025014
0930129K,902,Scolaire,30,32211024207
0492407A,138,Apprentissage,12,32311033105
0750705J,4328,Scolaire,35,32211031215
0754475G,1311,Scolaire,15,32211023305
0401123D,16,Apprentissage,60,32211031409
0572698Y,45,Apprentissage,60,32211025014
0572698Y,24,Apprentissage,20,32211025001
0600040T,111,Apprentissage,15,32211031409
0141815X,157,Apprentissage,20,32211031213
0340002T,380,Apprentissage,15,32211031312
0741438L,39,Apprentissage,15,32211033206
0170051N,73,Apprentissage,12,32211031408
0170052P,43,Apprentissage,15,32211025213
0030051P,92,Apprentissage,2,32211034502
0170058W,376,Scolaire,30,32211033426
0170060Y,113,Scolaire,24,32211020009
0170060Y,190,Scolaire,15,32211025520
0170060Y,73,Apprentissage,15,32211025520
0170060Y,320,Scolaire,35,32211031212
0170087C,72,Scolaire,13,32212031203
0170087C,213,Scolaire,14,32212021401
0170100S,49,Scolaire,16,32211022710
0170100S,149,Scolaire,28,32211032612
0170135E,451,Scolaire,24,32211033115
0756070R,239,Apprentissage,100,32211031213
0422329D,68,Apprentissage,30,32212021015
0382895R,117,Apprentissage,12,32211031103
0673055G,72,Apprentissage,40,32211031409
0952302L,78,Apprentissage,80,32211032409
0353079G,55,Apprentissage,40,32211031409
0673165B,3,Apprentissage,20,32211031213
0642176T,134,Apprentissage,500,32211031212
0782093B,96,Apprentissage,24,32211033002
0010034G,162,Apprentissage,14,32211031213
0730774V,71,Apprentissage,12,32211022709
0521117G,17,Apprentissage,5,32211032003
0421002L,92,Apprentissage,15,32211031212
0400007R,16,Apprentissage,7,32211034304
0442978Y,23,Apprentissage,10,32211034304
0313139U,49,Apprentissage,20,32211031409
0333460G,48,Apprentissage,30,32211032409
0171591M,79,Apprentissage,20,32211022106
0756347S,42,Apprentissage,30,32211031212
0171591M,76,Apprentissage,20,32212022117
0171591M,60,Apprentissage,20,32212022116
0171405K,710,Scolaire,80,32211033422
0171418Z,1174,Scolaire,35,32211031215
0171428K,218,Scolaire,27,32212021206
0171455P,66,Scolaire,15,32211022316
0171571R,88,Apprentissage,7,32211023013
0171571R,52,Apprentissage,12,32211031216
0694365V,59,Apprentissage,15,32211031103
0180006J,453,Scolaire,26,32211032003
0180007K,246,Scolaire,24,32211022209
0180007K,206,Scolaire,22,32211032409
0180007K,464,Scolaire,24,32211031213
0180007K,513,Scolaire,36,32211031212
0180007K,305,Scolaire,24,32211031408
0180007K,350,Scolaire,30,32211033206
0180007K,130,Scolaire,34,32211033422
0180008L,69,Scolaire,12,32211020113
0180008L,93,Scolaire,12,32211025520
0180008L,26,Apprentissage,3,32211020113
0180024D,108,Scolaire,17,32211031213
0180035R,265,Scolaire,22,32211031212
0180035R,123,Scolaire,16,32211031408
0180036S,111,Scolaire,15,32211022406
0180036S,36,Scolaire,12,32211022314
0180036S,93,Scolaire,24,32211020009
0180036S,176,Scolaire,12,32211020116
0180036S,49,Scolaire,12,32211022316
0180036S,17,Apprentissage,3,32211022314
0180561M,114,Scolaire,24,32211034502
0180561M,251,Scolaire,36,32211031215
0180561M,162,Scolaire,36,32211031213
0180561M,85,Scolaire,24,32211031409
0180561M,58,Scolaire,24,32211031408
0180571Y,23,Scolaire,15,32211025520
0831770Y,90,Apprentissage,15,32211031212
0831769X,21,Apprentissage,15,32211031409
0694286J,24,Apprentissage,15,32211031408
0756347S,70,Apprentissage,30,32211031213
0756347S,64,Apprentissage,20,32211032003
0111059S,71,Apprentissage,15,32211031212
0180585N,95,Scolaire,19,32212021015
0180585N,89,Scolaire,19,32212034101
0180847Y,43,Apprentissage,15,32212021015
0180847Y,66,Apprentissage,15,32212021401
0190010H,97,Scolaire,12,32211020009
0190010H,65,Scolaire,12,32211022316
0190010H,93,Scolaire,21,32211025520
0190010H,101,Scolaire,12,32211025521
0190010H,87,Scolaire,12,32211031216
0190012K,173,Scolaire,22,32211033002
0190012K,134,Scolaire,15,32211031103
0190012K,385,Scolaire,35,32211031213
0190012K,173,Scolaire,12,32211031408
0190018S,158,Scolaire,30,32211023013
0190018S,314,Scolaire,30,32211023206
0190018S,218,Scolaire,15,32211023108
0190027B,42,Scolaire,12,32211025213
0190032G,188,Scolaire,15,32211031212
0190038N,142,Scolaire,20,32211033206
0190083M,117,Scolaire,35,32211031311
0190083M,112,Scolaire,35,32211031409
0190083M,96,Scolaire,38,32211032612
0190083M,160,Scolaire,37,32211033426
0190087S,87,Scolaire,19,32212034101
0190087S,580,Scolaire,64,32212021308
0190244M,49,Scolaire,19,32212031203
0190244M,47,Scolaire,19,32212021114
0190244M,325,Scolaire,32,32212021401
0190609J,82,Scolaire,19,32212031201
0190609J,469,Scolaire,54,32212021304
0190624A,217,Scolaire,16,32212021207
0190847T,26,Apprentissage,15,32211025014
9720725F,37,Scolaire,14,32211025015
0681750H,17,Apprentissage,8,32212031204
0210003P,373,Scolaire,24,32211032003
0210006T,497,Scolaire,36,32211033426
0291808H,21,Scolaire,12,23K00033414
0371838X,89,Apprentissage,90,32211031409
0451818G,171,Apprentissage,90,32211031212
0680034T,104,Scolaire,15,32211025017
0271070S,99,Scolaire,18,32211031409
0451818G,77,Apprentissage,90,32211032409
0422160V,15,Apprentissage,12,23K00033404
0134420J,23,Apprentissage,15,32211031213
0601700X,32,Apprentissage,9,32211031409
0763500S,34,Apprentissage,24,32211031103
0763606G,17,Apprentissage,27,32211031409
0802176F,25,Apprentissage,25,32211032409
0912517S,115,Apprentissage,50,32211031213
0210017E,459,Scolaire,24,32211032409
0210017E,1387,Scolaire,24,32211031215
0210017E,1051,Scolaire,24,32211031212
0210017E,639,Scolaire,24,32211031313
0210018F,88,Scolaire,12,32211022710
0210018F,121,Scolaire,12,32211025015
0210019G,600,Scolaire,24,32211022209
0210019G,1151,Scolaire,24,32211031213
0210019G,661,Scolaire,24,32211031408
0210019G,447,Scolaire,24,32211032612
0210019G,245,Scolaire,26,32211033422
0672866B,218,Apprentissage,7,32211031215
0210036A,207,Scolaire,26,32212031202
0210036A,325,Scolaire,31,32212021112
0210047M,67,Scolaire,18,32211031409
0211033J,171,Scolaire,15,32211025014
0211033J,497,Scolaire,24,32211020116
0211033J,170,Scolaire,15,32211025520
0211033J,242,Scolaire,12,32211025521
0211089V,116,Scolaire,32,32211020009
0211089V,111,Scolaire,30,32211020111
0211089V,111,Scolaire,32,32211025520
0211089V,192,Scolaire,30,32211020116
9741833Z,118,Apprentissage,20,32211033608
0211090W,142,Scolaire,24,32211032409
0211090W,107,Scolaire,24,32211031103
0211090W,450,Scolaire,72,32211031213
0211090W,446,Scolaire,33,32211031212
0211090W,357,Scolaire,36,32211031409
0211090W,196,Scolaire,24,32211031408
0211090W,188,Scolaire,35,32211032612
0211090W,554,Scolaire,72,32211033426
0211091X,112,Scolaire,32,32211032409
0211091X,420,Scolaire,34,32211031215
0211091X,127,Scolaire,32,32211031408
0211091X,268,Scolaire,32,32211032003
0211091X,138,Scolaire,32,32211033206
0211135V,348,Scolaire,32,32212021115
0211135V,275,Scolaire,32,32212021401
0211173L,110,Scolaire,16,32212022117
0760058A,64,Apprentissage,12,32211022003
0760024N,88,Apprentissage,12,32211025014
0756457L,72,Apprentissage,100,32211031213
0783455G,80,Apprentissage,25,32212021401
0756457L,88,Apprentissage,100,32211031212
0920147K,873,Scolaire,35,32211031313
0530960F,83,Apprentissage,30,32212021015
0530931Z,69,Apprentissage,25,32211032612
0540015Y,34,Apprentissage,15,32211025218
0540030P,52,Scolaire,15,32211025005
0540030P,399,Scolaire,24,32211031215
0540034U,356,Scolaire,35,32211031213
0540034U,376,Scolaire,24,32211031313
0540040A,495,Scolaire,35,32211032409
0540040A,1390,Scolaire,24,32211031215
0540040A,1688,Scolaire,35,32211031213
0540040A,1513,Scolaire,48,32211031212
0540040A,498,Scolaire,34,32211032612
0540041B,507,Scolaire,24,32211034502
0540041B,967,Scolaire,24,32211031312
0540041B,493,Scolaire,24,32211031311
0540041B,752,Scolaire,35,32211031408
0540042C,261,Scolaire,24,32211023109
0540042C,116,Scolaire,24,32211022314
0560182U,15,Scolaire,10,23K00033413
0540042C,174,Scolaire,15,32211020009
0540042C,143,Scolaire,15,32211020111
0540042C,686,Scolaire,30,32211020116
0540042C,229,Scolaire,24,32211023108
0540042C,113,Scolaire,15,32211022316
0540042C,228,Scolaire,24,32211025520
0540042C,267,Scolaire,15,32211025521
0540042C,84,Apprentissage,15,32211023109
0540042C,53,Apprentissage,15,32211022314
0540042C,115,Apprentissage,24,32211023108
0540044E,53,Scolaire,15,32211020115
0540044E,318,Scolaire,24,32211033002
0540044E,1012,Scolaire,45,32211033112
0540044E,554,Scolaire,35,32211033206
0540044E,124,Scolaire,15,32211020114
0710012C,36,Apprentissage,3,32211020111
0710012C,39,Apprentissage,3,32211020009
0891200W,21,Apprentissage,2,32211020009
0782093B,181,Apprentissage,24,32211031212
0831760M,14,Apprentissage,10,32211031409
0350790U,115,Apprentissage,25,32211031212
0241056T,19,Apprentissage,15,23K00033404
0540058V,367,Scolaire,24,32211031409
0540066D,133,Scolaire,24,32211031103
0261582D,5,Apprentissage,120,32211031409
0540076P,187,Scolaire,15,32211020116
0540076P,51,Apprentissage,15,32211020113
0540076P,21,Apprentissage,15,32211022316
0540076P,232,Scolaire,24,32211031408
0541207U,312,Scolaire,27,32212021207
0541207U,92,Scolaire,19,32212022117
0541207U,452,Scolaire,32,32212021308
0541270M,103,Scolaire,15,32211025014
0541270M,178,Scolaire,15,32211025520
0541286E,294,Scolaire,24,32211031212
0261582D,6,Apprentissage,120,32211031213
0261582D,141,Apprentissage,120,32211031212
0831664H,28,Apprentissage,15,32211031213
0331585U,182,Apprentissage,15,32211033608
0341674K,92,Apprentissage,12,32211031212
0550002D,72,Apprentissage,20,32211031409
0772949M,47,Apprentissage,30,32211034401
0952302L,113,Apprentissage,70,32211031213
0370888P,275,Apprentissage,1,32211023305
0401118Y,1,Apprentissage,15,32211032409
0401118Y,21,Apprentissage,15,32211031213
0597343L,55,Apprentissage,25,32211031408
0542481D,191,Apprentissage,28,32212021015
0542481D,158,Apprentissage,22,32212021207
0542481D,40,Apprentissage,16,32212022117
0542161F,82,Scolaire,15,32211025521
0542161F,298,Scolaire,35,32211031213
0542208G,76,Scolaire,15,32211020113
0490072M,56,Scolaire,12,32212031202
0542208G,250,Scolaire,36,32211033422
0542262R,309,Scolaire,30,32211023012
0542262R,177,Scolaire,24,32211023013
0542262R,110,Scolaire,15,32211022711
0542293Z,94,Scolaire,15,32211025520
0542408Z,139,Scolaire,18,32211020116
0542408Z,115,Scolaire,24,32211032409
0542408Z,153,Scolaire,24,32211033002
0542408Z,220,Scolaire,24,32211031213
0542408Z,269,Scolaire,24,32211031409
0542408Z,220,Scolaire,24,32211031408
0550002D,149,Scolaire,24,32211020116
0550002D,217,Scolaire,24,32211031212
0550002D,149,Scolaire,35,32211032612
0550025D,63,Scolaire,24,32211020111
0550025D,90,Scolaire,18,32211033002
0550025D,134,Scolaire,24,32211031213
0550049E,84,Scolaire,24,32211032003
0550049E,62,Scolaire,24,32211033206
0550072E,67,Scolaire,18,32211031409
0550752U,155,Scolaire,42,32212021015
0270026G,87,Scolaire,16,32211033002
0551027T,57,Apprentissage,30,32211025213
0560013K,279,Scolaire,40,32212021015
0560013K,376,Scolaire,40,32212022115
0560013K,191,Scolaire,40,32212022117
0560016N,393,Scolaire,35,32211031103
0560016N,328,Scolaire,35,32211031409
0754016H,129,Scolaire,30,32211031408
0754025T,202,Scolaire,30,32211020111
0754025T,238,Scolaire,35,32211031408
0754029X,273,Scolaire,40,32211033002
0313083H,599,Scolaire,24,32211020116
9741242G,29,Apprentissage,6,32211025001
0541361L,49,Apprentissage,13,32211031409
0541361L,81,Apprentissage,15,32211034502
9710993C,75,Scolaire,24,32211020116
0061478Z,158,Scolaire,15,32211023205
0131549N,788,Scolaire,24,32211031215
0060674A,72,Apprentissage,25,32211034502
0062254T,26,Apprentissage,10,32211033608
0383560N,39,Apprentissage,12,32211033426
0620062F,71,Apprentissage,10,32211031213
0694148J,28,Apprentissage,20,32211031213
0754029X,1120,Scolaire,80,32211031215
0754029X,537,Scolaire,64,32211031213
0754029X,331,Scolaire,40,32211031409
0754029X,702,Scolaire,80,32211032003
0754030Y,156,Scolaire,35,32211032409
0754030Y,486,Scolaire,70,32211031213
0754030Y,267,Scolaire,35,32211031408
0754030Y,212,Scolaire,52,32211033422
0754037F,283,Scolaire,70,32211033206
0754042L,237,Scolaire,36,32211032409
0754042L,341,Scolaire,36,32211031213
0754042L,482,Scolaire,36,32211031212
0754042L,194,Scolaire,36,32211031408
0754042L,470,Scolaire,36,32211032612
0754086J,175,Scolaire,37,32211031213
0754086J,375,Scolaire,37,32211031212
0754086J,368,Scolaire,37,32211032612
0754458N,122,Apprentissage,20,32211032409
0754458N,213,Apprentissage,20,32211031212
0754458N,129,Apprentissage,20,32211031409
0754458N,220,Apprentissage,30,32211031408
0754458N,304,Apprentissage,20,32211032003
0754458N,257,Apprentissage,20,32211032612
0631852W,100,Apprentissage,28,32211031312
0756613F,25,Apprentissage,24,32211033607
0754475G,305,Scolaire,30,32211023411
0754475G,688,Scolaire,24,32211031216
0754476H,699,Scolaire,72,32211033422
0754530S,1408,Scolaire,35,32211031103
0754666P,85,Scolaire,32,32211032409
0754666P,227,Scolaire,35,32211031313
0754666P,195,Scolaire,32,32211031409
0754666P,137,Scolaire,28,32211031408
0755437C,313,Scolaire,35,32211034502
0760005T,491,Scolaire,35,32211031212
0620052V,160,Scolaire,15,32211020116
0756613F,48,Apprentissage,24,32211033608
0932343S,55,Apprentissage,15,32211031212
0593040J,0,Apprentissage,5,23K00033404
0622196A,0,Apprentissage,20,23K00033404
0131456M,5,Apprentissage,18,23K00033501
0760005T,219,Scolaire,24,32211031409
0760023M,192,Scolaire,24,32211031212
0760023M,118,Scolaire,24,32211031408
0760029U,498,Scolaire,35,32211031213
0760029U,238,Scolaire,24,32211031408
0760030V,92,Scolaire,12,32211020111
0760030V,128,Scolaire,15,32211020113
0760032X,39,Scolaire,15,32211022316
0760032X,113,Scolaire,24,32211031409
0760032X,156,Scolaire,24,32211033426
0760035A,99,Scolaire,14,32211025014
0760035A,78,Scolaire,23,32211031216
0760035A,217,Scolaire,35,32211031213
0760054W,402,Scolaire,35,32211031313
0760054W,424,Scolaire,35,32211031409
0760054W,355,Scolaire,15,32211031408
0760056Y,232,Scolaire,29,32211025001
0760056Y,84,Scolaire,15,32211022316
0760056Y,241,Scolaire,15,32211025521
0760058A,232,Scolaire,30,32211020111
0760058A,215,Scolaire,15,32211020113
0760058A,329,Scolaire,30,32211022208
0760072R,82,Scolaire,15,32211031408
0760076V,725,Scolaire,35,32211031215
0741822D,73,Apprentissage,12,32211032612
0760090K,980,Scolaire,6,32211032329
0760090K,561,Scolaire,6,32211032330
0760090K,922,Scolaire,12,32211032332
0760091L,850,Scolaire,35,32211031409
0760091L,1313,Scolaire,35,32211032003
0596250Y,8,Apprentissage,15,32211033422
0760093N,1184,Scolaire,35,32211033426
0760095R,289,Scolaire,60,32211020009
0760095R,193,Scolaire,30,32211022316
0760096S,545,Scolaire,24,32211032409
0760096S,1607,Scolaire,35,32211031215
0760096S,1698,Scolaire,59,32211031213
0760096S,865,Scolaire,55,32211031408
0760096S,595,Scolaire,35,32211032612
0760096S,690,Scolaire,35,32211033206
0760109F,576,Scolaire,35,32211032409
0760109F,1489,Scolaire,35,32211031215
0760110G,272,Scolaire,30,32211025520
0760110G,344,Scolaire,15,32211025521
0760169W,163,Scolaire,20,32211034502
0210017E,451,Apprentissage,4,32211031212
0580761M,20,Apprentissage,4,32211031409
0891199V,29,Apprentissage,3,32211031103
0890008A,2,Apprentissage,2,32211031213
0440201E,49,Apprentissage,12,32211031213
0831761N,30,Apprentissage,7,32211031212
0760174B,255,Scolaire,24,32211032409
0761315S,184,Scolaire,27,32212021015
0761315S,227,Scolaire,20,32212022115
0761315S,82,Scolaire,20,32212022117
0761341V,162,Scolaire,35,32211032409
0761341V,446,Scolaire,35,32211031213
0761341V,243,Scolaire,35,32211031409
0761341V,198,Scolaire,35,32211031408
0761343X,71,Scolaire,15,32211020111
0761343X,170,Scolaire,15,32211020116
0761343X,47,Scolaire,15,32211022710
0761343X,73,Scolaire,15,32211025521
0761343X,174,Scolaire,53,32211032612
0763500S,135,Scolaire,18,32211032325
0761356L,219,Scolaire,24,32211033002
0761735Y,150,Scolaire,35,32211033608
0761710W,246,Scolaire,35,32211032003
0761710W,130,Scolaire,34,32211032612
0622276M,48,Apprentissage,5,32211033206
0761719F,208,Scolaire,35,32211031311
0761735Y,87,Scolaire,15,32211025520
0761735Y,79,Scolaire,18,32211032409
0761735Y,179,Scolaire,24,32211033002
0761735Y,298,Scolaire,35,32211031213
0761735Y,202,Scolaire,35,32211033206
0761735Y,289,Scolaire,35,32211033426
0761742F,362,Scolaire,24,32211032409
0761742F,490,Scolaire,35,32211033002
0261096A,56,Apprentissage,16,32212021207
0831710H,42,Apprentissage,15,32211031408
0420979L,42,Apprentissage,12,23K00033501
0142438Z,54,Apprentissage,15,32211031409
0761742F,1015,Scolaire,35,32211031212
0761742F,542,Scolaire,18,32211031409
0540076P,12,Apprentissage,8,23K00025312
9720501M,57,Scolaire,13,32211022711
0673167D,176,Apprentissage,50,32211031213
0640058R,291,Apprentissage,22,32211031213
0932898V,133,Apprentissage,100,32211031212
0660919R,45,Apprentissage,15,32211031311
0142133T,50,Apprentissage,2,32211025416
9711312Z,45,Apprentissage,18,32211032003
9711312Z,82,Apprentissage,18,32211031409
0573246U,12,Apprentissage,16,23G00021407
0881579N,38,Apprentissage,4,23G00021006
0624537V,39,Apprentissage,24,32211031213
0062360H,38,Apprentissage,15,32211031103
0912446P,95,Apprentissage,12,32211031103
0212273G,36,Apprentissage,10,32211031408
0932862F,132,Apprentissage,25,32211031212
0673179S,183,Apprentissage,18,32211033107
0932898V,89,Apprentissage,50,32211031409
9741089R,12,Apprentissage,20,32211033107
0932862F,153,Apprentissage,50,32211031213
0222016X,117,Apprentissage,20,32211031213
0031041R,8,Apprentissage,8,23K00032601
0141175B,36,Apprentissage,10,32211020111
0500127S,21,Apprentissage,4,32211033002
0801206B,40,Apprentissage,15,32211034401
0060075Z,63,Apprentissage,3,32211022316
0851727R,22,Apprentissage,30,32211033002
0292456M,97,Apprentissage,10,32211031212
9720826R,16,Apprentissage,25,32211031409
0110019L,33,Apprentissage,6,32211031409
0930125F,1385,Scolaire,12,32211020116
0860995P,152,Apprentissage,60,32211031213
0860995P,51,Apprentissage,30,32211032409
0241321F,17,Apprentissage,12,32211031103
0870748R,404,Scolaire,24,32211024207
0820858M,84,Apprentissage,90,32211031409
0820858M,142,Apprentissage,90,32211031212
0820858M,136,Apprentissage,90,32211031213
0330076D,66,Scolaire,15,23K00025002
0801327H,110,Apprentissage,20,32211023205
0381861S,109,Apprentissage,20,32211031409
0381861S,148,Apprentissage,20,32211031212
0381861S,117,Apprentissage,20,32211031213
0381861S,77,Apprentissage,20,32211031408
0470908G,33,Apprentissage,25,32211033426
0241245Y,61,Apprentissage,15,32211033206
0333273D,654,Scolaire,35,32211033206
0211530Z,47,Scolaire,18,32212034101
0710048S,84,Apprentissage,15,32211025416
0750330B,539,Scolaire,88,32211022209
0620257T,214,Apprentissage,15,32211033608
0802207P,127,Apprentissage,25,32211031212
0771880A,119,Scolaire,20,23K00031101
0932126F,28,Scolaire,12,23K00033404
0620018H,20,Apprentissage,15,32211022506
0620052V,72,Apprentissage,15,32211020116
0610021S,37,Apprentissage,2,32211031409
0141687H,89,Apprentissage,3,32211025520
0211431S,51,Apprentissage,15,32211023013
0211479U,151,Apprentissage,30,32211033107
0211575Y,47,Apprentissage,20,32212031202
0211800T,214,Apprentissage,30,32212021112
0211986V,227,Scolaire,24,32211023012
0211986V,170,Scolaire,15,32211023206
0211986V,142,Scolaire,15,32211031216
0212001L,62,Apprentissage,35,32211025014
0212001L,37,Apprentissage,10,32211025001
0212001L,43,Apprentissage,20,32211022316
0212001L,68,Apprentissage,30,32211025520
0212015B,434,Scolaire,24,32211033002
0212015B,530,Scolaire,24,32211033206
0212045J,131,Scolaire,15,32211032209
0212052S,219,Apprentissage,60,32211031213
0212052S,211,Apprentissage,60,32211031212
0210096R,145,Scolaire,30,32211034502
0220013V,138,Scolaire,30,32211022710
0220013V,442,Scolaire,24,32211031409
0220013V,255,Scolaire,18,32211031408
0220018A,420,Scolaire,35,32211031212
0220023F,59,Scolaire,15,32211025522
0220023F,433,Scolaire,30,32211020116
0220023F,112,Scolaire,24,32211025520
0220023F,532,Scolaire,35,32211031215
0220027K,93,Scolaire,13,32211025014
0220027K,201,Scolaire,24,32211031408
0220056S,236,Scolaire,35,32211032409
0220056S,350,Scolaire,35,32211032612
0220057T,375,Scolaire,34,32211033002
0220057T,1013,Scolaire,34,32211031212
0220057T,891,Scolaire,35,32211033426
0220058U,191,Scolaire,15,32211020009
0754476H,174,Scolaire,15,23K00033413
0220060W,352,Scolaire,30,32211023012
0220060W,220,Scolaire,30,32211023013
0220060W,232,Scolaire,30,32211023206
0220094H,314,Scolaire,35,32211031212
0220094H,274,Scolaire,35,32211032003
0220097L,47,Scolaire,18,32211032409
0580020G,50,Apprentissage,2,32211025219
0134549Z,31,Apprentissage,10,32211031408
0251480Y,79,Apprentissage,22,32212021207
0251480Y,110,Apprentissage,22,32212021015
0580788S,32,Apprentissage,16,32212021015
0171610H,29,Apprentissage,100,32211031103
0352822C,89,Apprentissage,4,32211031312
0440069L,66,Apprentissage,5,32211031103
0694228W,126,Apprentissage,30,32211032003
0542262R,130,Apprentissage,15,32211023306
0573843T,52,Apprentissage,60,32211031213
0672592D,129,Apprentissage,25,32211031212
0422010G,96,Apprentissage,40,32211025001
0480680D,3,Apprentissage,15,23K00033414
0342005V,42,Apprentissage,50,32211031216
0381678T,37,Apprentissage,2,32211031408
0756685J,24,Apprentissage,25,32211032409
0220097L,104,Scolaire,30,32211033608
0220097L,187,Scolaire,35,32211031213
0220097L,55,Scolaire,15,32211020114
0220102S,294,Scolaire,35,32211033426
0220116G,135,Scolaire,35,32211031216
0220116G,432,Scolaire,45,32211031212
0220116G,215,Scolaire,35,32211031409
0220116G,174,Scolaire,35,32211031408
0220116G,355,Scolaire,35,32211033115
0220117H,87,Scolaire,16,32211020111
0220196U,159,Scolaire,24,32211031216
0220470S,273,Scolaire,32,32212021207
0221031B,121,Scolaire,32,32212031203
0221033D,167,Scolaire,30,32212021015
0221072W,126,Apprentissage,24,32211025215
0840709P,53,Apprentissage,36,32211033422
0221571N,279,Scolaire,14,32211033206
0221588G,49,Apprentissage,15,32211023306
0221589H,141,Scolaire,35,32211031215
0221593M,285,Scolaire,56,32212021015
0221593M,77,Scolaire,30,32212022117
0221593M,185,Apprentissage,20,32212021308
0221673Z,29,Scolaire,24,32212021114
0221673Z,127,Scolaire,32,32212021401
0221712S,61,Scolaire,15,32212021007
0221804S,104,Apprentissage,32,32212021015
0221804S,107,Apprentissage,25,32212021207
0221835A,33,Apprentissage,24,32211025014
0221835A,18,Apprentissage,16,32211020111
0221835A,47,Apprentissage,32,32211025520
0221880Z,100,Apprentissage,40,32212021401
0221889J,83,Apprentissage,15,32211022710
0230002C,71,Scolaire,12,32211032612
0230018V,137,Scolaire,13,32211023306
0230018V,160,Scolaire,25,32211023012
0230018V,87,Scolaire,13,32211023412
0230018V,81,Scolaire,13,32211025416
0230020X,141,Scolaire,22,32211031212
0230020X,112,Scolaire,10,32211031409
0230030H,92,Scolaire,19,32212021015
0230030H,60,Scolaire,16,32212034302
0230030H,122,Scolaire,16,32212021206
0230051F,41,Scolaire,13,32211020111
0230051F,41,Scolaire,10,32211022711
0230553B,61,Apprentissage,10,32212021015
0230553B,28,Apprentissage,10,32212034302
0850130E,180,Apprentissage,12,32211024207
0134333P,48,Apprentissage,15,32211032612
0451483T,178,Apprentissage,2,32211020116
0850032Y,52,Apprentissage,4,32211032409
0850016F,125,Apprentissage,3,32211033426
0850016F,66,Apprentissage,3,32211033206
0753535K,916,Apprentissage,20,32211031311
0694537G,149,Apprentissage,17,32211031312
0694537G,87,Apprentissage,22,32211031408
0694537G,247,Apprentissage,25,32211033426
0694537G,265,Apprentissage,40,32211031213
0694537G,166,Apprentissage,29,32211031212
0443058K,76,Apprentissage,12,32211033206
0443058K,54,Apprentissage,12,32211033002
0756561Z,86,Apprentissage,20,32211032208
0240005A,137,Scolaire,24,32211032409
0240005A,301,Scolaire,24,32211031213
0240023V,85,Scolaire,19,32212021015
0240023V,70,Scolaire,19,32212022117
0240023V,534,Scolaire,32,32212021308
0632052N,15,Apprentissage,9,32211022316
0240024W,287,Scolaire,32,32211032612
0240025X,428,Scolaire,35,32211031212
0240025X,267,Scolaire,35,32211031409
0240025X,228,Scolaire,35,32211031408
0240026Y,73,Scolaire,15,32211022316
0240026Y,213,Scolaire,24,32211025219
0240026Y,203,Scolaire,28,32211025215
0240026Y,183,Scolaire,28,32211025416
0240026Y,115,Scolaire,28,32211025520
0690520R,172,Scolaire,30,32211034401
0240092V,48,Scolaire,28,32211033422
0241092G,20,Scolaire,16,32212031205
0250001R,18,Scolaire,10,32211022506
0250001R,9,Apprentissage,2,32211022506
0691659D,167,Scolaire,32,32211033206
0250007X,240,Scolaire,24,32211025521
0250007X,102,Apprentissage,4,32211025521
0140019V,774,Scolaire,24,32211031312
0291792R,78,Apprentissage,22,32211033608
0741525F,46,Apprentissage,30,23K00025308
0560025Y,334,Scolaire,35,32211032409
0560025Y,366,Scolaire,35,32211031311
0560025Y,404,Scolaire,35,32211031408
0560026Z,205,Scolaire,23,32211020009
0560026Z,171,Scolaire,23,32211020111
0560026Z,236,Scolaire,23,32211025215
0560026Z,213,Scolaire,23,32211025520
0560038M,506,Scolaire,35,32211031213
0560038M,460,Scolaire,35,32211031313
0560051B,191,Scolaire,14,32211025521
0560051B,1179,Scolaire,35,32211031215
0560051B,416,Scolaire,24,32211031408
0560117Y,287,Scolaire,35,32211032409
0560117Y,575,Scolaire,35,32211031213
0560117Y,417,Scolaire,35,32211031409
0560117Y,281,Scolaire,35,32211031408
0560180S,375,Scolaire,35,32211031213
0560180S,382,Scolaire,35,32211032003
0560180S,148,Scolaire,35,32211032612
0560181T,267,Scolaire,30,32211020116
0560181T,84,Scolaire,15,32211022710
0560182U,272,Scolaire,35,32211031212
0560182U,272,Scolaire,35,32211033426
0560198L,89,Scolaire,15,32211025014
0560198L,102,Scolaire,16,32211025001
0560198L,112,Scolaire,24,32211025520
0560200N,190,Scolaire,35,32211033002
0560200N,301,Scolaire,35,32211033206
0560858D,222,Scolaire,36,32212021207
0560858D,93,Scolaire,28,32212021115
0561454B,381,Scolaire,36,32212021308
0561454B,145,Scolaire,24,32212021401
0561463L,37,Scolaire,24,32212031205
0561534N,705,Scolaire,35,32211031212
0561607T,404,Scolaire,35,32211031409
0561627P,1071,Scolaire,35,32211031213
0561641E,90,Scolaire,15,32211022316
0561641E,32,Scolaire,15,32211022506
0870671G,45,Apprentissage,10,32212021007
0561698S,321,Scolaire,29,32211022209
0561698S,82,Scolaire,15,32211034304
0021502X,92,Apprentissage,12,32211031212
0370038R,795,Apprentissage,20,32211031212
0313003W,54,Apprentissage,15,32211031409
0313003W,213,Apprentissage,40,32211031213
9741058G,30,Scolaire,25,32212021016
0250010A,190,Apprentissage,5,32211031408
0250010A,135,Apprentissage,5,32211033002
0780273Y,1334,Scolaire,24,44210099901
9740679V,17,Scolaire,15,23K00032601
0600003C,95,Apprentissage,15,32211023013
0570023R,516,Scolaire,35,32211031212
0020014E,35,Apprentissage,16,32211022711
0570030Y,316,Scolaire,24,32211031409
0570030Y,294,Scolaire,24,32211031408
0570030Y,268,Scolaire,24,32211033206
0570030Y,88,Apprentissage,50,32211032409
0570030Y,157,Apprentissage,50,32211031213
0292123A,49,Apprentissage,15,32211031409
0570057C,690,Scolaire,35,32211032409
0570057C,1402,Scolaire,24,32211031215
0570057C,1589,Scolaire,70,32211031213
0570057C,1561,Scolaire,59,32211031212
0570057C,941,Scolaire,48,32211031409
0570057C,1109,Scolaire,70,32211031408
0570057C,629,Scolaire,35,32211032612
0570058D,175,Scolaire,15,32211020009
0570058D,134,Scolaire,24,32211020111
0570058D,132,Scolaire,15,32211020113
0570058D,266,Scolaire,24,32211022208
0570058D,89,Scolaire,15,32211022316
0570085H,442,Scolaire,35,32211031213
0570085H,253,Scolaire,24,32211031408
0570086J,150,Scolaire,12,32212021115
0570086J,65,Scolaire,8,32212034302
0570087K,80,Scolaire,15,32211020009
0570087K,96,Scolaire,15,32211020111
0570087K,29,Scolaire,15,32211022506
0570087K,49,Scolaire,15,32211022316
0570087K,133,Scolaire,24,32211025520
0570094T,110,Scolaire,15,32211025521
0570094T,275,Scolaire,35,32211031213
0570098X,374,Scolaire,24,32211031215
0570098X,405,Scolaire,35,32211031212
0570099Y,87,Scolaire,15,32211025014
0570099Y,48,Scolaire,15,32211020111
0570099Y,132,Scolaire,15,32211031216
0570099Y,50,Apprentissage,25,32211031216
0570099Y,233,Apprentissage,25,32211031212
0570108H,629,Scolaire,30,32211020116
0570108H,96,Scolaire,24,32211025520
0783824H,71,Apprentissage,15,32211031312
0450762J,23,Apprentissage,20,32211031213
0860752A,74,Apprentissage,20,32211031213
0860752A,75,Apprentissage,20,32211033107
0312060W,110,Apprentissage,10,32211033426
0841204C,119,Apprentissage,8,32211032003
0670024M,370,Apprentissage,25,32211031212
0681810Y,15,Apprentissage,4,23K00025407
0681810Y,21,Apprentissage,4,23K00025406
0681810Y,43,Apprentissage,12,32211025415
0680034T,73,Apprentissage,4,32211034401
0573826Z,13,Apprentissage,15,32211031409
0573826Z,25,Apprentissage,15,32211031212
0601902S,65,Apprentissage,12,32211031103
0831710H,52,Apprentissage,15,32211031213
0831710H,161,Apprentissage,15,32211031215
0631959M,39,Apprentissage,20,32211031212
0831710H,71,Apprentissage,15,32211032003
0332550T,97,Apprentissage,15,32211031103
0840026X,95,Apprentissage,10,32211031311
0682120K,63,Apprentissage,24,32211032003
0682098L,59,Apprentissage,24,32211033426
0570112M,198,Scolaire,32,32212021015
0570146Z,83,Scolaire,15,32211020111
0570210U,110,Scolaire,15,32211033002
0570210U,168,Scolaire,24,32211031212
0570210U,281,Scolaire,35,32211033426
0570311D,132,Scolaire,24,32211032409
0570311D,419,Scolaire,35,32211031215
0570311D,278,Scolaire,24,32211031213
0570311D,210,Scolaire,35,32211031408
0570313F,370,Scolaire,35,32211031215
0572022N,252,Scolaire,24,32211031409
0572027U,386,Scolaire,24,32211032409
0572027U,216,Scolaire,24,32211031103
0572027U,703,Scolaire,24,32211031213
0572027U,508,Scolaire,35,32211031408
0261462Y,28,Apprentissage,20,32211031409
0660989S,112,Apprentissage,10,32211032003
0841173U,56,Apprentissage,15,32211031311
0281057X,261,Apprentissage,60,32211031212
0240026Y,43,Apprentissage,2,32211025416
0340994W,76,Apprentissage,28,32211031212
0381818V,27,Apprentissage,20,32212031205
0601699W,146,Apprentissage,15,32211031312
0671623A,211,Apprentissage,15,32211031215
0671623A,184,Apprentissage,18,32211033426
0631968X,14,Apprentissage,15,32211022003
0141991N,100,Apprentissage,20,32212022115
0541605B,93,Apprentissage,15,32211031213
0682099M,39,Apprentissage,20,32211031212
0631968X,38,Apprentissage,15,32211025014
0443023X,48,Apprentissage,15,32211033002
0292454K,60,Apprentissage,10,32211031213
0756561Z,112,Apprentissage,20,32211032209
0756561Z,55,Apprentissage,20,32211032409
0756561Z,39,Apprentissage,20,32211031409
0756561Z,209,Apprentissage,20,32211032003
0756561Z,81,Apprentissage,20,32211031216
0772949M,232,Apprentissage,30,32211031212
0772949M,114,Apprentissage,30,32211031409
0383585R,83,Apprentissage,6,32211032612
0942515Y,514,Apprentissage,30,32211032329
0310032S,24,Apprentissage,3,32211031408
0932074Z,389,Scolaire,24,32211022709
0700958L,37,Apprentissage,25,32211033206
0301286K,85,Apprentissage,14,32211025215
0021818R,64,Apprentissage,20,32212021015
0311716X,114,Apprentissage,10,32211020116
0021818R,56,Apprentissage,24,32212021007
0690642Y,275,Scolaire,16,32211032612
0750691U,411,Apprentissage,8,32211022709
0222052L,203,Apprentissage,18,32211031213
0596316V,23,Apprentissage,12,23G00021406
0332814E,29,Apprentissage,7,23K00025406
0690651H,149,Apprentissage,15,32211022710
0300950V,109,Apprentissage,12,32211020113
0754507S,118,Apprentissage,60,32211031213
0690128P,443,Apprentissage,15,32211025520
0300023M,429,Apprentissage,5,32211031213
0300023M,526,Apprentissage,4,32211031212
0770938B,126,Apprentissage,12,32211025014
0692390Y,540,Apprentissage,14,32211032409
0694118B,167,Apprentissage,20,32212021308
0131782S,16,Apprentissage,5,23K00025312
0442094M,106,Apprentissage,18,32211033422
0690040U,78,Scolaire,12,32211025414
0010016M,279,Scolaire,15,32211023012
0693330V,251,Scolaire,15,32211025219
0312759F,41,Scolaire,12,23K00025409
0573320Z,69,Scolaire,12,23K00033413
0170060Y,66,Apprentissage,7,32211020009
7200118R,19,Scolaire,4,32211021304
0623903F,19,Scolaire,0,32211021304
0271724C,7,Apprentissage,15,23G00021224
0850130E,35,Apprentissage,2,32211032612
0850130E,151,Apprentissage,24,32211031213
0850025R,464,Scolaire,32,32211031213
0791171U,8,Scolaire,12,23K00025510
0690037R,321,Apprentissage,15,32211020113
0590223X,18,Scolaire,8,23K00025406
0590093F,105,Scolaire,22,23K00033501
0352475A,24,Apprentissage,25,23G00021407
0313003W,171,Apprentissage,10,32211031212
0951937P,137,Scolaire,20,44210099901
0951673C,80,Scolaire,12,44210099901
0672534R,70,Apprentissage,3,32211025005
0080972N,64,Apprentissage,20,32212021115
0330076D,47,Scolaire,15,23K00025510
0131391S,89,Apprentissage,10,32211025521
0840940R,105,Apprentissage,15,32211025520
0680015X,488,Scolaire,35,32211031409
0601194X,149,Scolaire,35,32212021304
0590065A,19,Scolaire,10,23K00025406
0620113L,66,Apprentissage,15,32211025415
0600015R,54,Scolaire,15,32211022003
0133396W,87,Apprentissage,8,32211025015
0313003W,80,Apprentissage,15,32211032409
0755986Z,71,Apprentissage,20,32211031312
0762735K,14,Scolaire,7,32211025518
7200011Z,90,Apprentissage,12,32211033206
0500017X,220,Scolaire,30,32211025014
0333259N,87,Apprentissage,20,32212021112
0180036S,47,Scolaire,12,32211025014
0631852W,24,Apprentissage,28,32211031409
0631852W,31,Apprentissage,28,32211032409
0610724F,28,Apprentissage,12,32211025215
0430966S,48,Apprentissage,20,32211031212
0632070H,48,Apprentissage,17,32211031213
0840059H,121,Apprentissage,10,32211031213
0142395C,81,Apprentissage,10,32211032329
0121507Y,31,Apprentissage,16,32212031204
0600041U,153,Scolaire,18,32211034401
0081047V,81,Apprentissage,5,32211033426
0470003Y,57,Apprentissage,12,32211025520
0692517L,284,Apprentissage,15,32211034401
0840709P,25,Apprentissage,15,23K00033413
0340994W,64,Scolaire,24,32211031409
0340994W,39,Scolaire,25,32211031408
0342129E,157,Scolaire,20,32211032332
0342129E,202,Scolaire,20,32211032329
0730003G,202,Scolaire,18,32211031103
9760127J,508,Scolaire,24,32211023013
0440069L,65,Apprentissage,5,32211025416
0451037H,67,Apprentissage,7,32211025014
0682098L,83,Apprentissage,24,32211031313
0170100S,82,Apprentissage,10,32211032612
0251711Z,169,Apprentissage,6,32211031311
0390019J,41,Apprentissage,12,32211031408
0560180S,249,Scolaire,18,32211033107
0762284V,113,Apprentissage,20,32212021304
0071126L,42,Apprentissage,15,32211032612
0312332S,142,Apprentissage,30,32211031213
0291790N,86,Apprentissage,25,32212021015
0291790N,12,Apprentissage,10,23G00021224
0401080G,47,Apprentissage,20,32211025014
0312332S,52,Apprentissage,28,32211032409
0596406T,56,Apprentissage,20,32211033607
0851461B,29,Apprentissage,40,32211032409
0731573N,42,Apprentissage,20,32211031212
0672772Z,59,Apprentissage,15,32211032331
0312704W,72,Apprentissage,6,32211031409
0312704W,186,Apprentissage,6,32211032003
0010014K,139,Apprentissage,5,32211032409
0754815B,236,Apprentissage,200,32211031212
0754815B,334,Apprentissage,200,32211031213
0754815B,229,Apprentissage,200,32211031409
0380081G,152,Apprentissage,8,32211031408
0580031U,13,Apprentissage,6,32211020111
0740098E,72,Apprentissage,15,32211031212
0701052N,65,Apprentissage,4,32211032409
0442275J,78,Apprentissage,25,32211022209
0700905D,39,Apprentissage,15,32211025520
0542408Z,168,Apprentissage,12,32211031212
0783344L,126,Apprentissage,20,32211033426
0951763A,354,Apprentissage,15,32211033002
0911254U,1011,Apprentissage,15,32211031213
0490904S,79,Apprentissage,20,32211033206
0310046G,264,Apprentissage,22,32211033422
0310053P,386,Apprentissage,15,32211023012
0831616F,209,Scolaire,11,32211020009
0841206E,123,Apprentissage,20,32211031409
0841206E,75,Apprentissage,20,32211032409
0841206E,202,Apprentissage,44,32211031213
0251592V,196,Apprentissage,20,32211023305
0251021Z,35,Apprentissage,20,32211025001
0772296C,189,Scolaire,24,32211020113
0922653J,115,Apprentissage,20,32211034401
0753838P,611,Apprentissage,10,32211032329
0753838P,469,Apprentissage,10,32211032332
0753838P,303,Apprentissage,10,32211032328
0756393S,395,Apprentissage,100,32211023305
0622196A,184,Scolaire,40,32211033426
0595786U,221,Apprentissage,12,32211023012
0542532J,62,Apprentissage,35,32211031409
0342129E,165,Scolaire,20,32211032330
0311902Z,297,Apprentissage,15,32211022209
0753082T,252,Apprentissage,15,32211031215
0753082T,92,Apprentissage,15,32211031312
0753082T,235,Apprentissage,15,32211034502
0753082T,289,Apprentissage,15,32211031313
0753082T,57,Apprentissage,15,32211031311
0490904S,240,Scolaire,18,32211033115
0060075Z,402,Apprentissage,20,32211033107
0831616F,165,Scolaire,3,32211025521
0171503S,33,Apprentissage,30,32211031311
0271848M,69,Apprentissage,16,32212021015
0251021Z,58,Apprentissage,20,32211023013
9710991A,127,Scolaire,20,32211033002
0310044E,58,Apprentissage,2,32211025522
0310044E,314,Apprentissage,24,32211025014
0541898V,27,Apprentissage,8,32211023205
0160020K,111,Apprentissage,4,32211031213
0160020K,24,Apprentissage,2,32211032409
0801720K,38,Apprentissage,8,32211031212
0171503S,91,Apprentissage,60,32211031213
0401080G,23,Apprentissage,20,32211022316
0351958N,124,Apprentissage,25,32212021007
0540032S,7,Scolaire,10,23K00033412
0110023R,125,Scolaire,15,32211022711
0512172J,171,Apprentissage,40,32211031212
0755203Y,370,Apprentissage,60,32211033115
0650027B,33,Scolaire,12,23K00025408
0422256Z,189,Apprentissage,20,32211020116
0351002Z,66,Apprentissage,12,32211023205
0291792R,15,Apprentissage,18,23K00033413
0160757L,57,Apprentissage,20,32211032209
0280019U,135,Apprentissage,14,32211031409
0830058M,23,Scolaire,12,23K00025003
9710804X,85,Scolaire,15,32212021207
0530012A,71,Apprentissage,3,32211033002
0801720K,48,Apprentissage,8,32211031213
0171438W,257,Apprentissage,50,32211031212
0310044E,176,Apprentissage,2,32211025001
0312822Z,202,Apprentissage,15,32211022709
0701035V,67,Apprentissage,3,32211022710
0755290T,314,Apprentissage,60,32211031312
0133525L,1311,Apprentissage,16,32211031215
0670087F,25,Scolaire,13,23K00033412
9840341Y,75,Scolaire,18,32211025015
0790031E,187,Scolaire,24,32211023306
0310044E,112,Apprentissage,2,32211020113
0820021C,77,Apprentissage,1,32211020116
0512172J,91,Apprentissage,40,32211031409
0101141L,82,Apprentissage,40,32211031213
0682016X,82,Apprentissage,24,32211031213
0682016X,80,Apprentissage,24,32211031212
0592967E,151,Apprentissage,18,32211031213
0682016X,119,Apprentissage,24,32211031312
0642098H,68,Apprentissage,30,32211031213
0642098H,61,Apprentissage,20,32211031212
0350791V,121,Scolaire,30,32211025014
0134349G,110,Apprentissage,15,32211031215
0022041H,24,Apprentissage,10,32212031202
0850130E,35,Apprentissage,6,32211032409
0850130E,48,Apprentissage,5,32211031408
0850130E,46,Apprentissage,4,32211034502
0850130E,45,Apprentissage,24,32211033422
0850130E,239,Apprentissage,24,32211031212
0622803K,38,Apprentissage,15,32211020111
0353000W,57,Apprentissage,20,32211031216
0230020X,36,Apprentissage,2,32211031409
0694652G,41,Apprentissage,24,32211031103
0830101J,51,Apprentissage,10,32211031212
0830101J,44,Apprentissage,10,32211031213
0350791V,56,Apprentissage,14,32211025014
0942447Z,155,Apprentissage,30,32211031408
0383072H,58,Apprentissage,16,32211032612
0210003P,108,Apprentissage,3,32211032003
0831810S,72,Apprentissage,20,32211034401
0672601N,84,Apprentissage,90,32211033422
0681817F,11,Apprentissage,4,32211022505
0681768C,70,Apprentissage,4,32211022003
0690651H,8,Apprentissage,8,23K00022705
0851344Z,22,Apprentissage,9,32211033002
0692360R,128,Apprentissage,20,32211031213
0951963T,52,Apprentissage,14,32211033607
0951963T,366,Apprentissage,14,32211031212
0802176F,55,Apprentissage,25,32211032003
0300027S,403,Apprentissage,15,32211024207
0772942E,277,Apprentissage,45,32211031212
0772942E,256,Apprentissage,55,32211031213
0800001S,65,Apprentissage,15,32211031408
0800001S,93,Apprentissage,15,32211031409
0690129R,16,Apprentissage,5,23K00025510
0300083C,247,Apprentissage,20,32211031215
0593040J,35,Apprentissage,15,32211033422
0597021L,64,Apprentissage,12,32211031103
0912263R,102,Apprentissage,16,32211032409
0370038R,68,Apprentissage,2,32211020111
0131782S,40,Apprentissage,5,23K00025308
0870913V,51,Apprentissage,14,32211033608
9710991A,40,Scolaire,20,32211031409
0931799A,107,Scolaire,24,32211032003
0443025Z,16,Apprentissage,24,32211031408
0630021F,147,Apprentissage,3,32211020116
0443025Z,83,Apprentissage,24,32211031213
0750808W,178,Apprentissage,6,23K00033501
0650953H,40,Apprentissage,25,32211025415
0040161D,26,Apprentissage,20,32211031409
0040161D,42,Apprentissage,20,32211031212
0040161D,44,Apprentissage,20,32211023012
0450064A,112,Apprentissage,15,32211023206
0780850A,88,Apprentissage,24,32211025520
0780850A,48,Apprentissage,24,32211025001
0780850A,79,Apprentissage,24,32211025014
0550008K,64,Apprentissage,16,32211031409
0341919B,168,Apprentissage,14,32211020116
0630069H,17,Scolaire,8,32211022505
0630069H,3,Apprentissage,8,32211022505
0801864S,101,Scolaire,18,32211033002
0870118F,28,Apprentissage,2,32211020113
0731505P,31,Apprentissage,12,32211022316
0383057S,29,Apprentissage,16,32211020113
0681810Y,10,Apprentissage,12,23K00022704
0370038R,20,Apprentissage,2,32211020115
0350793X,69,Apprentissage,16,32211031216
0492451Y,179,Apprentissage,25,32211033426
0442275J,92,Apprentissage,30,32211031409
0080027L,45,Apprentissage,4,32211031408
0080027L,138,Apprentissage,4,32211031212
0080027L,41,Apprentissage,4,32211032612
0756616J,374,Apprentissage,200,32211033107
0510037N,81,Apprentissage,4,32211031216
0080045F,64,Apprentissage,4,32211031215
0080045F,39,Apprentissage,4,32211031409
0520021R,32,Apprentissage,6,32211031409
0281041E,7,Apprentissage,12,23G00021108
0451463W,56,Apprentissage,20,32212021015
0751698N,39,Apprentissage,25,32211031409
0040007L,2,Apprentissage,2,23K00022705
0142395C,77,Apprentissage,10,32211032330
0142395C,59,Apprentissage,10,32211032332
0492451Y,149,Apprentissage,25,32211031215
0922377J,561,Apprentissage,25,32211031215
0694286J,106,Apprentissage,20,32211032003
0782540M,136,Apprentissage,15,32211025215
0622196A,51,Apprentissage,20,32211032612
0623377J,52,Apprentissage,15,32211025015
0850086G,30,Apprentissage,12,32211033607
0802206N,175,Apprentissage,25,32211032003
0382660K,38,Apprentissage,20,32211031212
0870040W,105,Apprentissage,2,32211033426
0130072H,101,Scolaire,15,23K00025509
0490985E,25,Apprentissage,2,23K00033414
0421090G,122,Apprentissage,45,32212021015
0791029P,32,Apprentissage,4,23K00025406
0190027B,28,Apprentissage,24,32211025218
0260113G,163,Apprentissage,20,32211031213
0031030D,14,Apprentissage,12,32211025520
0291792R,12,Apprentissage,12,23K00033414
0292454K,51,Apprentissage,10,32211033426
0330088S,332,Apprentissage,16,32211031213
9740575G,582,Scolaire,24,32211031213
9741263E,517,Scolaire,18,32211033002
9740979W,216,Scolaire,24,32211031216
9740737H,12,Scolaire,6,23K00022705
9740575G,70,Scolaire,15,23K00023306
0292454K,55,Apprentissage,10,32211032003
0740009H,113,Apprentissage,6,32211032409
0161216K,21,Apprentissage,16,32211022316
0951963T,177,Apprentissage,14,32211033608
0851222S,56,Apprentissage,20,32211023013
0851556E,96,Apprentissage,25,32211033426
0371123V,26,Apprentissage,10,32211022505
0801479Y,235,Scolaire,35,32211033206
0340128E,718,Scolaire,24,32212022115
0620052V,63,Apprentissage,12,32211023012
0590221V,95,Apprentissage,15,32211032409
0590065A,84,Apprentissage,15,32211025521
0601845E,87,Scolaire,15,23K00031101
9741185V,223,Apprentissage,6,32211031311
9741185V,285,Apprentissage,6,32211031313
0310052N,273,Apprentissage,15,32211025217
0680034T,124,Apprentissage,6,32211025520
0840005Z,94,Scolaire,12,23K00025509
0451484U,182,Scolaire,30,32211025001
0422028B,20,Apprentissage,10,32211031409
0221031B,61,Scolaire,16,32212031202
0752608C,232,Apprentissage,24,32211033422
0690563M,312,Apprentissage,12,32211031213
0131485U,70,Apprentissage,9,32211033608
0492259P,66,Scolaire,22,32212034101
0595770B,120,Scolaire,22,32212021401
0060022S,279,Scolaire,15,32211023305
0831407D,502,Scolaire,24,32211031313
0132823Y,54,Apprentissage,25,32211033002
0751698N,97,Apprentissage,70,32211031213
0751698N,111,Apprentissage,30,32211031312
0410693F,22,Scolaire,18,23K00033501
0261504U,218,Apprentissage,24,32211031312
0132922F,187,Scolaire,24,32211034502
0754016H,9,Apprentissage,20,32211031409
0492113F,209,Apprentissage,20,32211033107
0331495W,436,Scolaire,18,32211031215
0331591A,421,Scolaire,18,32211031215
0492064C,140,Apprentissage,10,32211031215
0040590V,13,Apprentissage,8,23G00021406
0333336X,56,Apprentissage,15,32211031216
0751708Z,354,Apprentissage,10,32211025001
0333016Z,152,Apprentissage,50,32211034502
0333016Z,232,Apprentissage,50,32211031313
0841173U,83,Apprentissage,15,32211031103
0682086Y,111,Apprentissage,18,32211033426
0442960D,96,Apprentissage,20,32211033426
0492525D,86,Apprentissage,40,32211032003
0492525D,39,Apprentissage,40,32211031409
0692360R,176,Apprentissage,20,32211031212
0692360R,62,Apprentissage,10,32211033002
0721725J,148,Apprentissage,20,32211031212
0040589U,16,Apprentissage,10,32211022106
0620161N,83,Apprentissage,15,32211031409
0590252D,179,Apprentissage,12,32211033608
0610698C,23,Apprentissage,8,32211031408
0442095N,190,Apprentissage,5,32211031409
0595379B,36,Apprentissage,13,32211020113
0596872Z,64,Apprentissage,20,32211031312
0120096P,114,Apprentissage,15,32211034401
0313047U,469,Apprentissage,18,32211031408
0762964J,106,Scolaire,15,32211022711
0011119L,20,Scolaire,4,32211022505
0011119L,17,Apprentissage,10,32211022505
0300950V,275,Apprentissage,10,32211034303
0080008R,29,Apprentissage,5,32211031216
0512172J,149,Apprentissage,40,32211031213
0101141L,109,Apprentissage,40,32211031212
0341821V,237,Apprentissage,32,32211031312
0611152W,21,Apprentissage,20,32211025014
0260113G,155,Apprentissage,24,32211025014
9711033W,169,Scolaire,8,32211032332
0382099A,233,Apprentissage,24,32211023206
9711122T,50,Apprentissage,10,32211031408
0131456M,96,Apprentissage,18,32211033002
0951637N,562,Apprentissage,15,32211023012
0761721H,52,Apprentissage,15,32211023108
0623564M,11,Apprentissage,13,32211025014
0442416M,71,Apprentissage,20,32211023205
0382170C,89,Scolaire,23,32211022711
0592916Z,21,Apprentissage,12,32211032612
0352503F,71,Apprentissage,24,32211025415
0211431S,29,Apprentissage,15,32211022711
0261505V,169,Scolaire,24,32211022316
0261505V,356,Scolaire,34,32211031408
9710993C,108,Scolaire,30,32211031409
9710993C,55,Scolaire,30,32211031408
0693936D,36,Apprentissage,7,32211031213
0060014H,119,Apprentissage,5,32211025014
0595786U,153,Apprentissage,18,32211023306
0595786U,134,Apprentissage,15,32211023206
0791057V,41,Apprentissage,25,32211033107
0161077J,58,Apprentissage,23,32212021007
0760110G,99,Apprentissage,12,32211025219
9711122T,110,Apprentissage,15,32211031409
0754440U,159,Apprentissage,25,32211032003
0754440U,48,Apprentissage,25,32211031408
0754440U,42,Apprentissage,25,32211032409
0754440U,66,Apprentissage,25,32211031212
0754440U,40,Apprentissage,25,32211031213
0754440U,117,Apprentissage,25,32211032612
0754440U,332,Apprentissage,20,32211031215
0420976H,246,Apprentissage,15,32211031215
0451565G,32,Scolaire,25,32212031203
0860037Y,46,Apprentissage,3,32211020111
0160119T,31,Apprentissage,12,32211020111
0740031G,69,Apprentissage,12,32211025218
0420974F,122,Apprentissage,22,32211031213
0010016M,248,Apprentissage,15,32211023012
0010016M,336,Apprentissage,20,32211031213
0010016M,429,Apprentissage,20,32211031212
0420043U,298,Apprentissage,15,32211023012
0692866R,465,Apprentissage,16,32211023206
0031030D,14,Apprentissage,12,32211025001
0692866R,348,Apprentissage,15,32211023013
0690128P,857,Apprentissage,16,32211020116
0690128P,584,Apprentissage,16,32211025521
0690029G,1501,Apprentissage,18,32211031212
0261265J,69,Apprentissage,24,32211023412
0010016M,182,Apprentissage,20,32211031408
0590015W,34,Apprentissage,15,32211025014
0690104N,281,Apprentissage,16,32211020111
0690037R,411,Apprentissage,16,32211025014
0011119L,17,Apprentissage,10,32211022506
0791005N,79,Apprentissage,40,32212021015
0690037R,259,Apprentissage,15,32211020113
0693306U,58,Apprentissage,20,32211032409
0693306U,90,Apprentissage,50,32211031409
0693306U,50,Apprentissage,40,32211031408
0693306U,102,Apprentissage,20,32211032003
0693306U,97,Apprentissage,50,32211031213
0693306U,157,Apprentissage,50,32211031212
0681810Y,75,Apprentissage,12,32211022709
0763153P,266,Apprentissage,20,32211031312
0422257A,94,Apprentissage,13,32211024207
0721476N,93,Apprentissage,18,32212021007
0420976H,100,Apprentissage,18,32211025520
0801999N,17,Apprentissage,6,23G00021406
0492303M,34,Apprentissage,3,32211025521
0851642Y,32,Scolaire,15,32211025016
0690634P,148,Apprentissage,15,32211023205
0751488K,137,Apprentissage,10,32211025015
0912267V,139,Apprentissage,24,32211022709
0690651H,8,Scolaire,12,23K00022704
0720930V,110,Apprentissage,15,32211025217
0490984D,33,Apprentissage,4,32211022711
0440069L,125,Apprentissage,8,32211025413
9720615L,90,Scolaire,20,32211031212
0720003M,89,Scolaire,13,32211025016
0631968X,7,Apprentissage,15,32211020111
0031030D,16,Apprentissage,12,32211025014
0631968X,34,Apprentissage,15,32211020116
0912267V,25,Apprentissage,24,32211033422
0590011S,26,Apprentissage,15,32211022314
0620011A,2,Apprentissage,6,23K00022705
0080018B,43,Apprentissage,12,32211025014
0542536N,65,Apprentissage,10,32211031213
0693733H,293,Apprentissage,40,32211031212
0694126K,104,Apprentissage,20,32211031312
0333460G,365,Apprentissage,30,32211031215
0756158L,37,Apprentissage,30,32211034304
0752608C,133,Apprentissage,24,23K00033404
0440119R,0,Apprentissage,10,23K00033404
9711071M,58,Apprentissage,2,32211031311
0261069W,163,Scolaire,26,32212021207
0310147S,187,Scolaire,22,32211034502
0772276F,574,Scolaire,35,32211033002
7200583W,83,Apprentissage,12,32211025520
0782540M,134,Scolaire,14,32211025215
9741255W,105,Scolaire,24,32211031103
0130048G,927,Scolaire,31,32211031409
0630061Z,97,Apprentissage,15,32211024305
0050005D,114,Scolaire,16,32211023412
0801742J,50,Apprentissage,10,32211022709
0801742J,39,Apprentissage,10,32211022710
0801742J,41,Apprentissage,12,32211025015
0133645S,17,Apprentissage,14,23K00025508
0850133H,25,Scolaire,15,23K00025509
0292258X,58,Apprentissage,32,32211025520
0062260Z,55,Apprentissage,20,32211031408
0271415S,69,Apprentissage,45,32211025014
0931796X,110,Scolaire,36,32211031408
0850076W,92,Scolaire,18,32211031409
0240035H,55,Scolaire,16,32211025014
0271415S,29,Apprentissage,30,32211022316
0271415S,40,Apprentissage,30,32211020111
0271177H,64,Apprentissage,20,32211025520
0761819P,108,Apprentissage,20,32211023012
0931198X,107,Scolaire,12,44210099901
0240035H,35,Scolaire,16,32211022711
9741231V,360,Scolaire,12,32211033115
9740471U,60,Scolaire,15,32211020113
9740737H,119,Scolaire,15,32211025015
0332781U,243,Scolaire,15,32211034303
0400007R,53,Scolaire,15,32211034304
0400027M,126,Scolaire,20,32211025415
0400019D,77,Scolaire,12,32211025216
0470004Z,457,Scolaire,24,32211031212
0131775J,516,Apprentissage,18,32211033111
0596872Z,43,Apprentissage,20,32211034502
0620257T,95,Apprentissage,15,32211033607
0942556T,0,Apprentissage,50,32211031409
0710018J,72,Scolaire,10,32211022106
0441653H,198,Scolaire,15,32211023012
0332814E,62,Apprentissage,5,32211025521
0332814E,116,Apprentissage,5,32211020116
0763212D,41,Apprentissage,15,32211033206
0382099A,26,Scolaire,15,23K00022705
0161002C,51,Apprentissage,30,32212021112
0161002C,53,Apprentissage,28,32211033206
0070004S,59,Apprentissage,15,32211025520
9711033W,82,Scolaire,8,32211032328
0382099A,192,Apprentissage,4,32211022709
0631457S,76,Scolaire,20,32212031203
0740143D,23,Apprentissage,20,32211031103
0320542R,10,Apprentissage,10,32211031216
0440005S,47,Apprentissage,5,32211020009
0440069L,212,Apprentissage,5,32211031213
0440069L,53,Apprentissage,5,32211033002
0441552Y,493,Apprentissage,2,32211031213
0442094M,49,Apprentissage,3,32211020111
0490003M,72,Apprentissage,3,32211020111
0490003M,99,Apprentissage,3,32211020009
0490018D,114,Apprentissage,3,32211031213
0490055U,30,Apprentissage,4,32211033422
0490055U,103,Apprentissage,3,32211031213
0300950V,47,Apprentissage,2,32211022106
0850006V,35,Apprentissage,3,32211031408
0850025R,150,Apprentissage,3,32211031213
0311717Y,46,Apprentissage,20,23K00033413
0470003Y,111,Apprentissage,12,32211031408
0831804K,91,Apprentissage,30,32211031212
0831804K,67,Apprentissage,30,32211031409
0741739N,26,Apprentissage,13,23G00021406
0880153N,29,Apprentissage,15,32211031216
0573690B,20,Apprentissage,20,32211025001
0881672P,39,Apprentissage,15,32211031213
0031131N,70,Apprentissage,30,32211031212
0660010C,349,Apprentissage,20,32211031313
0031131N,26,Apprentissage,15,32211031409
0660809W,198,Apprentissage,10,32211031409
0790024X,28,Apprentissage,4,32211022711
0611130X,203,Apprentissage,24,32212021015
0692210C,155,Apprentissage,32,32211025015
0692210C,142,Apprentissage,32,32211025014
0382271M,91,Apprentissage,20,32211022316
0940129E,127,Apprentissage,15,32211025415
0741451A,132,Apprentissage,22,32211033426
0731506R,29,Apprentissage,20,32211025216
0190071Z,90,Scolaire,40,32211031213
0261505V,224,Scolaire,24,32211020009
0261505V,780,Scolaire,46,32211031212
0333000G,26,Apprentissage,30,32211034304
0031131N,36,Apprentissage,30,32211031213
0595786U,109,Apprentissage,14,32211023108
0060920T,463,Apprentissage,20,32211031213
0060920T,620,Apprentissage,20,32211033426
0380081G,108,Apprentissage,8,32211032409
0741525F,154,Apprentissage,50,32211025215
0312686B,58,Scolaire,9,23K00025312
0061561P,113,Apprentissage,11,32211025520
0131775J,71,Apprentissage,14,32211031408
0760058A,142,Apprentissage,15,32211020113
0500036T,37,Apprentissage,6,32211025520
0170029P,35,Apprentissage,5,32211020111
0763558E,90,Apprentissage,12,32211031103
0851727R,66,Apprentissage,30,32211031212
0580050P,69,Apprentissage,2,32211033206
0593006X,106,Apprentissage,32,32211031409
0851727R,37,Apprentissage,30,32211031409
0851727R,83,Apprentissage,30,32211031215
0760054W,25,Apprentissage,12,23K00032601
0831679Z,13,Apprentissage,15,32211033607
0542536N,60,Apprentissage,10,32211031212
0762624P,349,Apprentissage,30,32211031408
0681983L,30,Apprentissage,20,32211033422
0694089V,174,Apprentissage,45,32211023012
0851727R,12,Apprentissage,30,32211031408
0851727R,66,Apprentissage,30,32211031213
0300083C,105,Apprentissage,20,32211031409
0440001M,115,Apprentissage,2,32211031212
0440029T,284,Apprentissage,6,32211020116
0440030U,80,Apprentissage,3,32211022709
0597329W,275,Apprentissage,40,32211031212
0597329W,226,Apprentissage,45,32211031213
0623786D,56,Apprentissage,15,32212021015
0692800U,102,Apprentissage,10,32211025218
0692800U,296,Apprentissage,16,32211025001
0690040U,38,Apprentissage,3,32211022314
0690038S,1836,Apprentissage,17,32211031215
0011119L,37,Apprentissage,12,32211022316
0690074F,292,Apprentissage,14,32211025014
0420998G,21,Apprentissage,20,32211031409
0763153P,73,Apprentissage,15,32211025520
0010070W,91,Apprentissage,20,32211031213
0690037R,45,Apprentissage,12,32211024112
0763153P,113,Apprentissage,5,32211031409
0763153P,240,Apprentissage,25,32211031212
0441552Y,475,Scolaire,35,32211031103
0780273Y,185,Scolaire,24,32211025014
0300026R,239,Scolaire,15,32211025016
0211033J,121,Scolaire,8,32211025016
0351047Y,39,Apprentissage,20,32212022117
0134003F,743,Scolaire,24,32211033002
0801327H,170,Scolaire,15,32211025016
0690103M,177,Apprentissage,16,32211025415
0771914M,116,Apprentissage,30,32211032612
0771914M,134,Apprentissage,25,32211031408
0772818V,35,Apprentissage,20,32211033426
0596818R,30,Apprentissage,15,32211031311
0370009J,51,Apprentissage,12,32211025014
0352495X,76,Apprentissage,20,32212021015
0952164L,289,Apprentissage,40,32211023012
0910632T,699,Apprentissage,15,32211023012
0601701Y,80,Scolaire,34,32211033002
0540034U,91,Apprentissage,12,32211031408
0831770Y,75,Apprentissage,15,32211032003
9711272F,72,Apprentissage,20,32211031212
9711272F,91,Apprentissage,20,32211031213
0651122S,84,Apprentissage,60,32211031213
0590015W,3,Apprentissage,15,23K00022705
0670085D,11,Apprentissage,12,23K00022704
0942585Z,83,Apprentissage,15,32211025015
0942585Z,96,Apprentissage,15,32211022709
0071392A,41,Apprentissage,15,32212021015
0763237F,51,Apprentissage,12,23K00033404
0600015R,58,Apprentissage,5,32211025014
0142106N,34,Apprentissage,15,32211020111
0682029L,96,Apprentissage,25,32211031409
0310040A,2924,Scolaire,24,32211031215
0951104J,63,Scolaire,15,32211020115
0160792Z,92,Apprentissage,15,32211022709
0300106C,96,Scolaire,18,32211022208
0630061Z,127,Scolaire,15,32211024305
0371700X,105,Apprentissage,40,32211031409
0371700X,138,Apprentissage,72,32211031213
0050503V,36,Apprentissage,5,32211031213
0630069H,8,Apprentissage,8,32211022506
0761356L,571,Scolaire,35,32211031212
0763150L,141,Apprentissage,64,32211025014
0271177H,33,Apprentissage,15,32211022709
0271177H,35,Apprentissage,15,32211022710
0761819P,67,Apprentissage,13,32211023013
0772688D,146,Scolaire,26,32211033422
0760087G,24,Scolaire,15,32211022506
0762765T,116,Scolaire,10,32211025215
0762920L,72,Scolaire,15,32211025415
0221624W,49,Scolaire,12,32211025013
0331556M,180,Apprentissage,10,32211023012
0492064C,240,Apprentissage,50,32211031212
0492064C,155,Apprentissage,30,32211031213
0492064C,162,Apprentissage,50,32211032003
0492064C,144,Apprentissage,10,32211033426
0492064C,46,Apprentissage,15,32211031103
0492064C,132,Apprentissage,15,32211031312
0142395C,60,Apprentissage,20,32211031409
0142395C,35,Apprentissage,15,32211031408
9711278M,41,Apprentissage,1,32211032332
0841204C,80,Apprentissage,2,32211033115
0134349G,77,Apprentissage,20,32211033426
0134349G,40,Apprentissage,20,32211031409
0134349G,45,Apprentissage,20,32211031408
0610694Y,59,Apprentissage,8,32211031212
0501299R,26,Apprentissage,5,32211031311
0501299R,29,Apprentissage,5,32211031409
0952262T,248,Apprentissage,25,32211031213
0952262T,351,Apprentissage,30,32211031212
0511165P,35,Apprentissage,20,32211031408
0511165P,94,Apprentissage,20,32211032003
0511165P,80,Apprentissage,20,32211031213
0922794M,107,Apprentissage,25,32211031213
0922794M,131,Apprentissage,20,32211031212
0595778K,51,Apprentissage,25,32211031212
0353009F,50,Apprentissage,5,32211031408
0442092K,51,Scolaire,12,32211025013
0241242V,43,Apprentissage,10,32211031408
0241197W,64,Apprentissage,15,32211031212
0131485U,90,Scolaire,18,32211033608
0342225J,89,Scolaire,12,23K00033413
0320557G,52,Scolaire,12,32211031216
0540082W,199,Scolaire,24,32211032209
0161002C,29,Apprentissage,25,32212031202
0791005N,25,Apprentissage,20,32212034101
0500017X,67,Apprentissage,15,32211025415
0500087Y,103,Apprentissage,23,32211025213
0720048L,61,Scolaire,11,32211025015
0332550T,79,Apprentissage,12,32211022711
0330018R,174,Apprentissage,15,32211022709
0133244F,224,Apprentissage,16,32211025520
0561810N,93,Apprentissage,20,32211023206
0801743K,35,Apprentissage,14,32211031311
0133645S,113,Apprentissage,40,32211023206
0721476N,168,Apprentissage,36,32212021015
0881449X,54,Apprentissage,20,32212021207
0772824B,86,Apprentissage,24,32211025520
0331882S,450,Scolaire,35,32211031103
0400007R,208,Scolaire,15,32211020116
0470038L,64,Scolaire,15,32211025015
9740987E,38,Apprentissage,4,32211023306
0332814E,70,Apprentissage,10,32211025015
0333206F,89,Apprentissage,8,32211034303
0040533H,63,Apprentissage,4,32211025520
0881709E,143,Apprentissage,12,32212021308
0333440K,75,Apprentissage,50,32211031408
0420046X,192,Apprentissage,3,32211025014
0650029D,27,Scolaire,5,44210099901
0422327B,41,Apprentissage,20,32212031202
0631904C,29,Apprentissage,15,32212021114
0711755X,10,Apprentissage,6,23K00033412
0351958N,119,Apprentissage,34,32212022115
0211799S,229,Apprentissage,32,32212022115
0221593M,51,Apprentissage,22,32212021115
0221673Z,34,Apprentissage,25,32212021114
0602223R,88,Apprentissage,60,32211033107
0690698J,184,Scolaire,14,32211032325
0240079F,139,Scolaire,18,32211031215
0820016X,208,Scolaire,18,32211033206
0771914M,221,Apprentissage,50,32211031212
0600001A,354,Apprentissage,16,32211031213
0311341P,94,Apprentissage,15,32211025520
0332813D,512,Apprentissage,64,32211031213
0332813D,151,Apprentissage,24,32211032409
0332813D,369,Apprentissage,48,32211031212
0721094Y,42,Apprentissage,4,32211022316
0740009H,275,Scolaire,15,32211031313
0692866R,458,Apprentissage,16,32211022710
0720033V,310,Apprentissage,12,32211033111
0070021K,304,Scolaire,24,32211033426
0881672P,46,Apprentissage,15,32211033426
9710090W,104,Scolaire,24,32211031216
0720033V,311,Apprentissage,2,32211031213
0860005N,33,Apprentissage,10,32211025005
0342091N,254,Scolaire,33,32211032409
0342091N,476,Scolaire,35,32211031213
0342091N,373,Scolaire,33,32211032612
0171405K,181,Apprentissage,24,32211033422
0170052P,42,Apprentissage,15,32211025218
0772242U,104,Apprentissage,12,32211031103
0342091N,274,Scolaire,33,32211031408
0770945J,37,Scolaire,12,23K00025002
9840465H,53,Scolaire,18,32211032612
0340042L,1022,Scolaire,15,32211033111
0670084C,774,Scolaire,24,32211033608
0342156J,118,Apprentissage,25,32211031213
0350005R,83,Scolaire,12,23K00033413
0070071P,83,Scolaire,12,32211031409
0730763H,414,Scolaire,28,32211031215
0551031X,9,Apprentissage,24,32211025014
0881711G,33,Apprentissage,25,32211033206
0700796K,20,Apprentissage,24,32211031409
0672736K,248,Apprentissage,45,32211031409
0931796X,271,Apprentissage,64,32211031213
0831812U,45,Apprentissage,40,32211031213
0597268E,245,Apprentissage,45,32211031312
0620109G,92,Apprentissage,12,32211025520
0530016E,77,Apprentissage,5,32211031213
0932969X,192,Apprentissage,90,32211031212
0932969X,113,Apprentissage,90,32211031213
0932969X,71,Apprentissage,90,32211031409
0932969X,77,Apprentissage,90,32211032409
0932969X,16,Apprentissage,90,32211033422
0942200F,136,Apprentissage,25,32211031103
0342519D,122,Apprentissage,20,32211032612
0630022G,34,Apprentissage,1,23K00025408
0131690S,81,Apprentissage,24,32211031213
9741380G,558,Scolaire,18,32211033002
0771997C,541,Apprentissage,15,32211032612
0940126B,365,Apprentissage,15,32211022709
0791088D,35,Apprentissage,20,32211031409
0791088D,82,Apprentissage,20,32211031213
0791088D,84,Apprentissage,20,32211031212
0771654E,79,Apprentissage,15,32211023012
0763150L,22,Apprentissage,15,32211022316
9741206T,141,Scolaire,15,32211023306
0590121L,165,Apprentissage,13,32211025520
0690671E,146,Apprentissage,20,32211031216
0492407A,280,Scolaire,24,32311033114
0780762E,22,Apprentissage,12,32211025216
0850130E,81,Scolaire,27,32211033422
0912263R,206,Apprentissage,30,32211031408
0912263R,290,Apprentissage,32,32211031212
0912263R,275,Apprentissage,36,32211031312
0912263R,263,Apprentissage,40,32211032612
0912364A,45,Apprentissage,12,32211025213
0771238C,242,Apprentissage,33,32211031213
0720034W,40,Apprentissage,18,32211033422
0721094Y,7,Apprentissage,3,32211022505
0922377J,79,Apprentissage,20,32211032409
0922377J,140,Apprentissage,35,32211031409
0922377J,140,Apprentissage,30,32211031408
0922377J,205,Apprentissage,70,32211031213
0922377J,278,Apprentissage,55,32211031212
0911826R,63,Apprentissage,20,32211025001
0911826R,97,Apprentissage,20,32211020009
0911826R,116,Apprentissage,36,32211025014
0134541R,36,Apprentissage,15,32211031212
0782058N,71,Apprentissage,20,32211031408
0783553N,116,Apprentissage,25,32211031212
0783553N,108,Apprentissage,25,32211031213
0951947A,143,Apprentissage,50,32211031212
0951947A,127,Apprentissage,50,32211031213
0460007H,186,Scolaire,18,32211033206
0912267V,337,Apprentissage,50,32211031409
0912267V,198,Apprentissage,42,32211032409
0912267V,475,Apprentissage,50,32211031213
0912267V,511,Apprentissage,54,32211031212
0912267V,207,Apprentissage,42,32211025520
0912267V,123,Apprentissage,24,32211025015
0440069L,233,Scolaire,30,32211033002
0782587N,84,Apprentissage,3,32211025015
0782587N,104,Apprentissage,3,32211022709
0912263R,241,Apprentissage,32,32211031213
0750785W,1977,Scolaire,15,32211033111
0530012A,50,Apprentissage,3,32211025521
0851346B,250,Scolaire,22,32211031212
0320542R,55,Apprentissage,15,32211025213
0320542R,25,Apprentissage,10,32211022710
9711071M,87,Apprentissage,2,32211020116
9760206V,85,Apprentissage,15,32212021308
0752608C,56,Scolaire,12,23K00033404
0301862L,110,Scolaire,12,32211020114
0130055P,96,Scolaire,15,32211022106
0470744D,199,Apprentissage,50,32211031213
0300023M,376,Scolaire,30,32211022210
0660004W,149,Scolaire,24,32211031103
9720726G,40,Scolaire,10,32211020114
9720430K,88,Scolaire,14,32211025520
0772241T,47,Apprentissage,24,32211020111
0312759F,617,Scolaire,35,32211031103
0311323V,1684,Scolaire,24,32211032003
0912142J,158,Apprentissage,20,32211025219
0762169V,63,Scolaire,15,32211025005
0820899G,156,Scolaire,16,32211031103
0922276Z,1623,Scolaire,55,32211031212
0681948Y,193,Apprentissage,20,32211031213
0442416M,8,Apprentissage,10,23K00023304
9730371R,143,Scolaire,15,32211032003
0510007F,129,Scolaire,18,32211031103
0511884W,201,Scolaire,24,32211032209
9710991A,46,Scolaire,30,32211032612
9710993C,130,Scolaire,30,32211031212
0590258K,841,Apprentissage,96,32211031212
0820004J,299,Scolaire,18,32211031212
0010006B,315,Scolaire,21,32211031312
0470003Y,294,Scolaire,14,32211020116
0860029P,88,Scolaire,12,32211025016
0560027A,235,Scolaire,16,32211033608
0620042J,49,Apprentissage,15,32211020111
0672736K,412,Apprentissage,45,32211031212
0911946W,483,Scolaire,32,32211033206
0450809K,201,Apprentissage,12,32211033608
0160792Z,64,Apprentissage,15,32211022710
0940742W,424,Scolaire,24,32211033206
9740082W,91,Scolaire,12,32211034304
0440537V,28,Apprentissage,15,32211022506
0031041R,39,Apprentissage,10,32211031409
0021502X,10,Apprentissage,12,32211033422
0751488K,164,Apprentissage,10,32211022710
0390094R,100,Scolaire,15,32211020116
0330069W,172,Scolaire,14,32211033607
0160980D,44,Apprentissage,22,32211031213
0330082K,13,Scolaire,12,44210099901
0320039U,102,Scolaire,18,32212034101
0861219H,71,Apprentissage,20,32212021115
0700038L,44,Apprentissage,12,32211025416
0550004F,18,Scolaire,15,23K00025406
0912267V,45,Apprentissage,16,32211033607
0133396W,98,Apprentissage,8,32211025014
0741710G,58,Apprentissage,20,32211031408
0170020E,68,Scolaire,15,32211034304
0440178E,159,Scolaire,18,32211031215
0850016F,460,Scolaire,18,32211033115
0492123S,95,Scolaire,15,32211022711
0781883Y,193,Scolaire,18,32211032409
0781984H,313,Scolaire,30,32211033206
0110023R,149,Apprentissage,15,32211031409
0763150L,118,Apprentissage,48,32211025520
0594278E,100,Scolaire,30,32211020116
0451067R,81,Scolaire,12,32211025415
9720771F,51,Scolaire,15,32211023013
0830058M,204,Scolaire,15,32211025215
0300023M,156,Apprentissage,5,32211031311
0100078F,58,Apprentissage,20,32211033002
0851252Z,200,Apprentissage,60,32212021015
0370728R,70,Scolaire,24,32211033422
0802207P,56,Apprentissage,25,32211031409
0741691L,95,Apprentissage,15,32211031212
0340043M,300,Apprentissage,12,32211025215
0573727S,93,Apprentissage,15,32211031312
0741622L,175,Apprentissage,15,32211033426
0730805D,42,Apprentissage,15,32211031408
0911254U,1298,Scolaire,18,32211031213
0250011B,57,Scolaire,7,32211025414
0250067M,218,Scolaire,16,32211024207
0020031Y,32,Apprentissage,15,32211025014
0061920E,217,Apprentissage,32,32212021401
0741627S,99,Apprentissage,18,32211031409
0340039H,385,Apprentissage,15,32211031311
0300027S,277,Apprentissage,3,32211031408
0301270T,174,Apprentissage,12,32211025215
0301778V,111,Apprentissage,6,32211031213
0171550T,73,Apprentissage,18,32211033608
0080047H,38,Apprentissage,15,32211025215
0131690S,97,Apprentissage,24,32211031212
0780015T,845,Scolaire,80,32211020116
0280021W,240,Scolaire,16,32211020116
0710012C,68,Apprentissage,3,32211020116
0922275Y,43,Apprentissage,5,32211033607
0630021F,330,Scolaire,15,32211032209
0851403N,167,Apprentissage,40,32211031213
0600002B,152,Apprentissage,15,32211023012
0600002B,98,Apprentissage,15,32211023206
0312686B,44,Apprentissage,6,23K00025309
0312686B,128,Apprentissage,9,23K00025308
0312686B,46,Apprentissage,9,23K00025312
0030126W,32,Apprentissage,8,32211023012
0370749N,128,Scolaire,18,32211031311
0212045J,74,Apprentissage,15,32211032209
0530068L,98,Apprentissage,8,32211031213
0594621C,125,Apprentissage,40,32211033608
0410592W,61,Apprentissage,15,32211023412
0220065B,173,Scolaire,18,32211031313
0311989U,68,Apprentissage,15,32211031216
0580032V,44,Apprentissage,10,32211032409
0382895R,84,Apprentissage,5,32211022106
9840268U,54,Scolaire,28,23K00033413
0131786W,172,Apprentissage,24,32211025215
0596698K,7,Apprentissage,25,32211032409
0811374D,52,Apprentissage,50,32211031409
0756413N,738,Apprentissage,100,32211025303
0142468G,118,Apprentissage,25,32211031312
0370759Z,56,Apprentissage,10,32211031408
0142468G,90,Apprentissage,25,32211031313
0142468G,42,Apprentissage,25,32211031311
0142468G,41,Apprentissage,25,32211032409
0142468G,56,Apprentissage,25,32211031409
0142468G,115,Apprentissage,25,32211031213
0142468G,47,Apprentissage,25,32211033002
0451805T,146,Apprentissage,10,32211032003
0451805T,174,Apprentissage,10,32211031212
0451805T,136,Apprentissage,10,32211031213
0595778K,37,Apprentissage,15,32211032409
0740051D,147,Apprentissage,4,32211033426
0353021U,84,Apprentissage,25,32211032612
0531065V,39,Apprentissage,2,32211032003
0342555T,20,Apprentissage,30,32211031409
0881449X,2,Apprentissage,10,23G00021213
0301881G,46,Apprentissage,30,32211031409
0301907K,23,Apprentissage,20,32211031212
0756347S,78,Apprentissage,30,32211031408
0010014K,283,Apprentissage,24,32211031409
0741627S,111,Apprentissage,14,32211031408
0921595J,126,Apprentissage,5,23K00033501
7200093N,193,Scolaire,18,32211031212
7200680B,78,Apprentissage,30,32211032003
0141872J,123,Apprentissage,25,32212021015
0731518D,79,Apprentissage,25,32211031409
0290012F,72,Scolaire,4,32211020111
0290012F,97,Scolaire,4,32211025520
0290012F,113,Scolaire,12,32211025521
0290012F,99,Scolaire,4,32211025219
0190849V,15,Apprentissage,15,32211022711
0622305U,40,Apprentissage,12,32211023412
0861277W,18,Apprentissage,10,32211025001
0672601N,21,Apprentissage,20,23K00033414
0756075W,165,Apprentissage,20,32211032003
0620052V,38,Apprentissage,8,32211023206
0620056Z,169,Scolaire,15,32211025521
0601164P,64,Scolaire,24,32211031409
0801479Y,461,Scolaire,53,32211032003
0020012C,102,Scolaire,18,32211033002
0100948B,70,Apprentissage,24,32212021401
0570030Y,198,Scolaire,18,32211033002
0170020E,53,Scolaire,18,32211031216
0341699M,142,Apprentissage,24,32212021206
0170051N,134,Scolaire,24,32211031408
0593061G,126,Scolaire,36,32211033002
0860029P,16,Apprentissage,12,23K00025508
0370983T,40,Apprentissage,25,32211025213
0370983T,25,Apprentissage,25,32211025218
0521032P,30,Apprentissage,3,32211023412
0630022G,950,Scolaire,23,32211025303
0570085H,239,Scolaire,24,32211032409
0771357G,122,Scolaire,18,32212034101
0624254M,58,Apprentissage,12,32211031103
0771237B,170,Apprentissage,25,32211031312
0753537M,301,Scolaire,42,32211022210
0031067U,53,Apprentissage,22,32212021401
0431012S,65,Apprentissage,25,32212021007
0754666P,413,Scolaire,40,32211032003
0630022G,314,Apprentissage,1,32211025303
0340069R,113,Apprentissage,12,32211025217
0942354Y,150,Scolaire,30,32211032612
0750330B,258,Scolaire,36,32211022208
0290051Y,181,Scolaire,30,32211033002
0340006X,93,Apprentissage,15,32211023012
9730308X,251,Scolaire,22,32211031213
0781069N,108,Scolaire,42,32212021207
0020060E,82,Scolaire,16,32212031203
0430112N,115,Scolaire,20,32212021007
0370888P,788,Scolaire,15,32211023305
0450064A,157,Scolaire,15,32211023108
0450066C,73,Scolaire,10,32211025216
0450066C,148,Scolaire,10,32211025217
0131403E,111,Scolaire,26,32211031216
0071392A,29,Apprentissage,15,23G00021221
0313156M,87,Apprentissage,8,32211020116
0622089J,34,Scolaire,15,23K00023306
0600041U,6,Scolaire,15,23K00022704
0134038U,12,Apprentissage,15,32211031408
0134038U,29,Apprentissage,15,32211031213
0672877N,47,Apprentissage,15,32211031311
0783822F,38,Apprentissage,15,32211031408
0134032M,7,Apprentissage,16,32211033607
0134032M,130,Apprentissage,24,32211033426
0134032M,62,Apprentissage,24,32211031408
0131681G,111,Scolaire,15,32211022210
0131398Z,361,Scolaire,45,32211031312
0671639T,219,Scolaire,26,32211033002
0810095N,179,Scolaire,24,32211032003
0710054Y,56,Apprentissage,12,32211025520
0580032V,120,Apprentissage,12,32211031213
0350700W,58,Apprentissage,23,32212034302
0480023P,32,Scolaire,25,32211033608
0692706S,132,Apprentissage,20,32211033426
0360043B,39,Apprentissage,9,32211025520
0400139J,76,Scolaire,19,32212034101
0660552S,209,Scolaire,22,32211033115
0790924A,94,Apprentissage,32,32211031311
0790924A,1,Apprentissage,11,32211023412
0650014M,56,Apprentissage,20,32211033422
0760024N,30,Apprentissage,15,32211025415
0420043U,444,Scolaire,15,32211023012
0660552S,215,Scolaire,20,32211033107
0350709F,267,Scolaire,15,32211023306
0311213A,309,Scolaire,24,32211031313
0300109F,76,Scolaire,35,32211033002
0560181T,102,Scolaire,15,32211022709
0940126B,392,Scolaire,24,32211022711
0750677D,264,Scolaire,15,32211033607
0932492D,96,Apprentissage,20,32211025217
9720615L,37,Scolaire,20,32211031311
0673020U,39,Apprentissage,20,32211025014
0682021C,78,Apprentissage,24,32211025520
0682021C,23,Apprentissage,16,32211025001
0673018S,37,Apprentissage,16,32211025001
0673018S,104,Apprentissage,48,32211025014
0682022D,69,Apprentissage,48,32211025014
0671509B,44,Apprentissage,12,32211022316
0062093T,116,Apprentissage,8,32211025520
0110680E,52,Apprentissage,18,32211031409
0060776L,149,Apprentissage,24,32211031213
0060776L,82,Apprentissage,24,32211032409
0430020N,75,Scolaire,8,32211020009
0311219G,518,Scolaire,24,32211031215
0692866R,538,Scolaire,15,32211022709
0311341P,157,Apprentissage,13,32211023206
0572698Y,55,Apprentissage,40,32211025520
0881452A,92,Scolaire,26,32212021401
0881452A,39,Scolaire,26,32212031203
0600040T,79,Apprentissage,15,32211031408
0141815X,160,Apprentissage,15,32211031212
0382203N,37,Apprentissage,8,23K00022704
0382203N,34,Scolaire,15,23K00022704
0672477D,50,Apprentissage,15,32212034302
0860818X,126,Scolaire,19,32212021401
0440069L,34,Apprentissage,5,32211022316
0440334Z,82,Apprentissage,40,32211025520
0850609A,196,Scolaire,40,32212021207
0624103Y,32,Apprentissage,15,32211025520
9741233X,366,Scolaire,34,32211031409
9741060J,49,Scolaire,28,32212034101
0490840X,44,Scolaire,18,32211031409
9740679V,116,Scolaire,28,32211031212
0131775J,287,Apprentissage,18,32211033107
0342066L,850,Scolaire,28,32211033115
0090003E,156,Scolaire,12,32211031212
0090018W,85,Scolaire,18,32211033002
0451037H,62,Scolaire,8,32211025014
0370040T,321,Apprentissage,30,32211032209
0911254U,381,Apprentissage,15,32211033608
9730309Y,62,Scolaire,28,32211033422
0011413F,15,Apprentissage,18,32211031408
0752830U,37,Apprentissage,10,23K00033413
0131436R,166,Scolaire,15,32211020116
0932046U,617,Apprentissage,14,32211031103
0671509B,208,Scolaire,15,32211025521
0630054S,277,Scolaire,15,32211024207
0290340M,229,Scolaire,35,32211033206
0311201M,284,Scolaire,20,32211024207
0690093B,157,Scolaire,24,32211034304
0750711R,843,Scolaire,24,32211031311
0281041E,63,Apprentissage,20,32212021015
0011413F,16,Apprentissage,18,32211031409
0011413F,24,Apprentissage,22,32211031213
0011413F,25,Apprentissage,22,32211031212
0442291B,37,Apprentissage,25,32211031409
0442291B,92,Apprentissage,20,32211031312
0170058W,178,Scolaire,24,32211031409
0281197Z,327,Scolaire,33,32211031212
0920170K,615,Scolaire,16,32211033608
0920150N,1127,Scolaire,30,32211023305
0530013B,15,Scolaire,15,23K00025406
0440074S,28,Scolaire,10,23K00025406
0590098L,169,Scolaire,24,32211033206
0592611T,80,Scolaire,18,32211023013
0590215N,206,Scolaire,24,32211031216
0350011X,199,Scolaire,14,32211024305
0860039A,425,Scolaire,15,32211024207
0142467F,118,Apprentissage,27,32211031213
0180847Y,36,Apprentissage,15,32211025213
0312408Z,314,Scolaire,18,32211031312
9711252J,47,Scolaire,18,32211031408
0750783U,167,Scolaire,28,32211025415
0740098E,76,Apprentissage,15,32211033426
0221712S,107,Apprentissage,15,32212021304
0762880T,111,Scolaire,15,32211025521
0421788R,309,Scolaire,24,32211031313
0021831E,26,Apprentissage,20,32211033426
0352446U,20,Scolaire,12,23K00033413
0141687H,140,Apprentissage,24,32211025215
0500036T,54,Apprentissage,18,32211031216
0291842V,13,Scolaire,15,32212031202
0353021U,67,Apprentissage,25,32211033002
0861312J,95,Apprentissage,25,32212021015
0450750W,66,Scolaire,15,32211025014
0640111Y,415,Scolaire,35,32211031215
0292123A,66,Apprentissage,15,32211031213
0332550T,138,Apprentissage,4,32211032328
0100824S,23,Apprentissage,8,32211022711
0131518E,63,Apprentissage,15,32211033608
0721337M,10,Apprentissage,15,32211033002
0332813D,134,Apprentissage,24,32211031311
0150747F,23,Apprentissage,5,32211020114
0630021F,178,Apprentissage,15,32211032209
0791115H,77,Apprentissage,16,32212021207
0851227X,32,Apprentissage,20,32212021007
9741231V,111,Apprentissage,4,32211033002
0240026Y,28,Apprentissage,5,32211022316
0161077J,48,Apprentissage,23,32212021112
0530863A,85,Apprentissage,25,32212021007
0600020W,24,Apprentissage,2,32211025412
0600020W,15,Apprentissage,2,32211022316
0731506R,80,Apprentissage,20,32211025215
0561949P,54,Apprentissage,24,32211025520
0561949P,118,Apprentissage,24,32211025413
0690642Y,201,Apprentissage,20,32211031408
0130049H,1367,Scolaire,15,32211033111
0130053M,107,Scolaire,12,32211022003
0681955F,120,Apprentissage,15,32211031408
0756074V,91,Apprentissage,90,32211031213
0061992H,104,Apprentissage,50,32211031312
0353078F,54,Apprentissage,5,32211031409
0763567P,38,Apprentissage,20,32211033422
0341736C,842,Scolaire,18,32211034502
0020034B,36,Apprentissage,5,32211020009
0020034B,57,Apprentissage,2,32211020116
0682076M,29,Apprentissage,20,32211031212
0682076M,70,Apprentissage,20,32211033426
0624510R,18,Apprentissage,25,32211032409
0682076M,29,Apprentissage,20,32211032409
0352660B,188,Apprentissage,14,32211023013
0596995H,28,Apprentissage,20,32211031409
0600015R,26,Apprentissage,5,32211020111
0600015R,74,Apprentissage,6,32211032409
0070031W,114,Apprentissage,4,32211034401
0530012A,46,Apprentissage,6,32211025520
0530068L,48,Scolaire,18,32211033422
0490828J,15,Scolaire,12,32211022711
0230018V,3,Scolaire,10,23K00023304
0951673C,312,Apprentissage,15,32211022711
0450807H,480,Apprentissage,25,32211033426
0352660B,159,Apprentissage,13,32211023108
0133314G,53,Scolaire,25,32211025522
0731589F,57,Apprentissage,15,32211033426
0780422K,575,Apprentissage,12,32211031212
0912251C,362,Apprentissage,15,32211033002
0430855W,26,Apprentissage,15,32211023412
0931272C,1085,Scolaire,12,32211020116
0631450J,68,Apprentissage,12,32211025215
0810791V,67,Apprentissage,24,32211023012
0251749R,84,Apprentissage,14,32211024305
0090013R,29,Apprentissage,5,32211025005
0650005C,23,Apprentissage,4,32211020111
0682117G,236,Apprentissage,22,32211033107
0451463W,52,Apprentissage,20,32212021115
0620167V,21,Apprentissage,10,23K00025508
0570057C,441,Apprentissage,24,32211031409
0570057C,299,Apprentissage,24,32211032409
0570057C,422,Apprentissage,24,32211031408
0570057C,245,Apprentissage,24,32211033002
0350709F,212,Scolaire,14,32211023411
0660488X,9,Apprentissage,6,23K00022704
0370749N,402,Scolaire,38,32211031215
0590125R,445,Scolaire,35,32211033422
0590255G,210,Scolaire,35,32211033608
0590121L,153,Scolaire,15,32211022711
0030126W,30,Apprentissage,16,32211025520
0751708Z,751,Apprentissage,10,32211032325
0030126W,13,Apprentissage,16,32211022711
0210017E,140,Apprentissage,14,32211032409
0141687H,297,Scolaire,15,32211020116
0770998S,60,Apprentissage,24,32211025215
0290184T,23,Apprentissage,15,32211020111
9840394F,217,Scolaire,22,32211031213
0131786W,139,Apprentissage,24,32211025217
0171455P,424,Apprentissage,12,32211025303
0290170C,135,Scolaire,15,32211023013
0694565M,32,Apprentissage,15,32211031409
0353087R,71,Apprentissage,30,32211031408
0342092P,171,Apprentissage,20,32211033426
0342092P,73,Apprentissage,20,32211032612
0380083J,245,Scolaire,12,32211022208
0280944Z,61,Scolaire,15,32211020116
0811105L,92,Apprentissage,6,32212021304
0831826J,27,Apprentissage,15,32211032003
0731589F,28,Apprentissage,15,32211031213
0530909A,67,Apprentissage,10,23G00021215
0831377W,16,Apprentissage,20,32211031212
0630077S,3,Apprentissage,12,23K00033501
0923131D,14,Apprentissage,60,32211020116
0181003T,7,Apprentissage,20,32211031409
9760338N,1419,Scolaire,30,32211033002
0240089S,39,Apprentissage,18,32211033608
0681888H,49,Scolaire,18,23K00033501
0080039Z,75,Scolaire,18,44210099901
0770924L,170,Scolaire,24,32211033206
0841026J,161,Apprentissage,48,32212021401
0381666E,58,Apprentissage,15,32211025001
0596316V,66,Apprentissage,30,32212021114
0383354P,143,Apprentissage,24,32212021401
0841026J,52,Apprentissage,24,32212021015
0660759S,171,Apprentissage,20,32211033115
0121423G,67,Scolaire,15,32211020116
0131782S,88,Apprentissage,5,32211025014
0210019G,240,Apprentissage,4,32211031408
0470744D,93,Apprentissage,30,32211031409
0131675A,130,Apprentissage,25,32211032003
0830042V,201,Apprentissage,2,32211031212
0772242U,137,Apprentissage,12,32211031213
0756492Z,140,Apprentissage,24,32211032612
0134518R,316,Apprentissage,15,32211031312
0741691L,55,Apprentissage,15,32211031408
0923054V,113,Apprentissage,25,32211031213
0851642Y,23,Apprentissage,5,32211025521
0923054V,81,Apprentissage,5,32211032003
0923054V,45,Apprentissage,7,32211031409
0923054V,45,Apprentissage,10,32211031408
0923054V,70,Apprentissage,5,32211032612
0111024D,49,Apprentissage,6,32212022115
0923054V,82,Apprentissage,10,32211033426
0923054V,248,Apprentissage,5,32211031215
0923054V,46,Apprentissage,5,32211033002
0640080P,18,Scolaire,14,23K00022704
0400027M,45,Scolaire,6,23K00025312
0131782S,73,Apprentissage,5,32211025015
0170020E,17,Apprentissage,6,32211034304
0920141D,804,Scolaire,24,32211032409
0922585K,117,Apprentissage,24,32211025001
0922585K,167,Apprentissage,20,32211020009
0220019B,27,Scolaire,15,23K00025406
0351972D,83,Apprentissage,40,32211025213
0951721E,256,Apprentissage,20,32211031213
0932221J,563,Scolaire,24,32211033206
0441823T,23,Apprentissage,5,32211022003
0931796X,473,Apprentissage,30,32211033111
0850136L,51,Apprentissage,24,32211031103
0020078Z,163,Apprentissage,15,32211033426
0590258K,596,Scolaire,24,32211034502
0560008E,28,Scolaire,10,23K00025406
0593077Z,40,Scolaire,36,32211022711
9711252J,69,Scolaire,18,32211031409
0410017W,134,Scolaire,18,32211032612
0932760V,34,Apprentissage,24,32211025415
0932618R,59,Apprentissage,24,32211022316
0132823Y,66,Apprentissage,25,32211033206
0312267W,108,Scolaire,12,44210099901
0831646N,107,Scolaire,15,32211031216
0672198A,265,Apprentissage,15,32211023012
0672198A,144,Apprentissage,15,32211023206
0672198A,170,Apprentissage,15,32211023013
0132828D,206,Apprentissage,24,32211031212
0641940L,97,Apprentissage,30,32212021115
0641940L,42,Apprentissage,36,32212022117
0382938M,57,Apprentissage,24,32211025213
0330142A,119,Scolaire,13,23K00031101
0500119H,74,Scolaire,18,32211031313
0671696E,68,Apprentissage,20,32211023411
7200093N,180,Apprentissage,20,32211031212
0624440P,434,Scolaire,35,32211031212
0840004Y,682,Apprentissage,18,32211031212
0942556T,0,Apprentissage,50,32211032003
0623981R,45,Apprentissage,16,32211033422
0360777Z,114,Apprentissage,45,32211031212
0360777Z,82,Apprentissage,45,32211031213
0870974L,134,Apprentissage,15,32212021207
0120006S,24,Apprentissage,6,32211022316
0831557S,86,Apprentissage,16,32212021112
0670050R,112,Apprentissage,24,32211022710
0670050R,44,Apprentissage,12,32211025218
0120006S,11,Apprentissage,4,32211022506
0431056P,18,Apprentissage,15,32211031213
0597237W,25,Apprentissage,15,32211031313
0672299K,13,Apprentissage,15,23K00033413
0313034E,77,Apprentissage,30,32211034502
0313034E,22,Apprentissage,30,32211031409
0801327H,130,Apprentissage,10,32211031216
0801327H,61,Apprentissage,12,23K00025509
0300026R,241,Apprentissage,12,32211023012
9760127J,623,Scolaire,24,32211032612
0673108P,92,Apprentissage,25,32211031103
0740009H,206,Apprentissage,15,32211031313
0721522N,116,Apprentissage,8,32211031212
0810791V,39,Apprentissage,24,32211022711
0593007Y,49,Scolaire,18,32211034304
0590184E,159,Apprentissage,8,32211032331
0680066C,92,Apprentissage,5,32211020009
0741418P,578,Apprentissage,16,32211031212
0312222X,130,Apprentissage,25,32212021007
0540030P,47,Scolaire,15,23K00025002
0791131A,29,Apprentissage,24,32212021114
0040548Z,22,Apprentissage,15,32211031213
0352767T,274,Scolaire,40,32211034502
0211799S,142,Apprentissage,32,32212021401
0511165P,76,Apprentissage,10,32211023305
0721522N,48,Apprentissage,5,32211031409
0753815P,257,Apprentissage,20,32211031212
0011073L,57,Apprentissage,10,32212021401
0320542R,26,Apprentissage,10,32211025218
0280967Z,40,Scolaire,24,32212034101
0800007Y,80,Apprentissage,15,32211031409
0382031B,81,Apprentissage,12,32211025017
0383506E,115,Apprentissage,20,32211031312
9741570N,124,Apprentissage,20,32211033206
0730805D,28,Apprentissage,15,32211031311
0134299C,54,Apprentissage,15,32211031409
0134299C,83,Apprentissage,15,32211031212
0490784L,226,Apprentissage,12,32211034401
0660655D,14,Apprentissage,14,32211031408
0333569A,80,Apprentissage,80,32211031213
0791131A,5,Apprentissage,24,23G00021108
0756357C,684,Apprentissage,200,32211031215
0756357C,187,Apprentissage,200,32211031213
0756357C,237,Apprentissage,200,32211031212
0756357C,131,Apprentissage,200,32211032409
0351963U,121,Apprentissage,22,32211031212
0351047Y,225,Apprentissage,20,32211032003
0221673Z,94,Apprentissage,25,32211031213
0190087S,21,Apprentissage,8,23G00021304
0312822Z,193,Scolaire,15,32211022710
0310054R,192,Scolaire,15,32211022316
0820004J,135,Scolaire,12,32211033422
0311902Z,469,Scolaire,12,32211032209
0951673C,339,Scolaire,30,32211022711
0593006X,34,Apprentissage,7,32211032409
0690104N,1378,Scolaire,15,32211020116
0570311D,47,Apprentissage,8,32211031311
0171209X,5,Apprentissage,6,23K00022704
0050007F,130,Scolaire,28,32211031409
0750707L,1520,Scolaire,35,32211031311
0601823F,267,Scolaire,18,32211033002
0690539L,256,Scolaire,26,32211031312
0751710B,111,Scolaire,15,32211022003
0620093P,122,Apprentissage,25,32211032409
0422160V,25,Scolaire,15,23K00033413
0134010N,478,Apprentissage,15,32211033111
0031041R,38,Apprentissage,10,32211033206
0251944C,32,Apprentissage,15,32211020111
0861419A,18,Apprentissage,12,32211033422
0921625S,104,Scolaire,12,23K00033413
0611119K,6,Apprentissage,15,23G00021407
6200189L,49,Apprentissage,10,32212021304
0490886X,156,Apprentissage,18,32211031212
0670041F,482,Scolaire,24,32211031409
0332473J,51,Apprentissage,25,32212021112
0370984U,57,Apprentissage,15,32211023206
0810791V,66,Apprentissage,24,32211023306
0382938M,39,Apprentissage,20,32211033002
0711566S,24,Apprentissage,10,32211020111
0660924W,20,Apprentissage,12,23K00033414
0480714R,8,Apprentissage,20,32211031409
0333440K,210,Apprentissage,50,32211032003
0753268V,1050,Apprentissage,24,32211031103
0860995P,154,Apprentissage,30,32211031312
0251888S,223,Apprentissage,60,32211031213
0251888S,236,Apprentissage,60,32211031212
0593060F,65,Apprentissage,36,32211031213
0590121L,61,Apprentissage,13,32211020111
0430098Y,48,Apprentissage,40,32211031213
0430098Y,27,Apprentissage,40,32211031409
0756002S,104,Apprentissage,20,32211025521
0921625S,94,Apprentissage,12,23K00033413
0570108H,60,Scolaire,15,32211025415
0332814E,115,Apprentissage,20,32211025014
0801900F,95,Scolaire,18,32211033002
0791168R,27,Apprentissage,8,32211031408
9711033W,72,Scolaire,8,32211032331
0170020E,73,Apprentissage,8,32211023012
0601500E,24,Apprentissage,20,32211032409
0601500E,48,Apprentissage,20,32211031408
0601500E,73,Apprentissage,20,32211031213
0602008G,54,Apprentissage,20,32211031408
0602008G,106,Apprentissage,20,32211031212
0062093T,73,Apprentissage,13,32211025014
0671509B,131,Apprentissage,24,32211025520
0670085D,269,Apprentissage,24,32211025520
0670085D,152,Apprentissage,18,32211020009
0602008G,53,Apprentissage,20,32211025014
0602008G,57,Apprentissage,20,32211032612
0602008G,63,Apprentissage,20,32211020116
0601484M,28,Apprentissage,20,32211025001
0601500E,17,Apprentissage,20,32211020009
0601500E,17,Apprentissage,20,32211025415
0060776L,84,Apprentissage,24,32211031311
0130056R,412,Scolaire,15,32211031103
0492298G,40,Apprentissage,22,32211020114
0721478R,25,Apprentissage,16,32211025520
0440029T,143,Apprentissage,14,32211023108
0440056X,7,Apprentissage,12,23K00025508
0720003M,36,Apprentissage,12,32211025415
0850033Z,71,Apprentissage,15,32211031216
9730364H,48,Scolaire,19,32212021016
0442960D,90,Apprentissage,20,32211032003
0442960D,176,Apprentissage,20,32211031215
9711272F,29,Apprentissage,20,32211031408
0333489N,40,Apprentissage,20,32211031408
9730421V,164,Scolaire,16,32211031215
0211217J,124,Scolaire,20,32212021015
9730423X,75,Scolaire,18,32211020114
0451602X,25,Apprentissage,25,32212021114
0440001M,394,Scolaire,16,32211031212
0333435E,145,Apprentissage,20,32211031213
0250001R,26,Apprentissage,15,32211034304
0911264E,213,Apprentissage,60,32211033107
0763003B,23,Apprentissage,6,32211025216
0763003B,109,Apprentissage,6,32211031103
0590060V,24,Scolaire,15,32211022316
0922653J,80,Apprentissage,20,32211032409
0161212F,24,Apprentissage,12,32211023205
0542394J,47,Apprentissage,25,32211031212
0130053M,44,Scolaire,12,32211022505
0693478F,296,Apprentissage,6,32211025215
0750588G,1333,Apprentissage,24,32211031408
0330135T,165,Scolaire,27,23K00033501
0383208F,85,Apprentissage,8,32211031409
0311716X,32,Apprentissage,8,32211022316
9710993C,152,Scolaire,30,32211031213
0721528V,27,Apprentissage,14,32211025014
0530816Z,9,Apprentissage,40,32212034101
0593061G,110,Scolaire,40,32211032612
0040590V,144,Apprentissage,12,32212021304
0741408D,72,Apprentissage,20,32212021015
0333019C,35,Apprentissage,8,23G00021006
0772884S,671,Apprentissage,25,32211031312
0861253V,77,Apprentissage,16,32211032612
9720727H,212,Scolaire,24,32211031213
0640131V,187,Apprentissage,24,32211031312
0570311D,79,Apprentissage,5,32211031408
0350791V,44,Apprentissage,14,32211022316
0672616E,223,Apprentissage,30,32211032209
0570311D,125,Apprentissage,5,32211031213
0382863F,47,Apprentissage,12,23K00025310
0382863F,59,Apprentissage,8,23K00025308
0730005J,36,Apprentissage,6,32211032409
0672198A,124,Apprentissage,10,32211022711
0592965C,139,Scolaire,35,32211031409
0592965C,112,Scolaire,35,32211031103
0941925G,43,Apprentissage,40,32211034304
0310047H,447,Apprentissage,12,32211031311
0870864S,182,Scolaire,24,32211033107
0332472H,48,Apprentissage,20,32212021401
0570311D,58,Apprentissage,8,32211032409
0240007C,113,Scolaire,24,32211033422
0212279N,141,Apprentissage,35,32211033115
0831809R,64,Apprentissage,24,32211022709
0831809R,41,Apprentissage,24,32211025015
0780424M,105,Apprentissage,14,32211031312
0170100S,167,Apprentissage,20,32211033426
0861360L,15,Apprentissage,16,32211025017
0860789R,55,Apprentissage,4,32211025219
0573838M,32,Apprentissage,10,32211031312
0573838M,20,Apprentissage,10,32211032003
0573838M,23,Apprentissage,20,32211031409
0300058A,27,Apprentissage,7,23K00025312
0420033H,92,Apprentissage,15,32211031408
0756328W,44,Apprentissage,50,32211032409
0756328W,69,Apprentissage,45,32211031409
0951974E,38,Apprentissage,2,23K00025002
0021740F,63,Apprentissage,20,32211031213
0941355M,1124,Apprentissage,16,32211032612
0130011S,105,Apprentissage,12,32211025014
9760182U,1092,Scolaire,35,32211031212
0940118T,517,Apprentissage,20,32211025520
0220094H,161,Apprentissage,24,32211031213
0571998M,86,Apprentissage,15,32211031213
0131690S,98,Apprentissage,24,32212021401
0451822L,76,Apprentissage,500,32211031212
0680066C,34,Apprentissage,5,32211022310
0680066C,123,Apprentissage,5,32211031311
0593006X,55,Apprentissage,6,32211031408
0510062R,42,Apprentissage,4,32211020116
0380034F,416,Apprentissage,16,32211031313
0590184E,310,Apprentissage,7,32211032330
0570108H,11,Apprentissage,12,32211031216
0440096R,23,Apprentissage,12,23K00025408
0701035V,65,Apprentissage,3,32211022709
0860823C,30,Scolaire,9,23K00025406
0250067M,66,Apprentissage,6,32211034401
0740047Z,172,Apprentissage,24,32211033422
0251021Z,57,Apprentissage,20,32211020009
0801720K,47,Apprentissage,15,32211033002
0171438W,95,Apprentissage,50,32211031408
0171438W,218,Apprentissage,80,32211031213
0171438W,64,Apprentissage,25,32211032612
0891327J,15,Apprentissage,20,32211031103
0682079R,205,Scolaire,24,32211033107
0451822L,57,Apprentissage,200,32211031213
0861228T,384,Apprentissage,10,32211031212
0010878Z,37,Apprentissage,12,32211031212
0912289U,110,Apprentissage,25,32211031213
0912289U,104,Apprentissage,25,32211031212
0912289U,85,Apprentissage,25,32211031408
0490072M,35,Apprentissage,35,32212031203
0571998M,38,Apprentissage,15,32211032409
0770998S,82,Apprentissage,24,32211033608
0022041H,26,Apprentissage,10,32212031204
0593007Y,11,Apprentissage,4,32211034304
0190071Z,30,Apprentissage,40,32211031409
0190071Z,53,Apprentissage,40,32211031213
0380018N,5,Apprentissage,12,32211031213
0383581L,70,Apprentissage,15,32211031409
0383581L,58,Apprentissage,15,32211031213
0512232Z,28,Apprentissage,6,32211031212
0062311E,115,Apprentissage,20,32211020116
0942515Y,369,Apprentissage,30,32211032330
0081177L,28,Apprentissage,6,32211031212
0942515Y,233,Apprentissage,30,32211032328
0062311E,74,Apprentissage,20,32211032612
0512232Z,5,Apprentissage,6,32211032612
0952196W,359,Apprentissage,5,32211025520
0340138R,163,Scolaire,25,32211034502
0601807N,138,Apprentissage,30,32211031212
0341699M,69,Scolaire,8,32211021304
0351914R,42,Scolaire,5,32211025518
0291107W,61,Scolaire,8,32211021304
0932046U,1529,Apprentissage,15,32211031212
0171432P,77,Scolaire,8,32211021304
0601807N,60,Apprentissage,30,32211031409
0597313D,56,Apprentissage,15,32211031212
0911826R,28,Apprentissage,20,23K00025406
0333444P,106,Apprentissage,22,32211031213
0120006S,8,Scolaire,7,32211022505
0330126H,1471,Scolaire,18,32211031213
0311902Z,300,Apprentissage,3,32211032209
0430065M,63,Apprentissage,5,32211033107
0260113G,297,Scolaire,30,32211033206
0830058M,35,Scolaire,12,23K00025508
0133878V,174,Apprentissage,15,32212021308
0133878V,64,Apprentissage,15,32211032612
0371495Z,72,Apprentissage,30,32211031409
0371495Z,93,Apprentissage,30,32211031213
0371495Z,132,Apprentissage,30,32211031212
0333489N,72,Apprentissage,20,32211032612
0511146U,65,Apprentissage,12,32211025014
0333489N,223,Apprentissage,20,32211031215
0750677D,272,Apprentissage,15,32211033607
0711078L,43,Apprentissage,15,32211031212
0711078L,29,Apprentissage,15,32211031409
0694567P,1,Apprentissage,10,32211031408
0597313D,25,Apprentissage,15,32211031409
0597313D,45,Apprentissage,15,32211031213
0597313D,32,Apprentissage,15,32211031408
0062052Y,208,Apprentissage,40,32211031312
0020014E,12,Apprentissage,5,32211022506
9741270M,16,Scolaire,9,23K00025406
0442984E,63,Apprentissage,20,32211031312
0753535K,1276,Apprentissage,21,32211031408
0442984E,50,Apprentissage,20,32211032208
0351884H,316,Apprentissage,45,32211031213
0560008E,41,Scolaire,10,44210099901
0560008E,38,Scolaire,10,44210099901
0210047M,24,Apprentissage,4,32211031409
0781069N,22,Apprentissage,40,32212021115
0211356K,79,Apprentissage,2,32211034401
0211431S,69,Apprentissage,15,32211023306
0211479U,15,Apprentissage,25,32211033422
0460529A,87,Scolaire,18,32211033422
9710055H,41,Scolaire,20,32211031409
0680034T,96,Apprentissage,6,32211020113
0680034T,129,Apprentissage,3,32211025521
0680039Y,480,Apprentissage,15,32211031212
0680001G,107,Apprentissage,6,32211031408
0932121A,517,Scolaire,13,32211032331
0060038J,248,Scolaire,15,32211023306
0383208F,59,Apprentissage,12,32211033002
0620095S,52,Apprentissage,8,32211023013
0391172M,43,Apprentissage,10,32211020116
0391172M,20,Apprentissage,10,32211020111
0861408N,213,Scolaire,36,32211033422
0300002P,267,Scolaire,35,32211033206
0580771Y,5,Apprentissage,12,23K00025406
0910715H,49,Scolaire,8,23K00025002
0510068X,320,Scolaire,24,32211031312
0780584L,188,Apprentissage,15,32211033002
0220071H,642,Scolaire,15,32211023305
0130049H,859,Scolaire,15,32211020116
0133244F,483,Scolaire,13,32211020116
0131391S,184,Scolaire,14,32211020116
0840940R,83,Scolaire,18,32211025521
0341621C,280,Apprentissage,50,32212021401
0580071M,171,Scolaire,12,44210099901
0550969E,152,Apprentissage,20,32212021015
0573246U,93,Apprentissage,24,32212021115
0573246U,92,Apprentissage,40,32212021401
0750711R,2727,Scolaire,35,32211031213
0442765S,2117,Scolaire,35,32211031215
0592965C,281,Scolaire,35,32211031212
0132010P,21,Apprentissage,10,32212021114
0623373E,15,Apprentissage,13,32211020111
0333460G,118,Apprentissage,30,32211020116
0590184E,459,Apprentissage,10,32211032329
0542492R,79,Apprentissage,18,32212021015
0672877N,201,Scolaire,15,32211031215
0630111D,121,Apprentissage,90,32211034502
0681948Y,177,Apprentissage,28,32211031212
0130235K,302,Apprentissage,15,32211034502
0333203C,129,Apprentissage,10,32211034502
0141687H,38,Scolaire,12,23K00025406
0490886X,117,Apprentissage,18,32211031213
0531021X,57,Apprentissage,12,32211033426
0651107A,106,Apprentissage,28,32212021401
0651107A,43,Apprentissage,20,32212021114
0131681G,170,Apprentissage,15,32211022209
0131681G,229,Apprentissage,15,32211033112
0131681G,123,Apprentissage,15,32211022208
0332282B,32,Apprentissage,3,32212034302
0062204N,881,Apprentissage,24,32211031213
0673240H,72,Apprentissage,60,32211031408
0673240H,242,Apprentissage,60,32211031313
0211090W,170,Apprentissage,7,32211033426
0211090W,55,Apprentissage,7,32211032409
0211090W,55,Apprentissage,7,32211031103
0211090W,83,Apprentissage,7,32211032612
0450042B,65,Apprentissage,2,32211020116
0450066C,101,Apprentissage,12,32211025014
0241254H,56,Apprentissage,30,32211033608
0624184L,59,Apprentissage,10,32212021007
0021740F,50,Apprentissage,20,32211031409
0755758B,80,Apprentissage,90,32211032409
0755758B,86,Apprentissage,90,32211031213
0755758B,173,Apprentissage,90,32211031212
0850028U,154,Apprentissage,25,32211034401
0754458N,184,Apprentissage,30,32211031213
0601484M,130,Apprentissage,20,32211031212
0391172M,16,Apprentissage,6,32211020009
0602008G,0,Apprentissage,20,32211025520
0601484M,61,Apprentissage,20,32211025014
0601484M,1,Apprentissage,20,32211025520
0601500E,36,Apprentissage,20,32211025014
0601500E,10,Apprentissage,20,32211022316
0180572Z,45,Scolaire,15,32211033608
0640131V,64,Apprentissage,22,32211031408
9741709P,97,Apprentissage,15,32211034502
0752846L,1756,Scolaire,24,32211031312
0450064A,137,Scolaire,15,32211023412
0610724F,205,Scolaire,24,32211023305
0180036S,19,Apprentissage,3,32211022316
0690040U,972,Scolaire,12,32211033111
0711896A,125,Scolaire,22,32211033206
0593034C,21,Apprentissage,15,32211020111
0320542R,24,Apprentissage,10,32211022709
0460028F,57,Apprentissage,12,32211022709
0750691U,488,Scolaire,30,32211022711
0830007G,270,Scolaire,15,32211031312
0870974L,12,Apprentissage,6,23G00021407
0280700J,24,Scolaire,10,23K00025123
0694551X,156,Apprentissage,40,32211033206
9740002J,178,Scolaire,18,32211031216
0597269F,58,Apprentissage,24,32211031212
0120096P,34,Apprentissage,15,32211023205
0941232D,231,Scolaire,12,44210099901
0210019G,468,Scolaire,24,32211034502
9741709P,68,Apprentissage,15,32211023305
9741709P,143,Apprentissage,15,32211031215
9741709P,49,Apprentissage,15,32211031103
0923067J,65,Apprentissage,50,32211031311
0080027L,134,Apprentissage,24,32211031313
0810103X,28,Apprentissage,25,32211031311
0100025Y,66,Apprentissage,12,32211025016
0134464G,56,Apprentissage,15,32211031213
0134448P,24,Apprentissage,20,32211031409
0592965C,52,Apprentissage,30,32211031213
0280925D,240,Scolaire,30,32211033608
0840005Z,487,Scolaire,15,32211020116
0121423G,97,Scolaire,12,32211031409
0573770N,143,Scolaire,15,32211023305
0210018F,152,Scolaire,15,32211022709
0440030U,138,Scolaire,12,32211022709
0640001D,181,Scolaire,30,32211022709
0640001D,125,Scolaire,30,32211022711
0490984D,58,Apprentissage,4,32211022709
0755978R,456,Apprentissage,50,32211031313
9741206T,68,Scolaire,11,32211022709
0210018F,96,Scolaire,12,32211022711
0750691U,520,Scolaire,30,32211022709
0460028F,77,Scolaire,15,32211022709
0940126B,373,Scolaire,24,32211022709
0390012B,177,Apprentissage,10,32211033426
0593040J,55,Scolaire,30,32211033422
0670085D,779,Scolaire,12,32211020116
0511145T,325,Scolaire,36,32211032003
9741186W,205,Scolaire,14,32211020116
0110936H,111,Apprentissage,50,32212021112
0672050P,424,Scolaire,40,32211031312
0922275Y,200,Apprentissage,20,32211033608
0110012D,134,Apprentissage,15,32211023012
0560105K,224,Scolaire,35,32211031213
0700018P,72,Scolaire,20,32211031216
0922650F,109,Apprentissage,70,32211031311
0752830U,197,Apprentissage,90,32211033422
0590214M,589,Scolaire,32,32211020116
0680034T,388,Scolaire,12,32211020116
0350769W,290,Scolaire,30,32211031212
0754030Y,70,Scolaire,17,32211031216
0671602C,75,Scolaire,35,32211031216
0221071V,53,Apprentissage,24,32211025216
0783344L,221,Scolaire,28,32211031215
0500036T,129,Scolaire,15,32211020116
0442984E,42,Apprentissage,20,32211033608
0333444P,123,Apprentissage,20,32211031212
0442984E,40,Apprentissage,20,32211031213
0831616F,81,Scolaire,3,32211020113
0442984E,74,Apprentissage,20,32211033426
0442984E,116,Apprentissage,20,32211033115
0442984E,100,Apprentissage,20,32211034502
0442984E,30,Apprentissage,20,32211033002
0442984E,61,Apprentissage,20,32211033206
0442984E,61,Apprentissage,20,32211032003
0271282X,37,Apprentissage,18,32211033002
0831616F,154,Scolaire,6,32211025520
0730043A,42,Apprentissage,4,32211025520
0691644M,161,Scolaire,15,32211025014
0682022D,32,Apprentissage,14,32211022316
0020032Z,61,Apprentissage,15,32211032409
0312723S,150,Apprentissage,40,32211031212
0312723S,46,Apprentissage,30,32211032612
0782092A,237,Apprentissage,30,32211031212
0791192S,23,Apprentissage,8,32211025520
0171625Z,43,Apprentissage,16,32211025415
0171625Z,41,Apprentissage,16,32211025001
0171627B,22,Apprentissage,16,32211025014
0910808J,191,Apprentissage,15,32211031213
6200003J,41,Apprentissage,3,32211025015
0801719J,13,Apprentissage,10,23G00021407
0421187M,37,Apprentissage,7,32211031213
0371713L,74,Apprentissage,15,32211022209
0292123A,80,Apprentissage,15,32211031212
0332282B,25,Apprentissage,3,32212022117
0440069L,44,Apprentissage,6,32211025520
0850609A,28,Apprentissage,35,32212021115
0623280D,78,Apprentissage,30,32211025213
0596322B,18,Apprentissage,24,23G00021407
0121479T,98,Apprentissage,36,32212021015
0755986Z,49,Apprentissage,20,32211031408
0631968X,42,Apprentissage,15,32211025520
0755986Z,52,Apprentissage,20,32211031409
0755986Z,41,Apprentissage,20,32211032409
0593256U,8,Apprentissage,15,32212031205
0590258K,295,Apprentissage,10,32211031408
0340045P,1844,Scolaire,30,32211031213
0511749Z,109,Apprentissage,25,32212021112
0771940R,102,Apprentissage,12,32211022316
0090015T,95,Scolaire,15,32211025520
0450786K,77,Scolaire,15,32211034304
0530012A,76,Apprentissage,6,32211023206
0142106N,19,Apprentissage,15,32211022316
0133501K,146,Apprentissage,30,32211031103
0811106M,48,Apprentissage,15,32212021015
0133334D,195,Apprentissage,28,32211033107
0313083H,36,Apprentissage,3,23K00025509
0380010E,187,Apprentissage,10,32211031409
0310032S,227,Scolaire,18,32211031213
0781984H,417,Scolaire,25,32211031409
0790024X,55,Apprentissage,4,32211025520
0672615D,54,Apprentissage,6,32211025415
0331719P,86,Apprentissage,24,32211031409
0841251D,45,Apprentissage,20,32211032003
0670041F,122,Apprentissage,4,32211031216
0750778N,72,Scolaire,12,44210099901
0300950V,172,Apprentissage,3,32211031213
0750778N,161,Scolaire,12,44210099901
9710991A,70,Scolaire,20,32211033206
0300950V,96,Apprentissage,3,32211031409
0596868V,142,Apprentissage,10,32211033608
0311341P,80,Apprentissage,15,32211023205
0831243A,218,Apprentissage,16,32211032612
0830025B,331,Scolaire,24,32211031409
0670089H,209,Apprentissage,20,32211025215
0050009H,96,Scolaire,15,32211033002
0021796S,42,Apprentissage,20,32211031213
0670041F,223,Apprentissage,6,32211031409
0370053G,42,Apprentissage,12,23K00025406
0680034T,106,Apprentissage,6,32211025001
0840077C,137,Apprentissage,5,32211031312
0440096R,97,Apprentissage,16,32211032612
0680034T,61,Apprentissage,3,32211025017
0310046G,111,Scolaire,12,23K00033414
0801300D,64,Apprentissage,20,32211031409
0511145T,111,Apprentissage,20,32211031409
0860009T,24,Apprentissage,4,32211031408
0511145T,80,Apprentissage,20,32211031408
0400018C,73,Apprentissage,15,32211031408
0880101G,66,Apprentissage,16,32211031409
0841251D,19,Apprentissage,20,32211031212
0171418Z,449,Apprentissage,4,32211031212
0602213E,12,Apprentissage,12,32211033422
0602213E,85,Apprentissage,20,32211031213
0841251D,37,Apprentissage,20,32211020116
0241320E,77,Apprentissage,10,32211032003
0670084C,338,Apprentissage,3,32211033112
0670071N,118,Apprentissage,5,32211031408
0492259P,21,Apprentissage,22,32212034101
0540030P,75,Apprentissage,15,32211034401
0573780Z,32,Apprentissage,10,32211031311
0573780Z,25,Apprentissage,15,32211031409
0383610T,32,Apprentissage,16,32211031213
0292338J,19,Apprentissage,16,32211020111
0923054V,28,Apprentissage,5,32211032409
0530068L,30,Apprentissage,6,32211031408
0640011P,110,Apprentissage,15,32211025520
0330126H,255,Apprentissage,12,32211032409
0880101G,104,Apprentissage,16,32211031213
0450782F,603,Apprentissage,20,32211032003
0811324Z,27,Apprentissage,12,23K00025406
0430058E,9,Apprentissage,12,32211022506
0430058E,8,Apprentissage,12,32211022505
0261542K,96,Apprentissage,36,32211025520
0142467F,151,Apprentissage,27,32211031215
0261542K,97,Apprentissage,36,32211025014
0753268V,2121,Apprentissage,35,32211031408
0601807N,123,Apprentissage,30,32211031213
0692514H,172,Apprentissage,20,32211025215
0692514H,75,Apprentissage,12,32211023013
0861219H,8,Apprentissage,20,32212031205
0340992U,32,Apprentissage,5,32211031216
0940821G,330,Scolaire,28,32211033115
0672602P,103,Apprentissage,16,32211025014
0430055B,26,Apprentissage,12,32211032612
0756363J,261,Apprentissage,150,32211033107
0622198C,111,Apprentissage,40,32211031213
0062362K,92,Apprentissage,55,32211031408
0750588G,2870,Apprentissage,24,32211031213
0756413N,10,Apprentissage,7,23K00025312
0160079Z,198,Scolaire,24,32211031212
0450807H,101,Apprentissage,12,32211022711
0932760V,41,Apprentissage,24,32211022316
0932760V,93,Apprentissage,24,32211025014
0932760V,102,Apprentissage,24,32211025015
0932760V,61,Apprentissage,24,32211025001
0761343X,70,Scolaire,15,32211025416
0880153N,57,Apprentissage,9,32211023412
0011468R,102,Apprentissage,30,32211031212
0300080Z,554,Scolaire,30,32211025303
9741173G,101,Scolaire,15,23K00031101
0741739N,160,Apprentissage,30,32212021304
0831837W,49,Apprentissage,30,32211031103
0942169X,93,Apprentissage,70,32211031216
0756413N,56,Apprentissage,15,23K00025308
0011468R,93,Apprentissage,30,32211031213
0440062D,92,Apprentissage,3,32211031216
0802207P,123,Apprentissage,25,32211031213
0440062D,55,Apprentissage,4,32211022711
0210056X,2,Apprentissage,12,23K00022704
0383581L,62,Apprentissage,15,32211031408
0942169X,436,Apprentissage,70,32211020116
0573746M,18,Apprentissage,20,32211031311
0190834D,45,Apprentissage,10,32211033107
0142365V,19,Apprentissage,10,23K00033501
0062410M,154,Apprentissage,30,32211032325
0942461P,109,Apprentissage,20,32211032612
0952107Z,235,Apprentissage,14,32211025215
0271073V,50,Apprentissage,15,32211031409
0851592U,59,Apprentissage,16,32211020009
0442349P,143,Apprentissage,16,32211020116
0490904S,59,Apprentissage,30,32211033422
0542519V,5,Scolaire,18,32212031205
0430021P,100,Apprentissage,4,32211031212
0430021P,36,Apprentissage,4,32211031408
0383208F,119,Apprentissage,12,32211031213
0261277X,358,Scolaire,17,32211034502
0860995P,26,Apprentissage,25,23K00033413
0333604N,51,Apprentissage,25,32211031213
0333604N,160,Apprentissage,25,32211032003
0100059K,118,Apprentissage,12,32211031212
0100059K,43,Apprentissage,10,32211031103
0100059K,49,Apprentissage,10,32211032612
0420985T,68,Apprentissage,12,32211025015
0010878Z,28,Apprentissage,12,32211031213
0711494N,24,Scolaire,12,32211032612
0421002L,58,Apprentissage,15,32211033608
0422160V,20,Apprentissage,12,23K00033413
0422160V,38,Apprentissage,24,32211033422
0420998G,40,Apprentissage,20,32211031213
0350793X,81,Apprentissage,16,32211025520
0350793X,112,Apprentissage,15,32211025014
0350793X,407,Apprentissage,15,32211023305
0560198L,59,Scolaire,15,32211022711
0370878D,99,Scolaire,16,32212031202
0292167Y,75,Apprentissage,23,32211031213
0510037N,198,Scolaire,18,32211031216
0672615D,16,Scolaire,12,23K00025406
0312289V,655,Scolaire,24,32211020116
0811387T,1,Apprentissage,30,32211032409
0930119Z,619,Apprentissage,15,32211032409
0211948D,74,Apprentissage,20,32211031212
0932046U,1049,Apprentissage,15,32211031213
0590060V,9,Apprentissage,15,32211022316
0595616J,67,Apprentissage,8,32211032409
0620229M,2,Apprentissage,1,23K00031201
0622275L,11,Apprentissage,15,23K00031201
0342264B,191,Apprentissage,20,32211033112
0342264B,45,Apprentissage,20,32211032208
0342264B,65,Apprentissage,20,32211033426
0342264B,72,Apprentissage,20,32211032003
0342264B,130,Apprentissage,20,32211031312
0342264B,81,Apprentissage,20,32211033002
0333246Z,329,Apprentissage,50,32211033107
0670087F,88,Scolaire,13,23K00033413
0010856A,14,Apprentissage,20,23K00025406
0932760V,93,Apprentissage,24,32211020009
0590258K,1190,Apprentissage,96,32211031213
0110007Y,78,Apprentissage,3,32211033002
0830923C,183,Scolaire,18,32211025014
0830923C,146,Scolaire,26,32211022711
0560181T,30,Scolaire,3,32211022710
0694286J,105,Apprentissage,15,32211031212
0694286J,81,Apprentissage,15,32211031312
0694286J,54,Apprentissage,15,32211031103
0420974F,32,Apprentissage,11,32211032612
0420974F,101,Apprentissage,16,32211031212
0352503F,90,Apprentissage,12,32211025014
0630021F,449,Scolaire,15,32211020116
0312863U,431,Apprentissage,20,32211031215
0620095S,71,Apprentissage,20,32211023206
0010965U,75,Apprentissage,15,32211022709
0590221V,95,Apprentissage,15,32211031103
0142178S,232,Apprentissage,13,32211024207
0780850A,9,Apprentissage,24,32211025415
0780850A,20,Apprentissage,24,32211022316
0932760V,70,Apprentissage,24,32211020111
0932760V,120,Apprentissage,24,32211025520
0470020S,30,Scolaire,15,32211022505
0770926N,739,Scolaire,35,32211033426
0260006R,22,Apprentissage,5,23K00033501
0260015A,351,Scolaire,24,32211031312
0771027Y,192,Scolaire,24,32211031216
0572820F,76,Apprentissage,27,32211023012
0642098H,43,Apprentissage,15,32211031409
0932760V,167,Apprentissage,24,32211020116
0400100S,39,Apprentissage,8,32211031212
0400100S,35,Apprentissage,8,32211031213
0400100S,81,Apprentissage,8,32211025215
0951684P,150,Apprentissage,25,32211031103
0780424M,133,Apprentissage,14,32211033608
0595856V,200,Scolaire,30,32211033002
0762765T,35,Apprentissage,10,23K00025408
0850076W,54,Apprentissage,25,32211031409
0440069L,90,Apprentissage,8,32211032409
0851592U,23,Apprentissage,14,32211025415
0490003M,91,Apprentissage,3,32211025521
0752961L,122,Scolaire,12,23K00033413
0292454K,95,Apprentissage,10,32211031212
0941940Y,257,Apprentissage,16,32211031212
0941940Y,58,Apprentissage,15,32211033607
0782602E,190,Scolaire,15,32211022710
0610021S,8,Scolaire,6,32211025414
0352983C,127,Apprentissage,25,32211031212
0680010S,257,Scolaire,24,32211033206
0671639T,527,Scolaire,30,32211031215
9760370Y,1080,Scolaire,35,32211032409
0070003R,192,Scolaire,12,32211031409
0341001D,128,Apprentissage,13,32211022106
0390033Z,27,Apprentissage,15,23K00033413
0492303M,16,Apprentissage,12,32211022506
0352983C,183,Apprentissage,25,32211031213
0750708M,161,Scolaire,12,23K00033413
0333440K,114,Apprentissage,50,32211020116
0753815P,250,Apprentissage,20,32211031312
0333440K,137,Apprentissage,50,32211033206
0333440K,88,Apprentissage,50,32211033002
0752068R,72,Apprentissage,25,32211031212
0171428K,660,Scolaire,20,32212021308
0900460L,82,Apprentissage,24,32211031212
0333016Z,25,Apprentissage,50,32211033422
0490904S,280,Apprentissage,25,32211023305
0442393M,78,Apprentissage,10,32211034401
0333016Z,61,Apprentissage,50,32211023013
0542295B,20,Apprentissage,10,32211020009
0542394J,47,Apprentissage,20,32211031103
0251888S,89,Apprentissage,30,32211031409
0251888S,56,Apprentissage,28,32211031408
0590121L,76,Apprentissage,13,32211022711
0593060F,129,Apprentissage,36,32211034401
0590121L,313,Apprentissage,13,32211020116
0590102R,166,Apprentissage,15,32211031213
0622949U,126,Apprentissage,15,32211031212
0596906L,99,Apprentissage,20,32211031312
0720930V,72,Apprentissage,24,32211031408
0631904C,132,Apprentissage,25,32212021401
0220094H,140,Apprentissage,24,32211031312
0211948D,107,Apprentissage,30,32211033426
0711921C,34,Apprentissage,24,32211031409
0711921C,66,Apprentissage,24,32211031212
0711921C,42,Apprentissage,24,32211032003
0711921C,45,Apprentissage,24,32211031213
0212255M,31,Apprentissage,18,32211033607
0451551S,111,Apprentissage,80,32211032003
0422370Y,131,Apprentissage,30,32211031212
0502010N,19,Apprentissage,20,32211031103
0502010N,20,Apprentissage,15,32211032409
0610698C,21,Apprentissage,8,32211032409
0142477S,70,Apprentissage,10,32211031212
0755986Z,5,Apprentissage,20,32211031213
0831821D,29,Apprentissage,15,32211031312
0673167D,163,Apprentissage,50,32211031212
0141599M,24,Scolaire,15,23K00025406
0641918M,100,Apprentissage,60,32211031213
0741622L,53,Apprentissage,15,32211031311
0351047Y,46,Apprentissage,20,32212031202
0422296T,64,Apprentissage,15,32211031312
0922972F,103,Apprentissage,30,32211033426
0130051K,474,Apprentissage,10,32211033112
0062140U,62,Apprentissage,15,32211031212
0062140U,43,Apprentissage,15,32211031213
0831662F,62,Apprentissage,15,32211031312
0831662F,73,Apprentissage,30,32211031212
0831662F,116,Apprentissage,15,32211031215
0142477S,57,Apprentissage,10,32211031213
0061610T,68,Apprentissage,4,32211032330
0130001F,467,Apprentissage,8,32211031408
0440267B,95,Apprentissage,18,32211033607
9741741Z,79,Apprentissage,20,32211031103
0763557D,129,Apprentissage,35,32211031212
0212254L,50,Apprentissage,20,32211033608
0350793X,234,Apprentissage,16,32211031213
0694524T,112,Apprentissage,10,32211031213
0460038S,38,Apprentissage,10,32211032209
0772244W,705,Apprentissage,20,32211031213
0592967E,44,Scolaire,20,23K00031101
C752887F,88,Apprentissage,30,32211032409
C752887F,88,Apprentissage,30,32211031409
0142468G,71,Apprentissage,25,32211034502
0134478X,21,Apprentissage,15,32211031409
0134478X,37,Apprentissage,15,32211032409
0134478X,72,Apprentissage,15,32211033426
0134476V,41,Apprentissage,15,32211033002
0500026G,135,Apprentissage,10,32211031212
0370053G,59,Apprentissage,2,32211020009
0763583G,58,Apprentissage,20,32211031409
0932123C,8,Scolaire,12,44210099901
0694441C,41,Apprentissage,20,32211031212
0763583G,68,Apprentissage,20,32211031408
0763583G,142,Apprentissage,20,32211031212
0763583G,146,Apprentissage,20,32211032003
0342264B,93,Apprentissage,20,32211033206
0762403Z,94,Apprentissage,20,32211032409
0762403Z,77,Apprentissage,20,32211031408
0682111A,59,Apprentissage,15,32211031212
0682111A,40,Apprentissage,15,32211031213
0932862F,114,Apprentissage,25,32211032612
0932862F,94,Apprentissage,25,32211032003
0932862F,68,Apprentissage,25,32211032409
0932862F,100,Apprentissage,25,32211031409
0292338J,36,Apprentissage,24,32211025014
0342264B,69,Apprentissage,20,32211031212
0342264B,102,Apprentissage,20,32211034502
0950641F,115,Apprentissage,8,32211022316
0750785W,1292,Apprentissage,14,32211025521
0694513F,64,Apprentissage,300,32211031408
0694513F,293,Apprentissage,300,32211031212
0694513F,143,Apprentissage,300,32211031409
0694513F,225,Apprentissage,300,32211032003
0694561H,259,Apprentissage,10,32211022209
0030907V,22,Apprentissage,19,32212021015
0851642Y,43,Apprentissage,12,32211022710
0851642Y,97,Apprentissage,8,32211025215
0851642Y,28,Apprentissage,6,32211025016
0911913K,68,Scolaire,12,44210099901
0950656X,38,Scolaire,12,44210099901
0492389F,217,Apprentissage,18,32212021401
0932343S,65,Apprentissage,20,23K00031101
0251263M,332,Scolaire,17,32212021304
0211579C,29,Scolaire,16,32212031203
0330119A,51,Scolaire,12,23K00025406
9760338N,618,Scolaire,30,32211025520
0741532N,103,Scolaire,15,32211031216
0690105P,161,Scolaire,10,32211025216
0421976V,340,Scolaire,15,32211020116
0650065T,26,Apprentissage,18,23K00033501
0062260Z,129,Apprentissage,50,32211031213
0530500F,29,Apprentissage,10,32211033607
0530500F,91,Apprentissage,8,32211025215
0490840X,26,Apprentissage,18,32211031409
0070001N,5,Apprentissage,13,23K00022704
0062260Z,53,Apprentissage,25,32211031409
0930120A,2358,Scolaire,24,32211031212
0120006S,8,Apprentissage,4,32211022505
0620027T,316,Scolaire,24,32211031213
0310046G,194,Scolaire,12,23K00033413
0130059U,587,Scolaire,14,32211032325
0260019E,30,Apprentissage,12,32211031216
0624176C,30,Apprentissage,5,23G00021220
0624176C,6,Apprentissage,5,23G00021223
0596315U,18,Apprentissage,7,32212031205
0171455P,35,Scolaire,12,32211022506
0240026Y,52,Apprentissage,5,32211025520
0240026Y,90,Apprentissage,4,32211025215
0440074S,26,Apprentissage,5,23K00025406
0530818B,97,Apprentissage,15,32212021015
0410892X,20,Apprentissage,24,32211025216
0560039N,75,Scolaire,15,32211025015
0560027A,311,Scolaire,30,32211033002
0490072M,387,Scolaire,24,32212021207
0561641E,49,Scolaire,15,32211022505
0754476H,1267,Scolaire,24,32211033115
0291790N,21,Apprentissage,15,32212021114
9840267T,160,Scolaire,17,32211031409
9840267T,142,Scolaire,17,32211031213
0693640G,10,Apprentissage,23,32211022505
0810012Y,62,Apprentissage,12,32211025213
0810012Y,58,Apprentissage,12,32211025218
0624499D,5,Apprentissage,10,23G00021108
0512223P,55,Apprentissage,50,32211033002
0681810Y,87,Apprentissage,12,32211023108
0694550W,113,Apprentissage,60,32211033002
0673020U,3,Apprentissage,12,23K00025406
0682021C,10,Apprentissage,12,23K00025406
0771436T,253,Scolaire,14,32212021207
0561529H,39,Apprentissage,20,32212031203
0291842V,7,Apprentissage,15,32212031205
0772884S,253,Apprentissage,20,32211031311
0694070Z,239,Apprentissage,30,32211032003
0451653C,17,Apprentissage,14,32211022316
0530863A,62,Apprentissage,25,32211033206
0492469T,87,Apprentissage,12,32211032612
0561987F,88,Apprentissage,50,32211031213
0741758J,64,Apprentissage,18,32211025014
0190018S,117,Apprentissage,16,32211023108
0230051F,14,Apprentissage,2,32211020111
0190010H,31,Apprentissage,3,32211020009
0870748R,40,Scolaire,8,23K00025122
0250010A,188,Apprentissage,5,32211031409
0311192C,46,Apprentissage,15,32211032612
0330126H,252,Apprentissage,12,32211031103
0330126H,939,Apprentissage,12,32211031312
0811377G,18,Apprentissage,40,32211032612
0312135C,44,Apprentissage,11,32211031409
0312135C,114,Apprentissage,18,32211033426
0312135C,64,Apprentissage,32,32211031408
0590221V,142,Apprentissage,15,32211032612
0340002T,163,Apprentissage,15,32211033206
0850609A,68,Apprentissage,35,32212021207
0360024F,58,Apprentissage,12,32211025215
0171455P,34,Scolaire,12,32211022505
0250043L,115,Apprentissage,18,32211031213
9760125G,415,Scolaire,30,32211025014
9760370Y,1736,Scolaire,35,32211031409
0771357G,96,Scolaire,17,32212031205
0350797B,332,Scolaire,35,32211031215
0030051P,45,Apprentissage,1,32211023411
0341477W,98,Apprentissage,24,32211033115
0690092A,184,Scolaire,12,32211033607
0690010L,320,Scolaire,15,32211022711
0391092A,30,Apprentissage,5,32211022316
0130003H,405,Scolaire,16,32211025521
0880019T,90,Apprentissage,12,32211031408
0596907M,421,Apprentissage,60,32211033107
0720034W,169,Apprentissage,12,32211034401
0570087K,62,Apprentissage,6,32211025520
0570087K,35,Apprentissage,2,32211020009
0421807L,86,Apprentissage,25,32211033206
0060014H,204,Apprentissage,5,32211025521
9711071M,174,Apprentissage,16,32211033107
0021908N,10,Apprentissage,20,32212034101
0281047L,116,Apprentissage,12,32211031311
0310053P,686,Scolaire,24,32211023012
0320030J,41,Scolaire,12,32211022316
0820883P,176,Scolaire,26,32211032612
0333464L,108,Apprentissage,30,32211031212
0281047L,339,Apprentissage,4,32211031212
0280044W,99,Apprentissage,4,32211033206
0280044W,55,Apprentissage,3,32211025520
0450042B,44,Apprentissage,9,32211020111
0880023X,63,Apprentissage,15,32211031103
0180035R,108,Apprentissage,2,32211031212
0450042B,69,Apprentissage,9,32211025520
0831743U,33,Apprentissage,15,32211031213
0831743U,57,Apprentissage,15,32211031212
9711312Z,65,Apprentissage,18,32211031213
0881709E,9,Apprentissage,12,23G00021406
0071476S,14,Apprentissage,15,32211031409
0763583G,90,Apprentissage,20,32211031213
0692800U,782,Apprentissage,15,32211031409
0694430R,392,Apprentissage,70,32211024207
0694430R,48,Apprentissage,40,32211033607
0694430R,108,Apprentissage,60,32211031409
0597322N,9,Apprentissage,25,23K00022703
0100022V,249,Apprentissage,15,32211031212
0851726P,32,Apprentissage,12,32211031213
0630022G,71,Scolaire,9,23K00025310
0441550W,128,Apprentissage,16,32212021206
0261397C,189,Scolaire,10,32211025215
0830007G,115,Apprentissage,17,32211031409
0330089T,43,Scolaire,15,23K00025406
9710884J,90,Scolaire,16,32211023205
0840021S,142,Scolaire,12,32211025520
0754037F,419,Apprentissage,30,32211020116
0754029X,152,Apprentissage,20,32211031216
0881721T,29,Apprentissage,12,32211025416
0542221W,6,Apprentissage,10,23K00025407
0430065M,45,Apprentissage,5,32211034502
0130071G,992,Apprentissage,10,32211031213
0210056X,5,Scolaire,12,23K00022704
0340994W,73,Apprentissage,10,32211031313
0442533P,278,Apprentissage,90,32211033107
0340994W,45,Apprentissage,30,32211031213
0542460F,123,Apprentissage,25,32211031312
0542460F,40,Apprentissage,25,32211031408
0542460F,39,Apprentissage,25,32211031213
0512205V,101,Apprentissage,30,32211033112
0763150L,41,Apprentissage,3,32211020111
0492015Z,135,Apprentissage,25,32211031409
0492015Z,300,Apprentissage,50,32211031213
0492015Z,420,Apprentissage,25,32211031212
0492015Z,78,Apprentissage,25,32211031103
0061920E,35,Apprentissage,9,23G00021407
0131402D,330,Scolaire,35,32211031212
9740082W,94,Scolaire,15,23K00033501
9741087N,80,Scolaire,15,23K00033501
6200189L,21,Apprentissage,10,32212034302
0573519R,92,Apprentissage,12,32211033107
0331719P,88,Apprentissage,24,32211031213
0333206F,26,Apprentissage,6,32211025520
0340012D,583,Scolaire,30,32211031213
0660809W,679,Scolaire,30,32211031312
0340061G,57,Apprentissage,12,32211025218
0762312A,46,Apprentissage,6,32211031216
0761341V,330,Apprentissage,25,32211031213
0761341V,140,Apprentissage,25,32211031408
0761341V,345,Apprentissage,25,32211031212
0761341V,124,Apprentissage,25,32211032409
0280942X,78,Apprentissage,10,32212022115
0711103N,40,Apprentissage,20,32212021015
0730039W,17,Scolaire,12,44210099901
0390809T,48,Apprentissage,10,23G00021215
0391153S,11,Apprentissage,2,23G00021213
0141815X,15,Apprentissage,10,23K00033414
0320677M,7,Apprentissage,16,23G00021213
0641752G,29,Apprentissage,16,23G00021406
0791046H,37,Apprentissage,40,23G00021221
0430098Y,41,Apprentissage,12,32211033426
0940137N,1317,Apprentissage,24,32211031212
0333489N,109,Apprentissage,20,32211032003
0333489N,192,Apprentissage,20,32212021308
0333489N,145,Apprentissage,20,32211033426
0150755P,14,Apprentissage,10,23G00022104
0421567A,95,Apprentissage,20,32211031212
0421567A,113,Apprentissage,20,32211031213
0442096P,331,Apprentissage,24,32211031212
0382373Y,30,Apprentissage,15,32211031213
0770945J,24,Scolaire,12,23K00025407
0590258K,323,Apprentissage,24,32211031409
0312332S,68,Apprentissage,20,32211031409
0311716X,181,Apprentissage,20,32211020009
0311716X,78,Apprentissage,20,32211025001
0311716X,101,Apprentissage,40,32211025014
0311716X,101,Apprentissage,60,32211025520
0311716X,88,Apprentissage,20,32211025415
0311716X,75,Apprentissage,12,32211025521
0311716X,108,Apprentissage,20,32211022710
9740910W,77,Scolaire,15,32211022711
0134155W,192,Scolaire,24,32211034304
9741051Z,248,Scolaire,15,32211023305
0131433M,11,Scolaire,15,23K00022704
9840001D,126,Scolaire,19,32211031212
9840465H,90,Scolaire,24,32211031408
0300106C,53,Apprentissage,18,32211022003
0130056R,96,Apprentissage,14,32211025216
0512205V,141,Apprentissage,60,32211033107
0512205V,198,Apprentissage,30,32211033111
0761817M,49,Apprentissage,15,32211023412
0602235D,133,Apprentissage,60,32211031213
0382031B,59,Scolaire,14,23K00025002
0670024M,431,Apprentissage,25,32211031213
0740017S,70,Apprentissage,15,32211022316
0761350E,133,Apprentissage,48,32211025014
0602235D,178,Apprentissage,30,32211031212
0134483C,1,Apprentissage,100,32211031213
0312135C,172,Apprentissage,20,32211031312
0312135C,117,Apprentissage,12,32211034502
0312135C,210,Apprentissage,40,32211032003
0312135C,182,Apprentissage,37,32211031213
0542293Z,52,Apprentissage,17,32211025520
0541361L,19,Apprentissage,10,32211031103
0542556K,49,Apprentissage,10,32211032612
0443043U,41,Apprentissage,25,32211031408
0541270M,79,Apprentissage,10,32211025520
0875097T,36,Apprentissage,16,32211031213
0751698N,111,Apprentissage,20,32211031103
0751698N,72,Apprentissage,20,32211032003
0470063N,61,Apprentissage,12,32211031313
0694602C,144,Apprentissage,25,32211020116
0772667F,332,Apprentissage,30,32211031215
0531065V,67,Apprentissage,10,32211031212
0641642M,51,Apprentissage,20,32212021015
0531065V,48,Apprentissage,8,32211031213
0062360H,19,Apprentissage,15,23K00031101
0380008C,356,Apprentissage,16,32211031212
0610018N,71,Apprentissage,15,32211023412
0694551X,354,Apprentissage,90,32211033107
0342456K,97,Apprentissage,50,32211031212
0952256L,62,Apprentissage,12,32211031103
0640181Z,70,Scolaire,13,32211020116
0672877N,61,Apprentissage,15,32211022209
0212273G,81,Apprentissage,10,32211031213
0672877N,121,Apprentissage,15,32211033112
0672772Z,91,Apprentissage,15,32211031408
0690018V,170,Apprentissage,12,32211024305
0353080H,42,Apprentissage,20,32211032409
0310088C,80,Apprentissage,12,32211023411
0595809U,51,Apprentissage,16,32211020113
0221909F,87,Apprentissage,10,32211023411
0922941X,8,Apprentissage,800,32211032003
0922941X,4,Apprentissage,800,32211031408
0922941X,14,Apprentissage,800,32211031212
0922941X,4,Apprentissage,800,32211031409
0511147V,14,Apprentissage,8,32211032409
0440246D,20,Apprentissage,5,23K00031101
0731392S,91,Apprentissage,4,32211032409
0731392S,121,Apprentissage,4,32211031408
0352446U,16,Apprentissage,12,23K00033413
0693267B,39,Apprentissage,20,32211025014
0952302L,160,Apprentissage,80,32211031312
0952302L,73,Apprentissage,50,32211031408
0841101R,53,Apprentissage,30,32211031103
0631959M,36,Apprentissage,20,32211031103
0280009H,60,Apprentissage,12,32211022710
0450066C,35,Apprentissage,6,32211025216
0370038R,92,Apprentissage,15,32211020113
0141418R,50,Apprentissage,5,32211031312
0141192V,61,Apprentissage,6,32211034401
0851726P,62,Apprentissage,12,32211031212
0380032D,15,Apprentissage,16,23K00023306
0380032D,21,Apprentissage,16,23K00031101
0212293D,123,Apprentissage,25,32211032003
0212293D,28,Apprentissage,25,32211032409
0190018S,265,Apprentissage,15,32211023206
0440254M,51,Apprentissage,5,32211031311
0870041X,15,Apprentissage,12,23K00025508
0101039A,15,Apprentissage,15,32211025415
0081059H,16,Apprentissage,30,32211031408
0791211M,61,Apprentissage,20,32211031311
0923084C,178,Apprentissage,60,32211033107
0923084C,246,Apprentissage,60,32211031212
0624254M,74,Apprentissage,12,32211031212
0756548K,219,Apprentissage,40,32211031215
0731612F,75,Apprentissage,15,32211033426
0731612F,72,Apprentissage,15,32211034502
0731612F,28,Apprentissage,15,32211031216
0831774C,86,Apprentissage,40,32211031215
0450762J,50,Apprentissage,20,32211033107
0382896S,135,Apprentissage,20,32211023305
0382896S,32,Apprentissage,20,32211032209
0382896S,44,Apprentissage,50,32211032328
0382896S,111,Apprentissage,50,32211032329
0382896S,81,Apprentissage,50,32211032330
0382896S,104,Apprentissage,50,32211032332
0624549H,49,Apprentissage,20,32211031409
0300058A,211,Apprentissage,15,32211022709
0352503F,37,Apprentissage,16,32211031216
0800001S,43,Apprentissage,15,32211025001
0651108B,23,Apprentissage,12,23G00021406
0490985E,83,Apprentissage,10,32211031311
0022044L,32,Apprentissage,15,32211023013
0801882L,88,Apprentissage,20,32211033422
0171401F,50,Apprentissage,12,32212031203
0631450J,99,Apprentissage,24,32211031213
0631450J,42,Apprentissage,6,32211033608
0460493L,42,Apprentissage,15,32211025520
0490072M,105,Apprentissage,35,32212021207
0741691L,66,Apprentissage,15,32211031409
0730805D,83,Apprentissage,15,32211031312
0772468P,225,Apprentissage,36,32211031408
0120621K,91,Apprentissage,18,32212022115
9740921H,378,Scolaire,12,32211033608
9741206T,70,Scolaire,11,32211022711
9741206T,143,Scolaire,15,32211023013
0132410Z,389,Apprentissage,16,32211031212
0130001F,285,Apprentissage,8,32211032409
0840005Z,157,Apprentissage,10,32211025215
0840005Z,178,Apprentissage,12,32211025014
0840763Y,92,Apprentissage,12,32211025415
0593006X,109,Apprentissage,30,32211033002
0011256K,49,Apprentissage,12,32211033608
0190834D,17,Apprentissage,10,32211033607
0132276D,87,Apprentissage,12,32211022003
0694434V,27,Apprentissage,20,32211031213
0670024M,198,Apprentissage,15,32211032409
0762312A,108,Apprentissage,24,32211025215
0761350E,59,Apprentissage,15,32211020009
0761350E,78,Apprentissage,40,32211025415
0382863F,22,Apprentissage,4,23K00025312
0241137F,199,Scolaire,18,32211033002
0290105G,61,Scolaire,12,23K00025308
0290105G,62,Scolaire,12,23K00025310
0761801V,77,Apprentissage,20,32211032209
0761801V,33,Apprentissage,10,32211022003
0741328S,35,Apprentissage,24,32211031213
0620093P,126,Apprentissage,25,32211031103
0380008C,314,Apprentissage,15,32211031213
0251750S,59,Apprentissage,15,32211022316
0610001V,40,Apprentissage,15,32211025520
0610001V,29,Apprentissage,3,32211025015
0332550T,208,Apprentissage,4,32211032330
0332550T,221,Apprentissage,4,32211032332
0332550T,90,Apprentissage,4,32211032331
0756024R,239,Apprentissage,28,32211031312
0382863F,716,Scolaire,15,32211025303
0630022G,33,Scolaire,9,23K00025312
0630022G,84,Scolaire,9,23K00025308
0631968X,22,Apprentissage,15,32211025415
0240006B,90,Scolaire,15,32211025415
0950812S,155,Apprentissage,25,32211031409
0912142J,474,Apprentissage,18,32211031103
0382440W,49,Apprentissage,1,23K00025122
0951721E,191,Apprentissage,20,32211031409
0131782S,66,Apprentissage,5,32211025001
0313123B,228,Apprentissage,20,32211023305
0131782S,91,Apprentissage,5,32211025415
0131782S,101,Apprentissage,5,32211022710
0281041E,18,Apprentissage,12,23G00021104
0350790U,110,Apprentissage,20,32211031213
0450762J,27,Apprentissage,15,32211031408
0251999M,176,Apprentissage,35,32211033107
0492451Y,114,Apprentissage,25,32211031313
0451551S,52,Apprentissage,80,32211031409
0371495Z,170,Apprentissage,30,32211032003
0371495Z,100,Apprentissage,30,32211032612
0371495Z,1,Apprentissage,12,23K00033413
0150030B,23,Apprentissage,3,32211031409
0312550D,109,Apprentissage,12,32211033206
0450762J,21,Apprentissage,20,32211031409
0791171U,4,Apprentissage,1,23K00025510
0261496K,23,Apprentissage,20,32211033608
0261496K,37,Apprentissage,20,32211031213
0602198N,60,Apprentissage,15,32211031212
0261509Z,155,Apprentissage,15,32211031215
0781070P,62,Apprentissage,25,32212031203
0680034T,148,Apprentissage,3,32211020116
0751708Z,1682,Scolaire,35,32211031409
0391172M,41,Apprentissage,12,32211025014
0681222J,121,Scolaire,16,32212021401
0622803K,258,Scolaire,30,32211020116
0220117H,71,Scolaire,16,32211022711
0631243J,43,Apprentissage,15,32211022709
0840606C,49,Apprentissage,24,32212021007
0610026X,18,Apprentissage,6,32211022316
0572820F,73,Apprentissage,27,32211023206
0260072M,31,Scolaire,12,32211025521
0300125Y,382,Scolaire,19,32311033114
0820044C,210,Scolaire,24,32211031215
0595809U,65,Scolaire,16,32211022003
0451755N,48,Apprentissage,20,32211031103
0212293D,122,Apprentissage,25,32211031212
0800046R,25,Apprentissage,12,32211025218
0593104D,65,Scolaire,38,32211033206
0710012C,22,Apprentissage,6,32211022003
0290070U,461,Scolaire,14,32211033115
0342536X,24,Apprentissage,15,32211031212
0810004P,42,Apprentissage,5,32211020111
0851235F,12,Apprentissage,20,32211033002
0601211R,212,Apprentissage,40,32211031409
0261462Y,56,Apprentissage,20,32211031212
0542533K,138,Apprentissage,75,32211031213
0542533K,69,Apprentissage,55,32211031409
0542533K,74,Apprentissage,30,32211031311
0501899T,58,Apprentissage,5,32212022115
0542533K,63,Apprentissage,30,32211032409
0333464L,102,Apprentissage,90,32211031213
0333460G,129,Apprentissage,30,32211031212
0031082K,183,Apprentissage,18,32211033107
0330003Z,230,Scolaire,16,32211032612
0330135T,131,Scolaire,27,32211025522
0020048S,297,Apprentissage,15,32211032332
0640011P,236,Scolaire,32,32211032612
0261462Y,17,Apprentissage,20,32211032409
0133979E,245,Apprentissage,16,32212021401
0160862A,102,Apprentissage,8,32211025217
0470038L,77,Apprentissage,15,32211023013
0560858D,159,Apprentissage,29,32212021015
0597241A,44,Apprentissage,15,23K00025308
0810004P,3,Apprentissage,5,32211031216
0353078F,167,Apprentissage,8,32211031212
0741710G,35,Apprentissage,15,32211031103
0540040A,783,Apprentissage,20,32211031213
0382660K,31,Apprentissage,20,32211031103
0590214M,91,Apprentissage,15,32211025520
0623981R,159,Apprentissage,14,32211031213
0620042J,278,Apprentissage,13,32211031213
0212293D,87,Apprentissage,25,32211031213
0442978Y,85,Apprentissage,10,32211031213
0062052Y,18,Apprentissage,40,32211033607
0694524T,211,Apprentissage,20,32211020116
0711815M,12,Apprentissage,15,23G00021304
0694524T,86,Apprentissage,10,32211031103
0711815M,10,Apprentissage,10,23G00021406
0400007R,44,Apprentissage,5,32211025521
0160862A,38,Apprentissage,6,32211025216
0333678U,132,Apprentissage,20,32211032332
0171209X,35,Apprentissage,12,32211023013
9760229V,717,Scolaire,15,32211031313
9760270P,937,Scolaire,35,32211031409
0755432X,290,Apprentissage,120,32211032612
0380092U,252,Scolaire,24,32211020009
0511565Z,69,Scolaire,15,32211022711
0754666P,200,Scolaire,28,32211033115
0681768C,166,Scolaire,20,32211022003
0290012F,23,Scolaire,12,23K00025003
0492298G,20,Apprentissage,12,32211022003
0442349P,19,Apprentissage,8,32211022003
0292252R,12,Apprentissage,12,23K00025003
0540076P,27,Apprentissage,8,23K00025308
0450808J,19,Apprentissage,20,32211031216
0560810B,135,Apprentissage,23,32211025215
0694366W,54,Apprentissage,25,32211032409
0333678U,82,Apprentissage,20,32211031312
0731248K,36,Apprentissage,3,32211020114
0381666E,78,Apprentissage,15,32211025521
0623325C,35,Apprentissage,15,32212021115
0380089R,58,Apprentissage,4,32211020113
0131484T,133,Scolaire,20,32211033426
0881760K,18,Apprentissage,12,32211023411
0333678U,52,Apprentissage,20,32211032003
0190832B,29,Apprentissage,10,32212031203
0810004P,64,Apprentissage,5,32211020009
0190010H,48,Apprentissage,3,32211025520
0190032G,76,Apprentissage,3,32211031212
0333678U,20,Apprentissage,20,32211031216
0770938B,94,Scolaire,24,44210099901
0333678U,237,Apprentissage,20,32211023305
0610021S,17,Apprentissage,6,32211022316
0401002X,106,Apprentissage,13,32211023411
0131775J,95,Apprentissage,18,32211025520
0511949S,27,Apprentissage,20,32211025415
0800046R,39,Apprentissage,5,32211031103
0440005S,75,Apprentissage,5,32211031409
0860039A,135,Apprentissage,12,32211033002
0352660B,132,Apprentissage,12,32211025015
0671832C,75,Apprentissage,6,32211031216
0622803K,65,Apprentissage,20,32211025520
0631450J,138,Apprentissage,24,32211031212
0333678U,82,Apprentissage,20,32211032328
0630022G,56,Apprentissage,1,32211020009
0400100S,36,Apprentissage,12,23K00033404
0212287X,26,Apprentissage,30,32211031213
0673225S,74,Apprentissage,25,32211031213
0673225S,91,Apprentissage,25,32211031212
0313217D,98,Apprentissage,60,32211031408
0090013R,22,Apprentissage,5,32211022316
0650026A,73,Apprentissage,4,32211031408
0650026A,59,Apprentissage,4,32211032612
0681222J,101,Scolaire,20,32212022117
0610026X,61,Scolaire,6,32211020009
0611152W,20,Apprentissage,15,32211020009
0220058U,192,Scolaire,15,32211025521
0710012C,35,Apprentissage,3,32211025521
0711566S,60,Apprentissage,25,32211025014
0351976H,98,Apprentissage,18,32212021401
0170029P,113,Apprentissage,5,32211025215
0031127J,51,Apprentissage,56,32211031212
0861327A,35,Apprentissage,5,32211031409
0861327A,68,Apprentissage,5,32211031212
0755198T,252,Apprentissage,30,32211031313
0755198T,209,Apprentissage,30,32211032003
0171209X,3,Apprentissage,6,23K00023304
0430947W,60,Apprentissage,6,32211031216
0721476N,21,Apprentissage,18,32212022117
0672689J,115,Apprentissage,10,32211034502
0422348Z,102,Apprentissage,25,32211031213
0740027C,30,Apprentissage,3,32211031216
0622114L,26,Apprentissage,6,32211031408
0593136N,55,Apprentissage,20,32211034502
0593071T,34,Apprentissage,18,32211032409
0593015G,33,Apprentissage,30,32211031213
0590072H,40,Apprentissage,12,32211020111
0590185F,193,Apprentissage,15,32211031408
0802218B,41,Apprentissage,24,32211031408
0802218B,78,Apprentissage,24,32211031212
0342515Z,195,Apprentissage,125,32211031213
0922946C,119,Apprentissage,60,32211032328
0922946C,190,Apprentissage,25,32211032329
0922946C,41,Apprentissage,60,32211031409
0922946C,178,Apprentissage,23,32211033115
0922946C,95,Apprentissage,60,32211033002
0922946C,129,Apprentissage,30,32211023306
0660989S,82,Apprentissage,12,32211031212
0660989S,59,Apprentissage,10,32211031409
0660989S,84,Apprentissage,12,32211031213
0490983C,24,Apprentissage,20,32211031103
0134471P,91,Apprentissage,15,32211031212
0134471P,93,Apprentissage,15,32211031213
0312945H,45,Apprentissage,16,32211023108
0951282C,108,Apprentissage,15,32211034401
0930119Z,261,Apprentissage,15,32211034401
0451653C,18,Apprentissage,12,23K00025406
0134471P,38,Apprentissage,15,32211031409
0632004L,237,Apprentissage,300,32211031215
0132276D,295,Apprentissage,12,32211032325
0030935A,56,Apprentissage,30,32211033608
0030935A,70,Apprentissage,18,32211031313
0030935A,82,Apprentissage,48,32211033426
0130150T,133,Apprentissage,25,32211031213
0040011R,109,Apprentissage,16,32211031216
0251643A,106,Apprentissage,30,32212021401
0840021S,116,Apprentissage,13,32211025520
0130053M,155,Apprentissage,6,32211022208
0130053M,71,Apprentissage,6,32211022003
0130053M,15,Apprentissage,4,32211022505
0130053M,20,Apprentissage,4,32211022506
0241332T,79,Apprentissage,20,32212021401
0241332T,61,Apprentissage,20,32212021112
0570057C,1207,Scolaire,30,32211031313
0951721E,161,Apprentissage,20,32211031408
0131782S,317,Apprentissage,5,32211025303
0570108H,36,Apprentissage,15,32211034303
0331708C,258,Apprentissage,24,32211031213
0381603L,142,Apprentissage,16,32211022208
0134289S,24,Apprentissage,15,32211032409
0900473A,208,Apprentissage,30,32211031212
0780273Y,146,Apprentissage,24,32211025014
0332813D,75,Apprentissage,10,23K00033404
0597345N,33,Apprentissage,60,32211032409
0597352W,17,Apprentissage,15,32211031213
0597350U,26,Apprentissage,15,32211031213
0597351V,19,Apprentissage,15,32211031213
0341919B,15,Apprentissage,4,23K00025508
0021502X,47,Apprentissage,12,32211031311
0470782V,53,Apprentissage,12,32211025014
0490003M,11,Apprentissage,5,23K00022704
0490003M,33,Apprentissage,5,23K00025509
0720034W,129,Apprentissage,12,32211023306
0756548K,85,Apprentissage,40,32211034401
0642176T,116,Apprentissage,500,32211031213
0642176T,136,Apprentissage,500,32211032003
0371418R,31,Apprentissage,2,32211025005
0312745R,92,Apprentissage,20,32211031213
0312745R,73,Apprentissage,20,32211033607
0831187P,44,Apprentissage,8,32211025014
0831187P,25,Apprentissage,6,32211025017
0682127T,49,Apprentissage,22,32211031409
0755758B,52,Apprentissage,60,32211031409
0755758B,104,Apprentissage,60,32211032612
0755758B,233,Apprentissage,90,32211033206
0755758B,144,Apprentissage,60,32211033002
0333628P,64,Apprentissage,45,32212031203
9711342G,35,Apprentissage,20,32211032612
0693267B,15,Apprentissage,12,32211033422
0541319R,301,Apprentissage,20,32211031215
0541319R,44,Apprentissage,20,32211032209
0763603D,117,Apprentissage,60,32211031213
0422306D,72,Apprentissage,20,32211031103
0942568F,66,Apprentissage,25,32211031409
0942568F,67,Apprentissage,25,32211031213
0942568F,48,Apprentissage,25,32211032612
0694590P,60,Apprentissage,50,32211031409
0694590P,138,Apprentissage,300,32211031213
0132010P,24,Apprentissage,16,32212021015
0831761N,23,Apprentissage,10,32211031213
0831761N,24,Apprentissage,10,32211032003
0281057X,145,Apprentissage,20,32211032003
0281057X,87,Apprentissage,20,32211031408
0561958Z,124,Apprentissage,14,32211023012
0841207F,73,Apprentissage,30,32211031409
0801194N,74,Apprentissage,12,32211025216
0451463W,156,Apprentissage,20,32212021304
0450042B,222,Scolaire,24,32211020116
0360003H,63,Apprentissage,12,32211031213
0810004P,41,Apprentissage,5,32211025521
0810004P,91,Apprentissage,5,32211020116
0500002F,291,Scolaire,15,32211033112
9710052E,71,Scolaire,15,32211034304
0750650Z,1135,Scolaire,24,32211033206
0600013N,137,Apprentissage,5,32211031408
0711566S,28,Apprentissage,10,32211020009
9840160B,49,Scolaire,16,32211022711
0640058R,254,Apprentissage,22,32211031212
0270044B,252,Scolaire,18,32211031312
0700882D,80,Scolaire,12,32211033422
0841207F,96,Apprentissage,40,32211031213
0422264H,45,Apprentissage,16,32211025014
0750685M,63,Apprentissage,16,32211020115
0672050P,156,Scolaire,26,32211031311
0801946F,4,Scolaire,15,23K00022704
0311145B,85,Scolaire,15,32211025015
0410992F,106,Apprentissage,12,32212022115
0221889J,82,Apprentissage,15,32211022709
0441823T,55,Scolaire,10,32211022003
0693328T,49,Apprentissage,15,32211022003
0590258K,323,Apprentissage,48,32211032612
0540076P,18,Apprentissage,8,23K00025310
0940822H,155,Apprentissage,16,32211023108
0020050U,236,Apprentissage,28,32211031212
0641934E,51,Apprentissage,10,32211020116
0342456K,130,Apprentissage,40,32211033002
0312723S,40,Apprentissage,50,32211033422
0694424J,111,Apprentissage,10,32211032612
0694673E,77,Apprentissage,20,32211031213
0694673E,18,Apprentissage,20,32211031408
0694673E,60,Apprentissage,30,32211032409
0134475U,113,Apprentissage,15,32211031313
0134475U,103,Apprentissage,15,32211031312
0134571Y,54,Apprentissage,15,32211031311
0142180U,129,Apprentissage,24,32212021015
9710921Z,27,Apprentissage,12,32211020114
0750785W,54,Scolaire,15,23K00025510
0132193N,3,Scolaire,12,44210099901
9741242G,11,Apprentissage,12,23K00025508
0330028B,1300,Apprentissage,8,32211031213
0312863U,179,Apprentissage,20,32211033426
0900355X,63,Scolaire,12,32211022003
0290108K,206,Scolaire,15,32211023306
0560070X,39,Scolaire,15,32211025017
0594278E,58,Scolaire,15,32211025415
0460010L,20,Apprentissage,4,32211022316
0694070Z,215,Apprentissage,50,32211032332
0570085H,198,Apprentissage,15,32211031213
0570085H,62,Apprentissage,3,32211032409
0241204D,10,Apprentissage,8,23K00025406
0342512W,72,Apprentissage,30,32211023206
0682087Z,54,Apprentissage,24,32211033002
9720927A,42,Apprentissage,40,32211032409
0353080H,70,Apprentissage,20,32211031213
0422327B,160,Apprentissage,20,32211031212
0756077Y,72,Apprentissage,60,32211031311
0070003R,35,Apprentissage,2,32211031408
0070003R,41,Apprentissage,2,32211031409
0721476N,3,Apprentissage,6,23G00021108
0810004P,93,Apprentissage,5,32211031408
0333563U,40,Apprentissage,15,32211031311
0540058V,111,Apprentissage,5,32211031409
0783325R,206,Apprentissage,25,32211031213
0750711R,365,Apprentissage,13,32211025001
0512201R,132,Apprentissage,20,32211031213
0592967E,100,Apprentissage,12,32211033206
0672592D,70,Apprentissage,20,32211031409
0693977Y,107,Apprentissage,20,32211032409
0693977Y,429,Apprentissage,20,32211031215
0492220X,7,Apprentissage,6,23G00033402
0694565M,73,Apprentissage,15,32211031408
0342092P,203,Apprentissage,20,32211033115
0754507S,702,Apprentissage,60,32211031215
0754507S,59,Apprentissage,60,32211031408
0421807L,122,Scolaire,25,32211033206
0694251W,247,Apprentissage,30,32211020116
0851227X,32,Apprentissage,20,32211025213
0694251W,211,Apprentissage,30,32211032612
0510034K,38,Apprentissage,4,32211020111
0342303U,369,Apprentissage,110,32211033107
0756413N,362,Apprentissage,50,32211020116
0682079R,45,Apprentissage,22,32211025521
0682079R,62,Apprentissage,22,32211032612
0682079R,83,Apprentissage,22,32211020116
0340045P,743,Apprentissage,3,32211031213
0190701J,30,Apprentissage,12,23K00025406
0230018V,153,Apprentissage,8,32211023305
0756413N,155,Apprentissage,50,32211032612
0831840Z,33,Apprentissage,15,32211031213
0831840Z,46,Apprentissage,15,32211032003
0831840Z,33,Apprentissage,15,32211031212
0831014B,165,Apprentissage,12,32211023012
0133787W,69,Apprentissage,15,32211032209
0756512W,436,Apprentissage,50,32211031312
0134476V,56,Apprentissage,15,32211031313
0134476V,47,Apprentissage,15,32211031312
0840709P,58,Apprentissage,16,32211020009
0840709P,69,Apprentissage,16,32211025520
0840709P,88,Apprentissage,16,32211031216
0840709P,29,Apprentissage,16,32211020111
0840709P,55,Apprentissage,16,32211025014
0783545E,43,Apprentissage,10,32211031408
0731613G,102,Apprentissage,25,32211031213
0301878D,8,Apprentissage,12,23K00033404
0061992H,97,Apprentissage,20,32211034502
0756457L,52,Apprentissage,100,32211033422
0134025E,169,Apprentissage,20,32211020116
0134025E,112,Apprentissage,20,32211032612
0383053M,68,Apprentissage,20,32211031213
0922954L,258,Apprentissage,5,32211032329
0922954L,219,Apprentissage,11,32211032332
0922954L,226,Apprentissage,5,32211032330
0134428T,160,Apprentissage,6,32211033107
0451304Y,175,Scolaire,24,32211033422
0540076P,389,Scolaire,15,32211025303
0310052N,52,Scolaire,10,23K00025002
0750674A,4689,Scolaire,24,32211031215
0780850A,43,Apprentissage,24,32211020009
0910622G,250,Scolaire,33,32211033002
0030905T,57,Apprentissage,6,32211025213
0810012Y,311,Scolaire,24,32211033206
0271724C,97,Apprentissage,20,32212021207
0511430C,66,Scolaire,15,23K00033501
9840465H,225,Scolaire,26,32211031215
0932343S,143,Apprentissage,20,32211031103
0640044A,54,Apprentissage,7,32211022208
0371436K,30,Apprentissage,10,23G00021406
9710884J,80,Scolaire,16,32211023206
0761350E,79,Apprentissage,18,32211025520
0761819P,78,Apprentissage,15,32211025015
0631852W,38,Apprentissage,28,32211032612
0624373S,34,Apprentissage,26,32211031213
0631974D,76,Apprentissage,20,32211031212
0631974D,43,Apprentissage,20,32211031213
0430966S,24,Apprentissage,20,32211031409
0632070H,43,Apprentissage,17,32211031212
0370749N,152,Scolaire,29,32211032612
0290034E,175,Scolaire,8,32211032328
0620162P,15,Apprentissage,15,32211025014
0760032X,15,Scolaire,15,32211022505
0010856A,33,Apprentissage,16,32211031216
0010856A,69,Apprentissage,12,32211020116
0420018S,248,Apprentissage,15,32211031312
0755198T,57,Apprentissage,50,32211031213
0755198T,145,Apprentissage,30,32211031212
0080039Z,189,Scolaire,24,32211031212
0511884W,438,Scolaire,15,32211020116
9711278M,21,Apprentissage,2,32211034304
0840110N,80,Apprentissage,20,32212022117
0731043M,116,Apprentissage,15,32211031103
0870041X,43,Apprentissage,3,32211025415
0341765J,357,Apprentissage,20,32211031212
0851642Y,31,Apprentissage,12,32211025014
0711964Z,18,Apprentissage,12,32211031213
0711964Z,15,Apprentissage,12,32211032409
0711964Z,21,Apprentissage,12,32211031212
9760125G,164,Apprentissage,15,32211031103
0763500S,146,Apprentissage,24,32211033107
9730514W,89,Scolaire,15,32211023013
0290012F,350,Scolaire,12,32211020116
0632004L,56,Apprentissage,300,32211031408
0632004L,119,Apprentissage,300,32211032003
0632004L,172,Apprentissage,300,32211031212
0632075N,161,Apprentissage,150,32211031212
0342456K,110,Apprentissage,40,32211032612
0261067U,65,Apprentissage,5,32212022115
0070114L,15,Scolaire,15,23K00033501
0770945J,118,Apprentissage,12,32211025520
0620190V,13,Apprentissage,3,23K00025407
0020052W,304,Scolaire,15,32211023305
0601470X,210,Scolaire,15,32211020116
0380091T,231,Apprentissage,5,32211031213
9711071M,216,Apprentissage,20,32211031313
0130003H,370,Apprentissage,12,32211020116
0490072M,241,Apprentissage,35,32212021015
0141941J,116,Apprentissage,18,32212021115
0470004Z,226,Apprentissage,6,32211031212
0511749Z,110,Apprentissage,15,32212031202
0741677W,43,Apprentissage,24,32211025014
0741677W,26,Apprentissage,12,32211025015
0741677W,74,Apprentissage,24,32211025005
0741677W,32,Apprentissage,14,32211025520
0511165P,74,Apprentissage,20,32211031212
0511165P,115,Apprentissage,20,32211031312
0781858W,95,Apprentissage,25,32211031408
0781858W,180,Apprentissage,40,32211032612
0781858W,101,Apprentissage,20,32211034502
0922794M,68,Apprentissage,12,32211031312
0922794M,37,Apprentissage,15,32211031409
0222044C,101,Apprentissage,12,32211023206
0342456K,109,Apprentissage,60,32211031213
0342456K,56,Apprentissage,40,32211031311
0391092A,35,Apprentissage,3,32211025014
0211531A,20,Apprentissage,25,32212021015
0520679F,43,Apprentissage,10,32211031409
0850086G,84,Scolaire,18,32211033608
0440086E,566,Scolaire,30,32211033002
0020048S,409,Apprentissage,15,32211032329
0756075W,75,Apprentissage,30,32211031213
0100025Y,185,Scolaire,15,32211022210
0313058F,91,Apprentissage,20,32211033002
0220064A,107,Scolaire,24,32211033422
0810004P,32,Apprentissage,5,32211022316
0560810B,34,Apprentissage,20,32211033422
0400004M,143,Scolaire,23,23K00033501
0134492M,40,Apprentissage,15,32211031213
0672118N,37,Scolaire,24,32212034101
0690040U,11,Apprentissage,3,32211025414
0312863U,83,Apprentissage,20,32211031408
0791029P,29,Scolaire,15,23K00025406
0131782S,40,Apprentissage,5,23K00025310
0080047H,49,Scolaire,15,23K00025123
0922978M,227,Apprentissage,30,32211031103
0630022G,23,Scolaire,12,23K00025408
0313058F,57,Apprentissage,20,32211032612
0313058F,56,Apprentissage,20,32211032409
0313058F,47,Apprentissage,20,32211031409
9720430K,196,Scolaire,24,32211033206
9720004X,83,Scolaire,24,32211020111
0831616F,78,Scolaire,3,32211022316
0311092U,48,Scolaire,12,23K00025406
0261392X,135,Apprentissage,60,32211033107
0592916Z,15,Apprentissage,12,32211031311
0380089R,128,Apprentissage,4,32211025521
0730012S,73,Apprentissage,16,32211033422
9740015Y,73,Scolaire,15,23K00031201
9741052A,37,Scolaire,12,23K00025308
0311177L,106,Scolaire,18,32211031216
0802097V,5,Apprentissage,20,32211022316
0313058F,78,Apprentissage,20,32211031408
0731248K,19,Apprentissage,3,32211022003
0741101V,208,Apprentissage,25,32211031213
9760206V,512,Scolaire,27,32212034101
0922661T,40,Apprentissage,25,32211032003
0596316V,119,Apprentissage,30,32212021401
0841203B,19,Apprentissage,15,32212021115
0840077C,137,Apprentissage,8,32211031213
0840077C,60,Apprentissage,4,32211031409
0840077C,45,Apprentissage,2,32211031408
0755902H,2059,Apprentissage,20,32211031312
0062394V,87,Apprentissage,25,32211031213
0261148G,62,Apprentissage,12,23K00033404
0682065A,105,Apprentissage,25,32211033608
0694652G,34,Apprentissage,24,32211032409
0694652G,29,Apprentissage,24,32211031213
0694652G,57,Apprentissage,24,32211032209
0211986V,113,Scolaire,8,32211023205
0460007H,108,Apprentissage,4,32211031212
0671639T,206,Apprentissage,15,32211031213
0312746S,482,Scolaire,18,32211034401
0221929C,102,Apprentissage,15,32211034401
0741622L,135,Apprentissage,15,32211031212
0730805D,60,Apprentissage,15,32211031409
0730029K,39,Apprentissage,18,32211033422
0313003W,234,Apprentissage,15,32211031312
0701029N,120,Apprentissage,25,32212021007
0440069L,60,Apprentissage,5,32211025415
0130006L,869,Apprentissage,20,32211031212
0141904U,15,Apprentissage,20,32212034101
0755902H,2097,Apprentissage,20,32211031213
0050009H,118,Apprentissage,10,32211031312
0831187P,117,Apprentissage,14,32211025215
0840733R,76,Apprentissage,15,32211025014
0441550W,46,Apprentissage,16,32211033422
0430098Y,32,Scolaire,25,23K00033501
0030124U,62,Apprentissage,20,32211031212
0311201M,430,Apprentissage,25,32211031213
0660059F,169,Apprentissage,28,32211031213
0660059F,129,Apprentissage,22,32211033426
0011276G,164,Apprentissage,16,32211025520
0491027A,147,Apprentissage,44,32212021015
0492352R,79,Apprentissage,24,32211025014
0351883G,48,Apprentissage,15,32211033422
0011170S,33,Apprentissage,15,32212034101
0741101V,107,Apprentissage,15,32211031408
0730774V,47,Apprentissage,12,32211025014
0070100W,41,Apprentissage,10,32211031103
0060028Y,56,Apprentissage,5,23K00033404
0300026R,180,Apprentissage,12,32211023206
0171571R,142,Scolaire,12,32211023013
0782092A,75,Apprentissage,30,32211031312
0840005Z,63,Apprentissage,10,32211025216
0593060F,124,Apprentissage,36,32211025215
0590184E,305,Apprentissage,9,32211032325
0762652V,169,Apprentissage,20,32212021015
0694089V,88,Apprentissage,50,32211023013
9740472V,88,Apprentissage,10,32211025520
0310032S,126,Apprentissage,6,32211031213
0310039Z,416,Apprentissage,20,32211032409
0110023R,92,Apprentissage,12,32211025015
0831646N,165,Apprentissage,14,32211033107
0602008G,53,Apprentissage,20,32211031409
0755758B,147,Apprentissage,90,32211031312
0670086E,1183,Scolaire,24,32211031313
0300950V,82,Scolaire,15,32211022106
0133650X,60,Apprentissage,16,32211025520
0931272C,946,Scolaire,30,32211023305
0940129E,26,Scolaire,7,23K00025406
0211986V,105,Apprentissage,8,32211031216
0382439V,51,Apprentissage,18,32212021015
0070001N,117,Apprentissage,6,32211031213
0942571J,154,Apprentissage,50,32211031312
0942571J,207,Apprentissage,50,32211031212
0942571J,128,Apprentissage,50,32211031213
0590093F,16,Apprentissage,12,23K00032601
0460750R,10,Apprentissage,20,32211025001
0540042C,148,Apprentissage,18,32211031216
0660520G,192,Apprentissage,12,32211033608
0801996K,147,Apprentissage,40,32212021115
0061610T,42,Apprentissage,8,32211031212
0830662U,61,Apprentissage,20,32211031213
0542548B,47,Apprentissage,20,32211031212
0573756Y,43,Apprentissage,10,32211033608
0212251H,120,Apprentissage,25,32211031213
9711051R,180,Apprentissage,25,32211031409
0081059H,14,Apprentissage,10,32211025415
0333233K,57,Apprentissage,15,32211031212
0333233K,19,Apprentissage,15,32211032409
0134137B,114,Apprentissage,25,32211031409
0171552V,26,Scolaire,12,32212034101
0631669X,51,Scolaire,18,23K00033414
0681750H,52,Apprentissage,10,32212031203
0332813D,286,Apprentissage,24,32211032003
0332813D,318,Apprentissage,24,32211033426
0762964J,213,Scolaire,15,32211023306
0754815B,77,Apprentissage,200,32211033422
0754815B,155,Apprentissage,200,32211032409
0383550C,55,Apprentissage,20,32211031212
0670084C,229,Apprentissage,3,32211033206
0580999W,41,Apprentissage,20,32211031409
0860755D,99,Apprentissage,8,32211033426
7200680B,117,Apprentissage,30,32211031312
0142248T,91,Apprentissage,20,32211032332
0342005V,116,Apprentissage,50,32211032003
0691654Y,20,Apprentissage,12,32211031216
0342005V,65,Apprentissage,50,32211031408
0342005V,50,Apprentissage,50,32211031311
0791005N,28,Apprentissage,24,23G00021007
0062070T,127,Apprentissage,15,32211032003
0061542U,115,Apprentissage,10,32211032003
0922869U,118,Apprentissage,300,32211031213
0312999S,128,Apprentissage,16,32211031213
0922869U,66,Apprentissage,70,32211033107
0922869U,100,Apprentissage,100,32211034401
0840940R,12,Apprentissage,15,23K00025510
0134428T,51,Apprentissage,4,32211032612
0841204C,50,Apprentissage,4,32211032612
0841173U,56,Apprentissage,15,32211032409
0062209U,60,Apprentissage,25,32211032612
0333672M,46,Apprentissage,30,32211031311
0731248K,38,Apprentissage,3,32211025216
0731248K,130,Apprentissage,3,32211025215
0741101V,118,Apprentissage,15,32211031409
0740148J,36,Apprentissage,14,32211033608
0422328C,85,Apprentissage,20,32212021015
0381861S,70,Apprentissage,20,32211032409
0133425C,211,Apprentissage,18,32211031213
0133425C,233,Apprentissage,18,32211031212
0131484T,126,Apprentissage,20,32211033426
0180561M,186,Scolaire,24,32211033426
0640001D,102,Apprentissage,10,32211031408
0010034G,160,Apprentissage,14,32211031212
0721528V,42,Apprentissage,24,32211025520
0597269F,40,Apprentissage,24,32211031409
0320677M,19,Apprentissage,15,23G00021218
0301758Y,30,Apprentissage,15,32211031213
0694126K,63,Apprentissage,20,32211031212
0694126K,49,Apprentissage,20,32211031213
0060029Z,808,Apprentissage,20,32211031213
0211356K,275,Scolaire,15,32211034401
0890070T,65,Scolaire,18,32211034401
0210018F,102,Apprentissage,3,32211022709
0580032V,37,Apprentissage,6,32211031408
0580031U,21,Apprentissage,6,32211025520
0081137T,28,Apprentissage,20,32211023206
0710026T,45,Apprentissage,2,32211025014
0710010A,97,Apprentissage,4,32211031408
0592973L,30,Scolaire,27,23K00033501
0890005X,65,Apprentissage,2,32211031408
0831243A,290,Apprentissage,16,32211031408
0371395R,30,Scolaire,15,32212034101
0721528V,47,Apprentissage,16,32211020009
0370728R,426,Scolaire,88,32211033426
0910623H,961,Scolaire,32,32211031409
0911251R,404,Scolaire,24,32211022210
0441972E,54,Apprentissage,20,32212021015
0623786D,149,Apprentissage,10,32212021308
0420974F,49,Apprentissage,15,32211031409
0292258X,45,Apprentissage,16,32211025015
0292258X,20,Apprentissage,12,23K00025406
0420043U,30,Apprentissage,3,32211022310
0781883Y,40,Scolaire,16,23K00033501
0952196W,131,Apprentissage,5,23K00033501
0383354P,47,Apprentissage,18,23G00021406
0631669X,173,Scolaire,16,23K00033413
0251400L,83,Apprentissage,30,32211022709
0221804S,58,Apprentissage,20,32212021115
0332497K,195,Apprentissage,25,32211031213
0550969E,6,Apprentissage,15,23G00021213
0332497K,110,Apprentissage,25,32211031409
0870004G,48,Scolaire,13,32211022710
0350795Z,287,Apprentissage,10,32211031212
0390812W,140,Scolaire,32,32211022106
0763165C,13,Apprentissage,10,23G00021406
0411086H,42,Apprentissage,50,32211031213
0332814E,230,Apprentissage,12,32211025303
0190071Z,53,Apprentissage,40,32211031212
0240006B,43,Apprentissage,6,32211025213
0631480S,143,Apprentissage,16,32211025215
0593027V,41,Scolaire,18,32211022710
0740082M,83,Apprentissage,12,32211032612
0062200J,38,Apprentissage,14,32211031409
0312723S,84,Apprentissage,50,32211031409
0133961K,87,Apprentissage,30,32211033608
0440069L,189,Scolaire,10,32211031103
0573246U,15,Apprentissage,24,23G00021406
0831187P,127,Scolaire,12,32211020116
0942447Z,130,Apprentissage,50,32211031409
0381818V,282,Apprentissage,20,32211031212
0660010C,23,Apprentissage,10,32211031312
0622807P,116,Apprentissage,26,32211033422
0492064C,32,Apprentissage,10,32211031311
0761735Y,71,Apprentissage,4,32211033002
0492064C,67,Apprentissage,20,32211031408
0492064C,61,Apprentissage,20,32211031409
0442801F,167,Apprentissage,50,32211031213
0442801F,102,Apprentissage,30,32211031409
0250011B,78,Apprentissage,12,32211020113
0342419V,199,Apprentissage,32,32211031312
0772902L,94,Apprentissage,20,32211031212
0772902L,45,Apprentissage,20,32211031408
0772902L,24,Apprentissage,20,32211032409
0771204R,130,Apprentissage,30,32211031312
0771204R,92,Apprentissage,30,32211031409
0771204R,143,Apprentissage,30,32211031408
9711261U,38,Apprentissage,15,32211031313
0811106M,36,Scolaire,15,32212031202
0923067J,176,Apprentissage,60,32211031213
0830960T,104,Apprentissage,12,32211022711
0831453D,48,Apprentissage,6,23K00033414
0870081R,53,Apprentissage,10,32211031408
0760005T,100,Apprentissage,11,32211031409
0353110R,43,Apprentissage,20,32211032003
0353110R,51,Apprentissage,20,32211031408
0353110R,94,Apprentissage,20,32211031212
0353110R,89,Apprentissage,20,32211031213
0353110R,88,Apprentissage,20,32211034502
0353110R,114,Apprentissage,20,32211031312
0620188T,8,Apprentissage,12,23K00033414
0932885F,159,Apprentissage,106,32211031212
0932885F,210,Apprentissage,106,32211031213
0592712C,56,Apprentissage,15,32211031213
0590215N,297,Apprentissage,16,32211031213
0342555T,35,Apprentissage,30,32211031212
0342555T,28,Apprentissage,30,32211031213
0342555T,44,Apprentissage,30,32211032003
0922869U,144,Apprentissage,140,32211031313
0781981E,81,Apprentissage,15,32211031312
0781981E,181,Apprentissage,15,32211031212
0560858D,108,Apprentissage,18,32212021207
0741437K,39,Apprentissage,12,32212034101
0050503V,43,Apprentissage,6,32211031212
0131549N,657,Apprentissage,25,32211031212
0596322B,112,Apprentissage,36,32212021115
0596322B,93,Apprentissage,40,32212021401
0490886X,79,Apprentissage,18,32211031409
0754239A,38,Scolaire,20,23K00032601
0623564M,20,Apprentissage,13,32211031409
0831760M,45,Apprentissage,10,32211031212
0380035G,168,Apprentissage,24,32211033422
0870118F,82,Apprentissage,12,32211025014
0310052N,48,Apprentissage,10,23K00025002
0130050J,211,Apprentissage,15,32211022710
0300027S,293,Apprentissage,3,32211031409
0340011C,419,Apprentissage,20,32211031213
0212251H,87,Apprentissage,25,32211031311
0660011D,483,Apprentissage,35,32211031212
0530012A,33,Apprentissage,3,32211025417
0681885E,78,Apprentissage,40,32211031312
0261542K,51,Apprentissage,12,32211020111
0593060F,32,Apprentissage,24,32211025218
9710067W,3,Scolaire,24,23K00022704
0540041B,732,Apprentissage,40,32211031312
0222026H,30,Apprentissage,4,32211025520
0383474V,94,Apprentissage,20,32211031408
0451653C,18,Apprentissage,12,32211025520
0480022N,44,Apprentissage,7,32211025215
0850028U,271,Scolaire,18,32211034401
0801298B,80,Apprentissage,15,32211025215
0470782V,16,Scolaire,4,23K00025406
0590101P,226,Scolaire,24,32211031212
0590185F,297,Scolaire,24,32211034401
0570099Y,27,Apprentissage,5,32211020111
0442977X,30,Apprentissage,5,32211031311
0601575L,38,Apprentissage,15,32211031213
0330126H,1108,Apprentissage,12,32211031213
0330126H,1067,Apprentissage,12,32211031212
0511145T,283,Apprentissage,20,32211031212
0540041B,417,Apprentissage,24,32211034502
0383474V,163,Apprentissage,20,32211031409
0383474V,90,Apprentissage,15,32211032409
0383474V,71,Apprentissage,10,32211032612
0383474V,203,Apprentissage,30,32211031213
0690631L,121,Apprentissage,15,32211031311
0630069H,23,Apprentissage,9,32211020111
0540085Z,156,Apprentissage,12,32211031213
0420992A,109,Apprentissage,20,32211032612
0120024L,55,Apprentissage,16,32211031216
0623688X,64,Apprentissage,20,32212031203
0542548B,36,Apprentissage,20,32211031409
0573756Y,23,Apprentissage,5,32211033607
0442935B,41,Apprentissage,30,32211031408
0212251H,67,Apprentissage,25,32211031408
0171651C,35,Apprentissage,15,32211031213
0332935L,57,Apprentissage,10,32211031409
0134137B,178,Apprentissage,25,32211031212
0134137B,145,Apprentissage,25,32211031213
0561783J,106,Apprentissage,20,32211031212
0222045D,72,Apprentissage,3,32211033002
0772918D,198,Apprentissage,80,32211031313
0772918D,59,Apprentissage,80,32211031311
0640181Z,3,Apprentissage,5,23K00025510
0673190D,95,Apprentissage,12,32211032612
9720926Z,65,Apprentissage,15,32211033107
0160048R,93,Apprentissage,12,32211033608
0660011D,158,Apprentissage,10,32211033206
0783751D,49,Apprentissage,30,32211031409
0440537V,381,Apprentissage,13,32211033111
0443025Z,33,Apprentissage,24,32211031409
0443025Z,86,Apprentissage,24,32211032003
0443025Z,89,Apprentissage,24,32211031212
0810018E,1,Apprentissage,12,23K00023306
0410001D,55,Apprentissage,1,32211031216
0772244W,63,Apprentissage,24,32211033422
0442919J,35,Apprentissage,15,32211031103
0952196W,309,Apprentissage,5,32211031216
0560858D,61,Apprentissage,16,32212021115
0353035J,16,Apprentissage,15,23G00021407
0510068X,36,Apprentissage,10,32211033422
0720033V,100,Apprentissage,2,32211032409
0720033V,198,Apprentissage,3,32211031409
0740013M,44,Apprentissage,4,23K00033501
0060034E,103,Apprentissage,12,23K00033414
0691678Z,37,Apprentissage,16,32212034302
0624184L,122,Apprentissage,10,32212021115
0220117H,56,Scolaire,12,44210099901
0512117Z,98,Apprentissage,20,32211031212
0512117Z,29,Apprentissage,15,32211032409
0280944Z,51,Apprentissage,20,32212021115
0261286G,144,Scolaire,40,32211033115
0261286G,119,Scolaire,45,32211033206
0561454B,110,Apprentissage,15,32212021401
0290108K,298,Scolaire,30,32211033002
0690553B,111,Scolaire,25,32211031409
0840747F,20,Apprentissage,15,32211031213
0261339P,24,Apprentissage,36,23G00021406
0301435X,17,Apprentissage,12,23G00021406
0440246D,27,Scolaire,15,23K00033501
0720825F,20,Scolaire,15,23K00033501
0220470S,241,Scolaire,32,32212021015
0241092G,41,Scolaire,16,32212034101
0021873A,52,Apprentissage,15,32211031408
0595380C,30,Apprentissage,13,32211025415
0623564M,12,Apprentissage,13,32211025520
0693694R,101,Apprentissage,12,32211023412
0540042C,233,Apprentissage,8,32211020116
0570087K,5,Apprentissage,2,32211022506
0550025D,44,Apprentissage,6,32211033002
0131549N,454,Apprentissage,25,32211031213
0130002G,832,Apprentissage,15,32211032003
0912267V,137,Apprentissage,16,32211025215
0693734J,193,Apprentissage,16,32211031408
0040023D,46,Apprentissage,20,32211033422
0840039L,73,Apprentissage,10,32211025218
0133288D,328,Apprentissage,20,32211031409
0596322B,18,Apprentissage,36,32212031205
0596322B,145,Apprentissage,36,32212021015
0130150T,128,Apprentissage,15,32211025215
0830007G,206,Apprentissage,17,32211031212
0060022S,108,Apprentissage,10,32211025217
0660059F,110,Scolaire,15,32211022209
0011467P,57,Apprentissage,15,32211032003
0752426E,14,Apprentissage,7,23G00021406
0134249Y,38,Apprentissage,25,32211031213
0783323N,275,Apprentissage,20,32211031212
0340138R,203,Apprentissage,20,32211034502
0222042A,161,Apprentissage,4,32211031213
0694349C,376,Apprentissage,60,32211031212
0171503S,80,Apprentissage,30,32211031212
0171503S,43,Apprentissage,30,32211031409
0340994W,52,Scolaire,26,32211031313
0340994W,113,Scolaire,34,32211031312
0030051P,42,Apprentissage,4,32211032409
0850076W,101,Apprentissage,25,32211032003
0593256U,43,Apprentissage,15,32211033002
0763542M,2,Apprentissage,15,32211031215
0620257T,88,Apprentissage,15,32211025014
0923090J,328,Apprentissage,100,32211031212
0060015J,342,Apprentissage,2,32211024207
0881672P,48,Apprentissage,15,32211031212
0923090J,272,Apprentissage,60,32211031213
0782549X,195,Apprentissage,15,32211031408
0622199D,34,Apprentissage,25,32211031311
0292456M,41,Apprentissage,5,32211025520
0572820F,51,Apprentissage,27,32211025015
0380083J,103,Apprentissage,6,32211025520
0610001V,35,Apprentissage,5,32211025014
0772979V,296,Apprentissage,70,32211031212
0772979V,283,Apprentissage,80,32211031213
0772979V,130,Apprentissage,50,32211031409
0772979V,148,Apprentissage,55,32211032003
0622198C,82,Apprentissage,30,32211032003
0760056Y,50,Apprentissage,2,32211025001
0620150B,7,Apprentissage,7,23K00022704
0060015J,454,Apprentissage,5,32211031213
0060015J,18,Apprentissage,5,23K00032601
0060042N,40,Apprentissage,12,23K00032601
0597237W,18,Apprentissage,15,32211031212
0090631M,19,Apprentissage,16,32212031201
0070001N,75,Apprentissage,3,32211025014
0450066C,137,Apprentissage,12,32211031103
0341607M,30,Apprentissage,45,23G00021406
0342556U,34,Apprentissage,12,32211031213
0342556U,22,Apprentissage,12,32211031409
0831770Y,30,Apprentissage,15,32211032612
0682098L,59,Apprentissage,24,32211032003
0060075Z,121,Apprentissage,2,32211020009
0840110N,406,Scolaire,32,32212022115
0451335G,431,Scolaire,32,32211031215
0952164L,180,Apprentissage,25,32211023013
0761719F,154,Apprentissage,40,32211031311
0810791V,34,Apprentissage,24,32211033426
0360766M,34,Apprentissage,15,23G00021221
0371409F,5,Apprentissage,8,23G00021220
0371253L,12,Apprentissage,20,32212031205
0390914G,26,Apprentissage,12,23K00025406
0390914G,12,Apprentissage,12,23K00025407
0601996U,13,Apprentissage,20,23G00021406
0741525F,7,Apprentissage,30,23K00025312
0790706N,212,Scolaire,27,32211022209
0782602E,219,Apprentissage,15,32211022710
0770934X,120,Apprentissage,12,32211022316
0320025D,189,Scolaire,12,44210099901
0740098E,44,Apprentissage,15,32211031213
0471051M,57,Apprentissage,200,32211031409
0330119A,39,Scolaire,12,23K00025408
0130053M,246,Apprentissage,12,32211025520
0010965U,91,Apprentissage,15,32211023206
0741622L,141,Apprentissage,15,32211031213
0741622L,57,Apprentissage,15,32211032612
0730805D,96,Apprentissage,15,32211031212
0730805D,82,Apprentissage,15,32211031213
0730805D,62,Apprentissage,15,32211031313
0730805D,99,Apprentissage,15,32211033426
0730805D,50,Apprentissage,15,32211032612
0021502X,89,Apprentissage,20,32211031213
0031127J,64,Apprentissage,56,32211031213
0861327A,22,Apprentissage,5,32211032409
0861327A,61,Apprentissage,5,32211031213
0560181T,35,Scolaire,3,32211022709
0400753B,64,Apprentissage,20,32211033206
0133836Z,155,Apprentissage,10,32211031312
0750783U,310,Scolaire,24,32211025017
0810012Y,8,Apprentissage,12,23K00022704
0763558E,47,Apprentissage,12,32211031212
0763558E,41,Apprentissage,12,32211032409
0501596N,11,Apprentissage,25,32212031205
0597345N,43,Apprentissage,60,32211032612
0271415S,18,Apprentissage,30,32211025001
0922594V,71,Apprentissage,30,32211032003
0573773S,56,Apprentissage,20,32211031408
0650027B,437,Apprentissage,12,32211025303
0430958H,9,Apprentissage,10,23G00021213
0700958L,8,Apprentissage,25,32212031202
0711078L,21,Apprentissage,12,32211033608
0252040G,134,Apprentissage,16,32212022115
0061763J,141,Apprentissage,12,32211025001
0120621K,15,Apprentissage,18,32212022117
0020025S,17,Apprentissage,10,32211025216
0840709P,61,Apprentissage,15,32211031408
0131767A,192,Apprentissage,18,32211031103
0630022G,147,Scolaire,18,32211020009
0471051M,107,Apprentissage,200,32211031212
0471051M,114,Apprentissage,200,32211031213
0930119Z,881,Apprentissage,15,32211031408
0660924W,113,Apprentissage,18,32211033422
0081047V,29,Apprentissage,10,32211033422
0080047H,3,Apprentissage,3,23K00025123
0442393M,91,Apprentissage,10,32211033426
0783751D,89,Apprentissage,45,32211031212
0442393M,25,Apprentissage,8,32211032409
0711937V,52,Apprentissage,30,32211031409
0711937V,37,Apprentissage,30,32211031408
0212251H,94,Apprentissage,25,32211031409
0333233K,44,Apprentissage,15,32211031213
0333233K,41,Apprentissage,15,32211031409
0332935L,96,Apprentissage,20,32211031213
0332935L,145,Apprentissage,20,32211033426
0442614C,21,Apprentissage,15,32211025520
0300002P,25,Apprentissage,3,32211020111
0912431Y,93,Apprentissage,500,32211031213
0062327X,214,Apprentissage,30,32211033115
0751909T,362,Apprentissage,100,32211031212
0620056Z,82,Apprentissage,12,32211031216
0352906U,194,Apprentissage,60,32211031213
0120012Y,24,Apprentissage,2,32211031408
0422315N,84,Apprentissage,60,32211031212
0754022P,152,Apprentissage,40,32211031408
0831710H,36,Apprentissage,15,32211031409
0420044V,401,Scolaire,30,32211031311
0772296C,120,Apprentissage,12,32211020113
0421975U,246,Apprentissage,24,32211033107
0690035N,46,Scolaire,20,23K00033501
0420049A,87,Scolaire,20,23K00033501
0422378G,125,Apprentissage,15,32211033115
0772962B,237,Apprentissage,200,32211032612
0731392S,165,Apprentissage,4,32211031409
9711015B,19,Scolaire,15,32212034101
0840218F,179,Scolaire,27,32212021112
0420033H,139,Apprentissage,15,32211031409
0763500S,75,Apprentissage,16,32211032325
0340994W,72,Scolaire,32,32211031213
0340994W,64,Scolaire,28,32211031212
9711278M,40,Apprentissage,3,32211025216
9711278M,46,Apprentissage,12,32211025215
0350793X,208,Apprentissage,12,32211025215
0690723L,264,Apprentissage,50,32211031312
0620190V,90,Scolaire,25,23K00033501
0763500S,79,Apprentissage,16,32211032209
0460007H,63,Apprentissage,4,32211031409
0593335E,41,Apprentissage,13,32211031409
0540042C,56,Apprentissage,15,32211022316
0540042C,161,Apprentissage,24,32211025520
0062201K,107,Apprentissage,20,32211020116
0550025D,85,Apprentissage,10,32211031213
0550025D,52,Apprentissage,10,32211031408
0512212C,101,Apprentissage,24,32211031213
0611175W,99,Apprentissage,20,32212021015
0352446U,50,Apprentissage,25,32211033422
0596328H,36,Apprentissage,18,32212034302
6200739J,121,Apprentissage,14,32211031313
0624253L,31,Apprentissage,12,32211031103
0753082T,43,Apprentissage,15,32211031213
0420985T,113,Apprentissage,12,32211025217
0942545F,307,Apprentissage,200,32211031212
0942545F,269,Apprentissage,200,32211031409
0942545F,281,Apprentissage,200,32211031213
0596328H,40,Apprentissage,18,32212022117
0624176C,80,Apprentissage,10,32212021015
0133424B,126,Scolaire,15,32211031103
0021906L,43,Apprentissage,16,32211025215
0011118K,313,Scolaire,30,32211031103
0690042W,2973,Scolaire,35,32211031212
0130036U,315,Apprentissage,12,32211032409
0422378G,80,Apprentissage,15,32211033002
0670071N,80,Apprentissage,3,32211032409
0672772Z,112,Apprentissage,25,32211031212
0040010P,73,Apprentissage,5,32211031213
0290023T,476,Scolaire,35,32211032003
0380032D,965,Scolaire,34,32211031213
0130036U,1268,Apprentissage,12,32211031215
0061478Z,336,Apprentissage,15,32211023012
0133288D,262,Apprentissage,20,32211031408
0422296T,20,Apprentissage,15,32211031409
0061478Z,175,Apprentissage,15,32211023013
0731518D,196,Apprentissage,50,32211031212
0731518D,77,Apprentissage,25,32211031408
0134462E,70,Apprentissage,12,32211031408
0850076W,65,Apprentissage,25,32211031213
0851344Z,74,Apprentissage,12,32211023412
0270029K,97,Apprentissage,15,32211031409
0951721E,192,Apprentissage,20,32211031312
0756457L,415,Apprentissage,150,32211033115
0756457L,285,Apprentissage,100,32211032003
0512221M,30,Apprentissage,6,32211032612
0922667Z,245,Apprentissage,40,32211031312
0572820F,37,Apprentissage,27,32211023013
0572820F,63,Apprentissage,27,32211023306
0142120D,19,Apprentissage,10,23K00025510
0731595M,1,Apprentissage,20,32211031212
0731595M,2,Apprentissage,20,32211031213
0313165X,251,Apprentissage,60,32211031213
0062390R,98,Apprentissage,60,32211031213
0550047C,15,Apprentissage,20,32211031408
0756004U,791,Apprentissage,110,32211024207
0756004U,203,Apprentissage,50,32211033426
0754030Y,1047,Apprentissage,35,32211031215
0573780Z,52,Apprentissage,10,32211031213
0573780Z,72,Apprentissage,10,32211031212
0630022G,35,Apprentissage,1,23K00025406
0602235D,95,Apprentissage,30,32211031409
0851725N,73,Apprentissage,30,32211031212
0590044C,5,Apprentissage,15,23K00025510
0220023F,290,Scolaire,35,32211032612
0753815P,350,Apprentissage,20,32211034502
0850086G,27,Apprentissage,12,32211025014
0383053M,73,Apprentissage,40,32211033608
0660988R,78,Apprentissage,20,32211033426
0631033F,27,Apprentissage,6,32211031216
0623279C,9,Apprentissage,16,23G00021406
0022130E,71,Apprentissage,26,32212021401
0690670D,124,Scolaire,120,32211031312
0690670D,75,Scolaire,30,32211032612
9711051R,76,Apprentissage,20,32211031408
0870581J,1,Apprentissage,8,32212022117
0421736J,68,Apprentissage,15,32211033422
0880013L,16,Scolaire,12,44210099901
0421807L,35,Apprentissage,30,32212034302
0400007R,206,Apprentissage,5,32211031213
0271905Z,100,Apprentissage,30,32211031212
0271905Z,109,Apprentissage,30,32211031213
0682099M,47,Apprentissage,40,32211031213
0350807M,10,Apprentissage,8,23K00033414
0831821D,28,Apprentissage,15,32211031212
0342092P,57,Apprentissage,20,32211031408
0333489N,206,Apprentissage,20,32211033115
0750690T,2041,Scolaire,68,32211033115
0750690T,1129,Scolaire,34,32211033206
0750690T,1390,Scolaire,34,32211033002
0701029N,34,Apprentissage,20,23G00021007
0431017X,27,Apprentissage,8,23G00021006
0371836V,205,Apprentissage,25,32211032003
0371836V,226,Apprentissage,45,32211031212
0352503F,25,Apprentissage,16,32211031213
0030051P,35,Apprentissage,2,32211025001
0692360R,128,Apprentissage,15,32211031312
0301757X,36,Apprentissage,5,32211031212
0301757X,18,Apprentissage,5,32211031408
0442721U,156,Apprentissage,30,32211031213
0442721U,77,Apprentissage,25,32211031409
0442721U,214,Apprentissage,30,32211031212
0442721U,130,Apprentissage,15,32211032003
0352813T,58,Apprentissage,5,32211031409
9711122T,155,Apprentissage,15,32211031213
9711122T,106,Apprentissage,15,32211031212
0711782B,78,Apprentissage,15,32212021112
0410001D,71,Scolaire,14,32211022711
0410001D,33,Apprentissage,1,32211022711
0921230M,731,Apprentissage,16,32211033107
0332744D,539,Apprentissage,15,32211031313
9760229V,610,Scolaire,15,32211034401
0332497K,241,Apprentissage,25,32211031212
0310047H,378,Apprentissage,12,32211032612
0331495W,135,Apprentissage,20,32211031213
0711566S,29,Apprentissage,10,32211025415
0711566S,46,Apprentissage,25,32211025520
0080972N,102,Apprentissage,20,32212021207
0281057X,145,Apprentissage,20,32211031409
0281057X,210,Apprentissage,20,32211031213
0311375B,107,Apprentissage,13,32211033607
0501614H,159,Apprentissage,42,32211031212
0383551D,41,Apprentissage,25,32211031409
0870118F,84,Apprentissage,2,32211022209
0781981E,138,Apprentissage,20,32211031213
0400007R,88,Apprentissage,5,32211020116
0061478Z,180,Apprentissage,15,32211025015
9711051R,100,Apprentissage,20,32211032409
0352375S,145,Apprentissage,12,32211025520
0771204R,58,Apprentissage,30,32211032328
0771204R,115,Apprentissage,30,32211032329
0771204R,101,Apprentissage,30,32211032330
0771204R,103,Apprentissage,30,32211032332
0771204R,117,Apprentissage,30,32211032612
0693452C,31,Apprentissage,20,32211031409
0281099T,102,Apprentissage,20,32211031312
0923025N,242,Apprentissage,30,32211031212
0923025N,225,Apprentissage,30,32211031213
0694615S,200,Apprentissage,60,32211031213
0670020H,279,Apprentissage,24,32211031408
0597240Z,42,Apprentissage,12,32211033426
0620120U,44,Apprentissage,5,32211032409
0620120U,77,Apprentissage,5,32211033002
0590223X,59,Apprentissage,5,32211020009
0755273Z,94,Apprentissage,15,32211031409
0755273Z,144,Apprentissage,15,32211033002
0730016W,173,Apprentissage,12,32211025014
0772961A,95,Apprentissage,200,32211031409
0851726P,36,Apprentissage,12,32211031103
0333637Z,40,Apprentissage,24,23K00025406
0134492M,156,Apprentissage,15,32211033426
0682127T,76,Apprentissage,22,32211031212
0660021P,57,Apprentissage,15,32211033002
0450050K,87,Scolaire,15,23K00032601
9711071M,45,Apprentissage,4,32211022710
0851344Z,62,Apprentissage,7,32211023411
0332744D,655,Apprentissage,15,32211031213
0400802E,31,Apprentissage,20,32211031213
0596318X,44,Apprentissage,20,32212021015
0312765M,104,Apprentissage,20,32211031103
0622196A,57,Apprentissage,20,32211031409
0850086G,61,Apprentissage,5,32211031215
0850086G,64,Apprentissage,12,32211033608
0811388U,76,Apprentissage,40,32211032003
0572820F,147,Apprentissage,27,32211023305
0333389E,120,Apprentissage,20,32211020116
0312838S,302,Apprentissage,30,32211031212
0133810W,44,Apprentissage,15,32211031408
0021907M,33,Apprentissage,15,32211033206
0711937V,42,Apprentissage,30,32211032409
0212251H,57,Apprentissage,25,32211032409
0212251H,132,Apprentissage,25,32211031212
0171651C,23,Apprentissage,15,32211031212
0021740F,33,Apprentissage,20,32211025014
0333016Z,84,Apprentissage,50,32211031311
0333016Z,289,Apprentissage,50,32211031312
0763585J,227,Apprentissage,20,32211031312
0450808J,85,Apprentissage,20,32211031212
6200741L,50,Apprentissage,50,32211031409
0756066L,47,Apprentissage,50,32211031311
0340006X,75,Apprentissage,15,32211023206
0923069L,53,Apprentissage,60,32211031408
0923069L,183,Apprentissage,60,32211031313
0923069L,52,Apprentissage,60,32211031311
0141175B,223,Apprentissage,12,32211023305
0340011C,214,Apprentissage,15,32211020116
0694667Y,106,Apprentissage,60,32211031408
0694667Y,218,Apprentissage,60,32211031313
0694667Y,95,Apprentissage,60,32211031311
0353035J,64,Apprentissage,18,32211031213
0342519D,163,Apprentissage,20,32211020116
0542563T,84,Apprentissage,24,32211032003
0502010N,20,Apprentissage,15,32211031216
0301552Z,494,Apprentissage,15,32211031312
0131391S,119,Apprentissage,15,32211025014
0131391S,186,Apprentissage,10,32211020116
0840059H,66,Apprentissage,20,32211031408
0590121L,47,Apprentissage,13,32211022316
0751508G,239,Apprentissage,25,32211023013
0754037F,121,Apprentissage,30,32211025001
0060013G,631,Apprentissage,16,32211032003
0921379Z,140,Apprentissage,15,32211022709
0342428E,63,Apprentissage,9,32211031212
0352927S,46,Apprentissage,16,32211025014
0694070Z,362,Apprentissage,60,32211031213
0694070Z,323,Apprentissage,90,32211031212
0694070Z,288,Apprentissage,120,32211031312
0694070Z,209,Apprentissage,30,32211034502
0342428E,41,Apprentissage,8,32211031409
0596995H,39,Apprentissage,25,32211031213
0431038V,49,Apprentissage,15,32211031212
0431038V,23,Apprentissage,15,32211031409
0470015L,85,Apprentissage,15,32211023206
0340994W,62,Apprentissage,30,32211031312
0870004G,33,Apprentissage,2,32211022710
0623277A,83,Apprentissage,35,32212021007
0610021S,5,Apprentissage,6,32211025414
0280738A,51,Apprentissage,12,32211025215
0300058A,78,Apprentissage,12,23K00025308
0850609A,22,Apprentissage,35,32212034302
0573781A,60,Apprentissage,20,32211034401
0350795Z,230,Apprentissage,10,32211031213
0130053M,163,Apprentissage,6,32211020009
0672772Z,82,Apprentissage,25,32211031409
0133015G,155,Apprentissage,15,32211020113
0342419V,213,Apprentissage,25,32211032003
0040579H,17,Apprentissage,8,32211032612
0690696G,91,Scolaire,10,32211033608
0831765T,92,Apprentissage,15,32211031213
0721476N,171,Apprentissage,18,32212021304
0062052Y,150,Apprentissage,70,32211031213
0550072E,16,Apprentissage,15,32211031409
0540082W,116,Apprentissage,24,32211032209
0641409J,66,Apprentissage,20,32211025014
0062052Y,88,Apprentissage,40,32211033608
0050007F,78,Apprentissage,15,32211031409
0530909A,309,Apprentissage,22,32212021015
0755978R,284,Apprentissage,40,32211033115
0070107D,51,Apprentissage,20,32211031212
0142220M,52,Apprentissage,12,32211031213
0142220M,52,Apprentissage,12,32211033426
0923033X,150,Apprentissage,65,32211031212
0923033X,322,Apprentissage,65,32211031215
0353075C,126,Apprentissage,20,32211020116
0512221M,19,Apprentissage,6,32211031408
0512221M,46,Apprentissage,6,32211031212
0512221M,25,Apprentissage,6,32211031409
0292457N,44,Apprentissage,30,32211033422
0421021G,105,Apprentissage,10,32211033206
0260113G,126,Apprentissage,15,32211020113
0401118Y,7,Apprentissage,15,32211031409
0492534N,242,Apprentissage,90,32211031212
0492534N,34,Apprentissage,90,32211032409
0492534N,73,Apprentissage,90,32211031409
0755932R,208,Apprentissage,60,32211032003
0811387T,7,Apprentissage,10,32211031408
0811387T,56,Apprentissage,10,32211031212
0597317H,93,Apprentissage,15,32211032332
0922907K,81,Apprentissage,150,32211031311
0922907K,217,Apprentissage,150,32211025521
0922907K,289,Apprentissage,150,32211020116
0371838X,194,Apprentissage,90,32211031212
0371838X,62,Apprentissage,90,32211032409
0451818G,88,Apprentissage,90,32211031409
0451818G,135,Apprentissage,90,32211031213
0371838X,131,Apprentissage,90,32211031213
0353075C,115,Apprentissage,20,32211032612
0271580W,66,Apprentissage,3,32211031408
0062052Y,180,Apprentissage,50,32211033426
0342584Z,53,Apprentissage,15,32211031212
0342584Z,30,Apprentissage,15,32211031409
0342584Z,41,Apprentissage,15,32211031213
0292454K,24,Apprentissage,8,32211031408
0492303M,60,Apprentissage,3,32211020116
0490903R,13,Apprentissage,12,32211022711
0442752C,103,Apprentissage,7,32211023013
0353110R,236,Apprentissage,20,32211023305
0480680D,17,Scolaire,15,23K00033414
0353110R,61,Apprentissage,20,32211032209
0330126H,461,Apprentissage,12,32211031409
0540041B,370,Apprentissage,24,32211031408
0440029T,173,Apprentissage,6,32211025521
0440029T,175,Apprentissage,20,32211025520
0690651H,92,Apprentissage,15,32211031216
0690542P,262,Apprentissage,25,32211031212
0762600N,60,Apprentissage,5,32211025014
0100059K,34,Apprentissage,6,32211022710
0570294K,71,Scolaire,12,32211033206
0383474V,94,Apprentissage,20,32211022709
0470782V,31,Apprentissage,8,23K00025406
0741758J,39,Apprentissage,12,32211020111
0050007F,330,Apprentissage,15,32211025303
0010878Z,47,Apprentissage,10,32211031312
0420973E,84,Apprentissage,20,32211032003
0693786R,97,Apprentissage,30,32211033422
0811324Z,157,Scolaire,15,32211024305
0420976H,63,Apprentissage,15,32211022316
0300002P,66,Apprentissage,15,32211025415
0300026R,158,Apprentissage,12,32211025520
0771238C,362,Apprentissage,68,32211031212
0931796X,380,Apprentissage,36,32211033107
0596315U,10,Apprentissage,7,23G00021220
0310052N,114,Apprentissage,15,32211025017
0596315U,10,Apprentissage,7,23G00021213
0340937J,160,Apprentissage,25,32211033107
0342354Z,79,Apprentissage,20,32211031212
0100059K,57,Apprentissage,12,32211031409
0100059K,104,Apprentissage,12,32211031213
0134464G,71,Apprentissage,15,32211032208
0040579H,45,Apprentissage,10,32211032330
0040579H,59,Apprentissage,10,32211032329
0040579H,22,Apprentissage,10,32211032328
0624184L,2,Apprentissage,10,23G00021219
0022041H,12,Apprentissage,6,23G00021007
0755335S,538,Apprentissage,30,32211033112
0570087K,33,Apprentissage,2,32211020111
0570099Y,50,Apprentissage,5,32211025014
0370054H,135,Apprentissage,17,32211023013
0370054H,93,Apprentissage,15,32211023205
0932760V,105,Apprentissage,24,32211032612
0090013R,224,Scolaire,24,32211020116
0721009F,94,Apprentissage,25,32212021015
0120024L,49,Apprentissage,10,32211025014
0311902Z,353,Apprentissage,12,32211033002
0312759F,84,Apprentissage,12,32211025216
9740737H,112,Scolaire,12,32211022709
0142395C,75,Apprentissage,20,32211033426
0910627M,1143,Apprentissage,20,32211031213
0142395C,245,Apprentissage,50,32211031212
0754458N,240,Apprentissage,15,32211031312
0490985E,55,Apprentissage,6,32211033607
0212052S,287,Apprentissage,90,32211031312
0781858W,72,Apprentissage,30,32211032409
0781858W,100,Apprentissage,40,32211031409
0781858W,118,Apprentissage,30,32211031312
0353005B,59,Apprentissage,6,32211031408
0353005B,54,Apprentissage,9,32211031409
0342380C,95,Scolaire,12,32211032328
0801996K,2,Apprentissage,12,23G00021003
0383232G,81,Apprentissage,20,32211025014
0383232G,92,Apprentissage,18,32211032612
0542295B,35,Apprentissage,25,32211022710
0861312J,13,Apprentissage,20,23G00021223
0711322B,47,Scolaire,10,44210099901
0492389F,13,Apprentissage,8,23G00021104
0420027B,495,Scolaire,36,32211032612
0010006B,67,Apprentissage,10,32211025520
0750696Z,2214,Apprentissage,24,32211031212
0690642Y,275,Apprentissage,20,32211031409
0624176C,152,Apprentissage,10,32212021207
0951104J,296,Apprentissage,15,32211025520
0691678Z,39,Apprentissage,16,32212021115
0492303M,25,Apprentissage,3,32211025005
0572590F,71,Apprentissage,12,32211023206
0690200T,212,Apprentissage,35,32211034502
0320015T,31,Apprentissage,2,32211031409
0755198T,29,Apprentissage,30,32211032409
0595821G,39,Apprentissage,15,32211025520
0595821G,46,Apprentissage,20,32211031409
0595821G,33,Apprentissage,15,32211032409
0595821G,66,Apprentissage,20,32211031408
0595821G,223,Apprentissage,60,32211031213
0741691L,89,Apprentissage,15,32211031213
0420079H,229,Apprentissage,15,32211025215
0741622L,72,Apprentissage,15,32211031408
0741622L,159,Apprentissage,20,32211031312
0350791V,47,Apprentissage,14,32211025520
0850130E,36,Apprentissage,4,32211031216
0271097W,32,Apprentissage,15,32211031311
0760110G,139,Apprentissage,12,32211025215
0301856E,25,Apprentissage,8,32211031408
0320030J,40,Apprentissage,12,32211025014
0090002D,43,Apprentissage,2,32211031408
0090002D,67,Apprentissage,2,32211033426
0090018W,37,Apprentissage,5,32211033002
0090006H,1,Apprentissage,5,32211020114
0120031U,45,Apprentissage,8,32211031213
0120096P,41,Apprentissage,3,32211023411
0310017A,60,Apprentissage,1,32211023206
0312822Z,135,Apprentissage,1,32211022710
0650026A,149,Apprentissage,4,32211031313
0650026A,233,Apprentissage,4,32211031215
0650026A,89,Apprentissage,4,32211031409
0650027B,83,Apprentissage,4,32211020009
0650027B,82,Apprentissage,6,32211025014
0650027B,33,Apprentissage,24,32211022310
0810959C,172,Apprentissage,1,32211031213
0810959C,61,Apprentissage,1,32211025014
0311092U,45,Apprentissage,12,23K00025408
0320030J,47,Apprentissage,32,23K00025508
0650027B,25,Apprentissage,12,23K00025408
0650027B,3,Apprentissage,12,23K00022704
0270016W,106,Apprentissage,20,32211034401
0313089P,70,Apprentissage,30,32211032612
0313089P,129,Apprentissage,30,32211031213
0313089P,114,Apprentissage,30,32211031212
0313089P,182,Apprentissage,30,32211032003
0271382F,71,Apprentissage,20,32212021015
0831771Z,48,Apprentissage,10,32211031313
0561463L,21,Apprentissage,15,23G00021220
0333460G,185,Apprentissage,30,32211034502
0672602P,110,Apprentissage,15,32211025520
0922794M,127,Apprentissage,10,32211034502
0332738X,157,Apprentissage,20,32211031313
0332738X,63,Apprentissage,20,32211031103
0332738X,271,Apprentissage,115,32211031213
0332738X,203,Apprentissage,30,32211031312
0332738X,44,Apprentissage,30,32211032409
0241099P,80,Apprentissage,22,32212021015
0332709R,212,Apprentissage,50,32212021401
0791115H,19,Apprentissage,10,32212022117
0370825W,27,Apprentissage,28,32211033422
0440246D,27,Apprentissage,7,23K00033501
0451602X,29,Apprentissage,25,32212034302
0451602X,74,Apprentissage,25,32212021401
0301435X,12,Apprentissage,12,23G00021409
0301435X,23,Apprentissage,12,23G00021407
0811372B,38,Apprentissage,10,32211033608
0923173Z,126,Apprentissage,25,32211031212
0923173Z,61,Apprentissage,25,32211032409
0923173Z,277,Apprentissage,25,32211031215
0923173Z,48,Apprentissage,25,32211031213
0923173Z,186,Apprentissage,25,32211020116
0080047H,1,Apprentissage,6,23K00025509
0923173Z,48,Apprentissage,25,32211031408
0763602C,233,Apprentissage,90,32211031212
0763602C,165,Apprentissage,90,32211031213
0763602C,9,Apprentissage,90,32211033422
0711755X,44,Apprentissage,12,32211034401
0596351H,35,Apprentissage,20,32211032209
0596351H,123,Apprentissage,10,32211023305
0596351H,102,Apprentissage,20,32211031312
0952347K,160,Apprentissage,30,32211031212
0952347K,108,Apprentissage,30,32211031213
0952347K,112,Apprentissage,30,32211034502
0952347K,89,Apprentissage,20,32211033107
0952347K,107,Apprentissage,30,32211032003
0952347K,82,Apprentissage,30,32211031103
0952347K,75,Apprentissage,30,32211031409
0660809W,193,Apprentissage,10,32211031408
0660809W,105,Apprentissage,10,32211034401
0642176T,57,Apprentissage,500,32211031409
0371850K,100,Apprentissage,60,32211031213
0443061N,115,Apprentissage,60,32211031213
0492548D,166,Apprentissage,60,32211031213
0672602P,208,Apprentissage,15,32211020116
0756612E,109,Apprentissage,50,32211031312
0580739N,24,Apprentissage,20,32212021112
0400007R,38,Apprentissage,7,32211020114
0753082T,64,Apprentissage,15,32211031216
0730774V,43,Apprentissage,2,32211034401
0382441X,10,Apprentissage,10,32211033422
0352769V,63,Apprentissage,16,32211033607
0561802E,96,Apprentissage,20,32211031212
0350005R,37,Scolaire,15,23K00033412
0150755P,18,Apprentissage,20,23G00021213
0040579H,29,Apprentissage,8,32211031312
0580771Y,28,Apprentissage,30,32211025014
0580771Y,11,Apprentissage,30,32211025520
0580771Y,12,Apprentissage,13,32211025415
0641409J,35,Apprentissage,24,32211022316
0641409J,52,Apprentissage,20,32211020116
0623801V,55,Apprentissage,26,32211031213
0271070S,249,Scolaire,35,32211031212
0750770E,148,Scolaire,24,23K00033501
0040579H,26,Apprentissage,8,32211031212
0631450J,22,Apprentissage,12,32211025216
0292009B,69,Apprentissage,30,32212021401
0221880Z,48,Apprentissage,20,32212021115
0640058R,108,Apprentissage,22,32211032409
0021873A,74,Apprentissage,15,32211031213
0021906L,45,Apprentissage,16,32211034401
0120024L,45,Apprentissage,10,32211025520
0650026A,51,Apprentissage,4,32211032409
0090003E,74,Apprentissage,2,32211031212
0641409J,40,Apprentissage,20,32211025001
0330028B,495,Apprentissage,15,32211031408
0710042K,102,Apprentissage,8,32211031213
0110823K,65,Apprentissage,15,32211033422
0891199V,46,Apprentissage,4,32211025215
0530818B,37,Apprentissage,15,32212021401
0022130E,15,Apprentissage,12,23G00021406
0340994W,26,Apprentissage,20,32211031409
0340994W,32,Apprentissage,19,32211031408
0020049T,243,Apprentissage,12,32211031213
0573781A,21,Apprentissage,20,32211034304
0521144L,1,Apprentissage,15,32211033002
0851699K,75,Apprentissage,40,32211031213
0802198E,13,Apprentissage,15,32211033422
0333435E,97,Apprentissage,20,32212031202
0640131V,88,Apprentissage,20,32211033002
0521142J,0,Apprentissage,15,32211033206
0141815X,39,Apprentissage,30,32211033422
0350032V,308,Scolaire,24,32211033422
0480688M,6,Apprentissage,15,32211022310
0030051P,85,Apprentissage,1,32211031212
0801742J,118,Apprentissage,15,32211020116
0141274J,76,Apprentissage,18,32211031103
0141796B,425,Apprentissage,17,32211031212
0593061G,79,Apprentissage,24,32211031213
0721654G,64,Apprentissage,10,32211033608
0330028B,320,Apprentissage,42,32211025520
0330028B,476,Apprentissage,20,32211032612
0521143K,0,Apprentissage,15,32211031213
0740054G,44,Scolaire,12,44210099901
0022130E,16,Apprentissage,26,23G00021407
0671509B,67,Apprentissage,12,32211023205
0710012C,64,Apprentissage,5,32211022208
0931024H,190,Scolaire,20,32211034304
0601484M,70,Apprentissage,20,32211031409
0020025S,56,Apprentissage,20,32211025213
0020025S,15,Apprentissage,10,32211025218
0690542P,203,Scolaire,26,32211032612
0311092U,50,Scolaire,12,23K00025408
0951684P,77,Apprentissage,20,32211025216
0595124Z,6,Apprentissage,12,23G00021213
0860774Z,134,Apprentissage,20,32211031212
0860774Z,12,Apprentissage,4,32211020114
0791171U,19,Apprentissage,1,32211031408
0332813D,66,Apprentissage,18,32211033422
0331719P,117,Apprentissage,24,32211031212
0333542W,66,Apprentissage,20,32211031408
0597011A,48,Apprentissage,20,32211031216
0350791V,136,Apprentissage,16,32211025215
0382938M,105,Apprentissage,20,32212022115
0442096P,107,Apprentissage,24,32211031409
0090015T,109,Apprentissage,2,32211031213
0120096P,41,Apprentissage,3,32211023412
0310017A,42,Apprentissage,1,32211023013
0312759F,224,Apprentissage,2,32211031103
0460028F,60,Apprentissage,12,32211023012
0650027B,47,Apprentissage,4,32211022316
0650027B,82,Apprentissage,8,32211025520
0820004J,49,Apprentissage,4,32211031409
0120024L,9,Apprentissage,5,23K00022705
0442533P,260,Scolaire,70,32211033107
0371253L,39,Apprentissage,20,32212031202
0811161X,12,Apprentissage,20,23G00021409
0330028B,1126,Apprentissage,12,32211031212
0542408Z,131,Apprentissage,20,32211031408
0530500F,32,Apprentissage,10,32211033608
0623373E,46,Apprentissage,13,32211031409
0593335E,73,Apprentissage,13,32211032612
0595380C,37,Apprentissage,13,32211025520
0540042C,78,Apprentissage,15,32211020111
0540042C,151,Apprentissage,8,32211025521
0570087K,17,Apprentissage,2,32211022316
0880152M,36,Apprentissage,2,32211025520
0541270M,80,Apprentissage,12,32211025014
0500132X,30,Apprentissage,13,32211023013
0710087J,18,Apprentissage,6,23K00025309
0050003B,17,Apprentissage,15,32211031213
0630069H,38,Apprentissage,10,32211020009
0700018P,252,Scolaire,24,32211033426
0700018P,106,Apprentissage,6,32211033426
0420042T,173,Apprentissage,5,32211031408
0420042T,181,Apprentissage,5,32211032409
0900355X,161,Scolaire,12,32211025521
0352813T,148,Apprentissage,5,32211031212
0602198N,81,Apprentissage,15,32211032003
0341674K,113,Apprentissage,20,32211031213
0622196A,7,Apprentissage,20,23K00033412
0333405X,86,Apprentissage,15,32211031312
0062329Z,4,Apprentissage,2,32211031409
0332738X,232,Apprentissage,60,32211031212
0332738X,77,Apprentissage,50,32211031408
0332738X,343,Apprentissage,100,32211032003
0332738X,161,Apprentissage,30,32211033426
0750330B,187,Apprentissage,15,32211022208
0750330B,329,Apprentissage,15,32211022209
0331556M,97,Apprentissage,15,32211023013
0110019L,106,Apprentissage,15,32211033426
0320067Z,61,Apprentissage,4,32211025416
0320067Z,124,Apprentissage,6,32211023012
0021502X,45,Apprentissage,20,32211031409
0561958Z,75,Apprentissage,12,32211025520
0561958Z,161,Apprentissage,12,32211025215
0292338J,13,Apprentissage,12,23K00025406
9711278M,22,Apprentissage,1,32211032331
0310052N,63,Apprentissage,10,23K00025122
0310046G,89,Scolaire,12,44210099901
0692210C,200,Apprentissage,16,32211025520
0920928J,64,Apprentissage,18,32211025001
0440074S,21,Scolaire,10,23K00023306
0632052N,31,Apprentissage,9,32211020009
0632052N,57,Apprentissage,32,32211025014
0694089V,85,Apprentissage,60,32211032003
0694089V,55,Apprentissage,30,32211031212
0542532J,194,Apprentissage,50,32211031212
0694565M,43,Apprentissage,10,32211031212
0442393M,27,Apprentissage,10,32211031408
0791132B,89,Apprentissage,80,32211031213
0791132B,103,Apprentissage,80,32211031212
0510062R,80,Apprentissage,4,32211033426
0810959C,309,Scolaire,12,32211022209
0660014G,138,Apprentissage,12,32211025215
0040590V,49,Apprentissage,24,32212021015
0501670U,64,Apprentissage,20,32212021007
0942024P,46,Apprentissage,15,32212021015
0642098H,9,Apprentissage,13,32211034304
0672614C,11,Apprentissage,12,32211025415
9711261U,37,Apprentissage,10,32211031212
0801628K,410,Apprentissage,15,32211031213
0070029U,201,Apprentissage,25,32211031213
0130050J,281,Scolaire,15,32211022709
0781984H,414,Apprentissage,12,32211020116
9710981P,34,Scolaire,10,32211023412
0312838S,207,Apprentissage,30,32211031213
0642098H,78,Apprentissage,15,32211032003
0442667K,38,Apprentissage,25,32211031311
0440074S,1,Apprentissage,5,23K00023306
0061394H,83,Apprentissage,20,32211031408
0755273Z,46,Apprentissage,15,32211032409
0755273Z,49,Apprentissage,15,32211031408
0595780M,35,Apprentissage,20,32211032209
0595780M,106,Apprentissage,20,32211032003
0782093B,80,Apprentissage,24,32211031408
0561958Z,21,Apprentissage,7,23K00025407
0590044C,23,Scolaire,15,32211022316
0382203N,216,Apprentissage,12,32211025520
0851232C,54,Apprentissage,32,32212021401
9730108E,101,Apprentissage,15,32211025014
6200189L,132,Apprentissage,10,32212021308
0861463Y,19,Apprentissage,10,23G00021407
0623903F,55,Scolaire,12,32211021304
0700958L,24,Apprentissage,20,23G00021220
0782113Y,123,Apprentissage,16,32212021207
0380034F,128,Scolaire,15,44210099901
0900378X,25,Apprentissage,8,23G00021407
0251643A,65,Apprentissage,40,23G00021220
0251643A,40,Apprentissage,30,23G00021406
0511732F,31,Apprentissage,20,32212021112
0573690B,33,Apprentissage,30,32211025014
0573690B,12,Apprentissage,20,32211025415
0081065P,12,Apprentissage,8,23G00021406
0623631K,40,Apprentissage,30,32211032409
0932343S,31,Apprentissage,5,32211032409
0671639T,153,Apprentissage,15,32211031409
0311213A,215,Scolaire,18,32211031408
0310046G,54,Scolaire,12,44210099901
0110023R,91,Apprentissage,12,32211025014
0594278E,70,Apprentissage,20,32211025520
0594278E,58,Apprentissage,20,32211025014
0694286J,70,Apprentissage,15,32211031409
0694286J,32,Apprentissage,15,32211031213
0762442S,19,Apprentissage,24,32211033422
0421090G,6,Apprentissage,10,23G00021213
0310053P,273,Apprentissage,15,32211023013
0810100U,58,Scolaire,18,32211031103
0031082K,107,Scolaire,30,23K00033501
0931193S,132,Scolaire,12,44210099901
0371409F,20,Apprentissage,8,32212021015
0212114J,104,Apprentissage,6,32211032003
0741410F,147,Apprentissage,8,32211031312
0741410F,89,Apprentissage,8,32211031213
0670024M,177,Apprentissage,17,32211033608
0831687H,55,Apprentissage,12,32211033608
0030026M,25,Apprentissage,2,32211025521
0831687H,99,Apprentissage,12,32211033115
0260765R,19,Apprentissage,25,32212031205
0631686R,50,Apprentissage,20,32212021207
0561732D,71,Apprentissage,20,32212021401
0150688S,58,Apprentissage,8,32212021015
0510062R,17,Apprentissage,4,32211020111
0510038P,130,Apprentissage,5,32211033608
0510068X,53,Apprentissage,3,32211031408
0400007R,83,Apprentissage,5,32211031409
0141904U,18,Apprentissage,20,32211031409
0891337V,117,Apprentissage,15,32211031213
0512205V,59,Apprentissage,30,32211033608
0593335E,62,Apprentissage,13,32211031213
0830053G,619,Apprentissage,15,32211031213
0831557S,428,Apprentissage,16,32212021308
0772962B,362,Apprentissage,200,32211020116
0772962B,124,Apprentissage,200,32211031408
0134299C,55,Apprentissage,15,32211032612
0062329Z,25,Apprentissage,2,32211033426
0755893Y,222,Apprentissage,10,32211032328
0755893Y,401,Apprentissage,10,32211032329
0694586K,56,Apprentissage,25,32211031409
0694586K,63,Apprentissage,25,32211031408
0831823F,86,Apprentissage,40,32211032003
0383590W,11,Apprentissage,20,32211031408
0383590W,45,Apprentissage,20,32211031212
0383590W,13,Apprentissage,20,32211031409
0512223P,105,Apprentissage,20,32211033115
0512223P,137,Apprentissage,50,32211033107
0922907K,125,Apprentissage,100,32211033002
0693452C,127,Apprentissage,20,32211033206
0570094T,110,Apprentissage,5,32211031213
0142133T,42,Apprentissage,2,32211020009
0142133T,25,Apprentissage,2,32211022316
0500087Y,24,Apprentissage,2,32211025216
0271585B,43,Apprentissage,2,32211025520
0762920L,52,Apprentissage,2,32211025015
0763237F,17,Apprentissage,3,23K00033414
0760035A,95,Apprentissage,2,32211031213
0011467P,90,Apprentissage,15,32211031212
0923067J,186,Apprentissage,75,32211033107
0923067J,170,Apprentissage,75,32211031212
0923067J,80,Apprentissage,56,32211031409
0333604N,136,Apprentissage,25,32211031212
0673264J,376,Apprentissage,30,32211033111
0292206R,26,Apprentissage,15,32211031409
0875095R,120,Apprentissage,52,32211031212
0134288R,89,Apprentissage,18,32211031212
0790924A,19,Apprentissage,14,23K00033404
0211479U,111,Apprentissage,40,32211025215
0353035J,24,Apprentissage,8,32212034101
0756628X,134,Apprentissage,35,32211033426
0756628X,27,Apprentissage,35,32211032409
0756628X,100,Apprentissage,35,32211032003
0756628X,47,Apprentissage,35,32211031408
0756628X,36,Apprentissage,35,32211031213
0756628X,45,Apprentissage,35,32211031212
0332738X,85,Apprentissage,30,32211031409
0694070Z,62,Apprentissage,20,32211031216
0942515Y,394,Apprentissage,30,32211032332
0923029T,65,Apprentissage,60,32211031212
0923029T,88,Apprentissage,60,32211031408
0923029T,54,Apprentissage,60,32211031213
0762652V,2,Apprentissage,10,23G00021219
0772884S,332,Apprentissage,25,32211033608
0320067Z,69,Apprentissage,4,32211023205
0681885E,47,Apprentissage,40,32211031213
0711896A,50,Apprentissage,5,32211033206
0601870G,33,Scolaire,15,23K00033501
0320002D,187,Scolaire,12,32211032612
0771654E,55,Apprentissage,15,32211022711
0370054H,98,Apprentissage,17,32211025416
0451653C,49,Apprentissage,24,32211025014
0871030X,64,Scolaire,6,44210099901
0932074Z,97,Scolaire,15,23K00033501
0940114N,124,Scolaire,24,23K00033501
0622309Y,120,Apprentissage,15,32211025215
0623631K,105,Apprentissage,30,32211031212
0601211R,296,Apprentissage,40,32211031213
0601211R,331,Apprentissage,40,32211031212
0601211R,105,Apprentissage,40,32211025215
0601211R,211,Apprentissage,20,32211033107
0597044L,50,Apprentissage,15,32211025215
0110023R,292,Apprentissage,15,32211031212
0110023R,92,Apprentissage,15,32211032409
0300023M,654,Apprentissage,3,32211031215
0542548B,46,Apprentissage,40,32211031213
0572590F,37,Apprentissage,12,32211025216
0711937V,72,Apprentissage,30,32211031212
0711937V,86,Apprentissage,30,32211031213
0171571R,437,Apprentissage,12,32211023305
0310044E,400,Apprentissage,24,32211025520
0922869U,25,Apprentissage,70,32211031409
0922869U,76,Apprentissage,140,32211031212
0060013G,108,Apprentissage,5,32211031103
0421691K,117,Apprentissage,15,32211022710
0421691K,109,Apprentissage,15,32211025416
0301907K,23,Apprentissage,20,32211032409
0380023U,75,Apprentissage,12,32211033607
0060020P,6,Apprentissage,5,32211031213
0350807M,11,Apprentissage,8,23K00033412
0756079A,709,Apprentissage,15,32211031215
0756079A,130,Apprentissage,15,32211031408
0756079A,387,Apprentissage,15,32211020116
0622949U,129,Apprentissage,15,32211031213
0660552S,154,Apprentissage,24,32211033107
0450808J,70,Apprentissage,20,32211031213
0360873D,34,Apprentissage,15,32211032003
0360873D,58,Apprentissage,15,32211031212
0360873D,6,Apprentissage,15,32211032409
0360873D,11,Apprentissage,15,32211031409
0360873D,29,Apprentissage,15,32211031213
0360873D,36,Apprentissage,15,32211034401
0511884W,27,Apprentissage,15,32211025017
0640131V,167,Apprentissage,22,32211033107
0492432C,70,Apprentissage,16,32211023205
0492432C,84,Apprentissage,16,32211023013
0624254M,36,Apprentissage,12,32211031213
0500127S,40,Apprentissage,4,32211033426
0610692W,43,Apprentissage,20,32211032328
0610692W,58,Apprentissage,20,32211031312
0610692W,54,Apprentissage,20,32211034401
0756074V,231,Apprentissage,60,32211032003
0756074V,140,Apprentissage,50,32211031312
0756074V,38,Apprentissage,60,32211032409
0756074V,120,Apprentissage,60,32211031409
0756074V,159,Apprentissage,35,32211033426
0756004U,84,Apprentissage,60,32211033607
0595616J,46,Apprentissage,8,32211031216
0590149S,48,Apprentissage,6,32211025520
0595616J,68,Apprentissage,8,32211031409
0590233H,176,Apprentissage,5,32211031212
0620062F,125,Apprentissage,10,32211031312
0590214M,50,Apprentissage,15,32211022711
0620256S,148,Apprentissage,15,32211031408
0540041B,284,Apprentissage,24,32211031311
0593071T,28,Apprentissage,30,32211025014
0851699K,113,Apprentissage,40,32211031212
0942169X,197,Apprentissage,100,32211031408
0942169X,86,Apprentissage,75,32211031311
0750705J,1336,Apprentissage,15,32211031409
0750705J,1012,Apprentissage,15,32211032409
0670127Z,806,Apprentissage,30,32211031213
0624184L,21,Apprentissage,5,23G00021407
0490903R,28,Apprentissage,15,32211022710
0881672P,24,Apprentissage,15,32211031409
0622199D,63,Apprentissage,25,32211034502
0912289U,74,Apprentissage,25,32211031409
0831693P,75,Apprentissage,15,32211032003
0831692N,23,Apprentissage,15,32211032003
0841173U,159,Apprentissage,15,32211032003
0841173U,93,Apprentissage,15,32211031408
0841173U,90,Apprentissage,15,32211031409
0841173U,143,Apprentissage,15,32211034502
0762312A,75,Apprentissage,15,32211022710
0921379Z,111,Apprentissage,10,32211022710
0731527N,80,Apprentissage,30,32211033608
0922661T,14,Apprentissage,25,32211031409
0762312A,56,Apprentissage,20,32211031409
0922653J,70,Apprentissage,20,32211031216
0923067J,201,Apprentissage,56,32211034502
0694228W,239,Apprentissage,80,32211031212
0422322W,106,Apprentissage,50,32211031213
0422322W,71,Apprentissage,30,32211031212
0422322W,82,Apprentissage,40,32211031409
0161216K,22,Apprentissage,16,32211025014
0573727S,17,Apprentissage,15,32211031408
0573727S,20,Apprentissage,10,32211031213
0573727S,12,Apprentissage,12,32211031409
0573727S,34,Apprentissage,10,32211031311
0301286K,55,Apprentissage,20,32211031408
0341921D,817,Apprentissage,8,32211031212
0134356P,11,Apprentissage,16,32211033002
0772918D,99,Apprentissage,80,32211031103
0772918D,104,Apprentissage,80,32211033608
0597344M,98,Apprentissage,15,32211033206
0597344M,416,Apprentissage,60,32211033111
0597344M,190,Apprentissage,25,32211033115
0597344M,244,Apprentissage,30,32211033107
0900004R,107,Apprentissage,4,32211031103
0922661T,20,Apprentissage,25,32211032409
0693267B,46,Apprentissage,10,32211031213
0400100S,117,Apprentissage,8,32211033107
0442291B,70,Apprentissage,20,32211032328
0442291B,145,Apprentissage,22,32211032329
0442291B,135,Apprentissage,22,32211032332
0851235F,44,Apprentissage,20,32211033206
0521117G,5,Apprentissage,2,32211031408
0521117G,11,Apprentissage,5,32211031212
0521117G,2,Apprentissage,2,32211032409
0521117G,8,Apprentissage,2,32211031409
0521117G,4,Apprentissage,2,32211032612
0521117G,15,Apprentissage,2,32211031215
0731586C,51,Apprentissage,12,32211033002
0021874B,106,Apprentissage,30,32211031212
0922907K,85,Apprentissage,150,32211031409
0631162W,25,Apprentissage,25,32212021015
0682120K,73,Apprentissage,24,32211031212
0682120K,38,Apprentissage,24,32211031409
0682120K,57,Apprentissage,24,32211031213
0682098L,30,Apprentissage,24,32211031409
0762601P,34,Apprentissage,3,32211032409
0353011H,28,Apprentissage,7,32211032409
0851346B,89,Apprentissage,2,32211031212
0313083H,193,Apprentissage,2,32211020116
0331707B,192,Apprentissage,30,32211033608
9711342G,160,Apprentissage,20,32211031312
9711333X,106,Apprentissage,20,32211033426
0140043W,181,Apprentissage,11,32211033426
0333637Z,26,Apprentissage,12,23K00025407
0320023B,17,Apprentissage,4,32211031216
0772949M,155,Apprentissage,30,32211020116
0270016W,70,Apprentissage,2,32211032409
0760096S,684,Apprentissage,11,32211031213
0134289S,27,Apprentissage,15,32211031408
0772667F,81,Apprentissage,40,32211031409
0782093B,128,Apprentissage,24,32211031213
0782093B,48,Apprentissage,24,32211032409
0690542P,101,Apprentissage,20,32211031408
0690542P,122,Apprentissage,20,32211031409
0573727S,36,Apprentissage,14,32211032612
0060033D,293,Apprentissage,24,32211032612
0875030V,23,Apprentissage,15,32211022406
0690642Y,253,Scolaire,16,32211031409
0512205V,123,Scolaire,30,32211033115
0512205V,127,Scolaire,60,32211033107
0880013L,74,Scolaire,12,44210099901
0880031F,22,Scolaire,12,44210099901
0310033T,230,Scolaire,18,32211033206
0750787Y,160,Scolaire,10,44210099901
0442278M,192,Apprentissage,42,32211023412
0730037U,32,Apprentissage,4,32211025014
9730094P,38,Scolaire,13,23K00025123
0690074F,1543,Scolaire,33,32211031212
0692517L,1051,Scolaire,35,32211031409
9730094P,29,Scolaire,13,23K00022704
0492148U,622,Scolaire,34,32211034502
0850028U,48,Scolaire,15,23K00033501
0492432C,21,Scolaire,15,23K00033501
0791189N,22,Apprentissage,5,32211031213
0694652G,29,Apprentissage,24,32211031212
0731613G,94,Apprentissage,14,32211031212
0731613G,47,Apprentissage,14,32211031409
0342451E,38,Apprentissage,18,32211031213
0756457L,312,Apprentissage,100,32211033426
0756457L,205,Apprentissage,100,32211031312
0562071X,33,Apprentissage,5,32211031408
0100003Z,31,Apprentissage,15,32211031213
0597342K,68,Apprentissage,12,32211031408
0693977Y,228,Apprentissage,20,32211032003
0693977Y,165,Apprentissage,20,32211031312
0422324Y,3,Apprentissage,20,32211031409
0441032H,91,Apprentissage,24,32212021007
0694652G,81,Apprentissage,24,32211031409
0080047H,56,Scolaire,15,32211025520
0910630R,1092,Scolaire,24,32211025303
0340012D,98,Apprentissage,15,32211023411
0212255M,72,Apprentissage,20,32211033608
0801327H,14,Apprentissage,5,32211025521
0731563C,99,Apprentissage,15,32211031409
0040579H,23,Apprentissage,10,32211031213
0441032H,103,Apprentissage,24,32212021015
0641940L,72,Apprentissage,36,32212034101
0801996K,18,Apprentissage,12,23G00021007
0781946S,110,Apprentissage,35,32211031313
0781946S,50,Apprentissage,35,32211031408
0060002V,83,Apprentissage,6,32211025219
0060022S,29,Apprentissage,6,32211022003
0442814V,89,Apprentissage,20,32211032612
0442814V,103,Apprentissage,20,32211020116
0222036U,54,Apprentissage,40,32211032003
0353079G,134,Apprentissage,40,32211032003
0693448Y,552,Apprentissage,15,32211031215
0693448Y,283,Apprentissage,15,32211020116
0693448Y,98,Apprentissage,15,32211031408
0841251D,14,Apprentissage,20,32212021015
0550049E,15,Apprentissage,12,32211031216
0353093X,164,Apprentissage,15,32211031212
0891339X,33,Apprentissage,30,32211031213
0080008R,97,Apprentissage,3,32211031213
0800007Y,22,Apprentissage,15,32211020111
0380032D,405,Apprentissage,4,32211031213
0923084C,329,Apprentissage,60,32211033112
0881790T,46,Apprentissage,25,32211031409
0881790T,73,Apprentissage,25,32211031212
0881790T,66,Apprentissage,60,32211031213
0542584R,105,Apprentissage,25,32211033107
0062412P,160,Apprentissage,50,32211034502
0062412P,237,Apprentissage,80,32211031312
0062412P,117,Apprentissage,50,32211020116
0062412P,123,Apprentissage,100,32211031212
0062412P,78,Apprentissage,100,32211031408
0062412P,368,Apprentissage,100,32211031215
0062412P,38,Apprentissage,80,32211032409
0062412P,165,Apprentissage,80,32211033426
0062412P,68,Apprentissage,100,32211031213
0062412P,136,Apprentissage,100,32211032003
0382938M,57,Apprentissage,20,32211031408
0120621K,144,Scolaire,24,32211033206
0841173U,195,Apprentissage,15,32211031213
0332192D,104,Scolaire,12,23K00033414
9710090W,203,Scolaire,30,32211023305
0142133T,123,Scolaire,15,32211025416
0841173U,219,Apprentissage,15,32211031212
0841173U,179,Apprentissage,15,32211031312
0590149S,75,Apprentissage,16,32211020116
0620256S,116,Apprentissage,15,32211032612
0620192X,35,Apprentissage,15,32211022711
0230020X,68,Apprentissage,2,32211031212
0693704B,136,Apprentissage,12,32211034502
0693704B,130,Apprentissage,12,32211033426
0693704B,168,Apprentissage,12,32211031313
0942355Z,220,Apprentissage,30,32211031409
0071126L,69,Scolaire,24,32211032612
0772715H,122,Apprentissage,24,32211025215
0573395F,72,Apprentissage,20,32211031103
9711278M,31,Apprentissage,2,32211031216
0601950U,88,Apprentissage,18,32211031408
0760058A,53,Scolaire,15,32211020115
0942355Z,237,Apprentissage,30,32211031212
0251891V,57,Apprentissage,25,32211031408
0942355Z,248,Apprentissage,25,32211032612
0300109F,28,Apprentissage,15,32211031312
0932036H,245,Apprentissage,25,32211031212
0752792C,925,Scolaire,60,32211031213
0752792C,299,Scolaire,30,32211031409
0510068X,102,Apprentissage,3,32211031213
0692781Y,97,Apprentissage,20,32211023411
0170031S,835,Scolaire,30,32211031213
0022046N,15,Apprentissage,12,23G00021220
0071351F,94,Scolaire,12,44210099901
6200003J,45,Scolaire,9,32211025015
0420985T,55,Apprentissage,12,32211025014
0420985T,91,Apprentissage,12,32211025215
0101158E,9,Apprentissage,2,32211032003
0261035J,98,Apprentissage,15,32211023206
0101035W,31,Apprentissage,2,32211032003
0021740F,1,Apprentissage,20,32211025520
0313089P,45,Apprentissage,30,32211031409
0490054T,121,Apprentissage,15,32211023411
0594658T,121,Apprentissage,10,32211034502
0333673N,241,Apprentissage,30,32211033107
0672477D,9,Apprentissage,4,23G00021407
0400898J,2,Apprentissage,12,23G00021409
0443062P,102,Apprentissage,30,32211033107
0791171U,26,Apprentissage,2,32211031213
0241198X,48,Apprentissage,35,32211031213
9741090S,52,Apprentissage,10,32212021115
0580050P,166,Scolaire,18,32211033206
0710012C,103,Scolaire,15,32211020111
0212251H,142,Apprentissage,25,32211032003
0630041C,17,Apprentissage,15,23K00025508
0573781A,70,Apprentissage,20,32211034303
0573781A,19,Apprentissage,20,32211025001
0681948Y,107,Apprentissage,20,32211031408
0682029L,123,Apprentissage,25,32211031312
0694602C,77,Apprentissage,25,32211032612
0022115N,36,Apprentissage,12,32211031213
0753082T,49,Apprentissage,15,32211031212
0870118F,136,Apprentissage,2,32211033112
0351002Z,66,Apprentissage,14,32211023013
0211089V,37,Scolaire,8,32211023205
0690723L,360,Apprentissage,150,32211031212
0690723L,182,Apprentissage,70,32211031409
0241198X,18,Apprentissage,35,32211031409
0690660T,32,Scolaire,11,44210099901
0671832C,102,Apprentissage,9,32211025014
0021906L,84,Apprentissage,20,32211031212
0692781Y,348,Apprentissage,20,32211023305
0730043A,78,Apprentissage,14,32211025520
0390810U,420,Scolaire,16,32212021308
0110023R,145,Apprentissage,15,32211031408
0451653C,26,Apprentissage,24,32211022316
0572698Y,6,Apprentissage,12,23K00025406
0100025Y,100,Apprentissage,12,32211031409
0100025Y,55,Apprentissage,6,32211025014
0100025Y,74,Apprentissage,15,32211032409
0100025Y,101,Apprentissage,12,32211031408
0694652G,46,Apprentissage,24,32211032003
0694652G,20,Apprentissage,24,32211031408
0020050U,15,Apprentissage,3,32211020111
0951963T,179,Apprentissage,14,32211033107
0134546W,85,Apprentissage,15,32211031409
0134546W,138,Apprentissage,15,32211031212
0134546W,135,Apprentissage,15,32211020116
0134546W,217,Apprentissage,15,32211031213
0756457L,149,Apprentissage,100,32211031408
0754042L,204,Apprentissage,36,32211031408
0682099M,50,Apprentissage,20,32211031313
0682076M,19,Apprentissage,20,32211032003
0772979V,131,Apprentissage,75,32211031408
0772979V,144,Apprentissage,75,32211031312
0772979V,200,Apprentissage,75,32211033426
0333678U,195,Apprentissage,20,32211032329
0333678U,140,Apprentissage,20,32211032330
0762312A,42,Apprentissage,4,32211020111
0134349G,34,Apprentissage,15,32211025520
0134349G,43,Apprentissage,15,32211032612
0134349G,46,Apprentissage,15,32211020009
9840386X,67,Scolaire,16,32211034304
0134349G,50,Apprentissage,15,32211032003
0923166S,97,Apprentissage,25,32211032409
0134280G,23,Apprentissage,15,32211031213
0134280G,55,Apprentissage,15,32211032003
0134280G,77,Apprentissage,15,32211033426
0923166S,152,Apprentissage,25,32211031409
0923166S,165,Apprentissage,25,32211032003
0923166S,149,Apprentissage,25,32211031408
0923166S,124,Apprentissage,25,32211031311
0923166S,249,Apprentissage,25,32211031313
0923166S,120,Apprentissage,25,32211033002
0923166S,188,Apprentissage,50,32211031212
0923166S,264,Apprentissage,115,32211031213
0756243D,96,Apprentissage,24,32211032612
0331719P,71,Apprentissage,10,32211031408
0573734Z,53,Apprentissage,15,32211033608
0411090M,13,Apprentissage,12,32211022316
0670127Z,935,Apprentissage,30,32211031212
0831760M,15,Apprentissage,10,32211031311
0673225S,131,Apprentissage,25,32211032003
0160757L,8,Apprentissage,15,23K00033404
0912473U,26,Apprentissage,12,32211031213
0062394V,37,Apprentissage,25,32211031409
0694537G,136,Apprentissage,18,32211032003
0573812J,55,Apprentissage,30,32211032409
0720930V,2,Apprentissage,8,23K00033414
0942568F,70,Apprentissage,25,32211031212
0380035G,63,Apprentissage,12,23K00033404
0380035G,34,Apprentissage,12,23K00033413
0331708C,305,Apprentissage,24,32211032003
0331708C,83,Apprentissage,24,32211032409
0530500F,35,Apprentissage,5,32211025213
0922653J,270,Apprentissage,20,32211020116
0801996K,159,Apprentissage,40,32212021015
0440029T,229,Apprentissage,14,32211023012
0952196W,59,Scolaire,12,23K00033501
0440029T,163,Apprentissage,16,32211023206
0351884H,71,Apprentissage,20,32211033422
0470001W,105,Scolaire,14,32211022106
0640011P,783,Scolaire,35,32211031212
0133288D,539,Apprentissage,15,32211031213
0632001H,48,Scolaire,10,32212021015
0632001H,69,Scolaire,5,32212021401
0632001H,283,Scolaire,20,32212021308
0632001H,102,Scolaire,5,32212021304
0755701P,441,Apprentissage,50,32211033426
0311902Z,151,Apprentissage,12,23K00033501
0442291B,95,Apprentissage,20,32211031213
0442291B,101,Apprentissage,20,32211031212
0310054R,76,Apprentissage,2,32211022316
0810012Y,73,Apprentissage,4,32211033206
0062260Z,91,Apprentissage,25,32211031212
0755701P,193,Apprentissage,100,32211034401
0755701P,222,Apprentissage,50,32211033206
0755701P,341,Apprentissage,50,32211033107
0755701P,510,Apprentissage,80,32211033112
0755701P,707,Apprentissage,50,32211033111
0755701P,283,Apprentissage,20,32211033608
0755701P,151,Apprentissage,30,32211032208
0755701P,145,Apprentissage,30,32211031311
0021818R,53,Apprentissage,24,32212021207
0642174R,166,Apprentissage,25,32211031312
0642174R,116,Apprentissage,25,32211031212
0841173U,59,Apprentissage,15,32211032612
0840733R,201,Apprentissage,15,32211031212
0624430D,97,Apprentissage,15,32211025520
0442970P,156,Apprentissage,35,32211031312
0594278E,21,Apprentissage,20,32211025521
0422348Z,100,Apprentissage,30,32211031212
0422348Z,74,Apprentissage,25,32211031409
0801720K,53,Apprentissage,12,32212021015
0760110G,602,Scolaire,17,32211020116
0622949U,287,Scolaire,30,32211033002
0330018R,340,Scolaire,24,32211023108
0711068A,5,Apprentissage,12,23G00021213
0332472H,25,Apprentissage,20,32212021114
0750770E,72,Scolaire,15,44210099901
0590121L,1004,Scolaire,30,32211020116
0594278E,58,Scolaire,15,32211025014
0341794R,1238,Scolaire,12,32211032332
0570311D,91,Scolaire,24,32211031311
0740014N,46,Apprentissage,12,32211033422
0920170K,376,Apprentissage,16,32211033608
0301673F,37,Apprentissage,10,32211031212
0597005U,662,Scolaire,28,32211025303
0721696C,37,Apprentissage,25,32211031103
0741781J,66,Apprentissage,16,32211031213
0741781J,35,Apprentissage,12,32211031408
0490840X,60,Apprentissage,18,32211031212
9740045F,49,Scolaire,15,23K00032601
0132974M,147,Apprentissage,40,32211033422
0351958N,170,Scolaire,34,32212022115
0071125K,50,Scolaire,16,32211034304
0740013M,53,Scolaire,15,23K00033501
0190701J,117,Scolaire,12,32211025215
0580071M,35,Apprentissage,20,32211032409
0711755X,46,Apprentissage,15,32211031213
0221712S,92,Apprentissage,15,32212021007
0752845K,498,Scolaire,24,32211034401
0301270T,141,Scolaire,15,23K00025509
0331460H,26,Scolaire,15,23K00023306
0332473J,52,Apprentissage,25,32212031202
9711278M,69,Apprentissage,1,32211031408
0310044E,673,Scolaire,24,32211031216
0720017C,33,Apprentissage,12,32211025014
0491941U,16,Apprentissage,20,23G00021407
0841026J,41,Apprentissage,24,32212031203
0133474F,217,Apprentissage,15,32211033112
0130003H,227,Apprentissage,14,32211025014
0841206E,76,Apprentissage,20,32211031408
0660014G,114,Apprentissage,15,32211022710
0595821G,167,Apprentissage,30,32211031212
0623801V,17,Apprentissage,26,32211031409
0623801V,17,Apprentissage,26,32211031408
0841206E,248,Apprentissage,20,32211031212
0841203B,59,Apprentissage,15,32212021207
0595119U,10,Apprentissage,12,23G00021406
0694565M,28,Apprentissage,17,32211031213
0132733A,232,Apprentissage,15,32211025520
0922377J,189,Apprentissage,40,32211031312
0690670D,139,Scolaire,30,32211031212
0690670D,48,Scolaire,20,32211034502
0694228W,119,Apprentissage,120,32211031213
0710001R,388,Scolaire,15,32211023305
0190010H,31,Apprentissage,3,32211022316
0694228W,145,Apprentissage,60,32211031409
0840077C,154,Apprentissage,8,32211031212
0133878V,217,Apprentissage,15,32211033426
0212052S,108,Apprentissage,60,32211031408
0212052S,104,Apprentissage,60,32211031409
0212052S,27,Apprentissage,60,32211033422
0932074Z,889,Scolaire,30,32211031213
0351884H,97,Apprentissage,15,32211031408
0133424B,110,Apprentissage,15,32211031103
0780819S,175,Apprentissage,24,32211023012
0550025D,14,Apprentissage,2,32211020111
0670089H,61,Apprentissage,10,32211025216
0840004Y,343,Apprentissage,18,32211031408
0870118F,18,Apprentissage,5,32211022003
0441823T,69,Apprentissage,15,32211025014
0222033R,31,Apprentissage,20,32211025014
0762169V,196,Apprentissage,15,32211034303
0261505V,74,Apprentissage,6,32211022316
0741622L,103,Apprentissage,20,32211031409
0741622L,138,Apprentissage,20,32211032003
0730805D,48,Apprentissage,15,32211032409
0660004W,73,Apprentissage,15,32211031103
0820021C,86,Apprentissage,1,32211033002
0762735K,35,Scolaire,5,32211025518
9741620T,242,Scolaire,15,32211025521
9741620T,402,Scolaire,10,32211032329
9741620T,371,Scolaire,15,32211020116
9741620T,223,Scolaire,10,32211032330
9741620T,116,Scolaire,10,32211032331
9740552G,37,Scolaire,12,23K00025002
9740934X,30,Scolaire,12,23K00025510
0721528V,79,Apprentissage,16,32211032612
0700958L,40,Scolaire,25,32211033206
0881579N,9,Apprentissage,8,23G00021223
0830923C,151,Apprentissage,15,32211025520
0060033D,535,Apprentissage,24,32211031408
0060033D,565,Apprentissage,24,32211031409
0490018D,58,Apprentissage,3,32211031408
9740934X,87,Scolaire,15,44210099901
0572820F,1,Apprentissage,27,23K00022705
0600004D,190,Apprentissage,16,32211033608
0831377W,38,Apprentissage,24,32211031213
0831377W,29,Apprentissage,24,32211031409
0831608X,98,Apprentissage,16,32211031213
0831608X,82,Apprentissage,16,32211031212
0831608X,46,Apprentissage,16,32211031216
0840005Z,702,Scolaire,45,32211033206
0831453D,535,Apprentissage,24,32211033426
0382433N,56,Apprentissage,16,32212021401
0700796K,12,Apprentissage,12,32211033422
0133305X,19,Scolaire,20,32211033607
0133425C,342,Scolaire,18,32211031213
0133425C,290,Scolaire,18,32211031212
0831354W,70,Apprentissage,15,32211033607
0830923C,128,Apprentissage,15,32211025014
0442349P,66,Apprentissage,16,32211025014
0060029Z,791,Apprentissage,20,32211031212
9740082W,592,Scolaire,15,32211031312
9741380G,146,Scolaire,15,32211020114
0831559U,54,Scolaire,15,23K00025002
0750691U,780,Scolaire,30,32211025520
0721554Y,73,Apprentissage,15,32211033608
0672198A,162,Apprentissage,10,32211022709
0730760E,2,Apprentissage,15,32211031408
0382099A,169,Scolaire,15,32211023412
0491941U,52,Scolaire,12,32212021015
0530863A,46,Scolaire,25,32212021007
0711103N,10,Apprentissage,20,23G00021223
0542221W,9,Apprentissage,16,23K00025406
0221804S,37,Apprentissage,15,23G00021220
0590258K,242,Apprentissage,48,32211031311
0590258K,850,Apprentissage,24,32211031215
0590258K,373,Apprentissage,24,32211034502
0590258K,244,Apprentissage,32,32211032409
0060028Y,315,Scolaire,20,32211031213
0741710G,65,Apprentissage,12,32211032612
0741710G,103,Apprentissage,20,32211031312
0060023T,94,Apprentissage,26,32211033422
0940113M,41,Apprentissage,15,32211025520
0100078F,102,Apprentissage,20,32211033206
0110023R,231,Apprentissage,15,32211031213
0333464L,78,Apprentissage,30,32211031409
0333460G,121,Apprentissage,30,32211031213
0450786K,55,Scolaire,11,23K00033501
0280864M,80,Scolaire,15,23K00033501
0542533K,166,Apprentissage,30,32211031212
0301856E,63,Apprentissage,12,32211031213
0624100V,37,Apprentissage,26,32211031213
0624100V,18,Apprentissage,26,32211031409
0632075N,165,Apprentissage,150,32211031213
0632075N,53,Apprentissage,150,32211031409
0640010N,149,Apprentissage,9,32211032331
0301286K,51,Apprentissage,8,32211022208
0920171L,219,Apprentissage,8,32211025520
0370984U,62,Apprentissage,15,32211022709
0640001D,179,Apprentissage,12,32211023012
0891185E,83,Apprentissage,20,32211031213
0593030Y,58,Scolaire,20,32211033607
0142395C,117,Apprentissage,15,32211031312
0142395C,137,Apprentissage,30,32211032003
0142395C,209,Apprentissage,40,32211031213
0520028Y,29,Apprentissage,1,32211025014
0520028Y,59,Apprentissage,1,32211034303
0593060F,154,Scolaire,38,32211034401
0756029W,30,Apprentissage,18,32211031213
0134349G,72,Apprentissage,20,32211031213
0134349G,37,Apprentissage,16,32211020113
0420979L,145,Apprentissage,12,32211031409
0942447Z,164,Apprentissage,50,32211031213
9710690Y,25,Scolaire,16,23K00032601
0772902L,106,Apprentissage,20,32211031213
0772902L,68,Apprentissage,20,32211031409
0771204R,179,Apprentissage,40,32211031213
0590215N,703,Scolaire,24,32211033115
0170060Y,156,Apprentissage,5,32211031212
0211479U,17,Apprentissage,20,23K00033413
0783703B,98,Apprentissage,28,32211025215
0941934S,672,Apprentissage,36,32211032612
0542492R,8,Apprentissage,18,23G00021220
0500032N,44,Apprentissage,15,23K00025406
0840005Z,226,Scolaire,12,32211025215
0542460F,29,Apprentissage,25,32211031409
0020014E,10,Apprentissage,5,32211022505
0021939X,37,Apprentissage,6,32211025520
0542460F,188,Apprentissage,25,32211031313
0261098C,70,Apprentissage,12,32211033206
0501899T,9,Apprentissage,16,23G00021213
0501784T,73,Apprentissage,18,23G00021220
0501784T,22,Apprentissage,8,23G00021407
0611037W,16,Apprentissage,25,23G00021406
0755559K,130,Apprentissage,20,32211032003
0451481R,83,Apprentissage,8,32211025521
0420976H,110,Apprentissage,15,32211025014
0451481R,40,Apprentissage,10,32211020113
0941470M,125,Scolaire,24,23K00032601
0531021X,28,Apprentissage,18,32211031408
0313029Z,434,Apprentissage,24,32211031212
0271724C,53,Apprentissage,50,23G00021220
0932760V,126,Apprentissage,24,32211022709
0597007W,32,Apprentissage,32,32211031212
0597007W,13,Apprentissage,32,32211032409
0596906L,32,Apprentissage,40,32211033422
0141175B,48,Apprentissage,5,32211025520
0631852W,54,Apprentissage,28,32211031213
0631852W,52,Apprentissage,28,32211031212
0595778K,42,Apprentissage,25,32211031213
0120024L,103,Apprentissage,12,32211025215
9741050Y,251,Scolaire,15,32211034502
0595778K,35,Apprentissage,25,32211033608
0271691S,252,Apprentissage,50,32211031212
0271691S,76,Apprentissage,25,32211032409
0271691S,83,Apprentissage,25,32211031409
9730469X,181,Apprentissage,25,32211031408
9730421V,118,Apprentissage,16,32211033426
0561732D,28,Apprentissage,30,23G00021407
0631904C,28,Apprentissage,15,23G00021407
0292039J,54,Apprentissage,20,32211032003
0783455G,13,Apprentissage,18,23G00021406
9730421V,73,Scolaire,16,32211031103
0110004V,82,Apprentissage,6,32211032612
0501735P,127,Apprentissage,15,32212021015
0070029U,222,Scolaire,24,32211033002
0830050D,317,Scolaire,15,32211034502
0401002X,562,Scolaire,15,32211023305
0470009E,252,Scolaire,30,32211033206
0624100V,30,Apprentissage,26,32211031212
0370825W,29,Apprentissage,16,23K00025002
0632001H,78,Scolaire,5,32212021207
0693726A,212,Apprentissage,35,32211031103
0632001H,37,Scolaire,5,32212021112
0741410F,55,Apprentissage,10,32211033608
0930126G,69,Scolaire,12,23K00032601
0341821V,23,Apprentissage,72,32211033422
0512015N,63,Apprentissage,22,32211033608
0340076Y,43,Apprentissage,12,32211034304
0810023K,128,Apprentissage,4,32211031213
0660856X,15,Scolaire,8,44210099901
0811161X,70,Apprentissage,20,32212034302
0840218F,119,Apprentissage,24,32212031202
0830077H,120,Scolaire,16,32212031202
0660059F,189,Apprentissage,25,32211031212
0660059F,92,Apprentissage,25,32211033002
0081150G,43,Apprentissage,20,32211031213
0150755P,20,Apprentissage,16,23G00021406
0160022M,138,Scolaire,24,32211033002
0331557N,157,Scolaire,20,32211033608
0831109E,6,Apprentissage,10,23G00021213
0211799S,22,Apprentissage,10,23G00021407
0595012C,19,Apprentissage,30,32212031205
0861113T,81,Scolaire,15,32211025014
0480680D,47,Apprentissage,15,32211033422
0480680D,33,Apprentissage,15,32211025213
0754239A,354,Apprentissage,20,32211031212
0190027B,37,Apprentissage,24,32211025213
0081150G,70,Apprentissage,15,32211031212
0261542K,44,Apprentissage,22,32211022316
0260023J,107,Apprentissage,5,32211024305
0932291K,374,Apprentissage,12,32211025215
0597156H,157,Apprentissage,40,32211031212
0730003G,176,Apprentissage,4,32211031213
0831407D,132,Apprentissage,5,32211031311
0090656P,11,Apprentissage,15,32211032409
0311717Y,186,Apprentissage,40,32211031213
0312677S,103,Apprentissage,12,32211031103
0130157A,76,Scolaire,15,23K00033501
0830662U,100,Apprentissage,20,32211031312
0420996E,36,Apprentissage,15,32211020111
0831738N,171,Apprentissage,30,32211031213
0831738N,129,Apprentissage,12,32211031212
0134569W,2,Apprentissage,800,32211031212
0421691K,109,Apprentissage,15,32211023205
0670114K,122,Apprentissage,24,32211031212
0220060W,202,Scolaire,15,32211023412
0134569W,1,Apprentissage,800,32211032409
0134569W,0,Apprentissage,800,32211031409
0133879W,339,Apprentissage,40,32211033107
0130050J,213,Apprentissage,12,32211023013
0690542P,236,Apprentissage,20,32211031213
0831693P,86,Apprentissage,30,32211031213
0831693P,51,Apprentissage,15,32211031409
0831693P,92,Apprentissage,15,32211031312
0791189N,29,Apprentissage,5,32211031212
0763502U,139,Apprentissage,15,32211033426
0831760M,26,Apprentissage,10,32211031213
0831760M,55,Apprentissage,10,32211034502
0561958Z,40,Apprentissage,5,32211020111
0561802E,39,Apprentissage,16,32211025014
9760182U,235,Apprentissage,10,32211031212
9711261U,47,Apprentissage,10,32211031213
0763502U,46,Apprentissage,15,32211031409
0763502U,178,Apprentissage,15,32211031212
0134569W,9,Apprentissage,800,32211032003
0763502U,123,Apprentissage,25,32211032003
0541898V,5,Apprentissage,8,23K00022704
0541898V,1,Apprentissage,8,23K00022705
9730545E,91,Apprentissage,10,32211031213
0134569W,1,Apprentissage,800,32211031408
0595728F,30,Apprentissage,20,32211031409
0595728F,38,Apprentissage,20,32211031213
0271431J,83,Apprentissage,2,32211031213
0672877N,75,Apprentissage,15,32211031213
0672877N,221,Apprentissage,15,32211031212
0672877N,124,Apprentissage,15,32211031409
0781858W,198,Apprentissage,40,32211031213
0031041R,66,Scolaire,15,32211033206
0040490L,79,Scolaire,15,32211022709
0560016N,399,Scolaire,15,32211020116
0542408Z,130,Apprentissage,20,32211031409
0140017T,155,Apprentissage,3,32211031408
0141275K,99,Apprentissage,5,32211031213
0383474V,282,Apprentissage,35,32211031212
0141275K,34,Apprentissage,5,32211025520
0781858W,264,Apprentissage,40,32211031212
0383208F,186,Apprentissage,12,32211031212
0383474V,92,Apprentissage,20,32211023108
0420985T,40,Apprentissage,12,32211025520
0420998G,65,Apprentissage,20,32211031212
0760072R,37,Apprentissage,3,32211031408
0932343S,196,Apprentissage,20,32211033426
0771817G,35,Apprentissage,15,32212021015
0771817G,16,Apprentissage,20,32212021115
9720070U,95,Scolaire,38,32211031213
0711896A,52,Apprentissage,8,32211033608
0922794M,46,Apprentissage,15,32211031408
0922794M,65,Apprentissage,15,32211032003
0922794M,267,Apprentissage,20,32211031215
0922794M,45,Apprentissage,15,32211032409
0353005B,77,Apprentissage,2,32211031313
0353005B,72,Apprentissage,5,32211032003
0353005B,53,Apprentissage,5,32211032612
0353005B,54,Apprentissage,6,32211032409
0353005B,154,Apprentissage,10,32211033426
0342380C,78,Scolaire,12,32211032330
0342380C,148,Scolaire,12,32211032332
0311189Z,97,Apprentissage,15,32211031213
0311189Z,235,Apprentissage,24,32211033107
0142120D,186,Scolaire,15,32211020116
0755986Z,26,Apprentissage,20,32211031212
0390033Z,48,Apprentissage,12,23K00033404
0180035R,27,Scolaire,13,23K00033501
0891341Z,2,Apprentissage,12,32211033107
0450786K,158,Scolaire,15,44210099901
0350998V,130,Apprentissage,6,32211025215
0350998V,69,Apprentissage,12,32211032612
0121490E,64,Apprentissage,24,32212021015
0542262R,308,Apprentissage,15,32211023305
0383350K,184,Apprentissage,50,32211031212
0383350K,118,Apprentissage,50,32211031409
0383350K,135,Apprentissage,100,32211031213
0694089V,135,Apprentissage,30,32211032612
0694089V,253,Apprentissage,50,32211023305
0694089V,78,Apprentissage,30,32211031409
0694089V,48,Apprentissage,30,32211031213
0542532J,110,Apprentissage,90,32211031213
0211948D,71,Apprentissage,30,32211031103
0900239W,25,Apprentissage,12,23K00033404
0310056T,2179,Scolaire,18,32211031212
0791132B,33,Apprentissage,80,32211031409
0810959C,232,Scolaire,12,32211033608
0771914M,142,Apprentissage,30,32211033426
0771914M,174,Apprentissage,30,32211031213
0511884W,23,Apprentissage,2,32211020113
0511884W,97,Apprentissage,2,32211032209
0511884W,66,Apprentissage,2,32211025521
0511884W,129,Apprentissage,2,32211020116
0130058T,329,Scolaire,12,32211034401
0711896A,111,Apprentissage,25,32211031213
0950709E,399,Scolaire,28,32211033206
0700905D,76,Scolaire,8,32211022316
0782556E,585,Scolaire,29,32211022209
0875095R,133,Apprentissage,70,32211031213
0342428E,64,Apprentissage,10,32211031213
0301856E,69,Apprentissage,12,32211031212
0301856E,21,Apprentissage,12,32211031409
0597007W,21,Apprentissage,32,32211031408
0597007W,30,Apprentissage,32,32211031409
0597007W,21,Apprentissage,32,32211031213
0081047V,279,Scolaire,24,32211033115
0030935A,201,Scolaire,18,32211031215
0772884S,119,Apprentissage,20,32211033607
0370748M,116,Apprentissage,15,32211023012
0370748M,75,Apprentissage,16,32211023206
0370748M,92,Apprentissage,20,32211023013
0370748M,41,Apprentissage,16,32211022711
0142084P,71,Apprentissage,20,32211033002
0141175B,80,Apprentissage,15,32211025014
0141175B,63,Apprentissage,8,32211022710
0631852W,22,Apprentissage,28,32211031408
0632004L,165,Apprentissage,300,32211031213
0632004L,53,Apprentissage,300,32211031409
0132300E,165,Apprentissage,15,32211032325
0131684K,181,Apprentissage,30,32211031213
0131515B,112,Apprentissage,20,32211033608
0602182W,20,Apprentissage,40,32211033422
0130058T,864,Scolaire,24,44210099901
0770943G,53,Scolaire,12,44210099901
0921595J,70,Scolaire,15,23K00033501
0161131T,55,Apprentissage,30,32211031213
0811267M,120,Apprentissage,24,32211031212
9840482B,123,Scolaire,24,32211023012
9840482B,161,Scolaire,24,32211025520
9840482B,162,Scolaire,24,32211025014
9840482B,297,Scolaire,30,32211031408
9840482B,399,Scolaire,25,32211031409
9840482B,359,Scolaire,30,32211031213
9840482B,341,Scolaire,24,32211031212
9840482B,113,Scolaire,24,32211033002
9840482B,134,Scolaire,18,32211032612
9840482B,195,Scolaire,24,32211032409
9840267T,41,Scolaire,12,23K00033501
0623801V,49,Apprentissage,26,32211031212
0171455P,541,Scolaire,3,32211025303
0221673Z,101,Apprentissage,25,32212021401
0772153X,96,Scolaire,24,32211033002
0290340M,42,Apprentissage,28,32211033422
0062200J,69,Apprentissage,24,32211031213
0062200J,57,Apprentissage,20,32211031212
0640131V,67,Apprentissage,20,32211031409
0360686A,52,Scolaire,20,32212021015
0352579N,96,Apprentissage,28,32211031103
0772750W,28,Apprentissage,20,23G00021406
9740552G,112,Scolaire,16,32211031216
0741630V,39,Apprentissage,10,32211022709
0134338V,21,Apprentissage,10,32211032409
0134338V,12,Apprentissage,35,32211033422
0672772Z,155,Apprentissage,20,32211032003
0134331M,30,Apprentissage,15,32211031311
0134331M,40,Apprentissage,15,32211031409
0134331M,90,Apprentissage,15,32211031212
0134331M,87,Apprentissage,15,32211031213
0040579H,30,Apprentissage,10,32211031409
0040579H,28,Apprentissage,10,32211031408
0292039J,97,Apprentissage,20,32211031213
0292039J,130,Apprentissage,20,32211031212
0292039J,24,Apprentissage,20,32211032409
0292039J,81,Apprentissage,20,32211031312
0292039J,71,Apprentissage,20,32211033426
0342427D,62,Apprentissage,52,32211031213
0931797Y,264,Scolaire,18,32211020116
0781779K,26,Apprentissage,10,23G00021406
0781779K,15,Apprentissage,10,23G00021409
0340011C,101,Apprentissage,24,32211025520
0754475G,26,Scolaire,9,44210099901
0061987C,75,Scolaire,15,23K00033501
0340011C,184,Apprentissage,15,32211031409
0480009Z,22,Apprentissage,5,32211025520
0480009Z,14,Apprentissage,3,32211031213
0660021P,25,Apprentissage,15,32211025005
0660011D,403,Apprentissage,35,32211031213
0762403Z,244,Apprentissage,30,32211031212
0762403Z,232,Apprentissage,50,32211031213
0870041X,72,Scolaire,12,32211025415
0851642Y,111,Apprentissage,15,32211023306
0861360L,48,Apprentissage,16,32211025014
0380091T,129,Apprentissage,6,32211031408
0261505V,103,Apprentissage,6,32211020009
0720930V,136,Apprentissage,10,32211025215
0390809T,40,Apprentissage,10,32212034101
0333405X,37,Apprentissage,28,32211031408
9741255W,270,Scolaire,24,32211033426
0731505P,68,Apprentissage,22,32211025520
0640011P,466,Apprentissage,18,32211031213
0850153E,70,Apprentissage,20,32211031213
0781948U,62,Apprentissage,10,32211025218
0141687H,5,Apprentissage,12,23K00025123
0851461B,122,Apprentissage,40,32211031213
0350807M,19,Apprentissage,12,23K00033404
0171405K,1062,Scolaire,24,32211033426
0830053G,601,Apprentissage,15,32211031212
0330126H,797,Apprentissage,12,32211032003
0134296Z,24,Apprentissage,20,32211031409
0261352D,115,Apprentissage,14,32212021401
0333551F,47,Apprentissage,18,32212031202
0511145T,228,Apprentissage,40,32211031213
0511145T,91,Apprentissage,20,32211031311
0511145T,234,Apprentissage,20,32211031312
0752280W,470,Apprentissage,78,32211033422
0755111Y,1478,Apprentissage,20,32211031408
0271415S,21,Apprentissage,30,23K00025406
0672477D,9,Apprentissage,10,23G00021409
0134296Z,43,Apprentissage,20,32211031213
0342456K,176,Apprentissage,40,32211034502
0673151L,180,Apprentissage,80,32211031213
0673151L,121,Apprentissage,30,32211031212
0673151L,48,Apprentissage,28,32211031409
9760182U,312,Apprentissage,15,32211031213
0312723S,182,Apprentissage,100,32211031213
0133961K,22,Apprentissage,30,32211033607
0500017X,80,Scolaire,12,32211025415
0920134W,550,Apprentissage,8,32211032328
0920134W,1169,Apprentissage,8,32211032329
0920134W,961,Apprentissage,8,32211032332
0230008J,28,Apprentissage,2,32211033608
0190018S,61,Apprentissage,15,32211023013
0313012F,107,Apprentissage,20,32211032332
0313012F,98,Apprentissage,20,32211032329
0313012F,74,Apprentissage,20,32211032330
0520679F,17,Apprentissage,20,32211031216
0682130W,24,Apprentissage,15,32211031212
0332832Z,262,Apprentissage,24,32211032209
0761341V,154,Apprentissage,25,32211031409
0333131Z,60,Apprentissage,20,32211031409
0610026X,27,Apprentissage,6,32211020009
0352927S,32,Apprentissage,16,32211025520
0694070Z,176,Apprentissage,30,32211032612
0501614H,55,Apprentissage,24,32211031409
0501614H,115,Apprentissage,40,32211031213
0692517L,426,Scolaire,20,32211034401
9760163Y,296,Scolaire,15,23K00033413
0593071T,33,Apprentissage,30,32211025520
0752846L,1467,Apprentissage,16,32211031312
0142180U,14,Apprentissage,24,23G00021304
0220059V,503,Scolaire,16,32211031213
0900029T,183,Apprentissage,30,32211031212
0782822U,848,Scolaire,28,32211031212
0400049L,82,Apprentissage,8,32211025215
0694148J,48,Apprentissage,15,32211023013
0310038Y,168,Scolaire,24,23K00033501
0410031L,190,Scolaire,15,32211034401
0921592F,540,Scolaire,20,32211031213
0593066M,67,Apprentissage,15,32211034401
0261277X,620,Scolaire,24,32211031213
0801207C,197,Apprentissage,10,32211031213
0781949V,177,Scolaire,25,32211031216
0440035Z,68,Scolaire,8,23K00033501
0592976P,29,Apprentissage,30,32211031103
0341919B,86,Apprentissage,6,32211020009
0501565E,31,Apprentissage,30,32211031409
0501565E,26,Apprentissage,20,32211031408
0770945J,30,Scolaire,12,23K00025123
0134335S,222,Apprentissage,20,32211031212
0831821D,19,Apprentissage,15,32211031408
0381599G,110,Scolaire,18,32211031216
0252041H,200,Apprentissage,30,32211031409
0951281B,768,Scolaire,35,32211031409
0771027Y,163,Apprentissage,24,32211034401
0383119J,287,Scolaire,17,32211031409
0831823F,36,Apprentissage,40,32211031408
0831823F,44,Apprentissage,50,32211031409
0831823F,54,Apprentissage,75,32211031213
0134569W,2,Apprentissage,800,32211031213
0212297H,4,Apprentissage,800,32211032003
0212297H,2,Apprentissage,800,32211031408
0212297H,3,Apprentissage,800,32211031212
0212297H,1,Apprentissage,800,32211031409
0750785W,192,Apprentissage,14,32211020116
0340011C,150,Scolaire,15,23K00025509
0741532N,59,Apprentissage,4,32211031216
0611037W,106,Scolaire,15,32212021304
0600002B,79,Apprentissage,15,32211023108
0593071T,122,Apprentissage,36,32211031213
0881781H,57,Apprentissage,18,32211033107
0551088J,30,Apprentissage,18,32211033107
0622169W,31,Apprentissage,15,32211033607
0922632L,619,Apprentissage,50,32211033111
0790019S,27,Apprentissage,4,32211031409
0791062A,198,Apprentissage,4,32211031212
0062314H,52,Apprentissage,80,32211031213
0062314H,71,Apprentissage,80,32211031212
0912289U,120,Apprentissage,25,32211032612
0222043B,30,Apprentissage,2,32211025016
0950759J,153,Apprentissage,25,32211031212
0222043B,115,Apprentissage,10,32211025217
0212109D,58,Apprentissage,8,32211025520
9741052A,311,Scolaire,12,32211025303
0624510R,32,Apprentissage,20,32211031213
0133474F,164,Apprentissage,18,32211031213
0342460P,73,Apprentissage,24,32211032612
0222052L,67,Apprentissage,18,32211031409
0624510R,41,Apprentissage,20,32211031212
0442349P,416,Apprentissage,20,32211031212
0440030U,75,Apprentissage,2,32211022710
0672477D,93,Apprentissage,20,32212021401
0381670J,28,Apprentissage,16,32211032409
0691626T,163,Apprentissage,15,32211023411
0754101A,203,Apprentissage,30,32211032003
0694078H,516,Apprentissage,100,32211031213
0694078H,351,Apprentissage,55,32211031409
0694078H,702,Apprentissage,210,32211031212
0382896S,85,Apprentissage,20,32211034502
0300109F,67,Apprentissage,15,32211034401
0650058K,41,Apprentissage,3,32211033426
0110045P,56,Apprentissage,15,32211031213
0810103X,100,Apprentissage,25,32211031213
C752887F,288,Apprentissage,60,32211031213
0312723S,62,Apprentissage,30,32211031103
0810103X,54,Apprentissage,25,32211031409
0312723S,89,Apprentissage,40,32211031408
0311177L,91,Apprentissage,6,32211033206
0381666E,14,Apprentissage,15,32211020115
0010099C,55,Apprentissage,15,32211032612
0341692E,216,Apprentissage,25,32211031213
0381670J,41,Apprentissage,16,32211033608
9741831X,106,Apprentissage,15,32211031213
0841131Y,9,Apprentissage,10,32211031212
0381861S,46,Apprentissage,10,32211025015
0932618R,128,Apprentissage,24,32211025014
0341692E,162,Apprentissage,25,32211031409
0660759S,117,Apprentissage,20,32211031409
0570268G,40,Apprentissage,16,32211031409
0420043U,305,Apprentissage,3,32211031409
0010099C,51,Apprentissage,24,32211032409
0010099C,101,Apprentissage,24,32211031212
0133810W,75,Apprentissage,15,32211031311
0100715Y,12,Apprentissage,4,32211025216
0731586C,171,Apprentissage,20,32211023305
0492352R,65,Apprentissage,14,32211020009
0755984X,29,Apprentissage,40,32211031408
0030908W,16,Apprentissage,25,32212021015
0841204C,8,Apprentissage,2,32211033607
0755934T,470,Apprentissage,50,32211020116
0492064C,71,Apprentissage,5,32211032332
0492064C,75,Apprentissage,5,32211032330
0492064C,87,Apprentissage,5,32211032329
0492064C,34,Apprentissage,5,32211032328
0694473M,407,Apprentissage,50,32211031312
0595379B,58,Apprentissage,13,32211031409
0623564M,17,Apprentissage,13,32211031103
0134343A,39,Apprentissage,10,32211031213
0134343A,15,Apprentissage,10,32211032409
0134343A,49,Apprentissage,10,32211031212
0134343A,19,Apprentissage,10,32211031409
0134343A,47,Apprentissage,10,32211031103
0134343A,28,Apprentissage,10,32211032612
0171183U,72,Apprentissage,16,32211025215
0332344U,122,Apprentissage,15,32211023411
0171183U,114,Apprentissage,16,32211033608
0171183U,124,Apprentissage,16,32211031213
9720927A,112,Apprentissage,400,32211031213
9720927A,82,Apprentissage,50,32211031212
0756363J,178,Apprentissage,50,32211031212
0333524B,29,Apprentissage,7,23G00021406
0382170C,126,Apprentissage,22,32211020116
0590011S,25,Apprentissage,12,23K00025509
0590093F,1,Apprentissage,10,32211022506
0470029B,0,Apprentissage,15,23K00033413
0333624K,77,Apprentissage,15,32211033002
0751510J,248,Apprentissage,80,32211033422
0411024R,17,Apprentissage,5,32211033002
0411024R,30,Apprentissage,5,32211033206
0411024R,24,Apprentissage,4,32211020116
0360873D,33,Apprentissage,15,32211033426
0292351Y,19,Apprentissage,20,32211031409
0763588M,283,Apprentissage,35,32211033107
0760062E,55,Apprentissage,10,32211033607
0212289Z,294,Apprentissage,100,32211033107
0731604X,20,Apprentissage,22,32211031409
0301850Y,123,Apprentissage,60,32211032003
0342092P,125,Apprentissage,20,32211032003
0342092P,38,Apprentissage,20,32211031409
0660520G,109,Apprentissage,12,32211033607
0342005V,73,Apprentissage,50,32211031409
0741710G,72,Apprentissage,15,32211032003
0891336U,36,Apprentissage,30,32211031409
0351883G,145,Apprentissage,20,32211033426
0342543E,86,Apprentissage,15,32211033002
0352710F,115,Apprentissage,25,32211032003
0352710F,79,Apprentissage,25,32211031409
0190012K,55,Apprentissage,2,32211033002
0311189Z,52,Apprentissage,10,32211025520
0190034J,45,Apprentissage,2,32211034401
0870056N,60,Apprentissage,14,32211025001
0870056N,83,Apprentissage,12,32211025520
0333489N,41,Apprentissage,20,32211031409
0755559K,32,Apprentissage,20,32211031409
0694118B,85,Apprentissage,20,32211031409
0312863U,65,Apprentissage,20,32211031409
0312863U,224,Apprentissage,20,32211032003
0752068R,57,Apprentissage,25,32211031409
0762572H,77,Apprentissage,12,32211033426
0292453J,26,Apprentissage,15,32211033002
0763558E,66,Apprentissage,12,32211033426
0353099D,68,Apprentissage,15,32211033002
0142248T,167,Apprentissage,15,32211024207
0271905Z,46,Apprentissage,20,32211031409
0141992P,102,Apprentissage,25,32211034502
0470020S,77,Apprentissage,5,32211031216
0470020S,18,Apprentissage,5,32211022316
0470020S,29,Apprentissage,5,32211020111
0502019Y,11,Apprentissage,15,32211022003
0502019Y,53,Apprentissage,15,32211025415
0352952U,64,Apprentissage,15,32211031409
0763551X,55,Apprentissage,15,32211034304
0561987F,36,Apprentissage,25,32211031409
0731573N,85,Apprentissage,20,32211031215
0440254M,133,Apprentissage,2,32211033426
0851412Y,29,Apprentissage,8,32211025520
0490910Y,21,Apprentissage,12,32211025014
0422326A,5,Apprentissage,16,23G00021108
0601832R,145,Apprentissage,7,32211031213
0601863Z,322,Apprentissage,18,32211031213
0670084C,42,Apprentissage,3,32211020115
0241204D,19,Apprentissage,15,32211025520
0841131Y,36,Apprentissage,10,32211020116
0763501T,100,Apprentissage,30,32211031213
0790080H,45,Apprentissage,12,32211031213
0670058Z,175,Apprentissage,16,32211031213
0340012D,80,Apprentissage,15,23K00033501
0090020Y,36,Apprentissage,12,23K00033501
0070100W,53,Apprentissage,12,32211025014
0763501T,65,Apprentissage,15,32211031409
0763501T,106,Apprentissage,30,32211031212
0790080H,49,Apprentissage,5,32211031212
0641705F,104,Apprentissage,20,32211031212
0400100S,17,Apprentissage,8,32211025216
0420043U,324,Apprentissage,2,32211023305
0420043U,212,Apprentissage,3,32211031408
0332282B,25,Apprentissage,3,32212021015
0332550T,138,Apprentissage,12,32211022710
0491027A,106,Apprentissage,36,32212021401
0440980B,92,Apprentissage,20,32212021401
0692517L,54,Apprentissage,2,32211025417
0841131Y,12,Apprentissage,10,32211031213
0763501T,120,Apprentissage,30,32211032003
9711345K,16,Apprentissage,10,32211031409
0670084C,220,Apprentissage,3,32211022209
0860789R,36,Apprentissage,8,32211025216
0923022K,47,Apprentissage,30,32211031408
9720947X,38,Apprentissage,12,32211032612
9720947X,144,Apprentissage,12,32211031213
0790080H,23,Apprentissage,12,32211031409
9720947X,85,Apprentissage,12,32211031409
0360777Z,20,Apprentissage,45,32211032409
0333540U,46,Apprentissage,20,32211031216
0912422N,28,Apprentissage,20,32211025001
0912422N,132,Apprentissage,20,32211031215
0912422N,43,Apprentissage,20,32211031216
0912422N,40,Apprentissage,20,32211032208
0410001D,90,Apprentissage,12,32211031311
0891200W,14,Apprentissage,4,32211022316
6200741L,95,Apprentissage,50,32211031213
0593335E,59,Apprentissage,13,32211031212
0790024X,43,Apprentissage,4,32211025415
0490993N,82,Apprentissage,16,32211025520
0891200W,39,Apprentissage,24,32211032409
0210018F,331,Apprentissage,2,32211033111
0780424M,48,Apprentissage,14,32211033607
0660919R,46,Apprentissage,15,32211031408
0531006F,20,Apprentissage,15,32211031409
0110023R,35,Apprentissage,12,32211022316
0210056X,10,Apprentissage,12,23K00022001
0020052W,16,Apprentissage,12,23K00033404
0650874X,49,Apprentissage,12,23K00033404
0801739F,2,Apprentissage,12,23K00033404
0932217E,11,Apprentissage,20,32211033422
0951723G,1683,Apprentissage,20,32211031215
0490985E,36,Apprentissage,15,23K00033404
0730006K,8,Apprentissage,6,23K00022705
0141192V,91,Scolaire,24,32211034401
0620257T,56,Scolaire,15,32211025017
0142220M,72,Apprentissage,12,32211031103
0590215N,27,Apprentissage,12,32211034304
0371493X,163,Apprentissage,10,32211032003
0371493X,56,Apprentissage,12,32211031408
0371493X,40,Apprentissage,12,32211032409
0371493X,210,Apprentissage,30,32211031212
0371493X,141,Apprentissage,24,32211031213
0502010N,39,Apprentissage,15,32211032003
0502010N,69,Apprentissage,18,32211031212
0502010N,34,Apprentissage,15,32211031409
0502010N,67,Apprentissage,25,32211031213
0831109E,9,Apprentissage,20,32212031205
0342261Y,126,Apprentissage,15,32211032003
0342261Y,69,Apprentissage,15,32211031409
0342261Y,110,Apprentissage,15,32211033426
0573796S,68,Apprentissage,60,32211031212
0590258K,137,Apprentissage,10,32211032409
0590258K,221,Apprentissage,10,32211032003
0590258K,539,Apprentissage,10,32211031212
0390094R,35,Apprentissage,5,32211020116
0596854E,111,Apprentissage,4,32211031213
0596854E,48,Apprentissage,4,32211031409
0521117G,16,Apprentissage,1,32211031213
0700796K,59,Apprentissage,24,32211031213
0593077Z,20,Apprentissage,36,32211022711
0420013L,119,Apprentissage,3,32211033002
0861253V,51,Apprentissage,18,32211025520
0382170C,110,Apprentissage,22,32211025520
0430958H,15,Apprentissage,7,23G00021407
0782093B,162,Apprentissage,24,32211033426
0422329D,18,Apprentissage,12,23G00021406
0922941X,10,Apprentissage,800,32211031213
0451653C,14,Apprentissage,12,32211025014
0700796K,38,Apprentissage,12,32211033608
0701078S,452,Scolaire,15,32211025303
0641779L,78,Scolaire,15,32211025014
0422295S,182,Apprentissage,15,32211031312
9711247D,39,Apprentissage,15,32211031212
0511645L,86,Apprentissage,20,32212021015
0101150W,55,Apprentissage,24,32212021112
0383369F,33,Apprentissage,24,32211031409
0492064C,24,Apprentissage,5,32211032208
0791192S,23,Apprentissage,6,32211025014
0022041H,35,Apprentissage,10,32212021112
0490903R,27,Apprentissage,22,32211025520
0422327B,41,Apprentissage,20,32212022117
0422327B,21,Apprentissage,20,32212031201
0422327B,16,Apprentissage,20,32212031205
0422327B,81,Apprentissage,20,32212031203
0840218F,52,Apprentissage,32,32212021115
0050012L,14,Apprentissage,32,32212031201
0050012L,50,Apprentissage,32,32212031203
0050012L,39,Apprentissage,32,32212031202
0160079Z,44,Apprentissage,6,32211033002
0160079Z,49,Apprentissage,6,32211031409
0791168R,77,Apprentissage,8,32211032003
0783843D,52,Apprentissage,35,32211032003
0783843D,82,Apprentissage,35,32211031409
0353005B,81,Apprentissage,3,32211020116
0681832X,37,Apprentissage,16,32211025415
0352983C,120,Apprentissage,25,32211032003
0782092A,97,Apprentissage,30,32211031409
0442291B,80,Apprentissage,25,32211032612
0811175M,41,Apprentissage,12,32211020116
0810079W,73,Apprentissage,18,32211034401
0442960D,37,Apprentissage,20,32211031409
0756522G,104,Apprentissage,60,32211031409
0756522G,381,Apprentissage,35,32211033426
0171577X,10,Apprentissage,12,23G00021407
0755932R,114,Apprentissage,60,32211031409
0755932R,200,Apprentissage,60,32211033426
0110004V,51,Apprentissage,15,23K00033501
6200694K,151,Apprentissage,30,32211031312
0772742M,10,Apprentissage,12,23K00033404
0271282X,17,Apprentissage,16,32211033206
0763519M,25,Apprentissage,10,32211031409
0270026G,73,Apprentissage,11,32211031409
0500087Y,29,Apprentissage,6,32211031216
0260023J,137,Apprentissage,5,32211031409
0756548K,207,Apprentissage,40,32211031312
0756548K,78,Apprentissage,40,32211031213
0492064C,68,Apprentissage,5,32211020116
0841204C,60,Apprentissage,6,32211033608
0890992V,36,Apprentissage,25,32211033608
0632091F,79,Scolaire,12,32211034304
0851390Z,507,Scolaire,11,32211032325
0080863V,154,Scolaire,16,32212021304
0540044E,271,Scolaire,30,32211022210
0595877T,58,Scolaire,32,32211033115
0221804S,18,Apprentissage,10,23G00021224
0291604L,5,Apprentissage,15,23G00021213
0212237T,69,Apprentissage,10,32211031409
0212237T,122,Apprentissage,10,32211031213
0212237T,52,Apprentissage,10,32211032409
0212237T,126,Apprentissage,18,32211031212
0610724F,59,Apprentissage,12,32211025217
0741820B,126,Apprentissage,16,32211031212
0141178E,84,Apprentissage,15,32211032612
0340992U,65,Apprentissage,5,32211031212
0601997V,49,Apprentissage,10,32212021007
0134288R,32,Apprentissage,18,32211031409
0570057C,643,Apprentissage,24,32211031312
0390027T,43,Apprentissage,3,32211025005
0561860T,101,Apprentissage,24,32211031213
0561860T,63,Apprentissage,12,32211031409
0561860T,19,Apprentissage,12,32211033002
0352275H,44,Apprentissage,12,32211033002
0352275H,70,Apprentissage,12,32211034502
0352275H,113,Apprentissage,12,32211031312
0352275H,98,Apprentissage,12,32211031313
0352275H,55,Apprentissage,12,32211031408
0561860T,119,Apprentissage,12,32211031212
0352275H,184,Apprentissage,12,32211031212
0352275H,68,Apprentissage,12,32211031409
0352275H,167,Apprentissage,12,32211031213
0352275H,42,Apprentissage,12,32211032612
0492028N,100,Apprentissage,12,32211033608
0841241T,141,Apprentissage,14,32211031409
0841241T,196,Apprentissage,14,32211031213
0541361L,105,Apprentissage,10,32211031312
0502019Y,59,Apprentissage,30,32211025014
0502019Y,30,Apprentissage,15,32211025520
0573773S,35,Apprentissage,25,32211031409
0573770N,62,Apprentissage,20,32211033608
0590011S,37,Apprentissage,15,32211022316
0756159M,103,Apprentissage,12,32211031408
0622801H,65,Apprentissage,15,32211023108
0751909T,209,Apprentissage,100,32211031409
0751909T,255,Apprentissage,60,32211031213
0755781B,144,Apprentissage,12,32211031103
0450807H,318,Apprentissage,15,32211034502
0292206R,49,Apprentissage,15,32211034502
0292206R,67,Apprentissage,15,32211031212
0490913B,230,Apprentissage,12,32211031212
0490913B,123,Apprentissage,12,32211031213
0490913B,52,Apprentissage,12,32211031408
9711247D,29,Apprentissage,15,32211031409
0755932R,526,Apprentissage,60,32211031215
0755932R,228,Apprentissage,60,32211034502
0755932R,190,Apprentissage,60,32211033206
0352888Z,28,Apprentissage,24,32211025001
0542295B,23,Apprentissage,20,32211025014
0542295B,57,Apprentissage,20,32211025521
0941934S,363,Apprentissage,18,32211032003
0791171U,29,Apprentissage,1,32211033206
0531021X,33,Apprentissage,12,32211034502
0880021V,28,Apprentissage,15,32211020111
0755641Z,120,Apprentissage,30,32211032003
0620056Z,30,Apprentissage,3,32211020111
0753815P,147,Apprentissage,20,32211031409
0212283T,71,Apprentissage,15,32211031213
0342531S,112,Apprentissage,20,32211031212
0731604X,46,Apprentissage,22,32211031212
0731604X,23,Apprentissage,22,32211031213
0212273G,80,Apprentissage,5,32211031212
0891336U,61,Apprentissage,30,32211031213
0561783J,36,Apprentissage,20,32211031408
0891336U,66,Apprentissage,30,32211031212
0342543E,226,Apprentissage,15,32211033115
0340061G,174,Apprentissage,6,32211031212
0190012K,66,Apprentissage,3,32211031408
0190012K,240,Apprentissage,24,32211031213
0190012K,44,Apprentissage,3,32211031103
0142248T,209,Apprentissage,30,32211023305
0142248T,28,Apprentissage,12,32211031103
0763559F,120,Apprentissage,27,32211031213
0593007Y,226,Apprentissage,12,32211023305
0681885E,53,Apprentissage,40,32211031212
0593061G,72,Apprentissage,24,32211031212
0622110G,64,Apprentissage,20,32211031213
0422370Y,51,Apprentissage,30,32211031408
0422370Y,140,Apprentissage,30,32211031213
0593104D,21,Apprentissage,5,32211031213
0442688H,307,Apprentissage,40,32211031212
0442688H,206,Apprentissage,60,32211031213
0353093X,143,Apprentissage,15,32211031213
0711246U,68,Apprentissage,12,32211031212
0111091B,66,Apprentissage,12,32211031212
0111091B,45,Apprentissage,12,32211031213
0672772Z,86,Apprentissage,15,32211031311
0540040A,689,Apprentissage,20,32211031212
0540040A,242,Apprentissage,20,32211032409
0383593Z,128,Apprentissage,15,32211033115
0512172J,51,Apprentissage,20,32211031408
0492406Z,40,Apprentissage,5,32211031408
0931198X,515,Apprentissage,18,32211032209
0512201R,58,Apprentissage,20,32211031408
C590350K,274,Apprentissage,25,32211031213
C590350K,300,Apprentissage,25,32211031212
0030026M,202,Apprentissage,12,32211031213
0030026M,172,Apprentissage,12,32211031212
0870730W,98,Apprentissage,20,32211032409
0761343X,74,Scolaire,12,32211031216
0270018Y,96,Scolaire,15,32211023013
0760174B,241,Scolaire,16,32211034401
0951727L,162,Scolaire,12,32211034401
0922653J,36,Scolaire,20,23K00025509
0490913B,55,Apprentissage,12,32211031409
0490913B,138,Apprentissage,12,32211031312
0561783J,111,Apprentissage,20,32211031213
0752206R,78,Apprentissage,15,23K00033413
0353000W,77,Apprentissage,20,32211031409
0671634M,117,Apprentissage,25,32211033608
0510068X,63,Apprentissage,10,32211025014
0060022S,98,Apprentissage,10,32211025215
0880040R,38,Apprentissage,15,32211031213
0542208G,76,Apprentissage,12,32211033422
0542208G,47,Apprentissage,5,32211020113
0310033T,74,Apprentissage,4,32211033206
0541270M,18,Apprentissage,4,23K00025508
0510035L,312,Apprentissage,18,32211031313
0511951U,89,Apprentissage,15,32211031409
0312822Z,94,Apprentissage,1,32211022711
0690543R,88,Apprentissage,18,32211031103
0624430D,133,Apprentissage,15,32211031311
0311729L,131,Apprentissage,12,32211025215
0311729L,102,Apprentissage,6,32211025217
0590198V,49,Apprentissage,15,32211025015
0753396J,82,Apprentissage,15,32211031212
0332935L,77,Apprentissage,10,32211031212
0290159R,33,Apprentissage,15,32211031311
0290159R,63,Apprentissage,15,32211031313
0332935L,155,Apprentissage,20,32211032003
9741831X,170,Apprentissage,15,32211031312
0570210U,52,Apprentissage,10,32211033002
0870748R,26,Apprentissage,2,23K00025122
0134335S,446,Apprentissage,20,32211031215
0755984X,425,Apprentissage,60,32211031215
0694349C,632,Apprentissage,40,32211031215
0731586C,58,Apprentissage,10,32211032612
0870019Y,160,Apprentissage,24,32211032612
0755984X,298,Apprentissage,40,32211033426
0731586C,63,Apprentissage,15,32211031213
0021872Z,94,Apprentissage,20,32211031213
0352779F,126,Apprentissage,25,32211031213
0755984X,89,Apprentissage,40,32211031213
0772818V,48,Apprentissage,25,32211031213
0542547A,25,Apprentissage,25,32211031213
0531006F,46,Apprentissage,15,32211031213
0281140M,64,Apprentissage,50,32211031213
0573746M,45,Apprentissage,25,32211031213
C752887F,179,Apprentissage,50,32211031213
0440149Y,28,Apprentissage,12,32211031213
0531006F,21,Apprentissage,15,32211031103
0531021X,25,Apprentissage,15,32211031103
0190849V,18,Apprentissage,15,32211025015
0711949H,30,Apprentissage,12,32211025014
0380033E,205,Apprentissage,8,32211025014
0731586C,38,Apprentissage,10,32211031409
0141274J,13,Apprentissage,12,23K00025508
0781975Y,140,Apprentissage,30,32211031212
0241320E,111,Apprentissage,15,32211031213
0870730W,414,Apprentissage,25,32211031212
0870730W,413,Apprentissage,30,32211031213
0142470J,69,Apprentissage,25,32211031212
0442960D,113,Apprentissage,20,32211031212
0442960D,37,Apprentissage,20,32211032409
0442960D,55,Apprentissage,20,32211031213
0756522G,84,Apprentissage,60,32211031408
0756522G,142,Apprentissage,60,32211031212
0756522G,103,Apprentissage,60,32211032409
0756522G,200,Apprentissage,100,32211031213
0756522G,86,Apprentissage,30,32211031311
0422028B,23,Apprentissage,15,32211031408
0422028B,29,Apprentissage,15,32211032409
0755932R,93,Apprentissage,60,32211031408
0755932R,56,Apprentissage,60,32211031311
0755932R,243,Apprentissage,60,32211031212
0755932R,111,Apprentissage,60,32211032409
0755932R,142,Apprentissage,60,32211031213
0694533C,56,Apprentissage,35,32211031408
0692210C,161,Apprentissage,16,32211022710
0783843D,133,Apprentissage,350,32211031213
0783843D,151,Apprentissage,70,32211031212
0561987F,69,Apprentissage,20,32211031212
0341765J,212,Apprentissage,20,32211031213
0281099T,51,Apprentissage,20,32211031408
0022195A,12,Apprentissage,12,32211031213
0596906L,21,Apprentissage,20,32211031311
0801300D,49,Apprentissage,20,32211031408
0592850C,62,Apprentissage,15,32211031103
0590073J,93,Apprentissage,15,32211031408
0590060V,43,Apprentissage,15,32211031216
0620043K,77,Apprentissage,12,32211025520
0620257T,63,Apprentissage,18,32211033422
0442412H,44,Apprentissage,10,32211033607
0595379B,19,Apprentissage,13,32211025415
0133787W,119,Apprentissage,50,32211032328
0133787W,190,Apprentissage,15,32211032329
0133787W,159,Apprentissage,50,32211032332
0133787W,145,Apprentissage,15,32211032330
0490913B,184,Apprentissage,12,32211032003
0442982C,71,Apprentissage,50,32211032328
0673227U,230,Apprentissage,80,32211031212
0756079A,297,Apprentissage,25,32211031212
0756002S,56,Apprentissage,16,32211031408
0442349P,150,Apprentissage,16,32211032612
0782556E,112,Apprentissage,3,32211020111
0721733T,109,Apprentissage,18,32211031213
0810959C,204,Apprentissage,1,32211031212
0597269F,107,Apprentissage,24,32211031312
0680039Y,425,Apprentissage,15,32211031213
0290034E,434,Scolaire,8,32211032332
0741237T,525,Scolaire,56,32212021308
0281140M,34,Apprentissage,25,32211031409
0573746M,32,Apprentissage,25,32211031409
0352779F,69,Apprentissage,22,32211032409
0755984X,70,Apprentissage,40,32211032409
0142395C,46,Apprentissage,15,32211032409
0731586C,46,Apprentissage,10,32211031212
0353052C,85,Apprentissage,10,32211031212
0352779F,199,Apprentissage,18,32211031212
0755984X,50,Apprentissage,40,32211031212
0442978Y,101,Apprentissage,10,32211031212
0531006F,67,Apprentissage,15,32211031212
0281140M,89,Apprentissage,50,32211031212
0573746M,62,Apprentissage,25,32211031212
C752887F,309,Apprentissage,50,32211031212
0370759Z,151,Apprentissage,10,32211031212
0492352R,28,Apprentissage,16,32211025415
0542295B,35,Apprentissage,15,32211023411
0040579H,14,Apprentissage,10,32211031311
0741101V,66,Apprentissage,15,32211033002
0500017X,34,Apprentissage,3,32211031216
0320002D,49,Apprentissage,3,32211032612
0320002D,100,Apprentissage,3,32211033426
0597039F,43,Apprentissage,25,32211031213
0401016M,90,Apprentissage,15,32211031213
0755272Y,85,Apprentissage,40,32211031213
0802176F,50,Apprentissage,25,32211031213
0660004W,113,Apprentissage,15,32211031213
0292409L,156,Apprentissage,4,32211031213
0320002D,103,Apprentissage,3,32211031213
0610018N,67,Apprentissage,3,32211031213
0600020W,157,Apprentissage,15,32211031103
0401016M,37,Apprentissage,10,32211031103
0270017X,7,Apprentissage,4,32211025014
0501839C,48,Apprentissage,3,32211031409
0802176F,29,Apprentissage,25,32211031409
0755272Y,106,Apprentissage,40,32211031409
0810103X,40,Apprentissage,25,32211032409
0755272Y,54,Apprentissage,40,32211032409
0021502X,17,Apprentissage,12,32211032409
0682086Y,73,Apprentissage,25,32211031212
0110670U,94,Apprentissage,30,32211031212
0802176F,96,Apprentissage,25,32211031212
0755272Y,95,Apprentissage,40,32211031212
0597039F,49,Apprentissage,25,32211031212
0300127A,255,Apprentissage,40,32211031212
0110023R,48,Apprentissage,12,32211025216
0731586C,46,Apprentissage,12,32211031408
0501219D,40,Apprentissage,4,32211031408
0755272Y,158,Apprentissage,40,32211031408
0754163T,2,Apprentissage,28,32211033607
0660014G,551,Apprentissage,16,32211032329
0755272Y,243,Apprentissage,40,32211031312
0061920E,62,Apprentissage,24,32212034302
0693654X,49,Apprentissage,5,32211020115
0590185F,165,Apprentissage,15,32211034401
0951625A,128,Apprentissage,15,32211025015
0512201R,54,Apprentissage,20,32211031409
0101149V,46,Apprentissage,20,32211031409
0271634E,54,Apprentissage,24,32211033422
0840082H,174,Scolaire,24,32211034401
0783824H,57,Apprentissage,15,32211031409
0783824H,56,Apprentissage,15,32211031213
0783824H,73,Apprentissage,15,32211031215
0931796X,141,Apprentissage,32,32211032409
0451481R,269,Apprentissage,20,32211032003
0420992A,36,Apprentissage,20,32211031216
0451481R,126,Apprentissage,12,32211032409
0573796S,48,Apprentissage,60,32211031409
0292379D,64,Apprentissage,15,32211025014
0693448Y,495,Apprentissage,20,32211031212
0693448Y,276,Apprentissage,20,32211031409
0922908L,205,Apprentissage,160,32211031408
0352371M,210,Apprentissage,30,32211033107
0730003G,63,Apprentissage,2,32211031103
0730003G,162,Apprentissage,4,32211034502
0831693P,10,Apprentissage,12,32211034304
0772942E,110,Apprentissage,15,32211031408
0802222F,155,Apprentissage,25,32211031213
0333131Z,40,Apprentissage,20,32211032409
0561975T,76,Apprentissage,15,32211031213
0630054S,189,Apprentissage,3,32211024207
0755810H,53,Apprentissage,12,32211031213
0562040N,67,Apprentissage,12,32211031213
0562040N,49,Apprentissage,12,32211032003
0831829M,2,Apprentissage,20,32211031408
0597336D,184,Apprentissage,15,32211033115
0831765T,62,Apprentissage,15,32211031408
0597336D,65,Apprentissage,15,32211033002
0755203Y,696,Apprentissage,30,32211033111
0592969G,21,Apprentissage,5,32211020111
0756079A,311,Apprentissage,25,32211031409
0910622G,399,Scolaire,33,32211031312
0694118B,105,Apprentissage,20,32211032003
0351047Y,78,Scolaire,24,32212031202
0450043C,170,Scolaire,22,32211031103
0754025T,10,Apprentissage,14,32211025520
0251112Y,3,Apprentissage,10,23K00025510
0610692W,65,Scolaire,24,32211032612
0101149V,25,Apprentissage,20,32211032409
0512201R,33,Apprentissage,20,32211032409
0460529A,41,Apprentissage,6,32211033422
0101149V,83,Apprentissage,20,32211031212
0620030W,73,Apprentissage,14,32211025215
0620030W,38,Apprentissage,14,32211025216
0101149V,41,Apprentissage,20,32211031408
0101149V,106,Apprentissage,20,32211031312
0022108F,84,Apprentissage,15,32211031312
0623864N,24,Apprentissage,7,23K00025509
0312759F,1,Apprentissage,5,23K00025409
0180823X,99,Apprentissage,15,32211034401
0180823X,13,Apprentissage,15,23K00025409
0451483T,91,Apprentissage,3,32211025521
0450042B,25,Apprentissage,3,32211020009
0371418R,22,Apprentissage,2,32211025522
0562047W,67,Apprentissage,5,32211032332
0562047W,115,Apprentissage,5,32211032329
C752887F,268,Apprentissage,60,32211031212
0690074F,373,Apprentissage,14,32211025015
0332192D,200,Apprentissage,30,32211033422
0694493J,52,Apprentissage,30,32211031408
0330076D,176,Apprentissage,15,32211023108
0641823J,198,Apprentissage,14,32211033422
0791171U,12,Apprentissage,25,32211032409
0771204R,243,Apprentissage,30,32211031212
0011074M,49,Apprentissage,20,32212021207
0756214X,24,Apprentissage,50,32211031213
0756214X,28,Apprentissage,50,32211032409
0756214X,37,Apprentissage,50,32211031212
C752887F,221,Apprentissage,50,32211031212
0313007A,94,Apprentissage,10,32211031212
0831692N,23,Apprentissage,15,32211033002
0831692N,54,Apprentissage,15,32211031312
0831692N,63,Apprentissage,15,32211031212
0831692N,15,Apprentissage,15,32211031409
0831692N,50,Apprentissage,20,32211031213
0371099U,26,Apprentissage,10,23K00025510
0754476H,129,Apprentissage,12,23K00033414
0351884H,41,Apprentissage,15,23K00033414
0790924A,11,Apprentissage,14,23K00033414
0860995P,19,Apprentissage,15,23K00033414
9711071M,93,Apprentissage,4,32211033206
9711071M,125,Apprentissage,4,32211033002
0121507Y,22,Apprentissage,16,32212022117
0620109G,133,Apprentissage,15,32211031408
0542262R,468,Scolaire,15,32211023305
0880023X,64,Scolaire,15,23K00032601
0572075W,24,Scolaire,12,23K00032601
0752376A,527,Scolaire,15,32211033426
0442770X,182,Scolaire,24,32211033107
0022042J,238,Scolaire,18,32211033206
0442519Z,66,Scolaire,80,32211032612
0831354W,152,Scolaire,3,32211025013
0060015J,55,Scolaire,15,23K00032601
9741185V,304,Apprentissage,6,32211031212
0541921V,32,Apprentissage,30,32211033607
0442960D,162,Apprentissage,20,32212021308
0690542P,263,Scolaire,25,32211033426
0221880Z,44,Apprentissage,20,32212021114
0755701P,312,Apprentissage,100,32211022209
0851725N,69,Apprentissage,50,32211031213
0391153S,23,Apprentissage,12,23G00022104
0694551X,418,Apprentissage,40,32211033111
0421975U,11,Apprentissage,12,23K00022704
0861446E,61,Apprentissage,25,23K00033501
0694594U,78,Apprentissage,20,32211031213
0230018V,89,Apprentissage,18,32211023012
0141300M,96,Apprentissage,20,32211033608
0332813D,57,Apprentissage,14,23K00033414
0570057C,293,Apprentissage,24,32211031311
0141300M,48,Apprentissage,20,32211031216
0391210D,26,Apprentissage,15,32211025014
0470815F,30,Apprentissage,10,32212031203
0694253Y,262,Apprentissage,15,32211033107
0383594A,141,Apprentissage,30,32211033107
0763587L,102,Apprentissage,30,32211031409
0763587L,152,Apprentissage,60,32211031213
0831766U,136,Apprentissage,15,32211033426
0382441X,40,Apprentissage,10,32211033608
0130063Y,320,Apprentissage,14,32211033608
0062369T,54,Apprentissage,20,32211033608
0121423G,41,Apprentissage,15,32211033608
0782540M,159,Apprentissage,24,32211033002
0670057Y,97,Apprentissage,8,32211031408
0430058E,46,Apprentissage,12,32211025415
0230018V,89,Apprentissage,15,32211023306
0230018V,28,Apprentissage,3,32211025416
0230018V,57,Apprentissage,16,32211023412
0230018V,2,Apprentissage,2,23K00023304
0281041E,60,Apprentissage,20,32212021401
0770920G,24,Scolaire,12,44210099901
0756492Z,327,Apprentissage,24,32211020116
0755584M,244,Apprentissage,30,32211033426
0694396D,81,Apprentissage,10,32211023108
0694396D,28,Apprentissage,10,32211031409
0694396D,13,Apprentissage,10,32211031213
0730774V,32,Apprentissage,12,23K00033501
0755609P,7,Apprentissage,10,32211033426
0755609P,2,Apprentissage,15,32211031409
0755609P,1,Apprentissage,15,32211031213
0755609P,3,Apprentissage,10,32211031216
0802226K,271,Apprentissage,60,32211033107
0622276M,46,Apprentissage,5,32211033002
0693267B,39,Apprentissage,20,32211031408
0642180X,95,Apprentissage,60,32211031213
0642181Y,76,Apprentissage,60,32211031213
0422322W,64,Apprentissage,20,32211031408
0782822U,723,Apprentissage,20,32211032612
0642147L,24,Apprentissage,15,32211025520
0642147L,68,Apprentissage,15,32211031212
0642147L,66,Apprentissage,15,32211031213
0542580L,83,Apprentissage,20,32211031212
0542580L,116,Apprentissage,40,32211031213
0932898V,102,Apprentissage,100,32211031213
0932898V,127,Apprentissage,100,32211032003
0292456M,40,Apprentissage,10,32211031409
0530500F,68,Apprentissage,10,32211023306
0311586F,121,Apprentissage,7,32211031213
0020050U,54,Apprentissage,3,32211020116
0383590W,28,Apprentissage,20,32211031213
0673132R,110,Apprentissage,20,32211031409
0222040Y,53,Apprentissage,14,32211022316
0810023K,201,Apprentissage,12,32211031212
0341919B,29,Apprentissage,6,23K00025406
0942215X,152,Apprentissage,16,32211022710
0593030Y,172,Apprentissage,10,32211024207
0211135V,351,Scolaire,16,32212021207
0342456K,221,Apprentissage,40,32211031313
0861408N,42,Apprentissage,6,32211033422
0190071Z,27,Apprentissage,40,32211031408
0470029B,31,Scolaire,12,23K00033414
0693330V,152,Scolaire,12,23K00025509
0750691U,413,Apprentissage,5,32211025015
0620109G,90,Apprentissage,15,32211031216
0341821V,183,Apprentissage,64,32211031212
0597304U,15,Apprentissage,15,32211031212
0134492M,58,Apprentissage,15,32211031212
0831563Y,154,Apprentissage,2,32211020116
0597049S,107,Apprentissage,20,32211032003
0597282V,1,Apprentissage,300,32211031212
0694565M,54,Apprentissage,10,32211031311
0381805F,25,Apprentissage,12,23K00033414
0111091B,70,Apprentissage,12,32211032003
0831826J,28,Apprentissage,15,32211031213
0220094H,63,Apprentissage,24,32211031409
0755584M,40,Apprentissage,30,32211031409
0100059K,16,Apprentissage,5,32211020111
0410592W,48,Apprentissage,15,32211023013
0171239E,8,Apprentissage,14,23K00033414
0222046E,103,Apprentissage,12,32211031408
0756241B,29,Apprentissage,12,32211031409
0741691L,67,Apprentissage,15,32211032003
0831823F,58,Apprentissage,25,32211031212
0756445Y,1,Apprentissage,50,32211031408
0755559K,76,Apprentissage,20,32211033422
0134428T,109,Apprentissage,5,32211032003
0440254M,123,Apprentissage,5,32211031313
0333489N,30,Apprentissage,20,32211033422
0111024D,22,Apprentissage,6,32212034302
0111024D,19,Apprentissage,6,32212021015
0111024D,7,Apprentissage,6,32212031205
0111024D,11,Apprentissage,6,32212022117
0134428T,76,Apprentissage,5,32211034401
0851661U,135,Apprentissage,30,32211033111
0562062M,90,Apprentissage,40,32211032003
0562062M,21,Apprentissage,40,32211031311
0562062M,118,Apprentissage,40,32211031212
0694118B,51,Apprentissage,20,32211033422
0693974V,294,Scolaire,20,32211032329
0693974V,113,Scolaire,15,32211032328
0693974V,199,Scolaire,18,32211032332
0693974V,149,Scolaire,20,32211032330
0922908L,513,Apprentissage,200,32211031312
0650065T,14,Apprentissage,18,23K00025510
0060001U,377,Apprentissage,4,32211031313
0342539A,34,Apprentissage,25,32211031212
0682019A,48,Apprentissage,12,32211031311
0811388U,77,Apprentissage,30,32211031312
0596322B,28,Apprentissage,24,32211031213
0212287X,401,Apprentissage,30,32211031212
0212287X,194,Apprentissage,30,32211031409
0923054V,142,Apprentissage,10,32211031212
0923054V,69,Apprentissage,5,32211031103
0923054V,115,Apprentissage,5,32211034502
0923054V,53,Apprentissage,5,32211031312
0383560N,4,Apprentissage,8,32211033422
0694565M,59,Apprentissage,10,32211033002
0731582Y,1,Apprentissage,20,32211031213
0530013B,39,Scolaire,12,23K00033404
0342515Z,183,Apprentissage,50,32211031212
0381805F,55,Apprentissage,15,32211031213
0851252Z,16,Apprentissage,8,23G00021225
9711291B,4,Apprentissage,5,32211033608
9711291B,0,Apprentissage,5,32211031212
9711291B,1,Apprentissage,5,32211031213
9711291B,5,Apprentissage,5,32211033115
0620131F,235,Scolaire,18,44210099901
0951618T,25,Scolaire,12,23K00033404
0333405X,17,Apprentissage,20,32211031103
0593063J,3,Apprentissage,12,32211023108
0450051L,2,Apprentissage,6,32211022316
0912517S,9,Apprentissage,80,32211031212
0690037R,260,Apprentissage,10,32211025014
0831662F,54,Apprentissage,15,32211033426
0831662F,7,Apprentissage,15,32211032409
0830050D,225,Apprentissage,3,32211034502
0101035W,18,Apprentissage,2,32211031212
0101035W,17,Apprentissage,2,32211031408
0101035W,40,Apprentissage,2,32211031215
0101035W,14,Apprentissage,2,32211032409
0101035W,6,Apprentissage,2,32211031409
0101035W,12,Apprentissage,2,32211031213
0101035W,24,Apprentissage,2,32211032612
9711071M,67,Apprentissage,12,32211025215
0672772Z,92,Apprentissage,15,32211032612
0755701P,405,Apprentissage,25,32211032329
0120025M,32,Apprentissage,10,32211025520
0597049S,27,Apprentissage,20,32211031408
0597049S,34,Apprentissage,20,32211032612
0060001U,252,Apprentissage,4,32211031408
0060001U,129,Apprentissage,4,32211031311
0060001U,411,Apprentissage,4,32211031212
0060001U,141,Apprentissage,2,32211032409
0342539A,141,Apprentissage,25,32211020116
0301748M,49,Apprentissage,15,32211031408
0660655D,35,Apprentissage,14,32211033002
0060029Z,960,Apprentissage,20,32211032003
0060042N,525,Apprentissage,5,32211031212
0811388U,29,Apprentissage,30,32211031409
0811388U,56,Apprentissage,30,32211031213
0811388U,48,Apprentissage,30,32211033426
0830007G,153,Apprentissage,3,32211031312
0772587U,78,Apprentissage,12,32211031213
0941887R,32,Apprentissage,12,32211031213
0830042V,76,Apprentissage,2,32211032409
0830015R,155,Apprentissage,5,32211031213
0830025B,265,Apprentissage,5,32211031213
0931797Y,294,Apprentissage,20,32211020116
0931797Y,400,Apprentissage,20,32211023305
0891338W,54,Apprentissage,15,32211031409
0581020U,43,Apprentissage,15,32211031409
0831563Y,36,Apprentissage,2,23K00025509
0381741L,19,Apprentissage,12,32211031212
0693714M,312,Scolaire,70,32211033426
0831646N,62,Apprentissage,5,32211031216
0942557U,111,Apprentissage,30,32211033426
0370748M,65,Apprentissage,12,32211022710
0942557U,13,Apprentissage,30,32211033422
0420034J,99,Apprentissage,15,32211025520
0755748R,368,Apprentissage,30,32211032612
0741820B,122,Apprentissage,16,32211031213
0741820B,86,Apprentissage,16,32211031409
0592967E,121,Apprentissage,18,32211031212
0870058R,13,Scolaire,12,44210099901
0501784T,60,Apprentissage,15,32212021401
0021872Z,1,Apprentissage,15,23K00033501
0333463K,18,Apprentissage,15,32211032409
0010099C,0,Scolaire,12,23K00025510
0401016M,26,Apprentissage,10,32211032409
0673020U,13,Apprentissage,18,32211025415
0751488K,239,Apprentissage,10,32211025215
0597155G,53,Apprentissage,20,32211032612
0680007N,368,Scolaire,24,32211031311
0673190D,92,Apprentissage,20,32211031408
0640187F,70,Apprentissage,45,32211031212
0782565P,430,Apprentissage,14,32211025520
0593395V,165,Scolaire,25,32212031203
0593256U,43,Apprentissage,15,32212031204
9740001H,378,Apprentissage,3,32211031213
0920158X,1806,Scolaire,30,32211032612
0760062E,65,Apprentissage,18,32211033422
0760030V,52,Apprentissage,15,32211025415
0140019V,420,Apprentissage,15,32211031312
9720424D,36,Scolaire,12,23K00032601
0260113G,85,Scolaire,12,32211020115
0020078Z,29,Scolaire,15,23K00033501
0622198C,129,Scolaire,45,44210099901
0331506H,24,Apprentissage,15,32211032409
0180755Y,46,Apprentissage,15,32211032409
0171405K,154,Scolaire,12,23K00033404
0311324W,14,Scolaire,12,44210099901
0350791V,20,Scolaire,12,44210099901
0333463K,42,Apprentissage,15,32211031213
0756075W,96,Apprentissage,20,32211031212
0597049S,134,Apprentissage,20,32211033426
9711071M,48,Apprentissage,4,32211025521
0451602X,3,Apprentissage,18,23G00021409
0190071Z,9,Apprentissage,40,32211032409
0333538S,90,Apprentissage,15,32211034401
0480502K,68,Apprentissage,15,32212021207
0593066M,1,Apprentissage,10,23K00023304
0694594U,143,Apprentissage,20,32211031212
0333612X,263,Apprentissage,20,32211031312
0562018P,48,Apprentissage,20,32211032003
0562018P,26,Apprentissage,20,32211032409
0951673C,30,Scolaire,12,44210099901
0670086E,83,Scolaire,14,23K00032601
0752845K,182,Scolaire,16,44210099901
0596872Z,61,Apprentissage,20,32211033426
0596872Z,78,Apprentissage,20,32211033115
0590093F,14,Apprentissage,12,23K00025123
0601831P,82,Apprentissage,11,32211031212
0801226Y,37,Apprentissage,15,32211031212
9720632E,25,Apprentissage,16,32212034101
0781975Y,119,Scolaire,30,32211031213
0781975Y,106,Scolaire,30,32211031212
0781975Y,115,Scolaire,30,32211031312
0332345V,45,Scolaire,15,23K00025508
0831823F,28,Apprentissage,25,32211032409
0260072M,2,Scolaire,12,23K00025510
0754030Y,24,Scolaire,15,23K00033414
0311186W,390,Scolaire,22,32211032003
0693704B,156,Apprentissage,12,32211032003
0290078C,19,Scolaire,15,44210099901
0342560Y,123,Apprentissage,15,32211031312
0342560Y,80,Apprentissage,15,32211031213
0342560Y,105,Apprentissage,15,32211033426
9720826R,143,Apprentissage,25,32211031212
0590072H,36,Apprentissage,15,32211022003
0620124Y,48,Apprentissage,15,32211023412
0333594C,47,Apprentissage,20,32211031213
9760229V,219,Apprentissage,10,32211031408
0261505V,34,Scolaire,15,23K00025509
0062416U,1,Apprentissage,10,32211033422
0801720K,0,Apprentissage,6,23G00021219
0383560N,31,Apprentissage,12,32211031216
0451550R,94,Apprentissage,20,32211031408
0312863U,63,Apprentissage,20,32211032612
0141275K,63,Apprentissage,3,32211020116
0911037H,70,Scolaire,12,23K00025509
0132974M,81,Scolaire,15,23K00033404
0141275K,63,Apprentissage,3,32211032209
0501219D,15,Apprentissage,2,32211020111
0762765T,209,Scolaire,15,32211031103
0720003M,10,Apprentissage,12,23K00022704
0754530S,1502,Scolaire,24,32211031409
9710052E,26,Scolaire,12,23K00025510
0062357E,3,Apprentissage,100,32211031408
0062357E,5,Apprentissage,100,32211031212
0062357E,1,Apprentissage,100,32211031409
0062357E,7,Apprentissage,150,32211031213
0062357E,5,Apprentissage,100,32211032003
0134249Y,34,Scolaire,25,32212031203
0491809A,90,Scolaire,20,32212022115
0230008J,93,Scolaire,10,32211033608
0791115H,44,Apprentissage,30,23G00021222
0851253A,41,Scolaire,40,32212031203
0763585J,52,Apprentissage,15,32211031409
0763585J,169,Apprentissage,20,32211032003
0491027A,54,Apprentissage,36,32212021114
0755115C,51,Apprentissage,30,32211031409
0755115C,208,Apprentissage,30,32211032003
0382050X,93,Apprentissage,15,32211033107
0694606G,183,Apprentissage,24,32211032612
0333435E,101,Apprentissage,20,32212021112
0597049S,28,Apprentissage,20,32211031409
0592965C,20,Apprentissage,6,32211031216
0371436K,13,Apprentissage,12,23G00021303
0332709R,137,Apprentissage,20,32212021112
0672772Z,127,Apprentissage,15,32211033426
0292384J,12,Apprentissage,40,32211031311
0641772D,151,Apprentissage,10,32211031212
0641772D,151,Apprentissage,15,32211031213
0641772D,46,Apprentissage,10,32211032409
0501565E,53,Apprentissage,30,32211031213
0212274H,51,Apprentissage,20,32211031213
0711975L,48,Apprentissage,20,32211031213
0711976M,28,Apprentissage,20,32211031213
0212286W,147,Apprentissage,15,32211033115
0212114J,45,Apprentissage,4,32211031408
0301850Y,137,Apprentissage,60,32211031212
0342092P,55,Apprentissage,20,32211031212
0342092P,40,Apprentissage,20,32211032409
0342092P,91,Apprentissage,20,32211031213
0110004V,51,Apprentissage,5,32211032409
0342005V,108,Apprentissage,50,32211031212
0870058R,90,Apprentissage,12,32211031103
0333489N,76,Apprentissage,20,32211031212
0333489N,20,Apprentissage,20,32211032409
0333489N,51,Apprentissage,20,32211031213
0755559K,45,Apprentissage,20,32211031212
0755559K,44,Apprentissage,20,32211032409
0755559K,76,Apprentissage,20,32211031213
0694118B,74,Apprentissage,20,32211032409
0694118B,166,Apprentissage,20,32211031212
0694118B,183,Apprentissage,20,32211031213
0312863U,125,Apprentissage,20,32211031213
0312863U,62,Apprentissage,20,32211032409
0312863U,202,Apprentissage,20,32211031212
0353099D,248,Apprentissage,15,32211033115
0292453J,113,Apprentissage,15,32211033115
0900460L,51,Apprentissage,24,32211031408
0120936C,7,Apprentissage,5,32212031205
0596872Z,35,Apprentissage,20,32211033608
0694126K,119,Apprentissage,20,32211034502
0694126K,65,Apprentissage,20,32211033002
0694126K,123,Apprentissage,20,32211033206
0694126K,200,Apprentissage,20,32211033426
0694126K,131,Apprentissage,20,32211032003
0353110R,48,Apprentissage,20,32211032612
0932779R,101,Apprentissage,25,32211031212
9720826R,177,Apprentissage,25,32211031213
9720826R,52,Apprentissage,25,32211031408
9720826R,73,Apprentissage,25,32211032409
0512210A,17,Apprentissage,20,32211031311
0512210A,39,Apprentissage,20,32211033426
0512210A,30,Apprentissage,20,32211031312
9711071M,183,Apprentissage,20,32211032003
0150006A,92,Scolaire,15,23K00025509
0210019G,68,Apprentissage,6,32211033422
0212286W,60,Apprentissage,15,32211033002
0212245B,148,Apprentissage,30,32211032003
0212114J,52,Apprentissage,4,32211033206
0590111A,420,Apprentissage,21,32211031213
0351884H,141,Apprentissage,15,32211031409
0342531S,484,Apprentissage,60,32211031215
0342531S,60,Apprentissage,20,32211031216
0422319T,79,Apprentissage,25,32211033002
0422319T,69,Apprentissage,25,32211033206
0011073L,14,Apprentissage,5,23G00021407
0692710W,26,Apprentissage,13,23G00021303
0430958H,69,Apprentissage,10,23G00021215
0640187F,44,Apprentissage,55,32211031409
0912422N,32,Apprentissage,20,32211034401
0820917B,23,Scolaire,10,44210099901
0912422N,87,Apprentissage,20,32211033426
0912422N,12,Apprentissage,20,32211033422
0912422N,75,Apprentissage,20,32211033206
0240007C,34,Apprentissage,6,32211033422
0211479U,33,Apprentissage,16,32211033607
0313098Z,61,Apprentissage,20,32211031409
0440254M,75,Apprentissage,2,32211031409
0861327A,75,Apprentissage,5,32211032003
0597320L,280,Apprentissage,15,32211033426
0673190D,44,Apprentissage,15,32211031409
0597237W,67,Apprentissage,15,32211033107
0623373E,24,Apprentissage,13,32211025415
0641772D,146,Apprentissage,10,32211032003
0731518D,141,Apprentissage,20,32211032003
0491027A,85,Apprentissage,36,32212021115
0440355X,4,Apprentissage,10,23G00021102
0562047W,60,Apprentissage,10,32211034502
0421609W,11,Apprentissage,12,32211033607
0422370Y,120,Apprentissage,30,32211032003
0442688H,92,Apprentissage,20,32211031409
0442688H,231,Apprentissage,30,32211032003
0421676U,37,Apprentissage,10,23G00021215
0631904C,31,Apprentissage,15,32212022117
0422327B,12,Apprentissage,20,23G00021213
0111091B,21,Apprentissage,12,32211031409
0573814L,70,Apprentissage,18,32211033107
0573778X,155,Apprentissage,20,32211033107
0383593Z,34,Apprentissage,15,32211033002
0195074M,9,Apprentissage,12,32211025001
0195074M,14,Apprentissage,15,32211022316
0492406Z,40,Apprentissage,5,32211032612
0492406Z,72,Apprentissage,3,32211032003
C590350K,123,Apprentissage,25,32211031409
0756524J,83,Apprentissage,24,32211032612
0241320E,40,Apprentissage,8,32211031409
0240090T,38,Apprentissage,10,32211031409
0755559K,271,Apprentissage,20,32211033426
0422319T,140,Apprentissage,25,32211033115
0050009H,45,Apprentissage,3,32211033002
0130056R,300,Apprentissage,5,32211031103
0875113K,96,Apprentissage,50,32211031213
0632091F,388,Scolaire,15,32211034401
7200118R,66,Scolaire,8,32211021304
0222027J,46,Apprentissage,20,32211031408
0941934S,243,Scolaire,18,32211032003
0640187F,29,Apprentissage,45,32211032409
0850136L,67,Apprentissage,24,32211031212
0470020S,11,Apprentissage,3,32211022506
0470020S,10,Apprentissage,3,32211022505
0211479U,67,Apprentissage,25,32211031408
0313098Z,158,Apprentissage,30,32211031213
0313098Z,164,Apprentissage,20,32211031212
0820917B,171,Apprentissage,10,32211031213
0134252B,356,Apprentissage,14,32211031212
0440254M,211,Apprentissage,2,32211031212
0440254M,36,Apprentissage,2,32211032409
0440254M,252,Apprentissage,25,32211031213
0292413R,15,Apprentissage,40,32211031311
0660969V,66,Apprentissage,20,32211031212
0422283D,26,Apprentissage,12,23G00021006
0382910G,40,Apprentissage,20,32211031103
0240035H,30,Apprentissage,10,32211022711
0731563C,118,Apprentissage,15,32211031213
0100063P,95,Apprentissage,20,32211031213
0383369F,17,Apprentissage,24,32211031213
0383369F,28,Apprentissage,24,32211032409
0383369F,39,Apprentissage,24,32211031212
0492064C,24,Apprentissage,5,32211032409
0631480S,80,Apprentissage,6,32211031103
0791193T,6,Apprentissage,16,32211031103
0030038A,33,Apprentissage,2,32211031408
0030038A,83,Apprentissage,2,32211031213
0755335S,372,Apprentissage,50,32211033115
0756074V,61,Apprentissage,30,32211031311
0820928N,108,Apprentissage,60,32211031212
0820928N,108,Apprentissage,60,32211031213
0673174L,82,Apprentissage,15,32211031103
0673190D,81,Apprentissage,15,32211031212
0541921V,137,Apprentissage,30,32211033608
0383560N,35,Apprentissage,12,32211031103
0942169X,169,Apprentissage,150,32211032409
0942169X,292,Apprentissage,120,32211032003
9711051R,188,Apprentissage,25,32211031212
0330176M,41,Apprentissage,25,32211033002
0330176M,66,Apprentissage,25,32211033206
0330176M,30,Apprentissage,25,32211031212
0511949S,67,Apprentissage,20,32211020116
0251999M,164,Apprentissage,35,32211033115
0133424B,119,Apprentissage,15,32211033206
0922377J,341,Apprentissage,30,32211032003
0922946C,43,Apprentissage,25,32211031213
0922946C,29,Apprentissage,25,32211032409
0911864G,326,Apprentissage,120,32211031213
0911864G,444,Apprentissage,90,32211031212
0911864G,287,Apprentissage,30,32211031312
0911864G,225,Apprentissage,60,32211032612
0371793Y,40,Apprentissage,20,32211031103
0851252Z,24,Apprentissage,15,23G00021221
9720632E,2,Apprentissage,15,32212021016
0922863M,159,Apprentissage,20,32211032612
0442094M,78,Apprentissage,4,32211025520
0721094Y,109,Apprentissage,1,32211031311
0755984X,91,Apprentissage,40,32211031312
0442725Y,61,Apprentissage,5,32211033002
0442725Y,103,Apprentissage,5,32211033206
0442725Y,106,Apprentissage,9,32211031408
0442725Y,82,Apprentissage,8,32211032409
0801996K,4,Apprentissage,12,23G00021213
0711755X,27,Apprentissage,5,32211033002
0211986V,114,Apprentissage,10,32211023108
0830923C,110,Apprentissage,15,32211025415
0573746M,48,Apprentissage,25,32211031312
0370759Z,133,Apprentissage,10,32211031312
0520939N,82,Apprentissage,2,32212021308
0250013D,114,Apprentissage,12,32211023206
0383354P,11,Apprentissage,12,23G00021407
0062204N,218,Apprentissage,24,32211025215
0422256Z,143,Apprentissage,15,32211022709
0292404F,33,Apprentissage,25,32211031408
0422256Z,92,Apprentissage,12,32211022711
0292404F,27,Apprentissage,25,32211031311
0292404F,116,Apprentissage,25,32211031212
0292404F,14,Apprentissage,25,32211033422
0292404F,23,Apprentissage,25,32211032409
0422340R,67,Apprentissage,15,32211031213
0756079A,218,Apprentissage,25,32211031312
0756079A,299,Apprentissage,25,32211031213
0755943C,270,Apprentissage,15,32211033608
0353005B,172,Apprentissage,4,32211032329
0353005B,113,Apprentissage,2,32211032330
0353005B,136,Apprentissage,4,32211032332
0682086Y,36,Apprentissage,20,32211031409
0170100S,177,Apprentissage,20,32211031213
0070009X,297,Apprentissage,15,32211023305
0142248T,237,Apprentissage,50,32211032003
0142248T,299,Apprentissage,35,32211031213
0142248T,279,Apprentissage,35,32211031212
0142248T,63,Apprentissage,12,32211031311
0690129R,33,Scolaire,12,23K00025510
0870730W,198,Apprentissage,20,32211031409
0050606G,5,Apprentissage,8,23G00021108
0050606G,8,Apprentissage,8,23G00033402
0353066T,17,Apprentissage,2,32211025521
0281140M,33,Apprentissage,25,32211034401
0670085D,80,Apprentissage,18,32211022316
0142470J,42,Apprentissage,25,32211031409
0292167Y,32,Apprentissage,14,32211031409
0291751W,22,Apprentissage,8,32212031205
0350918H,28,Apprentissage,12,32211033002
0350918H,50,Apprentissage,18,32212021115
0420033H,183,Scolaire,12,32211031408
0540015Y,36,Apprentissage,15,32211025417
0851196N,26,Apprentissage,14,32211031216
0550025D,18,Apprentissage,12,32211022316
0280021W,34,Apprentissage,4,32211025520
0442982C,167,Apprentissage,50,32211032329
0442982C,134,Apprentissage,50,32211032330
0442982C,120,Apprentissage,50,32211032332
0511165P,34,Apprentissage,50,32211032328
0511165P,84,Apprentissage,50,32211032329
0741627S,138,Apprentissage,18,32211032003
0292392T,37,Apprentissage,10,32211025014
0313123B,106,Apprentissage,50,32211032328
0313123B,207,Apprentissage,50,32211032329
0313123B,154,Apprentissage,50,32211032330
0313123B,162,Apprentissage,50,32211032332
0590005K,165,Apprentissage,12,32211031213
0040161D,42,Apprentissage,20,32211031213
0672866B,62,Apprentissage,8,32211031408
0340030Y,330,Apprentissage,20,32211031213
0292392T,150,Apprentissage,28,32211031213
0741627S,144,Apprentissage,10,32211033115
0450764L,72,Apprentissage,10,32211031212
6200694K,59,Apprentissage,30,32211031213
0911632E,688,Apprentissage,15,32211031213
0240035H,26,Apprentissage,10,32211025014
0693368L,563,Apprentissage,90,32211033111
0632047H,85,Apprentissage,20,32211032003
0632047H,76,Apprentissage,20,32211031212
0171577X,113,Apprentissage,36,32212021401
0561975T,95,Apprentissage,15,32211031212
0271893L,39,Apprentissage,12,32211031103
0271909D,62,Apprentissage,60,32211031213
0501578U,61,Apprentissage,20,32212021015
0651108B,60,Apprentissage,15,32212021015
0597229M,32,Apprentissage,50,32211031311
0597229M,48,Apprentissage,50,32211031212
0597229M,34,Apprentissage,50,32211032409
0212274H,63,Apprentissage,20,32211031212
0333594C,69,Apprentissage,20,32211031212
0911864G,261,Apprentissage,60,32211020116
0561978W,63,Apprentissage,15,32211031213
0352496Y,68,Apprentissage,20,32211031213
0755701P,156,Apprentissage,20,32211032209
0250010A,431,Scolaire,24,32211034502
0831765T,40,Apprentissage,15,32211031311
0831765T,114,Apprentissage,15,32211031212
0831765T,8,Apprentissage,15,32211033426
0261357J,140,Apprentissage,4,32212021308
9840341Y,121,Scolaire,15,32211033608
9840341Y,95,Scolaire,15,32211033206
0624433G,32,Apprentissage,12,32211031213
0802004U,65,Apprentissage,12,32211031213
0755115C,130,Apprentissage,30,32211031212
0755115C,95,Apprentissage,30,32211032409
0755115C,110,Apprentissage,30,32211031213
0511972S,40,Apprentissage,20,32211031103
0597049S,38,Apprentissage,20,32211031213
0597049S,69,Apprentissage,20,32211031212
0597049S,17,Apprentissage,20,32211032409
0142470J,90,Apprentissage,50,32211031213
0292167Y,82,Apprentissage,16,32211031212
0370749N,88,Apprentissage,8,32211031311
0370749N,180,Apprentissage,8,32211031212
0281180F,37,Apprentissage,15,32211031103
0411086H,2,Apprentissage,50,32211032409
0442689J,134,Apprentissage,25,32211032003
0442689J,59,Apprentissage,25,23K00033501
0851692C,50,Apprentissage,25,23K00033501
0721712V,37,Apprentissage,25,23K00033501
0870019Y,222,Apprentissage,24,32211031408
0352275H,107,Apprentissage,12,32211033426
0492470U,67,Apprentissage,25,23K00033501
9741965T,14,Apprentissage,7,32211033426
0333614Z,83,Apprentissage,60,32211031213
0333614Z,89,Apprentissage,30,32211031212
0623373E,14,Apprentissage,13,32211022316
0592969G,66,Apprentissage,15,32211032612
0312504D,74,Apprentissage,16,32211023412
0875095R,48,Apprentissage,40,32211031408
0333016Z,363,Apprentissage,50,32211031215
0333016Z,60,Apprentissage,50,32211032409
0221909F,59,Apprentissage,12,32211020116
0100687T,170,Apprentissage,24,32212021304
0631450J,7,Apprentissage,6,23K00033414
0150006A,30,Apprentissage,5,32211032612
0451335G,66,Apprentissage,15,32211025014
0101158E,10,Apprentissage,2,32211032612
0101158E,10,Apprentissage,2,32211031215
0101158E,12,Apprentissage,2,32211031408
0101158E,11,Apprentissage,2,32211031212
0101158E,4,Apprentissage,2,32211032409
0101158E,6,Apprentissage,2,32211031409
0101158E,9,Apprentissage,2,32211031213
0755978R,131,Apprentissage,40,32211032612
0673167D,123,Apprentissage,50,32211031409
0870056N,101,Apprentissage,5,32211020116
0941915W,4,Apprentissage,5,32211033608
0941974K,1081,Apprentissage,10,32211031213
0380033E,128,Apprentissage,6,32211031216
0694533C,319,Apprentissage,40,32211031312
0332441Z,253,Scolaire,15,23K00025509
0875023M,69,Scolaire,12,23K00025509
0650026A,87,Apprentissage,4,32211033206
0610698C,41,Apprentissage,10,32211031213
0312695L,46,Apprentissage,20,32211033426
0312695L,96,Apprentissage,20,32211033206
0312695L,133,Apprentissage,20,32211032003
0312695L,46,Apprentissage,20,32211032208
0312695L,177,Apprentissage,20,32211031312
0312695L,188,Apprentissage,20,32211033115
0752099Z,607,Apprentissage,75,32211033426
0752099Z,543,Apprentissage,75,32211032003
0770943G,165,Apprentissage,12,32211022709
0134478X,19,Apprentissage,15,32211031408
0760054W,92,Apprentissage,3,32211031408
0760096S,281,Apprentissage,15,32211031408
0760096S,261,Apprentissage,11,32211032409
0755811J,179,Apprentissage,35,32211031212
0755811J,305,Apprentissage,35,32211031213
0755432X,226,Apprentissage,30,32211020116
0353011H,106,Apprentissage,7,32211032003
0756460P,330,Apprentissage,40,32211031212
0756460P,155,Apprentissage,40,32211032409
0756460P,151,Apprentissage,40,32211031409
0756460P,257,Apprentissage,40,32211031213
9711342G,90,Apprentissage,20,32211031212
0501219D,54,Apprentissage,4,32211031216
0762403Z,10,Apprentissage,12,32211033422
9720926Z,28,Apprentissage,20,32211031216
0601500E,3,Apprentissage,10,23K00025406
0021796S,6,Apprentissage,10,23K00025406
0021740F,6,Apprentissage,10,23K00025406
0381603L,310,Apprentissage,6,32211033107
0110012D,25,Apprentissage,15,23K00025508
0673219K,62,Apprentissage,14,32211025215
0142248T,85,Apprentissage,22,32211031409
0142248T,43,Apprentissage,10,32211033002
0142248T,137,Apprentissage,18,32211033426
0573812J,66,Apprentissage,30,32211031409
0573812J,135,Apprentissage,60,32211031212
9720945V,102,Apprentissage,50,32211031213
9720945V,80,Apprentissage,50,32211031409
9720945V,94,Apprentissage,50,32211031212
0881672P,38,Apprentissage,15,32211031312
0301875A,58,Apprentissage,12,32211031212
0301875A,27,Apprentissage,12,32211031409
0301875A,37,Apprentissage,14,32211031213
0161238J,99,Apprentissage,60,32211031212
0161238J,105,Apprentissage,60,32211031213
0900029T,125,Apprentissage,30,32211031409
0011276G,314,Apprentissage,15,32211031212
0691644M,20,Apprentissage,9,23K00025123
0301881G,67,Apprentissage,30,32211032612
0301881G,79,Apprentissage,30,32211031213
0301881G,70,Apprentissage,30,32211031212
0693452C,188,Apprentissage,20,32211033426
0501219D,62,Apprentissage,15,32211031409
0781946S,146,Apprentissage,40,32211031212
0851372E,104,Apprentissage,24,32212021015
0851372E,124,Apprentissage,24,32212021401
0251643A,195,Apprentissage,30,32212021207
0561454B,29,Apprentissage,6,23G00021406
0561757F,7,Apprentissage,10,23G00021213
0561757F,32,Apprentissage,10,23G00021406
0693704B,186,Apprentissage,12,32211031213
0693704B,66,Apprentissage,12,32211031103
0693704B,121,Apprentissage,12,32211031409
0693704B,283,Apprentissage,12,32211031212
0693704B,84,Apprentissage,12,32211031408
0650029D,81,Apprentissage,4,32211033608
0693704B,214,Apprentissage,12,32211031312
0693704B,324,Apprentissage,12,32211031215
0693704B,43,Apprentissage,12,32211033002
0620256S,138,Apprentissage,15,32211032409
0382440W,282,Apprentissage,1,32211032332
0382440W,247,Apprentissage,1,32211032330
0382440W,358,Apprentissage,1,32211032329
0382440W,125,Apprentissage,1,32211032328
0590034S,224,Apprentissage,17,32211031213
0281177C,59,Apprentissage,50,32211033608
0590042A,47,Apprentissage,10,32211031409
0672770X,105,Apprentissage,20,32211031409
0590098L,66,Apprentissage,2,32211033206
0672770X,164,Apprentissage,27,32211032003
0260072M,24,Apprentissage,15,32211031216
0260072M,49,Apprentissage,15,32211025015
0260072M,50,Apprentissage,20,32211025014
0671639T,126,Apprentissage,10,32211031408
0260072M,20,Apprentissage,10,32211025521
0260072M,31,Apprentissage,10,32211020116
0292413R,65,Apprentissage,40,32211032003
9720947X,85,Apprentissage,18,32211032003
0222027J,98,Apprentissage,20,32211032003
0301881G,72,Apprentissage,30,32211032003
9711247D,37,Apprentissage,15,32211031213
0133878V,275,Apprentissage,15,32211031215
0160003S,72,Apprentissage,5,32211032409
0160003S,83,Apprentissage,5,32211031408
0351047Y,23,Apprentissage,15,32211034304
0351047Y,276,Apprentissage,20,32211033426
0510035L,245,Apprentissage,15,32211031409
0340042L,685,Apprentissage,5,32211033111
0802097V,18,Apprentissage,20,32211031212
0342536X,9,Apprentissage,15,32211031409
0121423G,62,Apprentissage,3,32211031213
0870987A,205,Apprentissage,18,32211023305
0880021V,166,Apprentissage,15,32211024207
0623786D,4,Apprentissage,6,23G00021222
0624549H,84,Apprentissage,30,32211031213
0312838S,93,Apprentissage,15,32211031408
0442960D,21,Apprentissage,20,32211033422
0371798D,50,Apprentissage,25,23K00033501
0280700J,2,Apprentissage,5,23K00025123
0341540P,319,Apprentissage,12,32211033206
0180035R,10,Apprentissage,2,23K00033501
0360043B,16,Apprentissage,3,23K00033501
0360043B,58,Apprentissage,3,32211032612
0573780Z,78,Apprentissage,10,32211032003
0301878D,6,Apprentissage,14,23K00033414
0142120D,18,Apprentissage,10,23K00025509
0333460G,176,Apprentissage,30,32211032003
0541605B,48,Apprentissage,8,32211031409
0170058W,51,Apprentissage,2,32211031409
0111024D,8,Apprentissage,6,32212034101
9711342G,135,Apprentissage,20,32211031215
9711342G,43,Apprentissage,20,32211031311
0371532P,143,Apprentissage,10,32211033608
0421609W,26,Apprentissage,12,32211033608
0694253Y,44,Apprentissage,10,32211033608
0160083D,55,Apprentissage,20,32211033608
0630022G,12,Apprentissage,1,23K00022001
0596769M,29,Apprentissage,12,32211031213
0270017X,11,Apprentissage,12,23K00025510
9741255W,88,Apprentissage,4,32211031212
9741255W,145,Apprentissage,4,32211033426
0353080H,95,Apprentissage,20,32211032003
0590214M,12,Apprentissage,12,23K00025510
0440096R,19,Apprentissage,12,23K00025406
0101141L,53,Apprentissage,20,32211031409
0550002D,30,Apprentissage,4,32211032612
0831207L,80,Apprentissage,15,32211032409
0831207L,188,Apprentissage,30,32211031212
0620052V,47,Apprentissage,15,32211022710
0763150L,42,Apprentissage,10,32211025001
0620042J,138,Apprentissage,15,32211020116
0754045P,218,Apprentissage,30,32211034401
0061929P,248,Apprentissage,25,32211033426
0090045A,22,Apprentissage,20,32211032409
0755701P,390,Apprentissage,100,32211031213
0755701P,274,Apprentissage,150,32211031212
0755701P,203,Apprentissage,80,32211031408
0755701P,343,Apprentissage,100,32211031312
0150790C,18,Apprentissage,8,32211031213
0150790C,20,Apprentissage,8,32211031212
0150790C,15,Apprentissage,10,32211033002
0880021V,40,Apprentissage,15,32211025520
0332814E,79,Apprentissage,10,32211025520
0511678X,70,Apprentissage,12,32212021007
0912117G,141,Apprentissage,15,32211025001
0312695L,86,Apprentissage,20,32211034502
0312695L,62,Apprentissage,20,32211033002
0061992H,85,Apprentissage,25,32211031213
0061992H,80,Apprentissage,30,32211032003
0111024D,10,Apprentissage,6,32212021115
0442094M,40,Apprentissage,4,23K00025509
0442094M,25,Apprentissage,2,23K00033414
0841204C,29,Apprentissage,2,32211022106
0840709P,114,Apprentissage,15,32211032612
0562062M,46,Apprentissage,40,32211031409
0562062M,87,Apprentissage,40,32211031213
0180036S,32,Apprentissage,15,23K00025122
0781946S,115,Apprentissage,40,32211033426
0720048L,36,Apprentissage,4,32211031216
0850025R,101,Apprentissage,3,32211031409
0624373S,38,Apprentissage,26,32211031212
0624504J,7,Apprentissage,26,32211022003
0133878V,69,Apprentissage,15,32211031409
0597317H,118,Apprentissage,15,32211032330
0597317H,63,Apprentissage,15,32211032328
0133878V,33,Apprentissage,15,32211033422
0011118K,106,Apprentissage,4,32211031103
0672877N,71,Apprentissage,15,32211033002
0672877N,111,Apprentissage,15,32211033115
0271635F,14,Apprentissage,15,23G00021407
0673226T,165,Apprentissage,15,32211033115
0673226T,65,Apprentissage,15,32211033002
0756512W,286,Apprentissage,50,32211031212
0692717D,921,Scolaire,12,32211033107
0690553B,143,Scolaire,25,32211032003
0101168R,4,Apprentissage,15,32211033115
0682054N,137,Apprentissage,30,32211031212
0682054N,103,Apprentissage,30,32211031409
0352503F,90,Apprentissage,18,32211032612
0772919E,128,Apprentissage,25,32211032612
0422340R,81,Apprentissage,15,32211031212
0134428T,68,Apprentissage,3,32211031212
0141992P,90,Apprentissage,25,32211031212
0142248T,99,Apprentissage,12,32211033608
0292413R,99,Apprentissage,40,32211031213
0031024X,72,Apprentissage,20,32211031213
0422295S,96,Apprentissage,15,32211031409
0134309N,52,Apprentissage,15,32211031311
0134309N,88,Apprentissage,15,32211031213
0134295Y,29,Apprentissage,15,32211032409
0134309N,94,Apprentissage,15,32211031212
0134295Y,27,Apprentissage,15,32211031408
0134295Y,46,Apprentissage,15,32211031212
0062070T,56,Apprentissage,15,32211031408
0060818G,39,Apprentissage,10,32211031311
0060818G,49,Apprentissage,15,32211031409
0134309N,35,Apprentissage,15,32211031409
0062070T,139,Apprentissage,30,32211031213
0060818G,122,Apprentissage,15,32211031312
0134295Y,47,Apprentissage,15,32211031213
0060818G,110,Apprentissage,10,32211034502
0134295Y,34,Apprentissage,15,32211031409
0062070T,53,Apprentissage,15,32211031409
0060818G,79,Apprentissage,10,32211031213
0292384J,41,Apprentissage,40,32211031409
0292384J,92,Apprentissage,40,32211031213
0756214X,282,Apprentissage,50,32211031215
0520008B,6,Apprentissage,3,32211022316
0772918D,108,Apprentissage,80,32211032003
9711291B,2,Apprentissage,10,32211023012
9711046K,38,Scolaire,12,23K00025509
0680037W,32,Scolaire,12,23K00025510
9711291B,0,Apprentissage,10,32211031312
0750712S,295,Apprentissage,15,32211020111
0492064C,62,Apprentissage,10,32211031313
0650014M,9,Apprentissage,10,23K00033414
0597241A,30,Apprentissage,15,23K00031101
0597049S,29,Apprentissage,20,32211033422
0756413N,74,Apprentissage,15,23K00031101
0333512N,83,Apprentissage,25,23K00033501
0271635F,81,Apprentissage,16,32212021401
0694584H,96,Apprentissage,15,32211033002
0353014L,220,Apprentissage,4,32211031408
0490984D,80,Apprentissage,5,32211031213
0442990L,36,Apprentissage,40,32211031409
0441993C,230,Apprentissage,2,32211032612
0781951X,68,Apprentissage,7,32211033608
0060674A,100,Apprentissage,30,32211031212
0261392X,44,Apprentissage,30,32211033608
0741622L,129,Apprentissage,15,32211031313
0342451E,29,Apprentissage,18,32211031409
0352983C,68,Apprentissage,25,23K00033501
0010878Z,28,Apprentissage,12,32211031409
0010878Z,28,Apprentissage,12,32211031408
0761735Y,71,Apprentissage,4,32211032409
0763153P,92,Apprentissage,9,32211033608
0312839T,428,Apprentissage,45,32211031212
0142180U,30,Apprentissage,24,23G00021007
0624184L,12,Apprentissage,5,23G00021007
0501670U,29,Apprentissage,20,23G00021007
0710087J,17,Scolaire,12,23K00025309
0470952E,70,Apprentissage,8,23G00021215
0772294A,328,Scolaire,24,32211022210
9720844K,31,Apprentissage,8,23K00033501
0050008G,112,Scolaire,15,32211023012
0333485J,448,Apprentissage,30,32211031312
0755932R,190,Apprentissage,60,32211031312
0312695L,114,Apprentissage,20,32211033112
0596698K,44,Apprentissage,25,32211031312
0597229M,78,Apprentissage,50,32211031313
0500120J,78,Apprentissage,8,32211031213
0542408Z,111,Apprentissage,20,32211020116
0570030Y,116,Apprentissage,20,32211031408
0622196A,124,Apprentissage,20,32211031313
0573227Y,125,Apprentissage,15,32211025520
0062327X,197,Apprentissage,20,32211033112
0132193N,237,Apprentissage,12,32211031312
0592965C,60,Apprentissage,6,32211031313
0031127J,24,Apprentissage,56,32211031409
0632075N,48,Apprentissage,50,32211031408
0551032Y,13,Apprentissage,10,32211031213
0573801X,25,Apprentissage,10,32211031409
0170060Y,16,Apprentissage,4,23K00025510
0682079R,169,Apprentissage,24,32211033107
0682079R,121,Apprentissage,24,32211031212
0682079R,102,Apprentissage,24,32211031213
0673228V,117,Apprentissage,15,32211031312
0301850Y,77,Apprentissage,60,32211031213
0111080P,63,Apprentissage,40,32211031312
0333567Y,194,Apprentissage,30,32211032325
0371384D,62,Apprentissage,25,32211031213
0371384D,50,Apprentissage,25,32211031409
0443023X,152,Apprentissage,15,32211033115
0292454K,30,Apprentissage,10,32211031409
0692717D,643,Apprentissage,12,32211033107
0573766J,116,Apprentissage,15,32211031212
0755559K,210,Apprentissage,20,32212021308
0756237X,111,Apprentissage,45,32212031203
0752068R,41,Apprentissage,25,32212031202
0752068R,42,Apprentissage,25,32212031205
0682049H,113,Apprentissage,20,32211031213
9711247D,15,Apprentissage,15,32211032612
0440119R,39,Scolaire,15,23K00033404
0700018P,17,Apprentissage,6,32211025017
9711272F,62,Apprentissage,20,32211031409
0756075W,58,Apprentissage,20,32211031409
0942542C,157,Apprentissage,25,32211020116
0597322N,42,Apprentissage,14,32211025015
0756512W,287,Apprentissage,50,32211031213
0352371M,60,Apprentissage,15,32211031213
0560198L,36,Scolaire,14,23K00025509
0693448Y,359,Apprentissage,20,32211031213
0755584M,67,Apprentissage,30,32211032409
0141991N,34,Apprentissage,20,32212021114
0693733H,186,Apprentissage,10,32211032003
0850130E,101,Apprentissage,24,32211031313
9711122T,90,Apprentissage,15,32211031313
0890992V,9,Apprentissage,20,32211033422
0632059W,78,Scolaire,12,32211032332
0141991N,44,Apprentissage,20,32212031203
0141991N,16,Apprentissage,20,32212031205
0351047Y,231,Apprentissage,20,32211031312
0512221M,26,Apprentissage,6,32211031213
0512221M,16,Apprentissage,6,32211032409
0061610T,32,Apprentissage,5,32211032612
0573826Z,23,Apprentissage,15,32211031213
0573826Z,5,Apprentissage,15,32211032409
0530079Y,71,Apprentissage,6,32211032209
0731584A,35,Apprentissage,15,32211031409
0020050U,67,Apprentissage,2,32211032409
0021476U,21,Apprentissage,3,32211025415
9711342G,56,Apprentissage,20,32211033206
9711342G,6,Apprentissage,20,32211034304
0755568V,46,Apprentissage,60,32211031213
0110023R,19,Scolaire,15,23K00022704
0660026V,31,Scolaire,12,44210099901
0341794R,629,Scolaire,12,32211032328
0660924W,58,Scolaire,15,44210099901
9740472V,20,Scolaire,12,23K00023306
0630984C,431,Scolaire,19,32212022115
9741233X,41,Scolaire,15,23K00032601
0333016Z,197,Apprentissage,50,32211031212
0333016Z,168,Apprentissage,50,32211031213
0333016Z,83,Apprentissage,50,32211031409
0442801F,77,Apprentissage,20,32211031216
0342508S,344,Apprentissage,20,32211033426
0342483P,126,Apprentissage,50,32211031213
0470974D,27,Apprentissage,25,32211031103
0132828D,250,Apprentissage,10,32211033426
0132828D,142,Apprentissage,10,32211033206
0352721T,86,Apprentissage,16,32212021206
0342005V,220,Apprentissage,50,32211034502
0342005V,93,Apprentissage,50,32211031213
0756328W,58,Apprentissage,10,32211031408
0422283D,189,Apprentissage,30,32212021304
0692710W,229,Apprentissage,17,32212021308
0210017E,361,Apprentissage,4,32211031313
9760125G,113,Apprentissage,15,32211025001
0313003W,75,Apprentissage,15,32211031408
0313089P,141,Apprentissage,30,32211033426
0630022G,13,Scolaire,12,23K00025409
0271581X,52,Scolaire,15,32211031216
0350807M,22,Scolaire,12,23K00033414
0342005V,123,Apprentissage,50,32211031312
0711949H,11,Apprentissage,12,23K00025123
0740046Y,164,Apprentissage,10,32211031212
0692955M,100,Apprentissage,13,32211031216
0802004U,61,Apprentissage,12,32211031103
0442977X,58,Apprentissage,5,32211031213
0442977X,111,Apprentissage,7,32211031212
0442977X,33,Apprentissage,5,32211031409
0430024T,12,Apprentissage,9,23K00033414
0333551F,18,Apprentissage,14,32211031408
0333551F,22,Apprentissage,14,32211031409
0333551F,23,Apprentissage,14,32211031213
0333624K,202,Apprentissage,15,32211033115
0360873D,15,Apprentissage,20,32211031408
0411024R,11,Apprentissage,5,32211032409
9741831X,59,Apprentissage,15,32211031408
0160079Z,118,Apprentissage,6,32211031212
0160079Z,20,Apprentissage,6,32211031408
6200694K,47,Apprentissage,30,32211031212
0292375Z,26,Apprentissage,15,32212034302
0763585J,129,Apprentissage,20,32211031213
0030935A,107,Apprentissage,24,32211031213
0921625S,932,Apprentissage,20,32211031408
0601902S,37,Apprentissage,12,32211031213
0755641Z,65,Apprentissage,30,32211032612
0510034K,89,Apprentissage,8,32211025520
0673227U,81,Apprentissage,80,32211031216
0756522G,194,Apprentissage,45,32211032612
0694565M,68,Apprentissage,15,32211032003
0622276M,80,Apprentissage,5,32211033426
0640179X,52,Apprentissage,7,32211033607
0623328F,54,Apprentissage,15,32211033422
0511165P,91,Apprentissage,50,32211032332
0783824H,67,Apprentissage,15,32211031212
0783824H,26,Apprentissage,15,32211032409
0783824H,31,Apprentissage,15,32211031408
0451481R,331,Apprentissage,30,32211031213
0451481R,189,Apprentissage,12,32211031409
0451481R,82,Apprentissage,10,32211031311
0451481R,386,Apprentissage,30,32211031212
0942461P,37,Apprentissage,16,32211031408
0694594U,173,Apprentissage,25,32211031212
0694594U,113,Apprentissage,25,32211031213
0312686B,101,Apprentissage,9,32211022316
0781578S,25,Apprentissage,12,23K00033414
0721725J,42,Apprentissage,20,32211031409
0597229M,44,Apprentissage,50,32211031408
0597229M,47,Apprentissage,50,32211031409
0597229M,58,Apprentissage,50,32211031213
0597229M,109,Apprentissage,50,32211033426
0597229M,94,Apprentissage,50,32211031215
0711976M,32,Apprentissage,20,32211031212
0711975L,38,Apprentissage,20,32211031212
0212109D,64,Apprentissage,30,32211031216
0592969G,36,Apprentissage,5,32211031408
0550026E,27,Apprentissage,15,32211033422
0570057C,441,Apprentissage,24,32211032003
0570057C,64,Apprentissage,16,23K00033501
0062369T,21,Apprentissage,20,32211033607
9710991A,64,Scolaire,20,32211025521
0020014E,32,Scolaire,24,32211022505
0062204N,235,Apprentissage,14,32211033002
0630041C,20,Scolaire,15,23K00025508
0301757X,50,Apprentissage,5,32211032003
0301757X,80,Apprentissage,5,32211031312
0301757X,37,Apprentissage,5,32211031213
0511649R,56,Apprentissage,12,32211025215
0511649R,31,Apprentissage,20,32211031213
0520752K,39,Apprentissage,15,32211031213
0100715Y,40,Apprentissage,4,32211025215
0782565P,572,Apprentissage,10,32211025521
0080008R,39,Apprentissage,5,32211025521
0911493D,289,Apprentissage,14,32211025215
0313123B,199,Apprentissage,20,32211031312
0694118B,59,Apprentissage,20,32211031408
0694118B,246,Apprentissage,20,32211033426
0694118B,375,Apprentissage,20,32211031215
0694118B,257,Apprentissage,20,32211033115
0671509B,79,Apprentissage,12,32211022709
0371833S,38,Apprentissage,20,32211031213
0371833S,4,Apprentissage,40,32211031212
0511165P,65,Apprentissage,50,32211032330
0912446P,50,Apprentissage,12,32211031213
0692514H,218,Apprentissage,10,32211033107
0755701P,447,Apprentissage,100,32211020116
0755701P,271,Apprentissage,60,32211033002
0755701P,44,Apprentissage,25,32211034304
0755701P,150,Apprentissage,40,32211022711
0682079R,115,Apprentissage,24,32211033426
0422326A,123,Apprentissage,24,32212021401
0291604L,54,Apprentissage,12,32212021401
0531065V,13,Apprentissage,6,32211031409
0022046N,54,Apprentissage,20,32212021115
0442275J,68,Apprentissage,40,32211034401
0252040G,61,Apprentissage,14,32212034302
0252040G,73,Apprentissage,32,32212022116
0720930V,7,Apprentissage,8,23K00033404
0541361L,52,Apprentissage,10,32211031408
0442977X,69,Apprentissage,5,32211032003
0111080P,108,Apprentissage,50,32211034502
0380083J,89,Apprentissage,30,32211022711
0281205H,131,Apprentissage,30,32211031212
0281205H,133,Apprentissage,35,32211031213
0281205H,45,Apprentissage,30,32211032409
0890032B,3,Apprentissage,3,32211025001
0755978R,159,Apprentissage,40,32211023013
0062052Y,237,Apprentissage,50,32211024207
0682125R,45,Apprentissage,50,32211031409
0210019G,34,Apprentissage,2,23K00033414
0371211R,26,Apprentissage,5,23K00033501
0410001D,32,Apprentissage,15,23K00033501
9711303P,14,Apprentissage,20,32211033002
9711303P,26,Apprentissage,20,32211031212
0756689N,182,Apprentissage,20,32211020116
0756522G,269,Apprentissage,60,32211032003
0360009P,49,Apprentissage,4,32211031409
0180010N,73,Apprentissage,12,32211031103
0180036S,20,Apprentissage,3,32211025014
0371100V,48,Apprentissage,15,32211031103
0756689N,34,Apprentissage,20,32211031212
0756689N,29,Apprentissage,20,32211031213
0595884A,28,Apprentissage,5,32211032409
0171644V,39,Apprentissage,25,23K00033501
0595884A,29,Apprentissage,5,32211031216
0595884A,42,Apprentissage,3,32211031408
0541605B,72,Apprentissage,8,32211031212
0573320Z,78,Apprentissage,20,32211033422
0573320Z,20,Apprentissage,8,23K00033414
0791029P,35,Apprentissage,13,32211025415
0660913J,49,Apprentissage,12,32211031213
0660913J,35,Apprentissage,12,32211033426
0421691K,47,Scolaire,15,23K00025510
0240025X,441,Scolaire,24,32211033426
0142180U,46,Apprentissage,24,23G00021220
9711066G,105,Scolaire,12,23K00033404
0270029K,83,Apprentissage,15,32211025520
0682054N,129,Apprentissage,30,32211031213
0682054N,94,Apprentissage,15,32211031103
0450782F,682,Apprentissage,20,32211031213
0450782F,500,Apprentissage,20,32211031409
0411024R,26,Apprentissage,15,32211031408
0301748M,103,Apprentissage,15,32211031212
0624504J,10,Apprentissage,26,32211025014
0763418C,103,Apprentissage,16,32212031203
0411024R,72,Apprentissage,15,32211031212
0241092G,6,Apprentissage,16,32212031205
0332282B,41,Apprentissage,3,32212031202
0110943R,90,Apprentissage,25,32212031202
0861219H,33,Apprentissage,20,32212031204
0520922V,3,Apprentissage,16,32212031203
0221880Z,13,Apprentissage,20,32212031201
0133909D,181,Scolaire,14,32211032329
0550004F,14,Apprentissage,15,23K00025406
0870041X,35,Apprentissage,12,23K00025406
0690651H,12,Scolaire,12,23K00032601
0772739J,120,Apprentissage,30,32211025520
0772739J,243,Apprentissage,30,32211031212
0062327X,304,Apprentissage,30,32211033111
0597229M,112,Apprentissage,50,32211032003
0772244W,10,Scolaire,12,23K00033412
0880101G,9,Apprentissage,8,23K00033413
0391210D,13,Apprentissage,8,32211025415
0131445A,168,Apprentissage,25,32211031212
0132193N,108,Apprentissage,12,32211031408
0694652G,82,Apprentissage,24,32211032612
0694652G,143,Apprentissage,24,32211033426
0694652G,134,Apprentissage,24,32211031215
0763587L,140,Apprentissage,30,32211031212
0756393S,155,Apprentissage,100,32211032612
0756393S,145,Apprentissage,100,32211031213
0731505P,21,Apprentissage,8,23K00025406
0022041H,42,Apprentissage,8,32212021015
0694556C,78,Apprentissage,20,23K00033501
9711352T,32,Apprentissage,14,32211034401
0442095N,401,Apprentissage,5,32211031212
0811144D,30,Apprentissage,9,23K00033414
0530012A,87,Apprentissage,3,32211033206
0720033V,195,Apprentissage,2,32211034502
0720033V,50,Apprentissage,2,32211025520
0720033V,61,Apprentissage,2,32211020009
0720033V,141,Apprentissage,2,32211031408
0720033V,37,Apprentissage,2,32211020111
0720048L,29,Apprentissage,2,32211032409
0850027T,38,Apprentissage,3,32211020111
0624373S,12,Apprentissage,26,32211031409
0292388N,41,Apprentissage,25,23K00033501
0190849V,7,Apprentissage,15,32211031216
0261277X,275,Apprentissage,4,32211031213
0133878V,116,Apprentissage,15,32211031213
0133878V,100,Apprentissage,15,32211031212
0133878V,58,Apprentissage,15,32211032409
0694611M,389,Apprentissage,15,32211033426
0031024X,56,Apprentissage,10,32211031312
0312863U,44,Apprentissage,20,32211033422
0694584H,245,Apprentissage,15,32211033115
0342092P,26,Apprentissage,20,32211033422
0383053M,25,Apprentissage,40,32211033607
0755932R,256,Apprentissage,60,32211031313
0756522G,115,Apprentissage,50,32211031312
0641772D,136,Apprentissage,10,32211031312
0756074V,477,Apprentissage,30,32211031313
0756522G,304,Apprentissage,30,32211031313
0594391C,31,Apprentissage,15,32211024111
0754016H,123,Apprentissage,20,32211031213
0540044E,11,Apprentissage,10,32211020115
0190701J,78,Apprentissage,10,32211025215
0870056N,68,Apprentissage,15,32211031216
0597229M,101,Apprentissage,50,32211031312
0590065A,30,Apprentissage,15,32211022316
0590065A,148,Apprentissage,10,32211033002
0672772Z,152,Apprentissage,15,32211031312
0771336J,12,Scolaire,12,23K00033504
0754475G,19,Scolaire,9,44210099901
0120006S,32,Apprentissage,6,32211022210
0312550D,11,Apprentissage,30,32211031213
0912488K,247,Apprentissage,40,32211031212
0912488K,132,Apprentissage,20,32211031409
0912488K,219,Apprentissage,40,32211031213
0811267M,49,Apprentissage,16,32211032003
0811267M,22,Apprentissage,16,32211032209
0850043K,29,Apprentissage,12,23K00033413
0841251D,14,Apprentissage,20,32211032409
0841251D,26,Apprentissage,20,32211033426
0841251D,81,Apprentissage,20,32211033115
0841251D,94,Apprentissage,20,32211032329
0890965R,18,Apprentissage,10,32211023012
0221880Z,71,Apprentissage,20,32212031203
0221880Z,21,Apprentissage,20,32212031204
0291842V,16,Apprentissage,15,32212031202
0755984X,103,Apprentissage,40,32211032003
0351883G,133,Apprentissage,30,32211031213
0134576D,51,Apprentissage,20,32211031408
0071476S,24,Apprentissage,15,32211031212
0071476S,26,Apprentissage,15,32211031213
0040579H,40,Apprentissage,10,32211031313
0542572C,51,Apprentissage,20,32211031408
0542572C,86,Apprentissage,25,32211031212
0134395G,95,Apprentissage,25,32211031312
0952187L,105,Apprentissage,30,23K00033414
0694602C,42,Apprentissage,25,32211031212
0930138V,347,Apprentissage,12,32211025014
0261462Y,31,Apprentissage,20,32211031213
0261462Y,45,Apprentissage,20,32211031312
0342536X,16,Apprentissage,15,32211031213
0292419X,18,Apprentissage,3,32211032409
0292419X,32,Apprentissage,3,32211031409
0133878V,149,Apprentissage,15,32211032003
0371384D,154,Apprentissage,25,32211031212
0371384D,52,Apprentissage,25,32211031103
0371384D,143,Apprentissage,25,32211033426
0831774C,57,Apprentissage,40,32211031312
0470063N,70,Apprentissage,12,32211034401
0470063N,53,Apprentissage,12,32211033002
0134517P,196,Apprentissage,15,32211033115
0134517P,116,Apprentissage,15,32211033002
0755203Y,185,Apprentissage,40,32211033206
0923054V,109,Apprentissage,5,32211031313
0810003N,333,Apprentissage,18,32211033426
0260113G,39,Apprentissage,12,32211025216
0442605T,141,Apprentissage,30,32211031312
0912431Y,257,Apprentissage,200,32211031212
0060920T,8,Apprentissage,10,23K00033404
0673266L,152,Apprentissage,60,32211031213
0602229X,49,Apprentissage,40,32211031212
0681832X,83,Apprentissage,38,32211025014
0692360R,40,Apprentissage,20,32211031408
0875121U,30,Apprentissage,10,32211031409
0941972H,375,Apprentissage,12,32211025215
9711352T,10,Apprentissage,14,32211031216
9720973A,36,Apprentissage,15,32211031213
0756248J,79,Apprentissage,30,32211032612
0332192D,186,Scolaire,16,23K00033404
0142132S,37,Scolaire,12,23K00033414
0790023W,348,Scolaire,24,32211031312
0332194F,105,Scolaire,12,23K00033404
0510038P,70,Scolaire,15,32211034304
0410001D,38,Scolaire,15,23K00033501
0450066C,31,Scolaire,12,44210099901
0400898J,101,Apprentissage,24,32212021207
0470952E,82,Apprentissage,10,32212021401
0940114N,85,Scolaire,24,44210099901
0313083H,59,Scolaire,12,23K00025509
0651107A,48,Apprentissage,20,32212031203
0390799G,18,Apprentissage,12,32211031213
0300058A,38,Scolaire,15,23K00025312
9730003R,275,Scolaire,21,32211031216
0900004R,220,Scolaire,20,32211031103
0632059W,53,Scolaire,12,32211032330
0750776L,70,Scolaire,7,44210099901
0040007L,7,Scolaire,12,23K00022705
0623328F,58,Scolaire,15,23K00032601
0622803K,92,Scolaire,15,32211020114
0590093F,130,Scolaire,24,23K00032601
0593495D,15,Scolaire,15,23K00022704
0620056Z,91,Scolaire,15,32211025014
0442752C,275,Scolaire,15,32211023306
0290341N,109,Scolaire,32,32212034101
0390033Z,26,Apprentissage,15,23K00033412
0781975Y,96,Apprentissage,30,32211031312
0332722E,692,Scolaire,13,32211020116
0211173L,62,Scolaire,12,32212031205
0770945J,12,Scolaire,12,44210099901
0600004D,222,Scolaire,18,32211033206
0220186H,219,Scolaire,15,32211034401
0920680P,163,Scolaire,12,23K00025509
9740004L,12,Scolaire,12,23K00025406
9741206T,6,Scolaire,12,23K00023304
0623981R,47,Scolaire,15,23K00033404
0750588G,110,Scolaire,16,23K00032601
0021906L,10,Scolaire,16,23K00033501
9711272F,40,Apprentissage,20,32211032003
0870919B,8,Apprentissage,4,23K00033414
0721094Y,16,Apprentissage,12,32211022506
0332445D,138,Scolaire,10,32211025216
0711067Z,352,Scolaire,16,32212021308
0580582T,36,Scolaire,20,32212031205
0280706R,133,Scolaire,14,32212021115
0763542M,2,Apprentissage,15,32211031311
0610692W,3,Apprentissage,20,32211031409
0342436N,192,Apprentissage,10,32211031213
0911264E,141,Apprentissage,10,32211033107
0763542M,6,Apprentissage,15,32211033002
0763542M,2,Apprentissage,15,32211031313
0763542M,4,Apprentissage,15,32211031408
0333551F,107,Apprentissage,14,32211031215
0753396J,49,Apprentissage,15,32211031409
0420029D,43,Scolaire,15,23K00032601
0740062R,41,Scolaire,12,23K00025122
0381861S,11,Apprentissage,12,32211033422
0212052S,158,Apprentissage,60,32211032003
0772294A,590,Scolaire,24,32211031312
0772342C,195,Scolaire,15,32211025014
0595856V,81,Scolaire,18,23K00033501
0620162P,35,Scolaire,15,23K00032601
9711247D,14,Apprentissage,15,32211031408
9711247D,15,Apprentissage,15,32211031103
9711247D,59,Apprentissage,15,32211033426
0750785W,50,Apprentissage,14,23K00025510
0730772T,57,Apprentissage,16,32211031213
9741751K,0,Apprentissage,30,23K00033404
0750671X,0,Apprentissage,12,23K00031101
0351878B,118,Scolaire,15,23K00025509
0592976P,64,Apprentissage,30,32211031212
0190087S,10,Apprentissage,8,23G00021303
0070071P,51,Apprentissage,6,32211031409
0762879S,158,Apprentissage,11,32211032409
0062381F,66,Apprentissage,25,32211032003
0811387T,1,Apprentissage,30,32211031215
0692360R,61,Apprentissage,15,32211031103
0292206R,73,Apprentissage,15,32211033426
0134087X,69,Apprentissage,40,32211031408
0134087X,122,Apprentissage,40,32211031312
0330089T,95,Apprentissage,15,32211025014
0624366J,38,Apprentissage,15,32211031213
0831662F,35,Apprentissage,15,32211032003
0062140U,15,Apprentissage,15,32211032409
0062140U,87,Apprentissage,15,32211033426
0062140U,66,Apprentissage,15,32211032003
0923084C,54,Apprentissage,60,32211032409
0923084C,128,Apprentissage,60,32211031213
9720501M,15,Scolaire,12,23K00025510
0590221V,6,Apprentissage,15,32211031313
0111059S,51,Apprentissage,15,32211031213
0620063G,77,Apprentissage,3,32211031313
0620063G,156,Apprentissage,12,32211033426
0880019T,114,Apprentissage,12,32211031409
0141275K,23,Apprentissage,15,32211022316
0562018P,75,Apprentissage,20,32211031213
0562018P,65,Apprentissage,20,32211031212
0941413A,92,Scolaire,12,23K00033413
0762880T,59,Apprentissage,3,32211025521
0250001R,4,Scolaire,5,32211022505
0312331R,61,Apprentissage,6,32212031204
0860037Y,53,Scolaire,10,23K00025509
0756070R,58,Apprentissage,50,32211032409
0590093F,163,Apprentissage,18,32211031213
0592967E,55,Apprentissage,10,32211031409
0672592D,99,Apprentissage,20,32211031213
0672592D,87,Apprentissage,20,32211031408
0443041S,231,Apprentissage,15,32211033426
0611206E,38,Apprentissage,12,32211023206
0470952E,24,Apprentissage,10,23G00021406
9840339W,63,Scolaire,18,32211031216
0130062X,145,Scolaire,14,44210099901
0561397P,218,Apprentissage,14,32211023305
0470952E,8,Apprentissage,8,23G00021407
0561397P,52,Apprentissage,14,32211023013
0380033E,318,Scolaire,18,32211025521
0756445Y,122,Apprentissage,50,32211031312
0682125R,45,Apprentissage,50,32211031213
0682125R,73,Apprentissage,50,32211031212
0070876P,76,Apprentissage,20,32211033426
0251711Z,315,Apprentissage,4,32211031313
0490003M,12,Scolaire,10,23K00022704
0660913J,53,Apprentissage,12,32211031212
0912516R,126,Apprentissage,50,32211031212
0912516R,99,Apprentissage,50,32211031213
0912516R,111,Apprentissage,50,32211031408
0912516R,48,Apprentissage,50,32211034401
0912516R,146,Apprentissage,50,32211020116
0952299H,138,Apprentissage,50,32211031408
0932851U,9,Apprentissage,15,32211033422
0754016H,5,Apprentissage,20,32211031408
0560117Y,438,Scolaire,18,32211031312
0595119U,11,Apprentissage,12,23G00021303
0133878V,217,Apprentissage,15,32211033115
9711247D,52,Apprentissage,15,32211031215
0781975Y,120,Apprentissage,30,32211031213
0421859T,58,Scolaire,20,32212021207
9720424D,184,Apprentissage,5,32211031212
0241092G,14,Apprentissage,16,32212034101
0460745K,110,Apprentissage,16,32212021207
0460745K,7,Apprentissage,16,23G00021207
0133424B,112,Apprentissage,15,32211033002
0212114J,29,Apprentissage,4,32211032409
0212109D,35,Apprentissage,8,32211020111
0221804S,21,Apprentissage,12,23G00021221
0772742M,129,Apprentissage,25,32211031312
0810833R,40,Apprentissage,10,32212021015
0301286K,79,Apprentissage,100,32211025014
0342156J,49,Apprentissage,15,32211032409
0772667F,213,Apprentissage,30,32211031213
0570210U,145,Apprentissage,10,32211033426
0570210U,104,Apprentissage,10,32211031212
0755934T,325,Apprentissage,100,32211032612
0352779F,78,Apprentissage,18,32211031409
0755984X,67,Apprentissage,40,32211031409
0442978Y,29,Apprentissage,10,32211031409
0692681P,93,Apprentissage,12,32212021401
0542295B,63,Apprentissage,25,32212021401
0352267Z,125,Apprentissage,10,32211033608
0030925P,37,Apprentissage,25,32211033206
0731586C,56,Apprentissage,15,32211032003
0730805D,80,Apprentissage,20,32211032003
0693176C,152,Apprentissage,14,32211032003
0851461B,190,Apprentissage,40,32211032003
0370759Z,131,Apprentissage,10,32211032003
0601701Y,73,Apprentissage,20,32211034502
0492064C,64,Apprentissage,5,32211034502
0693452C,55,Apprentissage,20,32211033002
0531006F,22,Apprentissage,15,32211033002
0060777M,44,Apprentissage,5,32211032612
0442925R,311,Apprentissage,20,32211031215
0755206B,497,Apprentissage,20,32211031215
0301874Z,45,Apprentissage,10,32211025415
0841173U,277,Apprentissage,15,32211031215
0841173U,158,Apprentissage,15,32211033426
0692681P,13,Apprentissage,7,23G00021407
0060777M,77,Apprentissage,10,32211031212
0060907D,66,Apprentissage,20,32211033608
0060777M,103,Apprentissage,15,32211031213
0841173U,139,Apprentissage,15,32211031313
0060777M,159,Apprentissage,15,32211031312
0060777M,52,Apprentissage,10,32211031409
0133810W,101,Apprentissage,15,32211031213
0060777M,50,Apprentissage,10,32211031408
0060777M,89,Apprentissage,10,32211032003
0601822E,13,Apprentissage,15,23K00025509
0840077C,58,Apprentissage,4,32211031103
0562018P,86,Apprentissage,20,32211031312
0562018P,86,Apprentissage,20,32211033426
0660021P,9,Apprentissage,15,23K00025123
0111059S,87,Apprentissage,15,32211031312
0550002D,91,Apprentissage,5,32211031212
0301758Y,26,Apprentissage,15,32211031409
0700038L,9,Apprentissage,4,23K00025406
0573820T,20,Apprentissage,10,32211025014
0062327X,139,Apprentissage,30,32211033107
0134304H,38,Apprentissage,15,32211031213
0597269F,59,Apprentissage,24,32211031213
0620043K,58,Apprentissage,12,32211025216
0620063G,56,Apprentissage,3,32211032409
0620063G,89,Apprentissage,3,32211031212
0550072E,27,Apprentissage,12,32211025014
0755978R,81,Apprentissage,30,32211031212
0755701P,528,Apprentissage,50,32211034502
0755701P,313,Apprentissage,60,32211032612
0755701P,482,Apprentissage,100,32211032003
0755701P,103,Apprentissage,80,32211032409
0382031B,25,Apprentissage,12,23K00025002
0411088K,53,Apprentissage,10,32211032612
0502019Y,18,Apprentissage,15,32211020009
0921500F,1481,Apprentissage,35,32211033426
0261509Z,156,Apprentissage,15,32211032003
0261509Z,48,Apprentissage,15,32211031408
0261509Z,173,Apprentissage,15,32211031212
0261509Z,123,Apprentissage,15,32211031213
0261509Z,76,Apprentissage,15,32211031409
0261509Z,146,Apprentissage,15,32211031312
0731586C,65,Apprentissage,15,32211023013
0783706E,75,Apprentissage,10,32211025217
0672866B,120,Apprentissage,10,32211032003
0573773S,90,Apprentissage,25,32211032003
0540082W,331,Apprentissage,15,32211031409
0573746M,28,Apprentissage,25,32211032612
0573822V,71,Apprentissage,5,32211031212
0573822V,41,Apprentissage,5,32211031409
0573822V,58,Apprentissage,5,32211031213
0451809X,76,Apprentissage,20,32211031103
0870097H,73,Apprentissage,10,32211033206
0590072H,16,Apprentissage,12,32211022316
0492451Y,79,Apprentissage,25,32211031408
0492451Y,55,Apprentissage,25,32211031311
0492451Y,154,Apprentissage,25,32211031212
0492451Y,25,Apprentissage,10,32211033422
0492451Y,43,Apprentissage,25,32211032409
0492451Y,97,Apprentissage,25,32211031409
0492451Y,108,Apprentissage,50,32211031213
0492451Y,69,Apprentissage,25,32211032612
0492451Y,29,Apprentissage,25,32211031216
0492451Y,100,Apprentissage,25,32211034502
0492451Y,54,Apprentissage,25,32211033002
0142468G,78,Apprentissage,25,32211032003
0261065S,48,Apprentissage,12,32212021007
0551032Y,39,Apprentissage,10,32211034401
0690040U,978,Apprentissage,15,32211033111
0871059D,12,Apprentissage,8,23G00021223
0131402D,298,Apprentissage,34,32211031312
0460706T,46,Apprentissage,10,32211031212
0831804K,99,Apprentissage,30,32211031213
0292404F,31,Apprentissage,25,32211020116
0292404F,43,Apprentissage,25,32211031409
0292404F,124,Apprentissage,25,32211031213
0292404F,85,Apprentissage,25,32211033426
0422256Z,165,Apprentissage,35,32211025014
0292404F,31,Apprentissage,25,32211032612
0292404F,111,Apprentissage,25,32211031215
0292404F,39,Apprentissage,25,32211031216
0573812J,106,Apprentissage,60,32211031213
0772918D,149,Apprentissage,80,32211031212
0772918D,131,Apprentissage,80,32211031213
0772918D,79,Apprentissage,80,32211031409
0772918D,88,Apprentissage,80,32211031408
0802207P,119,Apprentissage,25,32211033608
0740092Y,155,Apprentissage,18,32211023305
0422264H,12,Apprentissage,12,23K00025406
0422257A,14,Apprentissage,10,32211024111
0470015L,44,Apprentissage,12,32211025213
0623463C,72,Apprentissage,10,32211023411
0622196A,113,Apprentissage,30,32211032003
0762312A,56,Apprentissage,15,32211025001
0292009B,17,Apprentissage,12,23G00021406
0930929E,93,Apprentissage,25,32211034401
0756241B,60,Apprentissage,12,32211032612
0756241B,50,Apprentissage,12,32211031213
0252021L,73,Apprentissage,40,32211031409
0756241B,40,Apprentissage,12,32211031212
0756241B,27,Apprentissage,12,32211031408
0221033D,101,Apprentissage,18,32212021015
0040548Z,24,Apprentissage,10,32211031212
0040548Z,18,Apprentissage,10,32211032409
0640049F,52,Apprentissage,12,32211025014
0134337U,85,Apprentissage,10,32211031212
0142248T,159,Apprentissage,15,32211031215
0134337U,55,Apprentissage,10,32211032612
0790080H,25,Apprentissage,8,32211032612
0134337U,49,Apprentissage,10,32211031213
0572340J,63,Apprentissage,20,32211031213
0134337U,69,Apprentissage,10,32211031103
0134337U,52,Apprentissage,10,32211031409
0134337U,36,Apprentissage,10,32211032409
0142248T,65,Apprentissage,10,32211032409
0701029N,150,Apprentissage,25,32212021015
0142248T,125,Apprentissage,15,32211031313
0671696E,64,Apprentissage,20,32211023412
0142248T,58,Apprentissage,15,32211032328
0561456D,41,Apprentissage,24,32211033206
0761772N,144,Apprentissage,18,32211033608
0240089S,36,Apprentissage,16,32211032409
0572698Y,31,Apprentissage,20,32211025415
9720844K,25,Scolaire,8,23K00033501
0590255G,102,Apprentissage,15,32211033608
0590223X,110,Apprentissage,10,32211025520
0770998S,197,Apprentissage,24,32211031213
0590035T,46,Apprentissage,3,32211032409
0291842V,40,Apprentissage,15,32211031212
0590149S,19,Apprentissage,6,32211025415
0590034S,96,Apprentissage,5,32211031408
0590034S,203,Apprentissage,5,32211031312
0380023U,130,Apprentissage,12,32211033608
0492028N,48,Apprentissage,15,32211033607
0332192D,1019,Apprentissage,28,32211033426
0511951U,60,Apprentissage,6,32211031408
0942585Z,96,Apprentissage,15,32211022711
0672598K,95,Apprentissage,45,32211031213
0672598K,95,Apprentissage,40,32211031409
0672598K,91,Apprentissage,25,32211032409
0672770X,105,Apprentissage,13,32211032409
0672598K,132,Apprentissage,40,32211031408
0251891V,173,Apprentissage,15,32211031312
0451067R,41,Apprentissage,4,32211025415
0251891V,153,Apprentissage,15,32211031212
0411024R,29,Apprentissage,15,32211031409
0411024R,56,Apprentissage,15,32211031213
0251891V,197,Apprentissage,25,32211031213
0920141D,358,Apprentissage,24,32211034401
0763150L,25,Apprentissage,3,32211031216
0451463W,17,Apprentissage,20,32212031201
0360766M,54,Apprentissage,15,32212031203
0811106M,22,Apprentissage,15,32212031202
0762652V,50,Apprentissage,20,32212031204
0490072M,55,Apprentissage,35,32212031204
0611175W,8,Apprentissage,10,32212031204
0720034W,131,Apprentissage,12,32211023012
0351047Y,13,Apprentissage,10,32212031205
0292198G,43,Apprentissage,8,32211033608
0590018Z,21,Apprentissage,12,32211033422
0573727S,43,Apprentissage,10,32211034401
0610692W,39,Apprentissage,20,32211032003
0593006X,173,Apprentissage,16,32211033112
0741739N,10,Apprentissage,30,32212031205
0741739N,55,Apprentissage,15,32212031203
0922972F,437,Apprentissage,60,32211031215
0401007C,69,Apprentissage,12,32211025415
0301748M,36,Apprentissage,15,32211031409
0590065A,64,Apprentissage,12,32211022710
0951727L,154,Apprentissage,12,32211034401
0292375Z,25,Apprentissage,5,32211031103
0301748M,41,Apprentissage,15,32211031213
0451335G,29,Apprentissage,5,32211022711
0451335G,11,Apprentissage,5,32211020115
0060777M,45,Apprentissage,10,32211031311
0642154U,99,Apprentissage,120,32211031213
0642154U,47,Apprentissage,100,32211031409
0642154U,130,Apprentissage,120,32211031212
0353052C,70,Apprentissage,10,32211033426
0673043U,142,Apprentissage,15,32211031213
9741720B,80,Apprentissage,15,32211031409
0890819G,38,Scolaire,12,23K00033404
0881721T,9,Apprentissage,12,32211025001
0622195Z,60,Apprentissage,10,32211034401
0881778E,15,Apprentissage,10,32211034401
0141992P,93,Apprentissage,25,32211033426
0292351Y,78,Apprentissage,24,32211031213
0741774B,91,Apprentissage,10,32211031213
0711246U,74,Apprentissage,18,32211031213
0134428T,91,Apprentissage,4,32211031213
0682086Y,61,Apprentissage,25,32211031213
0141992P,133,Apprentissage,25,32211031213
0682076M,38,Apprentissage,20,32211031213
0370759Z,82,Apprentissage,10,32211031213
0550861M,39,Apprentissage,25,32211031213
0081059H,42,Apprentissage,10,32211025016
0422340R,41,Apprentissage,15,32211031409
0292413R,41,Apprentissage,40,32211031409
0741774B,65,Apprentissage,10,32211031409
0711246U,54,Apprentissage,14,32211031409
0134428T,34,Apprentissage,3,32211031409
0141992P,50,Apprentissage,25,32211031409
0292413R,132,Apprentissage,40,32211031212
0741774B,140,Apprentissage,10,32211031212
0573543S,92,Apprentissage,15,32211033608
0381805F,27,Apprentissage,18,32211033422
C752887F,347,Apprentissage,60,32211031212
0333540U,224,Apprentissage,40,32211031212
0561949P,12,Apprentissage,12,23K00025407
0292258X,14,Apprentissage,12,23K00025407
0050503V,48,Apprentissage,6,32211025215
0081059H,9,Apprentissage,10,32211022314
0352503F,32,Apprentissage,12,23K00025406
0561949P,20,Apprentissage,12,23K00025406
0352927S,18,Apprentissage,12,23K00025406
0221835A,11,Apprentissage,12,23K00025406
0142248T,71,Apprentissage,15,32211031408
0672770X,116,Apprentissage,16,32211031408
0291792R,29,Apprentissage,14,32211033607
0422295S,161,Apprentissage,15,32211031313
0171438W,155,Apprentissage,25,32211031312
0134428T,97,Apprentissage,2,32211031312
0010006B,193,Apprentissage,6,32211031312
0142248T,203,Apprentissage,30,32211031312
0682086Y,131,Apprentissage,25,32211031312
0670050R,128,Apprentissage,12,32211034303
0141992P,61,Apprentissage,25,32211033206
0741774B,114,Apprentissage,10,32211032003
0062201K,17,Apprentissage,20,32211032003
0141992P,106,Apprentissage,25,32211032003
0431046D,42,Apprentissage,25,32211031215
0755020Z,141,Apprentissage,30,32211033112
0562023V,28,Apprentissage,20,32211033002
0831693P,52,Apprentissage,15,32211033002
0755020Z,36,Apprentissage,15,32211033002
0141992P,7,Apprentissage,25,32211033002
0370983T,7,Apprentissage,20,23K00025123
0340871M,40,Apprentissage,18,32211031409
0271319M,23,Apprentissage,12,23K00025406
0352864Y,47,Apprentissage,16,32211031213
0660919R,60,Apprentissage,15,32211031409
0682127T,1,Apprentissage,25,32211031213
0694566N,34,Apprentissage,30,32211031311
0694566N,12,Apprentissage,20,32211031212
0694566N,14,Apprentissage,60,32211031213
0694566N,34,Apprentissage,60,32211031409
0370009J,16,Apprentissage,5,32211025017
0673043U,147,Apprentissage,15,32211031212
0631904C,41,Apprentissage,15,32212031204
0350791V,53,Apprentissage,16,32211020009
0292009B,29,Apprentissage,20,32212031203
0561463L,18,Apprentissage,8,32212031204
0121507Y,14,Apprentissage,16,32212031205
0121507Y,43,Apprentissage,16,32212031203
0942585Z,141,Apprentissage,15,32211025520
0340991T,224,Apprentissage,6,32211031213
0756029W,558,Apprentissage,36,32211024207
0690093B,80,Apprentissage,12,23K00033404
0632095K,52,Apprentissage,20,32211031213
0632095K,19,Apprentissage,20,32211031409
0500132X,3,Apprentissage,6,23K00022704
0251891V,74,Apprentissage,25,32211031311
0500132X,3,Apprentissage,6,23K00022705
0763150L,45,Apprentissage,15,32211020009
0740006E,88,Apprentissage,4,32211023411
0772918D,79,Apprentissage,80,32211032409
0340061G,45,Apprentissage,12,32211025213
0531018U,101,Apprentissage,12,32211031215
0594278E,48,Apprentissage,20,32211020113
0492220X,30,Apprentissage,15,23G00021220
0221033D,25,Apprentissage,15,23G00021220
0101149V,87,Apprentissage,20,32211031213
0672959C,53,Apprentissage,15,32211034401
0942461P,69,Apprentissage,20,32211032003
0261556A,158,Apprentissage,40,32211031212
0062209U,29,Apprentissage,25,32211031409
0512201R,134,Apprentissage,25,32211031212
0630020E,170,Apprentissage,8,32211031408
0630020E,230,Apprentissage,8,32211031409
0630077S,193,Apprentissage,18,32211031311
0141815X,4,Apprentissage,12,23K00033412
0141815X,31,Apprentissage,12,23K00033404
0694070Z,108,Apprentissage,50,32211032328
0694070Z,205,Apprentissage,50,32211032330
0241204D,22,Apprentissage,15,32211025415
0782549X,200,Apprentissage,15,32211031409
0782549X,280,Apprentissage,12,32211032612
0443062P,38,Apprentissage,30,32211033002
0690696G,43,Apprentissage,7,32211033607
0631904C,66,Apprentissage,20,32212031203
0756077Y,29,Apprentissage,60,32211032409
0682087Z,77,Apprentissage,24,32211033206
0850142T,30,Apprentissage,18,32211031408
0341692E,9,Apprentissage,25,32211031212
0342264B,40,Apprentissage,20,32211033608
0701078S,30,Apprentissage,3,32211022210
0134395G,80,Apprentissage,30,32211031212
0134395G,93,Apprentissage,30,32211031213
0134395G,26,Apprentissage,25,32211031409
6200741L,87,Apprentissage,60,32211031212
0100022V,68,Apprentissage,5,32211031311
0131784U,626,Apprentissage,15,32211031213
0760110G,200,Apprentissage,12,32211025520
0763502U,95,Apprentissage,15,32211031213
0352813T,117,Apprentissage,5,32211032003
0352813T,110,Apprentissage,5,32211031213
0561978W,57,Apprentissage,10,32211031103
0340937J,55,Apprentissage,25,32211031408
0340937J,29,Apprentissage,25,32211031409
0630020E,630,Apprentissage,18,32211031212
0400018C,64,Apprentissage,15,32211031409
0731198F,69,Apprentissage,15,32212021401
0311341P,166,Apprentissage,15,32211023012
0590215N,195,Apprentissage,2,32211024207
0341493N,219,Apprentissage,16,32211023012
0841207F,45,Apprentissage,15,32211032409
0922427N,372,Apprentissage,6,32211032209
0131515B,29,Apprentissage,10,32211033607
0751909T,143,Apprentissage,60,32211032612
0134304H,58,Apprentissage,15,32211031212
0132828D,42,Apprentissage,24,32211033422
0342261Y,77,Apprentissage,15,32211031212
0342261Y,89,Apprentissage,15,32211031213
0342261Y,43,Apprentissage,15,32211031311
0763542M,77,Apprentissage,20,32211031103
0931618D,162,Apprentissage,12,32211025215
0010826T,43,Apprentissage,12,32211025215
0010826T,48,Apprentissage,24,32211031213
0597224G,24,Apprentissage,15,32211031409
0755978R,172,Apprentissage,75,32211031312
0755978R,62,Apprentissage,75,32211031213
0755978R,385,Apprentissage,75,32211033426
0660856X,38,Scolaire,10,44210099901
0271049U,63,Scolaire,24,32211031313
0140018U,101,Scolaire,20,23K00033501
0942215X,126,Apprentissage,16,32211025015
0693977Y,112,Apprentissage,20,32211031409
0693977Y,177,Apprentissage,20,32211031213
0133810W,155,Apprentissage,15,32211031313
0133810W,273,Apprentissage,15,32211031215
0133810W,173,Apprentissage,15,32211032003
0133810W,111,Apprentissage,15,32211031312
0133810W,59,Apprentissage,15,32211032612
0133810W,202,Apprentissage,15,32211033426
0660447C,17,Apprentissage,12,32211025216
0660447C,70,Apprentissage,12,32211025217
0660447C,25,Apprentissage,12,32211025218
0341477W,61,Apprentissage,24,32212021112
0530068L,34,Apprentissage,8,32211031409
0492525D,87,Apprentissage,40,32211031212
0492525D,74,Apprentissage,40,32211031213
0597241A,236,Apprentissage,20,32211025303
0721725J,51,Apprentissage,20,32211031311
0721725J,111,Apprentissage,20,32211031213
9740910W,222,Scolaire,12,32211020116
9740910W,142,Scolaire,12,32211025521
0022046N,12,Apprentissage,12,23G00021222
0700796K,53,Apprentissage,24,32211025215
0090003E,9,Scolaire,12,44210099901
0131518E,1,Apprentissage,15,32211031213
0142438Z,0,Apprentissage,15,32211033426
0763542M,0,Apprentissage,15,32211033426
0142438Z,3,Apprentissage,15,32211031215
0763557D,9,Apprentissage,15,32211031215
9741794G,2,Apprentissage,20,32211032003
0693977Y,0,Apprentissage,20,32211031408
0597387J,0,Apprentissage,800,32211031213
0940143V,1300,Apprentissage,25,32211031409
0512210A,19,Apprentissage,20,32211031313
0040589U,19,Apprentissage,10,32212034302
0142248T,54,Apprentissage,10,32211032612
0442990L,54,Apprentissage,40,32211031213
0841240S,179,Apprentissage,20,32211031213
9760125G,327,Scolaire,15,32211025001
0841240S,191,Apprentissage,20,32211031212
0561463L,33,Scolaire,24,32212031204
0841240S,130,Apprentissage,15,32211031409
0851592U,41,Apprentissage,14,32211032612
0542570A,133,Apprentissage,18,32211033107
0550049E,27,Apprentissage,10,32211031409
0640049F,42,Scolaire,14,23K00032601
0450808J,63,Apprentissage,20,32211031409
0401016M,60,Scolaire,20,32211022106
0756151D,13,Apprentissage,15,32211031212
0641545G,18,Scolaire,17,32212031203
0470019R,49,Scolaire,14,32212031203
0400002K,24,Scolaire,15,23K00025508
0756151D,0,Apprentissage,15,32211031213
0141601P,38,Apprentissage,14,32211025520
0133317K,56,Apprentissage,10,32211031213
0922907K,74,Apprentissage,150,32211031213
0922907K,111,Apprentissage,150,32211032612
0922972F,124,Apprentissage,60,32211031212
0133015G,15,Apprentissage,12,23K00025409
0763577A,209,Apprentissage,50,32211031213
0763577A,215,Apprentissage,30,32211031212
0763577A,85,Apprentissage,10,32211031311
0763577A,112,Apprentissage,30,32211031409
0595780M,52,Apprentissage,50,32211032328
0595780M,126,Apprentissage,50,32211032329
0595780M,91,Apprentissage,50,32211032332
0312704W,175,Apprentissage,6,32211031212
0911826R,39,Apprentissage,14,32211025415
0911826R,46,Apprentissage,16,32211022316
0762284V,48,Apprentissage,20,32212021401
9740934X,89,Scolaire,18,32211031216
0596872Z,99,Apprentissage,20,32211033112
0861463Y,5,Apprentissage,10,23G00021108
0596872Z,41,Apprentissage,20,32211032003
0596872Z,43,Apprentissage,20,32211032208
0596872Z,27,Apprentissage,20,32211031212
0596872Z,23,Apprentissage,20,32211031213
0596872Z,70,Apprentissage,20,32211033206
0596872Z,32,Apprentissage,20,32211033002
0260072M,2,Apprentissage,10,23K00025510
0062345S,19,Apprentissage,20,32211033607
0062345S,47,Apprentissage,20,32211033608
9720973A,27,Apprentissage,15,32211031103
9720826R,51,Apprentissage,25,32211032612
0342524J,136,Apprentissage,300,32211031212
0342524J,213,Apprentissage,100,32211032003
0342524J,63,Apprentissage,150,32211031409
0134483C,0,Apprentissage,100,32211031212
0910808J,375,Apprentissage,15,32211031212
0632091F,156,Apprentissage,9,32211034401
0150006A,14,Apprentissage,5,32211020111
0150006A,29,Apprentissage,5,32211020116
0756548K,116,Apprentissage,40,32211031212
0596318X,174,Apprentissage,20,32212021308
0771027Y,225,Scolaire,24,32211034401
9720490A,29,Apprentissage,15,32211033422
0573519R,17,Scolaire,10,23K00033404
0753256G,0,Apprentissage,8,23K00033404
0071441D,104,Scolaire,30,32211033115
9760338N,138,Apprentissage,12,32211033002
0341699M,20,Scolaire,4,32211021304
0351914R,14,Scolaire,7,32211025518
0160862A,4,Scolaire,12,44210099901
0880152M,56,Scolaire,15,23K00025123
0880152M,5,Apprentissage,5,23K00025123
0440005S,123,Scolaire,10,32211020009
0142438Z,1,Apprentissage,15,32211031311
0470815F,22,Apprentissage,10,32212031204
0171401F,75,Apprentissage,20,32212021015
0330109P,14,Apprentissage,10,23K00032601
0351980M,18,Apprentissage,16,32211025218
0220122N,36,Apprentissage,15,32211033607
0763557D,1,Apprentissage,15,32211031311
0142438Z,3,Apprentissage,15,32211031313
0763557D,7,Apprentissage,15,32211031313
0492523B,104,Apprentissage,20,32211031213
0130043B,577,Apprentissage,8,32211031313
0134451T,83,Apprentissage,15,32211031408
0490913B,73,Apprentissage,12,32211031313
0442991M,72,Apprentissage,40,32211031213
0142438Z,1,Apprentissage,15,32211031312
0212109D,35,Apprentissage,8,32211020009
0573778X,78,Apprentissage,32,32211032612
0573778X,175,Apprentissage,24,32211033115
0923027R,70,Apprentissage,100,32211031408
0922794M,83,Apprentissage,15,32211031103
0922794M,68,Apprentissage,10,32211025001
0763542M,5,Apprentissage,15,32211031312
0520027X,64,Apprentissage,4,32211031213
0756262Z,188,Apprentissage,25,32211033206
0756262Z,163,Apprentissage,25,32211033002
0142438Z,2,Apprentissage,15,32211031408
0802218B,51,Apprentissage,24,32211031409
0802218B,65,Apprentissage,24,32211031213
0070064G,1,Apprentissage,5,32211031213
0342354Z,86,Apprentissage,20,32211031312
0342354Z,33,Apprentissage,20,32211031409
0342354Z,77,Apprentissage,25,32211031213
0590111A,23,Apprentissage,18,23K00031201
0590073J,174,Apprentissage,15,32211031213
0830050D,356,Apprentissage,6,32211031312
0830050D,319,Apprentissage,6,32211031213
0831563Y,199,Apprentissage,2,32211033112
0060034E,798,Apprentissage,18,32211033426
0110681F,36,Apprentissage,15,32211031213
0680010S,117,Apprentissage,12,32211033002
0010072Y,180,Apprentissage,4,32211033426
0121423G,25,Apprentissage,3,32211031409
0062338J,203,Apprentissage,100,32211033107
0460493L,86,Apprentissage,10,32211025215
0622276M,233,Apprentissage,15,32311033114
0694118B,200,Apprentissage,20,32211032612
0133878V,49,Apprentissage,15,32211031408
0760030V,157,Apprentissage,12,32211025014
0020032Z,69,Apprentissage,4,32211031408
0601826J,66,Apprentissage,15,32211031216
0720033V,435,Scolaire,15,32211033111
0492420P,25,Scolaire,15,23K00025510
0490886X,96,Scolaire,15,32211033107
7200599N,45,Scolaire,16,32212021114
9730563Z,267,Scolaire,15,32211031311
9720823M,56,Scolaire,12,23K00033404
0670006T,6,Apprentissage,12,23K00025510
9741263E,323,Scolaire,15,32211034401
0100059K,33,Scolaire,15,32211020111
0670087F,63,Scolaire,13,23K00033414
0810095N,39,Apprentissage,3,32211033002
0701147S,23,Apprentissage,12,32211025014
0900430D,60,Apprentissage,25,32211025014
0420046X,135,Apprentissage,3,32211020009
0622198C,23,Apprentissage,16,32211025520
9730563Z,96,Scolaire,15,32211034401
0622196A,96,Apprentissage,20,32211033206
0592921E,2,Apprentissage,6,32211025520
0692360R,16,Apprentissage,10,23K00033501
0311133N,68,Apprentissage,3,32211023108
0694430R,135,Apprentissage,40,32211033608
0601162M,108,Apprentissage,18,32211031213
0721684P,58,Apprentissage,5,32211031408
0721684P,67,Apprentissage,5,32211031409
0721684P,126,Apprentissage,5,32211031213
0721684P,133,Apprentissage,5,32211031215
0642171M,172,Apprentissage,100,32211031212
0642171M,167,Apprentissage,100,32211031213
0642171M,75,Apprentissage,100,32211031409
0180990D,57,Apprentissage,16,32211031213
0061394H,226,Apprentissage,20,32211031312
0061394H,203,Apprentissage,20,32211031213
0443003A,64,Apprentissage,40,32211031213
0442689J,179,Apprentissage,25,32211031212
0442689J,168,Apprentissage,25,32211031213
0020050U,13,Apprentissage,3,32211022316
0801194N,142,Apprentissage,10,32211025215
0801864S,34,Apprentissage,2,32211025520
0020050U,85,Apprentissage,2,32211031408
0020050U,50,Apprentissage,3,32211025520
0020050U,96,Apprentissage,2,32211034502
0800011C,514,Apprentissage,15,32211031212
0801194N,90,Apprentissage,5,32211025520
0600020W,58,Apprentissage,2,32211025520
0600020W,29,Apprentissage,3,32211020113
0600020W,50,Apprentissage,2,32211020009
0022044L,31,Apprentissage,5,32211033422
0690631L,116,Apprentissage,8,32211032409
0690631L,183,Apprentissage,8,32211031409
0932858B,103,Apprentissage,40,32211031213
0331556M,25,Apprentissage,5,32211025005
0470821M,58,Apprentissage,15,32211034502
0332497K,135,Apprentissage,25,32211032209
0721522N,101,Apprentissage,5,32211032003
0721522N,98,Apprentissage,8,32211031213
0160757L,143,Apprentissage,16,32211031212
0062116T,44,Apprentissage,25,32211032003
0134299C,136,Apprentissage,15,32211032003
0134299C,50,Apprentissage,15,32211031408
0596328H,153,Apprentissage,18,32212022115
0134299C,86,Apprentissage,15,32211031213
0850142T,76,Apprentissage,18,32211031213
0750553U,734,Apprentissage,15,32211025520
0422295S,71,Apprentissage,15,32211031311
0422295S,159,Apprentissage,15,32211031212
0422295S,130,Apprentissage,15,32211031213
0673190D,246,Apprentissage,20,32211031312
0673190D,139,Apprentissage,20,32211031311
0422295S,138,Apprentissage,15,32211032003
0921626T,54,Scolaire,12,44210099901
0601896K,30,Apprentissage,27,32211031103
0251994G,294,Apprentissage,15,32211031213
0570124A,123,Apprentissage,15,32211031103
0752830U,28,Apprentissage,10,23K00033404
0831354W,184,Apprentissage,15,32211031216
0011443N,30,Apprentissage,10,32211031213
0011443N,33,Apprentissage,10,32211031212
0011443N,30,Apprentissage,10,32211031313
0260008T,29,Apprentissage,3,32211023013
0550002D,46,Apprentissage,4,32211020116
C752887F,203,Apprentissage,30,32211031213
C752887F,198,Apprentissage,30,32211031212
0060075Z,65,Apprentissage,12,32211025017
0381678T,74,Apprentissage,6,32211031409
9741720B,95,Apprentissage,15,32211031212
9741720B,98,Apprentissage,15,32211031408
0490983C,26,Apprentissage,20,32211032612
0672904T,134,Apprentissage,24,32211033608
0134289S,33,Apprentissage,15,32211031213
0597237W,23,Apprentissage,15,32211031213
0801558J,230,Apprentissage,40,32211031213
0801558J,75,Apprentissage,24,32211032409
0672904T,42,Apprentissage,24,32211033607
0801558J,265,Apprentissage,30,32211031212
0801558J,97,Apprentissage,24,32211031408
0801558J,80,Apprentissage,20,32211032612
0801558J,129,Apprentissage,26,32211031409
0593077Z,34,Apprentissage,15,32211025520
0850086G,15,Apprentissage,12,32211022316
0570248K,31,Apprentissage,20,32211031212
0351047Y,249,Apprentissage,20,32211031213
0351047Y,80,Apprentissage,20,32212021015
0280021W,62,Apprentissage,15,32211025014
0570294K,57,Apprentissage,14,32211031212
0932851U,135,Apprentissage,30,32211033206
0142438Z,100,Apprentissage,15,32211031213
0142438Z,122,Apprentissage,15,32211031212
0694557D,73,Apprentissage,25,32211031408
0442620J,37,Apprentissage,14,32211025415
0442963G,47,Apprentissage,30,32211032612
0611061X,12,Apprentissage,10,32211032612
0754338H,387,Apprentissage,80,32211033608
0134249Y,45,Apprentissage,25,32212031203
0791168R,53,Apprentissage,8,32211031312
0623276Z,42,Apprentissage,20,32211033002
0180571Y,13,Apprentissage,5,32211025520
0451335G,89,Apprentissage,5,32211033426
0010070W,66,Apprentissage,20,32211031409
0511645L,66,Apprentissage,25,32212021401
0360043B,36,Apprentissage,4,32211031216
0831821D,19,Apprentissage,15,32211031213
0932851U,64,Apprentissage,24,32211031408
9711303P,44,Apprentissage,20,32211033426
0133317K,63,Apprentissage,10,32211031212
0694590P,127,Apprentissage,75,32211031212
0332882D,90,Apprentissage,20,32211025520
0763599Z,139,Apprentissage,20,32211020116
0592712C,11,Apprentissage,15,32211022316
0763599Z,104,Apprentissage,20,32211032612
9720932F,16,Apprentissage,20,32211022711
0560198L,22,Scolaire,10,44210099901
0870118F,198,Scolaire,15,32211022210
0840017M,655,Scolaire,12,32211031215
0910808J,220,Scolaire,35,32211032003
0490903R,5,Scolaire,15,23K00023306
0763557D,1,Apprentissage,15,32211031408
0752846L,1076,Apprentissage,16,32211031408
0332551U,73,Apprentissage,20,32211031103
0694253Y,34,Apprentissage,15,23K00033501
0300027S,320,Apprentissage,3,32211031313
0741410F,30,Apprentissage,7,23K00033501
0600015R,23,Apprentissage,5,32211022003
0311201M,357,Apprentissage,20,32211033426
0382896S,60,Apprentissage,20,32211031313
0161238J,52,Apprentissage,30,32211031409
0763557D,122,Apprentissage,35,32211031213
0130010R,357,Apprentissage,15,32211031212
0840021S,154,Apprentissage,15,32211034401
0142133T,13,Apprentissage,2,32211025005
0292381F,26,Apprentissage,20,32211033002
0292381F,18,Apprentissage,20,32211031408
0292381F,14,Apprentissage,20,32211031409
0353080H,119,Apprentissage,20,32211033426
0353080H,139,Apprentissage,20,32211031312
0353080H,135,Apprentissage,20,32211031212
0060020P,62,Apprentissage,3,32211031216
0133909D,77,Scolaire,14,32211032328
0133909D,146,Scolaire,14,32211032332
0480023P,11,Apprentissage,10,32211033608
0111059S,19,Apprentissage,15,32211031409
0131434N,23,Scolaire,10,23K00025509
0133396W,17,Scolaire,12,23K00025510
0754025T,26,Scolaire,15,23K00032601
0301431T,52,Scolaire,30,32212031203
0721713W,101,Apprentissage,7,32211031212
0672770X,143,Apprentissage,30,32211031213
0450066C,137,Apprentissage,10,32211025215
0763542M,79,Apprentissage,20,32211031212
0211799S,48,Apprentissage,16,32212022117
0383574D,70,Apprentissage,20,23K00033501
0592967E,44,Apprentissage,9,32211031216
0592965C,34,Apprentissage,6,32211031409
0755701P,328,Apprentissage,25,32211032328
0755701P,113,Apprentissage,20,32211031216
0640181Z,8,Apprentissage,5,23K00022704
0420046X,180,Apprentissage,3,32211025520
0450107X,7,Apprentissage,20,23K00033412
0932791D,77,Apprentissage,20,32211033002
0932791D,23,Apprentissage,20,32211032409
0932791D,37,Apprentissage,22,32211031409
0353079G,77,Apprentissage,40,32211031213
0353079G,134,Apprentissage,40,32211031212
0672615D,19,Apprentissage,4,23K00025406
9711278M,170,Apprentissage,12,32211033002
0542573D,64,Apprentissage,15,32211031213
0271415S,44,Apprentissage,30,32211025415
0922972F,245,Apprentissage,60,32211023012
0021872Z,68,Apprentissage,20,32211031313
0920130S,75,Apprentissage,8,32211031408
0540030P,32,Apprentissage,12,32211025017
0630041C,42,Apprentissage,15,32211025415
0694126K,79,Apprentissage,20,32211032208
0520679F,16,Apprentissage,10,32211032409
0861419A,114,Apprentissage,6,32211033426
0442960D,47,Apprentissage,20,32211031408
0442960D,72,Apprentissage,20,32211032612
0442960D,151,Apprentissage,20,32211033115
0370983T,39,Apprentissage,8,32211025215
0342264B,93,Apprentissage,20,32211033115
0673252W,129,Apprentissage,20,32211020116
0673252W,95,Apprentissage,20,32211032612
0011457D,5,Apprentissage,14,32211031408
0134078M,119,Apprentissage,15,32211031212
0134078M,44,Apprentissage,15,32211031409
0134078M,191,Apprentissage,15,32211033426
0134078M,221,Apprentissage,15,32211031312
0134078M,220,Apprentissage,30,32211032003
0134078M,82,Apprentissage,15,32211031408
0760096S,21,Apprentissage,15,23K00023306
0291100N,48,Apprentissage,12,32211023412
0641409J,29,Apprentissage,14,32211025520
0694148J,76,Apprentissage,15,32211023012
0694148J,27,Apprentissage,15,32211031212
0694551X,66,Apprentissage,40,32211033002
0711078L,91,Apprentissage,10,32211032325
0841251D,18,Apprentissage,20,32211032328
0841251D,15,Apprentissage,20,32211032331
0841251D,52,Apprentissage,20,32211032332
0511146U,21,Apprentissage,12,23K00025509
0134038U,19,Apprentissage,15,32211031212
0134038U,14,Apprentissage,15,32211032409
0134038U,35,Apprentissage,15,32211031409
0922653J,2,Apprentissage,10,23K00025509
9720725F,10,Scolaire,12,23K00022704
0133909D,116,Scolaire,14,32211032330
0010099C,62,Scolaire,15,32211025521
0011256K,14,Apprentissage,10,32211033607
0952302L,82,Apprentissage,60,32211031409
0881766S,0,Apprentissage,10,32211022506
0592965C,29,Apprentissage,6,32211020111
0592965C,37,Apprentissage,6,32211031103
0370053G,18,Apprentissage,12,23K00025407
0022041H,55,Apprentissage,6,32212031203
0820904M,60,Scolaire,12,32211031213
0783822F,89,Apprentissage,15,32211031213
0783822F,58,Apprentissage,15,32211031212
0622807P,20,Apprentissage,12,23K00033414
0422350B,68,Apprentissage,15,32211031311
0597304U,9,Apprentissage,15,32211031409
0597304U,31,Apprentissage,30,32211031213
0370825W,29,Apprentissage,18,23K00033414
0755559K,35,Apprentissage,20,32211031408
9711272F,19,Apprentissage,20,32211032612
0831821D,16,Apprentissage,15,32211032003
0694480V,67,Apprentissage,12,23K00033414
0681839E,17,Apprentissage,12,23K00033414
0756070R,342,Apprentissage,100,32211032003
0597049S,181,Apprentissage,20,32211031215
0692517L,32,Scolaire,12,44210099901
0801882L,529,Apprentissage,18,32211031312
0750775K,312,Scolaire,15,23K00025509
0751708Z,248,Scolaire,15,23K00025509
0170070J,120,Scolaire,15,32211023411
0134078M,225,Apprentissage,30,32211031213
0281140M,26,Apprentissage,25,32211032003
0831557S,17,Apprentissage,8,23G00021303
0755701P,137,Apprentissage,60,32211031409
0691875N,236,Apprentissage,50,32211033608
9760338N,167,Apprentissage,14,32211025520
0752830U,39,Apprentissage,10,23K00033414
0422160V,25,Apprentissage,12,23K00033414
0831769X,36,Apprentissage,15,32211031212
0371839Y,169,Apprentissage,30,32211033107
0310044E,95,Apprentissage,15,32211034304
0754507S,124,Apprentissage,60,32211031212
0311716X,38,Apprentissage,24,23K00025406
0952299H,128,Apprentissage,200,32211031409
0952299H,364,Apprentissage,200,32211031212
0660952B,25,Apprentissage,20,32211031212
0381809K,52,Apprentissage,15,32211031212
0624537V,20,Apprentissage,24,32211031408
0624537V,53,Apprentissage,24,32211031212
0624537V,20,Apprentissage,24,32211031409
0592928M,36,Apprentissage,13,32211033608
0593071T,37,Apprentissage,18,32211031408
0622114L,33,Apprentissage,6,32211031103
0592928M,39,Apprentissage,13,32211033426
0420991Z,136,Apprentissage,10,32211020116
9720932F,16,Apprentissage,20,32211034304
9720926Z,38,Apprentissage,20,32211031408
9720926Z,25,Apprentissage,20,32211032209
9720926Z,36,Apprentissage,20,32211031103
0141300M,49,Apprentissage,20,32211033607
0422327B,169,Apprentissage,20,32211031213
0573727S,46,Apprentissage,10,32211032003
0754025T,343,Apprentissage,14,32211025520
0841131Y,11,Apprentissage,17,32211032612
0741548F,20,Apprentissage,4,23G00021215
0756077Y,32,Apprentissage,60,32211031408
0756077Y,62,Apprentissage,60,32211031212
0756077Y,31,Apprentissage,60,32211031213
9760125G,100,Apprentissage,15,32211025218
0660919R,101,Apprentissage,15,32211031213
0370038R,140,Apprentissage,4,32211025521
0590034S,62,Apprentissage,10,32211025520
0693094N,31,Apprentissage,12,23K00025407
9741831X,124,Apprentissage,15,32211031212
0741739N,39,Apprentissage,20,32211020111
0694524T,1,Apprentissage,10,32211031408
0632091F,149,Apprentissage,12,32211033608
0142468G,72,Apprentissage,25,32211032329
0142468G,104,Apprentissage,25,32211031215
0440119R,67,Apprentissage,15,32211033422
0134478X,57,Apprentissage,15,32211031212
0134478X,104,Apprentissage,15,32211032325
0760095R,39,Apprentissage,3,32211022316
0280044W,21,Apprentissage,3,32211022316
0360024F,91,Apprentissage,12,32211024305
0360043B,45,Apprentissage,2,32211031408
0360043B,116,Apprentissage,6,32211031213
0342225J,62,Apprentissage,4,23K00033413
0180024D,53,Apprentissage,4,32211031213
0370009J,69,Apprentissage,4,32211031213
0410959V,47,Apprentissage,2,32211025520
0492390G,49,Apprentissage,25,23K00033501
0520008B,21,Apprentissage,10,32211025014
0694551X,351,Apprentissage,40,32211033115
0694551X,445,Apprentissage,80,32211033112
0597224G,39,Apprentissage,30,32211031213
0597224G,34,Apprentissage,20,32211031212
0597225H,15,Apprentissage,30,32211031213
0062204N,854,Apprentissage,24,32211033111
0170025K,158,Scolaire,12,44210099901
0593030Y,59,Apprentissage,10,32211033608
0593030Y,30,Apprentissage,8,32211033607
0595778K,81,Apprentissage,25,32211031312
0800001S,131,Apprentissage,15,32211031213
0601824G,227,Apprentissage,5,32211032003
7200583W,54,Scolaire,12,32211025014
0763605F,0,Apprentissage,800,32211031212
0763605F,1,Apprentissage,800,32211032003
0763605F,1,Apprentissage,800,32211031408
0763605F,4,Apprentissage,800,32211031213
0753256G,11,Apprentissage,8,23K00033413
0230553B,19,Apprentissage,10,23G00021222
0912431Y,125,Apprentissage,200,32211031409
0802206N,154,Apprentissage,80,32211031213
0802206N,93,Apprentissage,30,32211031409
0802206N,174,Apprentissage,30,32211031212
0050606G,6,Apprentissage,8,23G00021407
0721713W,81,Apprentissage,7,32211031213
0451335G,44,Apprentissage,5,32211031216
0602182W,56,Apprentissage,20,32211031312
0672770X,189,Apprentissage,25,32211031212
0763542M,68,Apprentissage,20,32211031213
0460654L,24,Apprentissage,16,23G00021221
0460654L,13,Apprentissage,16,23G00021223
0601162M,88,Apprentissage,18,32211033206
0630020E,577,Apprentissage,18,32211031213
0951763A,571,Apprentissage,15,32211031409
0630077S,516,Apprentissage,18,32211031213
0630077S,324,Apprentissage,18,32211031313
0590258K,209,Apprentissage,10,32211032612
0694561H,309,Apprentissage,10,32211033112
0693405B,124,Apprentissage,15,32211033115
0851700L,85,Apprentissage,22,32211033426
0851700L,21,Apprentissage,22,32211031408
0597225H,16,Apprentissage,15,32211031212
0171238D,155,Scolaire,12,32211025013
0932126F,82,Apprentissage,12,32211033422
0820825B,57,Apprentissage,12,32212021115
0763004C,70,Apprentissage,16,32211023412
0150037J,162,Scolaire,19,32212022115
0763418C,48,Apprentissage,15,32212021114
0763418C,111,Apprentissage,25,32212021401
0312863U,233,Apprentissage,20,32211033115
9760229V,786,Scolaire,15,32211031311
9760370Y,1172,Scolaire,24,32211031215
0490003M,71,Scolaire,10,23K00025509
0442094M,123,Scolaire,8,23K00025509
0190032G,166,Scolaire,12,32211034502
0940143V,133,Scolaire,15,23K00031101
0340042L,77,Scolaire,12,32211025522
0060028Y,54,Scolaire,13,23K00033404
0383072H,6,Scolaire,16,23K00025510
0060026W,214,Apprentissage,20,32211031409
0671602C,34,Apprentissage,16,32211031216
0292268H,75,Apprentissage,3,32211023411
0430953C,4,Apprentissage,15,23K00032601
0312704W,153,Apprentissage,6,32211031213
0831770Y,59,Apprentissage,15,32211031409
0597049S,132,Apprentissage,20,32211033115
0755559K,252,Apprentissage,20,32211033115
0611175W,18,Apprentissage,15,32212021401
0442982C,50,Apprentissage,20,32211032209
0490840X,62,Apprentissage,15,32211034401
0442291B,135,Apprentissage,22,32211032330
0333435E,38,Apprentissage,20,32211033422
0142375F,61,Apprentissage,5,32211032003
0450051L,275,Apprentissage,5,32211031408
0401123D,50,Apprentissage,60,32211031213
0401123D,44,Apprentissage,100,32211031212
0756298N,121,Apprentissage,30,32211031409
0492534N,23,Apprentissage,90,32211033422
0451583B,58,Apprentissage,20,23K00033501
0542295B,25,Apprentissage,20,32211025001
0431012S,24,Apprentissage,20,23G00021007
0422329D,13,Apprentissage,12,23G00021407
0150755P,20,Apprentissage,9,32212022116
0150755P,58,Apprentissage,6,32212022115
0150755P,13,Apprentissage,6,32212022117
0011446S,101,Apprentissage,24,32212031203
0752124B,313,Apprentissage,26,32211033608
0031131N,34,Apprentissage,40,32211032003
0340045P,269,Apprentissage,3,32211033608
0031131N,40,Apprentissage,40,32211033426
0631985R,63,Apprentissage,15,32211022711
0631985R,10,Apprentissage,15,23K00022705
0292413R,22,Apprentissage,40,32211031408
0624566B,43,Apprentissage,50,32211031213
0624566B,52,Apprentissage,25,32211031212
0942519C,185,Apprentissage,25,32211033426
0682049H,103,Apprentissage,20,32211031409
0431056P,30,Apprentissage,15,32211031409
0930135S,1553,Scolaire,30,32211031212
0800063J,49,Scolaire,15,23K00033501
0951104J,71,Scolaire,15,23K00025510
0810003N,31,Scolaire,12,44210099901
0310017A,31,Scolaire,12,44210099901
0601470X,90,Scolaire,15,23K00032601
0371259T,46,Scolaire,15,32212021401
0912433A,114,Scolaire,24,32211025522
